<?xml version="1.0" encoding="utf-8"?>
<COLLADA version="1.5.0" xmlns="http://www.collada.org/2008/03/COLLADASchema">
  <asset>
    <contributor />
    <unit meter="1" />
  </asset>
  <library_lights />
  <library_materials />
  <library_effects />
  <library_cameras />
  <library_geometries>
    <geometry id="mesh_1">
      <mesh>
        <source id="mesh_1-position" name="position">
          <float_array id="mesh_1-position-array" count="3129">0.01659524440765381 0.03446038067340851 -0.04293401911854744 0.02086569368839264 0.03205530717968941 -0.04293401911854744 0.017729884013533592 0.027237864211201668 -0.04743416607379913 -0.011502604000270367 0.03033355250954628 -0.04743416607379913 -0.014101221226155758 0.029281487688422203 -0.04743416607379913 -0.01659524440765381 0.03446038067340851 -0.04293401911854744 0.005393251311033964 0.004898007959127426 0.05703658610582352 0.0059753162786364555 0.004168122075498104 0.05703658610582352 0.011854317970573902 0.008269059471786022 0.05565382167696953 -0.0027339854277670383 -0.006752996705472469 0.05703658610582352 -0.0035750935785472393 -0.006347940303385258 0.05703658610582352 -0.0070925611071288586 -0.012593560852110386 0.05565382167696953 0 -3.520859535746235E-18 0.057500001043081284 0.0022957022301852703 0.006914289202541113 0.05703658610582352 0.0013926747487857938 0.007151091005653143 0.05703658610582352 -0.02763962931931019 0.03999999910593033 -0.030696919187903404 -0.026112323626875877 0.03999999910593033 -0.031806573271751404 -0.026067472994327545 0.03991938754916191 -0.031926050782203674 -0.025953644886612892 0.03999999910593033 -0.031921859830617905 0.026112323626875877 0.03999999910593033 -0.031806573271751404 0.026067472994327545 0.03991938754916191 -0.031926050782203674 0.025953644886612892 0.03999999910593033 -0.031921859830617905 0.040404126048088074 0.03999999910593033 -0.008588162250816822 0.04082033783197403 0.03999999910593033 -0.004628192633390427 0.04242715984582901 0.03853122517466545 -0.004640144295990467 0.04130677878856659 0.03999999910593033 1.1464934221041165E-17 0.04102839529514313 0.03999999910593033 0.002648653695359826 0.04252044856548309 0.03861594945192337 0.0026589317712932825 0.040404126048088074 0.03999999910593033 0.008588162250816822 0.039978671818971634 0.03999999910593033 0.009897579438984394 0.04192836582660675 0.03807823359966278 0.00991514977067709 0.03341788798570633 0.03999999910593033 0.02427951619029045 0.028031181544065475 0.03999999910593033 0.0302620567381382 0.031689487397670746 0.03722427412867546 0.03027176856994629 -0.00431773392483592 0.03999999910593033 0.041080497205257416 -0.00783377792686224 0.03999999910593033 0.040333136916160583 -0.007590419612824917 0.038975201547145844 0.04158809036016464 -0.03407884016633034 0.03999999910593033 0.023134712129831314 -0.03392039239406586 0.0398448221385479 0.02383374236524105 -0.03368082642555237 0.03999999910593033 0.023824088275432587 -0.04192836582660675 0.03807823359966278 0.00991514977067709 -0.039978671818971634 0.03999999910593033 0.009897579438984394 -0.040404126048088074 0.03999999910593033 0.008588162250816822 -0.04252044856548309 0.03861594945192337 0.0026589317712932825 -0.03773561865091324 0.03999999910593033 0.016800981014966965 -0.04066045209765434 0.0369267500936985 0.017011547461152077 -0.03761676698923111 0.03999999910593033 0.01700684241950512 -0.03341788798570633 0.03999999910593033 0.02427951619029045 -0.031689487397670746 0.03722427412867546 0.03027176856994629 -0.028031181544065475 0.03999999910593033 0.0302620567381382 -0.02763962931931019 0.03999999910593033 0.030696919187903404 -0.02894778735935688 0.03400371968746185 0.03622185438871384 -0.026112323626875877 0.03999999910593033 0.031806573271751404 -0.012764496728777885 0.03999999910593033 0.0392850823700428 -0.013299128971993923 0.03999999910593033 0.03904704749584198 -0.012512139976024628 0.03768457472324371 0.04158809036016464 -0.019320102408528328 0.03999999910593033 0.036366336047649384 0.0025440643075853586 0.0396258570253849 0.04158809036016464 0.0025776962283998728 0.03999999910593033 0.041080497205257416 -0.0025776962283998728 0.03999999910593033 0.041080497205257416 0.00431773392483592 0.03999999910593033 0.041080497205257416 0.007590419612824917 0.038975201547145844 0.04158809036016464 0.00783377792686224 0.03999999910593033 0.040333136916160583 0.012764496728777885 0.03999999910593033 0.0392850823700428 0.012512139976024628 0.03768457472324371 0.04158809036016464 0.013299128971993923 0.03999999910593033 0.03904704749584198 0.01722841151058674 0.035775166004896164 0.04158809036016464 0.019320102408528328 0.03999999910593033 0.036366336047649384 0.02763962931931019 0.03999999910593033 0.030696919187903404 0.026112323626875877 0.03999999910593033 0.031806573271751404 0.024361828342080116 0.037426307797431946 0.03622185438871384 0.020653389394283295 0.03999999910593033 0.035772718489170074 0.019655292853713036 0.03999999910593033 0.036217100918293 0.03773561865091324 0.03999999910593033 0.016800981014966965 0.03761676698923111 0.03999999910593033 0.01700684241950512 0.04066045209765434 0.0369267500936985 0.017011547461152077 0.03407884016633034 0.03999999910593033 0.023134712129831314 0.04164999723434448 0.03782542794942856 -0.011864427477121353 0.03934972360730171 0.03999999910593033 -0.011833280324935913 0.03773561865091324 0.03999999910593033 -0.016800981014966965 0.040201496332883835 0.036509934812784195 -0.018897471949458122 0.03654523938894272 0.03999999910593033 -0.018862782046198845 0.03407884016633034 0.03999999910593033 -0.023134712129831314 0.033366844058036804 0.03919459506869316 -0.025625914335250854 0.03341788798570633 0.03999999910593033 -0.02427951619029045 0.03222963958978653 0.03999999910593033 -0.025599196553230286 0.02763962931931019 0.03999999910593033 -0.030696919187903404 0.030993204563856125 0.03640638291835785 -0.03194129839539528 0.020653389394283295 0.03999999910593033 -0.035772718489170074 0.0236651748418808 0.036356065422296524 -0.03774183243513107 0.019320102408528328 0.03999999910593033 -0.036366336047649384 0.018821774050593376 0.0390838161110878 -0.03774183243513107 0.016249410808086395 0.03999999910593033 -0.037733498960733414 0.012764496728777885 0.03999999910593033 -0.0392850823700428 0.012052302248775959 0.03629961609840393 -0.04293401911854744 0.00783377792686224 0.03999999910593033 -0.040333136916160583 0.007311461493372917 0.037542808800935745 -0.04293401911854744 0.00431773392483592 0.03999999910593033 -0.041080497205257416 0.002450566506013274 0.03816955164074898 -0.04293401911854744 0.0025776962283998728 0.03999999910593033 -0.041080497205257416 -0.002450566506013274 0.03816955164074898 -0.04293401911854744 -0.0025776962283998728 0.03999999910593033 -0.041080497205257416 -0.016249410808086395 0.03999999910593033 -0.037733498960733414 -0.013299128971993923 0.03999999910593033 -0.03904704749584198 -0.012052302248775959 0.03629961609840393 -0.04293401911854744 -0.012764496728777885 0.03999999910593033 -0.0392850823700428 -0.007311461493372917 0.037542808800935745 -0.04293401911854744 -0.00783377792686224 0.03999999910593033 -0.040333136916160583 -0.00431773392483592 0.03999999910593033 -0.041080497205257416 -0.03222963958978653 0.03999999910593033 -0.025599196553230286 -0.030993204563856125 0.03640638291835785 -0.03194129839539528 -0.0236651748418808 0.036356065422296524 -0.03774183243513107 -0.020653389394283295 0.03999999910593033 -0.035772718489170074 -0.033366844058036804 0.03919459506869316 -0.025625914335250854 -0.03341788798570633 0.03999999910593033 -0.02427951619029045 -0.03407884016633034 0.03999999910593033 -0.023134712129831314 -0.03810499608516693 0.034605950117111206 -0.025625914335250854 -0.040201496332883835 0.036509934812784195 -0.018897471949458122 -0.03654523938894272 0.03999999910593033 -0.018862782046198845 -0.04164999723434448 0.03782542794942856 -0.011864427477121353 -0.03934972360730171 0.03999999910593033 -0.011833280324935913 -0.03773561865091324 0.03999999910593033 -0.016800981014966965 -0.04102839529514313 0.03999999910593033 0.002648653695359826 -0.04130677878856659 0.03999999910593033 0 -0.04242715984582901 0.03853122517466545 -0.004640144295990467 -0.04082033783197403 0.03999999910593033 -0.004628192633390427 -0.040404126048088074 0.03999999910593033 -0.008588162250816822 -0.012792679481208324 -0.017141025513410568 0.05337398871779442 -0.008644760586321354 -0.011583191342651844 0.05565382167696953 -0.004357498604804277 -0.005838651210069656 0.05703658610582352 0.01896301843225956 0.009892994537949562 0.05337398871779442 0.012814418412744999 0.006685273721814156 0.05565382167696953 0.006459266413003206 0.0033697951585054398 0.05703658610582352 -0.019464343786239624 -0.020098531618714333 0.050233837217092514 -0.01487959735095501 -0.015364405699074268 0.05337398871779442 -0.010055012069642544 -0.010382626205682755 0.05565382167696953 -0.005068353842943907 -0.00523349130526185 0.05703658610582352 0.004088594112545252 0.020994065329432487 0.05337398871779442 0.0013703651493415236 0.021344542503356934 0.05337398871779442 0.0009260356891900301 0.014423753134906292 0.05565382167696953 0.026257192716002464 0.009662889875471592 0.050233837217092514 0.020072419196367264 0.007386836223304272 0.05337398871779442 0.013564106076955795 0.004991716239601374 0.05565382167696953 0.006837155669927597 0.0025161365047097206 0.05703658610582352 -0.026674585416913033 -0.021272271871566772 0.04628398269414902 -0.02187468484044075 -0.01744447834789753 0.050233837217092514 -0.016722192987799644 -0.01333550363779068 0.05337398871779442 -0.011300161480903625 -0.009011577814817429 0.05565382167696953 -0.005695986561477184 -0.004542397800832987 0.05703658610582352 0.0017926060827448964 0.02792128548026085 0.050233837217092514 0.0053483834490180016 0.02746281959116459 0.050233837217092514 0.008816340938210487 0.026553412899374962 0.050233837217092514 0.03326266258955002 0.007591985631734133 0.04628398269414902 0.027277285233139992 0.006225862540304661 0.050233837217092514 0.020852234214544296 0.00475938618183136 0.05337398871779442 0.014091070741415024 0.0032161949202418327 0.05565382167696953 0.007102779112756252 0.001621162984520197 0.05703658610582352 0.007096943445503712 -0.027063721790909767 0.050233837217092514 0.010499509982764721 -0.025933992117643356 0.050233837217092514 0.008026394061744213 -0.019825346767902374 0.05337398871779442 -0.03395552933216095 -0.020584041252732277 0.04158809036016464 -0.02917582355439663 -0.01768655702471733 0.04628398269414902 -0.023925844579935074 -0.01450398750603199 0.050233837217092514 -0.018290210515260696 -0.011087632738053799 0.05337398871779442 -0.01235976256430149 -0.007492560427635908 0.05565382167696953 -0.00623009167611599 -0.0037767181638628244 0.05703658610582352 0.002185952616855502 0.03404797613620758 0.04628398269414902 0.006521964445710182 0.03348890691995621 0.04628398269414902 0.010750886052846909 0.03237995505332947 0.04628398269414902 0.01480327732861042 0.030739322304725647 0.04628398269414902 0.039523955434560776 0.0038128283340483904 0.04158809036016464 0.03396041691303253 0.003276120638474822 0.04628398269414902 0.027849484235048294 0.002686606254428625 0.050233837217092514 0.021289654076099396 0.0020537872333079576 0.05337398871779442 0.014386661350727081 0.0013878638856112957 0.05565382167696953 0.007251775357872248 0.0006995700532570481 0.05703658610582352 -0.04083471745252609 -0.018076317384839058 0.03622185438871384 -0.03630898520350456 -0.016072910279035568 0.04158809036016464 -0.03119799867272377 -0.013810427859425545 0.04628398269414902 -0.025584140792489052 -0.01132534071803093 0.050233837217092514 -0.019557902589440346 -0.008657703176140785 0.05337398871779442 -0.013216416351497173 -0.005850515328347683 0.05565382167696953 -0.006661898922175169 -0.0029490250162780285 0.05703658610582352 -0.00316103408113122 0.00656395498663187 0.05703658610582352 -0.003974461928009987 0.006105841137468815 0.05703658610582352 -0.0062711164355278015 0.013022108003497124 0.05565382167696953 -0.007884860970079899 0.012113263830542564 0.05565382167696953 -0.009280117228627205 0.019270360469818115 0.05337398871779442 -0.011668166145682335 0.017925437539815903 0.05337398871779442 -0.012139533646404743 0.02520800195634365 0.050233837217092514 -0.015263396315276623 0.023448675870895386 0.050233837217092514 -0.01480327732861042 0.030739322304725647 0.04628398269414902 -0.01861260086297989 0.02859395183622837 0.04628398269414902 -0.01722841151058674 0.035775166004896164 0.04158809036016464 -0.021661793813109398 0.03327833116054535 0.04158809036016464 -0.0022957022301852703 0.006914289202541113 0.05703658610582352 -0.004554400686174631 0.01371712889522314 0.05565382167696953 -0.006739688105881214 0.02029886655509472 0.05337398871779442 -0.008816340938210487 0.026553412899374962 0.050233837217092514 -0.010750886052846909 0.03237995505332947 0.04628398269414902 -0.019655292853713036 0.03999999910593033 0.036217100918293 -0.024361828342080116 0.037426307797431946 0.03622185438871384 -0.020653389394283295 0.03999999910593033 0.035772718489170074 -0.0013926747487857938 0.007151091005653143 0.05703658610582352 -0.002762901596724987 0.014186915010213852 0.05565382167696953 -0.004088594112545252 0.020994065329432487 0.05337398871779442 -0.0053483834490180016 0.02746281959116459 0.050233837217092514 -0.006521964445710182 0.03348890691995621 0.04628398269414902 -0.000466779776616022 0.007270471658557653 0.05703658610582352 -0.0009260356891900301 0.014423753134906292 0.05565382167696953 -0.0013703651493415236 0.021344542503356934 0.05337398871779442 -0.0017926060827448964 0.02792128548026085 0.050233837217092514 -0.002185952616855502 0.03404797613620758 0.04628398269414902 -0.0025440643075853586 0.0396258570253849 0.04158809036016464 0.021661793813109398 0.03327833116054535 0.04158809036016464 0.04463382810354233 -0.001431319979019463 0.03622185438871384 0.03968703746795654 -0.0012726860586553812 0.04158809036016464 0.03410054370760918 -0.0010935381287708879 0.04628398269414902 0.0279643964022398 -0.0008967637550085783 0.050233837217092514 0.021377498283982277 -0.0006855347892269492 0.05337398871779442 0.014446022920310497 -0.0004632558557204902 0.05565382167696953 0.007281697355210781 -0.00023350985429715365 0.05703658610582352 -0.04686572030186653 -0.01390950009226799 0.03027176856994629 -0.04281101003289223 -0.012706083245575428 0.03622185438871384 -0.03806624561548233 -0.0112978620454669 0.04158809036016464 -0.03270789980888367 -0.00970753375440836 0.04628398269414902 -0.026822349056601524 -0.007960732094943523 0.050233837217092514 -0.020504456013441086 -0.006085614673793316 0.05337398871779442 -0.013856057077646255 -0.004112405236810446 0.05565382167696953 -0.006984317675232887 -0.0020729086827486753 0.05703658610582352 -0.025739489123225212 0.03023506887257099 0.04158809036016464 -0.02211630530655384 0.025979069992899895 0.04628398269414902 -0.018136633560061455 0.02130432240664959 0.050233837217092514 -0.013864625245332718 0.016286177560687065 0.05337398871779442 -0.009369135834276676 0.011005520820617676 0.05565382167696953 -0.0047226292081177235 0.005547469016164541 0.05703658610582352 0.02894778735935688 0.03400371968746185 0.03622185438871384 0.048259660601615906 -0.007802248001098633 0.03027176856994629 0.044084351509809494 -0.007127216085791588 0.03622185438871384 0.039198461920022964 -0.006337303202599287 0.04158809036016464 0.033680740743875504 -0.005445240996778011 0.04628398269414902 0.027620133012533188 -0.004465409088879824 0.050233837217092514 0.021114325150847435 -0.003413600381463766 0.05337398871779442 0.014268182218074799 -0.0023067689035087824 0.05565382167696953 0.00719205429777503 -0.001162755535915494 0.05703658610582352 -0.05165708810091019 -0.008351517841219902 0.02383374236524105 -0.048259660601615906 -0.007802248001098633 0.03027176856994629 -0.044084351509809494 -0.007127216085791588 0.03622185438871384 -0.039198461920022964 -0.006337303202599287 0.04158809036016464 -0.033680740743875504 -0.005445240996778011 0.04628398269414902 -0.027620133012533188 -0.004465409088879824 0.050233837217092514 -0.021114325150847435 -0.003413600381463766 0.05337398871779442 -0.014268182218074799 -0.0023067689035087824 0.05565382167696953 -0.00719205429777503 -0.001162755535915494 0.05703658610582352 0.05016501620411873 -0.01488871406763792 0.02383374236524105 0.04686572030186653 -0.01390950009226799 0.03027176856994629 0.04281101003289223 -0.012706083245575428 0.03622185438871384 0.03806624561548233 -0.0112978620454669 0.04158809036016464 0.03270789980888367 -0.00970753375440836 0.04628398269414902 0.026822349056601524 -0.007960732094943523 0.050233837217092514 0.020504456013441086 -0.006085614673793316 0.05337398871779442 0.013856057077646255 -0.004112405236810446 0.05565382167696953 0.006984317675232887 -0.0020729086827486753 0.05703658610582352 0.012400233186781406 -0.0472874641418457 0.03027176856994629 0.018345413729548454 -0.045313525944948196 0.03027176856994629 0.016758212819695473 -0.041393108665943146 0.03622185438871384 -0.05489770323038101 -0.0017604625318199396 0.017011547461152077 -0.05230095237493515 -0.0016771898372098804 0.02383374236524105 -0.04886117950081825 -0.0015668829437345266 0.03027176856994629 -0.04463382810354233 -0.001431319979019463 0.03622185438871384 -0.03968703746795654 -0.0012726860586553812 0.04158809036016464 -0.03410054370760918 -0.0010935381287708879 0.04628398269414902 -0.0279643964022398 -0.0008967637550085783 0.050233837217092514 -0.021377498283982277 -0.0006855347892269492 0.05337398871779442 -0.014446022920310497 -0.0004632558557204902 0.05565382167696953 -0.007281697355210781 -0.00023350985429715365 0.05703658610582352 -0.03873714804649353 0.03518005087971687 0.02383374236524105 -0.036189448088407516 0.03286629915237427 0.03027176856994629 -0.03305842727422714 0.030022786930203438 0.03622185438871384 -0.029394542798399925 0.02669534645974636 0.04158809036016464 -0.02525685913860798 0.022937612608075142 0.04628398269414902 -0.020712068304419518 0.018810153007507324 0.050233837217092514 -0.015833426266908646 0.014379499480128288 0.05337398871779442 -0.010699570178985596 0.009717066772282124 0.05565382167696953 -0.005393251311033964 0.004898007959127426 0.05703658610582352 0.03873714804649353 0.03518005087971687 0.02383374236524105 0.03392039239406586 0.0398448221385479 0.02383374236524105 0.05022495985031128 -0.02223309874534607 0.017011547461152077 0.04784923791885376 -0.021181438118219376 0.02383374236524105 0.04470224678516388 -0.019788358360528946 0.03027176856994629 0.04083471745252609 -0.018076317384839058 0.03622185438871384 0.03630898520350456 -0.016072910279035568 0.04158809036016464 0.03119799867272377 -0.013810427859425545 0.04628398269414902 0.025584140792489052 -0.01132534071803093 0.050233837217092514 0.019557902589440346 -0.008657703176140785 0.05337398871779442 0.013216416351497173 -0.005850515328347683 0.05565382167696953 0.006661898922175169 -0.0029490250162780285 0.05703658610582352 -0.05637695640325546 0.005438617430627346 0.00991514977067709 -0.05467211827635765 0.0052741533145308495 0.017011547461152077 -0.052086036652326584 0.005024677608162165 0.02383374236524105 -0.04866039752960205 0.0046942103654146194 0.03027176856994629 -0.044450417160987854 0.004288078285753727 0.03622185438871384 -0.039523955434560776 0.0038128283340483904 0.04158809036016464 -0.03396041691303253 0.003276120638474822 0.04628398269414902 -0.027849484235048294 0.002686606254428625 0.050233837217092514 -0.021289654076099396 0.0020537872333079576 0.05337398871779442 -0.014386661350727081 0.0013878638856112957 0.05565382167696953 -0.007251775357872248 0.0006995700532570481 0.05703658610582352 0.04843415692448616 -0.029361069202423096 0.00991514977067709 0.04696950688958168 -0.02847319096326828 0.017011547461152077 0.04474777355790138 -0.027126362547278404 0.02383374236524105 0.04180476441979408 -0.025342293083667755 0.03027176856994629 0.038187913596630096 -0.02314973808825016 0.03622185438871384 0.03395552933216095 -0.020584041252732277 0.04158809036016464 0.02917582355439663 -0.01768655702471733 0.04628398269414902 0.023925844579935074 -0.01450398750603199 0.050233837217092514 0.018290210515260696 -0.011087632738053799 0.05337398871779442 0.01235976256430149 -0.007492560427635908 0.05565382167696953 0.00623009167611599 -0.0037767181638628244 0.05703658610582352 -0.055998384952545166 0.012781266123056412 0.0026589317712932825 -0.05521862953901291 0.012603291310369968 0.00991514977067709 -0.053548816591501236 0.012222168035805225 0.017011547461152077 -0.05101586878299713 0.011644039303064346 0.02383374236524105 -0.04766061529517174 0.010878224857151508 0.03027176856994629 -0.04353713244199753 0.009937066584825516 0.03622185438871384 -0.03871189057826996 0.00883573666214943 0.04158809036016464 -0.03326266258955002 0.007591985631734133 0.04628398269414902 -0.027277285233139992 0.006225862540304661 0.050233837217092514 -0.020852234214544296 0.00475938618183136 0.05337398871779442 -0.014091070741415024 0.0032161949202418327 0.05565382167696953 -0.007102779112756252 0.001621162984520197 0.05703658610582352 0.04490721970796585 -0.03581231087446213 0.0026589317712932825 0.04428189992904663 -0.03531363978981972 0.00991514977067709 0.04294281825423241 -0.03424575552344322 0.017011547461152077 0.04091155156493187 -0.032625872641801834 0.02383374236524105 0.0382208451628685 -0.03048010729253292 0.03027176856994629 0.03491406887769699 -0.027843041345477104 0.03622185438871384 0.031044526025652885 -0.024757184088230133 0.04158809036016464 0.026674585416913033 -0.021272271871566772 0.04628398269414902 0.02187468484044075 -0.01744447834789753 0.050233837217092514 0.016722192987799644 -0.01333550363779068 0.05337398871779442 0.011300161480903625 -0.009011577814817429 0.05565382167696953 0.005695986561477184 -0.004542397800832987 0.05703658610582352 -0.05378594249486923 0.01979372464120388 -0.004640144295990467 -0.0539042092859745 0.01983724720776081 0.0026589317712932825 -0.05315361171960831 0.01956102065742016 0.00991514977067709 -0.05154624581336975 0.018969494849443436 0.017011547461152077 -0.049108024686574936 0.018072206526994705 0.02383374236524105 -0.045878246426582336 0.016883619129657745 0.03027176856994629 -0.04190897196531296 0.015422888100147247 0.03622185438871384 -0.037264179438352585 0.013713561929762363 0.04158809036016464 -0.03201873600482941 0.011783191002905369 0.04628398269414902 -0.026257192716002464 0.009662889875471592 0.050233837217092514 -0.020072419196367264 0.007386836223304272 0.05337398871779442 -0.013564106076955795 0.004991716239601374 0.05565382167696953 -0.006837155669927597 0.0025161365047097206 0.05703658610582352 0.03987128287553787 -0.04117037355899811 -0.004640144295990467 0.039958953857421875 -0.04126090183854103 0.0026589317712932825 0.039402540773153305 -0.04068635776638985 0.00991514977067709 0.03821100667119026 -0.03945600241422653 0.017011547461152077 0.03640356287360191 -0.0375896692276001 0.02383374236524105 0.03400934487581253 -0.035117439925670624 0.03027176856994629 0.031066937372088432 -0.03207916393876076 0.03622185438871384 0.027623772621154785 -0.02852381393313408 0.04158809036016464 0.023735348135232925 -0.024508696049451828 0.04628398269414902 0.019464343786239624 -0.020098531618714333 0.050233837217092514 0.01487959735095501 -0.015364405699074268 0.05337398871779442 0.010055012069642544 -0.010382626205682755 0.05565382167696953 0.005068353842943907 -0.00523349130526185 0.05703658610582352 0.014569535851478577 -0.05555995553731918 0.0026589317712932825 0.021554769948124886 -0.05324069783091545 0.0026589317712932825 0.021254627034068108 -0.05249933898448944 0.00991514977067709 -0.049882423132658005 0.026023628190159798 -0.011864427477121353 -0.05081319436430931 0.026509210467338562 -0.004640144295990467 -0.05092492327094078 0.026567500084638596 0.0026589317712932825 -0.05021581053733826 0.026197556406259537 0.00991514977067709 -0.04869728535413742 0.025405343621969223 0.017011547461152077 -0.046393826603889465 0.024203628301620483 0.02383374236524105 -0.043342556804418564 0.02261178381741047 0.03027176856994629 -0.03959266468882561 0.020655466243624687 0.03622185438871384 -0.03520458936691284 0.018366210162639618 0.04158809036016464 -0.030249061062932014 0.015780916437506676 0.04628398269414902 -0.024805959314107895 0.012941253371536732 0.050233837217092514 -0.01896301843225956 0.009892994537949562 0.05337398871779442 -0.012814418412744999 0.006685273721814156 0.05565382167696953 -0.006459266413003206 0.0033697951585054398 0.05703658610582352 0.03365128114819527 -0.04508965089917183 -0.011864427477121353 0.03427919000387192 -0.04593099281191826 -0.004640144295990467 0.0343545638024807 -0.04603198915719986 0.0026589317712932825 0.03387618809938431 -0.045391008257865906 0.00991514977067709 0.032851774245500565 -0.04401838406920433 0.017011547461152077 0.03129783272743225 -0.0419362410902977 0.02383374236524105 0.029239408671855927 -0.03917814418673515 0.03027176856994629 0.02670968510210514 -0.03578854724764824 0.03622185438871384 0.02374943718314171 -0.0318220816552639 0.04158809036016464 0.02040638029575348 -0.027342690154910088 0.04628398269414902 0.016734397038817406 -0.02242256887257099 0.050233837217092514 0.012792679481208324 -0.017141025513410568 0.05337398871779442 0.008644760586321354 -0.011583191342651844 0.05565382167696953 0.004357498604804277 -0.005838651210069656 0.05703658610582352 -0.04454023018479347 0.031069334596395493 -0.018897471949458122 -0.046145062893629074 0.03218879550695419 -0.011864427477121353 -0.04700609669089317 0.03278941661119461 -0.004640144295990467 -0.047109454870224 0.03286151587963104 0.0026589317712932825 -0.04645347222685814 0.03240393102169037 0.00991514977067709 -0.04504872113466263 0.031424038112163544 0.017011547461152077 -0.04291784018278122 0.029937628656625748 0.02383374236524105 -0.04009518399834633 0.027968665584921837 0.03027176856994629 -0.03662624582648277 0.02554888278245926 0.03622185438871384 -0.03256693854928017 0.02271728776395321 0.04158809036016464 -0.027982698753476143 0.019519519060850143 0.04628398269414902 -0.022947411984205246 0.01600712165236473 0.050233837217092514 -0.017542243003845215 0.012236709706485271 0.05337398871779442 -0.011854317970573902 0.008269059471786022 0.05565382167696953 -0.0059753162786364555 0.004168122075498104 0.05703658610582352 -0.0018479853169992566 -0.0070471689105033875 0.05703658610582352 0.026648879051208496 -0.047317784279584885 -0.018897471949458122 0.027609068900346756 -0.049022696912288666 -0.011864427477121353 0.028124233707785606 -0.049937427043914795 -0.004640144295990467 0.028186075389385223 -0.05004722997546196 0.0026589317712932825 0.02779359370470047 -0.04935033991932869 0.00991514977067709 0.026953116059303284 -0.04785798490047455 0.017011547461152077 0.02567818947136402 -0.045594222843647 0.02383374236524105 0.023989364504814148 -0.04259554296731949 0.03027176856994629 0.021913861855864525 -0.03891028091311455 0.03622185438871384 0.01948513649404049 -0.03459783270955086 0.04158809036016464 0.016742337495088577 -0.029727715998888016 0.04628398269414902 0.013729673810303211 -0.024378426373004913 0.050233837217092514 0.010495706461369991 -0.01863618940114975 0.05337398871779442 0.0070925611071288586 -0.012593560852110386 0.05565382167696953 0.0035750935785472393 -0.006347940303385258 0.05703658610582352 0.012127775698900223 -0.04624846577644348 -0.03194129839539528 0.019316457211971283 -0.047712020576000214 -0.025625914335250854 0.013056591153144836 -0.04979044198989868 -0.025625914335250854 0.02037922851741314 -0.05033709108829498 -0.018897471949458122 0.013774951919913292 -0.05252986028790474 -0.018897471949458122 0.02111351490020752 -0.05215078964829445 -0.011864427477121353 0.01427127793431282 -0.054422568529844284 -0.011864427477121353 0.02150747925043106 -0.05312388762831688 -0.004640144295990467 0.01453757006675005 -0.05543805658817291 -0.004640144295990467 0.005547281354665756 -0.04302361607551575 -0.03774183243513107 0.0061140842735767365 -0.047419629991054535 -0.03194129839539528 0.006582336500287056 -0.0510513000190258 -0.025625914335250854 0.006944490130990744 -0.05386009439826012 -0.018897471949458122 0.00719470763579011 -0.05580073222517967 -0.011864427477121353 -0.011003476567566395 -0.041961025446653366 -0.03774183243513107 -0.005547281354665756 -0.04302361607551575 -0.03774183243513107 -0.0061140842735767365 -0.047419629991054535 -0.03194129839539528 -0.0054239025339484215 -0.01339714415371418 0.05565382167696953 -0.010495706461369991 -0.01863618940114975 0.05337398871779442 -0.016734397038817406 -0.02242256887257099 0.050233837217092514 -0.023735348135232925 -0.024508696049451828 0.04628398269414902 -0.031044526025652885 -0.024757184088230133 0.04158809036016464 -0.038187913596630096 -0.02314973808825016 0.03622185438871384 -0.04470224678516388 -0.019788358360528946 0.03027176856994629 -0.05016501620411873 -0.01488871406763792 0.02383374236524105 -0.05422187224030495 -0.008766171522438526 0.017011547461152077 -0.05660957843065262 -0.0018153589917346835 0.00991514977067709 -0.057173073291778564 0.0055154175497591496 0.0026589317712932825 -0.05587552487850189 0.01275322400033474 -0.004640144295990467 -0.05280071496963501 0.01943115144968033 -0.011864427477121353 -0.04814761132001877 0.025118578225374222 -0.018897471949458122 -0.04221746698021889 0.02944907732307911 -0.025625914335250854 -0.035394296050071716 0.03214416280388832 -0.03194129839539528 -0.028119996190071106 0.03303134813904762 -0.03774183243513107 -0.02086569368839264 0.03205530717968941 -0.04293401911854744 0.04071053862571716 0.01498185470700264 -0.03774183243513107 0.038460470736026764 0.02006480284035206 -0.03774183243513107 0.042390234768390656 0.022114958614110947 -0.03194129839539528 0 -0.03824813663959503 -0.04293401911854744 0 -0.0433797650039196 -0.03774183243513107 0 -0.047812167555093765 -0.03194129839539528 0 -0.05147390067577362 -0.025625914335250854 0 -0.054305944591760635 -0.018897471949458122 -0.0048910630866885185 -0.03793412074446678 -0.04293401911854744 -0.00970181543380022 -0.036997225135564804 -0.04293401911854744 -0.01435326412320137 -0.035452838987112045 -0.04293401911854744 -0.018432198092341423 -0.026701033115386963 -0.04743416607379913 -0.01594831980764866 -0.028317857533693314 -0.04743416607379913 -0.018769031390547752 -0.03332631662487984 -0.04293401911854744 -0.01627899520099163 -0.04020943120121956 -0.03774183243513107 -0.012127775698900223 -0.04624846577644348 -0.03194129839539528 -0.006582336500287056 -0.0510513000190258 -0.025625914335250854 -0.026608562096953392 -0.027475524693727493 -0.04293401911854744 -0.022876612842082977 -0.03065257892012596 -0.04293401911854744 -0.025945894420146942 -0.03476513549685478 -0.03774183243513107 -0.021287212148308754 -0.03779760003089905 -0.03774183243513107 -0.023462269455194473 -0.0416596345603466 -0.03194129839539528 -0.017942329868674278 -0.04431790113449097 -0.03194129839539528 -0.019316457211971283 -0.047712020576000214 -0.025625914335250854 -0.013056591153144836 -0.04979044198989868 -0.025625914335250854 -0.013774951919913292 -0.05252986028790474 -0.018897471949458122 -0.006944490130990744 -0.05386009439826012 -0.018897471949458122 -0.00719470763579011 -0.05580073222517967 -0.011864427477121353 0 -0.05626264587044716 -0.011864427477121353 0 -0.05731246992945671 -0.004640144295990467 0.007328955922275782 -0.056841932237148285 -0.004640144295990467 0.0073450710624456406 -0.05696691945195198 0.0026589317712932825 0.01436666026711464 -0.05478630214929581 0.00991514977067709 0.02061188779771328 -0.050911761820316315 0.017011547461152077 -0.029903598129749298 -0.023847322911024094 -0.04293401911854744 -0.03017854504287243 -0.031161826103925705 -0.03774183243513107 -0.028596961870789528 -0.038317322731018066 -0.03194129839539528 -0.025259146466851234 -0.044850174337625504 -0.025625914335250854 -0.02037922851741314 -0.05033709108829498 -0.018897471949458122 -0.01427127793431282 -0.054422568529844284 -0.011864427477121353 -0.007328955922275782 -0.056841932237148285 -0.004640144295990467 0 -0.05743848904967308 0.0026589317712932825 0.007242793217301369 -0.05617367476224899 0.00991514977067709 0.013932212255895138 -0.053129564970731735 0.017011547461152077 0.019636912271380424 -0.04850355163216591 0.02383374236524105 -0.02871820516884327 -0.015072663314640522 -0.04743416607379913 -0.02779213897883892 -0.016847757622599602 -0.04743416607379913 -0.032707616686820984 -0.019827550277113914 -0.04293401911854744 -0.03391566500067711 -0.027046840637922287 -0.03774183243513107 -0.033262092620134354 -0.0343458391726017 -0.03194129839539528 -0.030787082388997078 -0.04125188663601875 -0.025625914335250854 -0.026648879051208496 -0.047317784279584885 -0.018897471949458122 -0.02111351490020752 -0.05215078964829445 -0.011864427477121353 -0.01453757006675005 -0.05543805658817291 -0.004640144295990467 -0.0073450710624456406 -0.05696691945195198 0.0026589317712932825 0 -0.056638676673173904 0.00991514977067709 0.007023771293461323 -0.05447498336434364 0.017011547461152077 0.013273196294903755 -0.05061645060777664 0.02383374236524105 -0.03666726127266884 -0.010882650502026081 -0.04293401911854744 -0.03497457876801491 -0.01548220869153738 -0.04293401911854744 -0.039667002856731415 -0.01755940541625023 -0.03774183243513107 -0.037095893174409866 -0.02248774841427803 -0.03774183243513107 -0.040886230766773224 -0.024785472080111504 -0.03194129839539528 -0.03738105669617653 -0.029810398817062378 -0.03194129839539528 -0.04024391621351242 -0.03209345415234566 -0.025625914335250854 -0.03580949455499649 -0.03697624430060387 -0.025625914335250854 -0.03777969628572464 -0.03901064023375511 -0.018897471949458122 -0.032480958849191666 -0.04352152347564697 -0.018897471949458122 -0.03365128114819527 -0.04508965089917183 -0.011864427477121353 -0.027609068900346756 -0.049022696912288666 -0.011864427477121353 -0.028124233707785606 -0.049937427043914795 -0.004640144295990467 -0.02150747925043106 -0.05312388762831688 -0.004640144295990467 -0.021554769948124886 -0.05324069783091545 0.0026589317712932825 -0.014569535851478577 -0.05555995553731918 0.0026589317712932825 -0.01436666026711464 -0.05478630214929581 0.00991514977067709 -0.007242793217301369 -0.05617367476224899 0.00991514977067709 -0.007023771293461323 -0.05447498336434364 0.017011547461152077 0 -0.05492592602968216 0.017011547461152077 0 -0.05232783779501915 0.02383374236524105 0.006691535469144583 -0.051898226141929626 0.02383374236524105 0.006251440849155188 -0.04848494008183479 0.03027176856994629 0.011327395215630531 -0.043196264654397964 0.03622185438871384 0.014900892041623592 -0.036805491894483566 0.04158809036016464 -0.03775786608457565 -0.0061043985188007355 -0.04293401911854744 -0.04158678650856018 -0.012342739850282669 -0.03774183243513107 -0.043720051646232605 -0.01935356855392456 -0.03194129839539528 -0.04401753470301628 -0.026683688163757324 -0.025625914335250854 -0.042458098381757736 -0.03385920077562332 -0.018897471949458122 -0.039140939712524414 -0.04041623696684837 -0.011864427477121353 -0.03427919000387192 -0.04593099281191826 -0.004640144295990467 -0.028186075389385223 -0.05004722997546196 0.0026589317712932825 -0.021254627034068108 -0.05249933898448944 0.00991514977067709 -0.013932212255895138 -0.053129564970731735 0.017011547461152077 -0.006691535469144583 -0.051898226141929626 0.02383374236524105 0 -0.04888629540801048 0.03027176856994629 0.0057105813175439835 -0.04429014027118683 0.03622185438871384 0.010071974247694016 -0.0384088009595871 0.04158809036016464 0.012803387828171253 -0.03162461519241333 0.04628398269414902 -0.03244994953274727 -1.6050391877797665E-06 -0.04743416607379913 -0.0324833020567894 -0.0010416762670502067 -0.04743416607379913 -0.038228485733270645 -0.0012259131763130426 -0.04293401911854744 -0.04282371327280998 -0.006923405919224024 -0.03774183243513107 -0.045835986733436584 -0.013603881001472473 -0.03194129839539528 -0.047068387269973755 -0.02083577774465084 -0.025625914335250854 -0.046439334750175476 -0.028151797130703926 -0.018897471949458122 -0.043987907469272614 -0.03507918491959572 -0.011864427477121353 -0.03987128287553787 -0.04117037355899811 -0.004640144295990467 -0.0343545638024807 -0.04603198915719986 0.0026589317712932825 -0.02779359370470047 -0.04935033991932869 0.00991514977067709 -0.02061188779771328 -0.050911761820316315 0.017011547461152077 -0.013273196294903755 -0.05061645060777664 0.02383374236524105 -0.006251440849155188 -0.04848494008183479 0.03027176856994629 0 -0.044656772166490555 0.03622185438871384 0.0050776745192706585 -0.03938144072890282 0.04158809036016464 0.008654206059873104 -0.03300223872065544 0.04628398269414902 -0.037289176136255264 0.008511011488735676 -0.04293401911854744 -0.0380713976919651 0.003672701772302389 -0.04293401911854744 -0.043179310858249664 0.004165456164628267 -0.03774183243513107 -0.043357476592063904 -0.0013903898652642965 -0.03774183243513107 -0.04778760299086571 -0.0015324554406106472 -0.03194129839539528 -0.0471993014216423 -0.007630817126482725 -0.03194129839539528 -0.05081409960985184 -0.008215229026973248 -0.025625914335250854 -0.049346376210451126 -0.014645745046436787 -0.025625914335250854 -0.05206136405467987 -0.015451539307832718 -0.018897471949458122 -0.04965804144740105 -0.021982140839099884 -0.018897471949458122 -0.051447272300720215 -0.02277418226003647 -0.011864427477121353 -0.048112593591213226 -0.02916613779962063 -0.011864427477121353 -0.049010343849658966 -0.029710358008742332 -0.004640144295990467 -0.04480869323015213 -0.03573374077677727 -0.004640144295990467 -0.04490721970796585 -0.03581231087446213 0.0026589317712932825 -0.039958953857421875 -0.04126090183854103 0.0026589317712932825 -0.039402540773153305 -0.04068635776638985 0.00991514977067709 -0.03387618809938431 -0.045391008257865906 0.00991514977067709 -0.032851774245500565 -0.04401838406920433 0.017011547461152077 -0.026953116059303284 -0.04785798490047455 0.017011547461152077 -0.02567818947136402 -0.045594222843647 0.02383374236524105 -0.019636912271380424 -0.04850355163216591 0.02383374236524105 -0.018345413729548454 -0.045313525944948196 0.03027176856994629 -0.012400233186781406 -0.0472874641418457 0.03027176856994629 -0.011327395215630531 -0.043196264654397964 0.03622185438871384 -0.0057105813175439835 -0.04429014027118683 0.03622185438871384 -0.0050776745192706585 -0.03938144072890282 0.04158809036016464 0 -0.03970744088292122 0.04158809036016464 0 -0.03411807492375374 0.04628398269414902 0.004362922627478838 -0.03383796662092209 0.04628398269414902 0.0035778458695858717 -0.027749065309762955 0.050233837217092514 0.005425287876278162 -0.020688973367214203 0.05337398871779442 0.0054239025339484215 -0.01339714415371418 0.05565382167696953 -0.035894669592380524 0.013209570199251175 -0.04293401911854744 -0.042292144149541855 0.009652906097471714 -0.03774183243513107 -0.047591231763362885 0.004591069184243679 -0.03194129839539528 -0.05144745483994484 -0.0016498197801411152 -0.025625914335250854 -0.05360984057188034 -0.008667223155498505 -0.018897471949458122 -0.053937189280986786 -0.016008274629712105 -0.011864427477121353 -0.052407246083021164 -0.023199133574962616 -0.004640144295990467 -0.04911810904741287 -0.02977568656206131 0.0026589317712932825 -0.04428189992904663 -0.03531363978981972 0.00991514977067709 -0.03821100667119026 -0.03945600241422653 0.017011547461152077 -0.03129783272743225 -0.0419362410902977 0.02383374236524105 -0.023989364504814148 -0.04259554296731949 0.03027176856994629 -0.016758212819695473 -0.041393108665943146 0.03622185438871384 -0.010071974247694016 -0.0384088009595871 0.04158809036016464 -0.004362922627478838 -0.03383796662092209 0.04628398269414902 0 -0.027978770434856415 0.050233837217092514 0.002735099056735635 -0.02121288888156414 0.05337398871779442 0.003666183678433299 -0.013980747200548649 0.05565382167696953 0.0027339854277670383 -0.006752996705472469 0.05703658610582352 0.0018479853169992566 -0.0070471689105033875 0.05703658610582352 0.0018482661107555032 -0.014334786683321 0.05565382167696953 0 -0.02138848789036274 0.05337398871779442 -0.0035778458695858717 -0.027749065309762955 0.050233837217092514 -0.008654206059873104 -0.03300223872065544 0.04628398269414902 -0.014900892041623592 -0.036805491894483566 0.04158809036016464 -0.021913861855864525 -0.03891028091311455 0.03622185438871384 -0.029239408671855927 -0.03917814418673515 0.03027176856994629 -0.03640356287360191 -0.0375896692276001 0.02383374236524105 -0.04294281825423241 -0.03424575552344322 0.017011547461152077 -0.04843415692448616 -0.029361069202423096 0.00991514977067709 -0.052522480487823486 -0.023250143975019455 0.0026589317712932825 -0.054943621158599854 -0.016306977719068527 -0.004640144295990467 -0.05554145947098732 -0.008979512378573418 -0.011864427477121353 -0.054278042167425156 -0.0017405911348760128 -0.018897471949458122 -0.051236048340797424 0.004942679777741432 -0.025625914335250854 -0.0466134175658226 0.010639208368957043 -0.03194129839539528 -0.04071053862571716 0.01498185470700264 -0.03774183243513107 -0.03391077369451523 0.017691228538751602 -0.04293401911854744 -0.02881447784602642 0.015032494440674782 -0.04743416607379913 -0.02877301350235939 0.015100892633199692 -0.04743416607379913 -0.0283142551779747 0.02571425586938858 -0.04293401911854744 -0.03137006238102913 0.021882396191358566 -0.04293401911854744 -0.035578880459070206 0.024818286299705505 -0.03774183243513107 -0.038460470736026764 0.02006480284035206 -0.03774183243513107 -0.042390234768390656 0.022114958614110947 -0.03194129839539528 -0.04487020894885063 0.01651265285909176 -0.03194129839539528 -0.04830663278698921 0.01777728646993637 -0.025625914335250854 -0.05018334463238716 0.011454020626842976 -0.025625914335250854 -0.052944380789995193 0.012084209360182285 -0.018897471949458122 -0.054055001586675644 0.0052146208472549915 -0.018897471949458122 -0.0560026615858078 0.005402509588748217 -0.011864427477121353 -0.056233737617731094 -0.001803306513465941 -0.011864427477121353 -0.05728302150964737 -0.0018369550816714764 -0.004640144295990467 -0.05657782405614853 -0.009147063829004765 -0.004640144295990467 -0.056702230125665665 -0.00916717667132616 0.0026589317712932825 -0.05506443232297897 -0.016342835500836372 0.0026589317712932825 -0.05429767817258835 -0.01611526682972908 0.00991514977067709 -0.05179112032055855 -0.022926393896341324 0.00991514977067709 -0.05022495985031128 -0.02223309874534607 0.017011547461152077 -0.04696950688958168 -0.02847319096326828 0.017011547461152077 -0.04474777355790138 -0.027126362547278404 0.02383374236524105 -0.04091155156493187 -0.032625872641801834 0.02383374236524105 -0.0382208451628685 -0.03048010729253292 0.03027176856994629 -0.03400934487581253 -0.035117439925670624 0.03027176856994629 -0.031066937372088432 -0.03207916393876076 0.03622185438871384 -0.02670968510210514 -0.03578854724764824 0.03622185438871384 -0.02374943718314171 -0.0318220816552639 0.04158809036016464 -0.01948513649404049 -0.03459783270955086 0.04158809036016464 -0.016742337495088577 -0.029727715998888016 0.04628398269414902 -0.012803387828171253 -0.03162461519241333 0.04628398269414902 -0.010499509982764721 -0.025933992117643356 0.050233837217092514 -0.007096943445503712 -0.027063721790909767 0.050233837217092514 -0.005425287876278162 -0.020688973367214203 0.05337398871779442 -0.002735099056735635 -0.02121288888156414 0.05337398871779442 -0.0018482661107555032 -0.014334786683321 0.05565382167696953 0 -0.014453449286520481 0.05565382167696953 0 -0.007285440340638161 0.05703658610582352 0.0009316414361819625 -0.007225627079606056 0.05703658610582352 -0.018435461446642876 0.026711277663707733 -0.04743416607379913 -0.0210674237459898 0.02474699355661869 -0.04743416607379913 -0.024793528020381927 0.029123889282345772 -0.04293401911854744 -0.03211308643221855 0.029164254665374756 -0.03774183243513107 -0.03921421244740486 0.02735413797199726 -0.03194129839539528 -0.045636724680662155 0.02380865067243576 -0.025625914335250854 -0.050964415073394775 0.01875537447631359 -0.018897471949458122 -0.05485202372074127 0.01251961663365364 -0.011864427477121353 -0.057047635316848755 0.005503316875547171 -0.004640144295990467 -0.057408977299928665 -0.0018409942276775837 0.0026589317712932825 -0.055912669748067856 -0.009039526805281639 0.00991514977067709 -0.052655719220638275 -0.015627941116690636 0.017011547461152077 -0.04784923791885376 -0.021181438118219376 0.02383374236524105 -0.04180476441979408 -0.025342293083667755 0.03027176856994629 -0.03491406887769699 -0.027843041345477104 0.03622185438871384 -0.027623772621154785 -0.02852381393313408 0.04158809036016464 -0.02040638029575348 -0.027342690154910088 0.04628398269414902 -0.013729673810303211 -0.024378426373004913 0.050233837217092514 -0.008026394061744213 -0.019825346767902374 0.05337398871779442 -0.003666183678433299 -0.013980747200548649 0.05565382167696953 -0.0009316414361819625 -0.007225627079606056 0.05703658610582352 0.013299128971993923 0.03999999910593033 -0.03904704749584198 0.03391077369451523 0.017691228538751602 -0.04293401911854744 0.035894669592380524 0.013209570199251175 -0.04293401911854744 0.037289176136255264 0.008511011488735676 -0.04293401911854744 0.032499998807907104 -9.950254850073876E-18 -0.04743416607379913 0.03234982118010521 0.0031207483261823654 -0.04743416607379913 0.0380713976919651 0.003672701772302389 -0.04293401911854744 0.042292144149541855 0.009652906097471714 -0.03774183243513107 0.04487020894885063 0.01651265285909176 -0.03194129839539528 0.045636724680662155 0.02380865067243576 -0.025625914335250854 0.03775786608457565 -0.0061043985188007355 -0.04293401911854744 0.038228485733270645 -0.0012259131763130426 -0.04293401911854744 0.043357476592063904 -0.0013903898652642965 -0.03774183243513107 0.043179310858249664 0.004165456164628267 -0.03774183243513107 0.047591231763362885 0.004591069184243679 -0.03194129839539528 0.0466134175658226 0.010639208368957043 -0.03194129839539528 0.05018334463238716 0.011454020626842976 -0.025625914335250854 0.04830663278698921 0.01777728646993637 -0.025625914335250854 0.050964415073394775 0.01875537447631359 -0.018897471949458122 0.04814761132001877 0.025118578225374222 -0.018897471949458122 0.049882423132658005 0.026023628190159798 -0.011864427477121353 0.046145062893629074 0.03218879550695419 -0.011864427477121353 0.04700609669089317 0.03278941661119461 -0.004640144295990467 0.03666726127266884 -0.010882650502026081 -0.04293401911854744 0.04282371327280998 -0.006923405919224024 -0.03774183243513107 0.04778760299086571 -0.0015324554406106472 -0.03194129839539528 0.051236048340797424 0.004942679777741432 -0.025625914335250854 0.052944380789995193 0.012084209360182285 -0.018897471949458122 0.05280071496963501 0.01943115144968033 -0.011864427477121353 0.05081319436430931 0.026509210467338562 -0.004640144295990467 0.047109454870224 0.03286151587963104 0.0026589317712932825 0.02871820516884327 -0.015072663314640522 -0.04743416607379913 0.029718410223722458 -0.013155458495020866 -0.04743416607379913 0.03497457876801491 -0.01548220869153738 -0.04293401911854744 0.04158678650856018 -0.012342739850282669 -0.03774183243513107 0.0471993014216423 -0.007630817126482725 -0.03194129839539528 0.05144745483994484 -0.0016498197801411152 -0.025625914335250854 0.054055001586675644 0.0052146208472549915 -0.018897471949458122 0.05485202372074127 0.01251961663365364 -0.011864427477121353 0.05378594249486923 0.01979372464120388 -0.004640144295990467 0.05092492327094078 0.026567500084638596 0.0026589317712932825 0.04645347222685814 0.03240393102169037 0.00991514977067709 0.029903598129749298 -0.023847322911024094 -0.04293401911854744 0.032707616686820984 -0.019827550277113914 -0.04293401911854744 0.037095893174409866 -0.02248774841427803 -0.03774183243513107 0.039667002856731415 -0.01755940541625023 -0.03774183243513107 0.043720051646232605 -0.01935356855392456 -0.03194129839539528 0.045835986733436584 -0.013603881001472473 -0.03194129839539528 0.049346376210451126 -0.014645745046436787 -0.025625914335250854 0.05081409960985184 -0.008215229026973248 -0.025625914335250854 0.05360984057188034 -0.008667223155498505 -0.018897471949458122 0.054278042167425156 -0.0017405911348760128 -0.018897471949458122 0.056233737617731094 -0.001803306513465941 -0.011864427477121353 0.0560026615858078 0.005402509588748217 -0.011864427477121353 0.057047635316848755 0.005503316875547171 -0.004640144295990467 0.05587552487850189 0.01275322400033474 -0.004640144295990467 0.055998384952545166 0.012781266123056412 0.0026589317712932825 0.0539042092859745 0.01983724720776081 0.0026589317712932825 0.05315361171960831 0.01956102065742016 0.00991514977067709 0.05021581053733826 0.026197556406259537 0.00991514977067709 0.04869728535413742 0.025405343621969223 0.017011547461152077 0.04504872113466263 0.031424038112163544 0.017011547461152077 0.04291784018278122 0.029937628656625748 0.02383374236524105 0.036189448088407516 0.03286629915237427 0.03027176856994629 0.026608562096953392 -0.027475524693727493 -0.04293401911854744 0.03391566500067711 -0.027046840637922287 -0.03774183243513107 0.040886230766773224 -0.024785472080111504 -0.03194129839539528 0.047068387269973755 -0.02083577774465084 -0.025625914335250854 0.05206136405467987 -0.015451539307832718 -0.018897471949458122 0.05554145947098732 -0.008979512378573418 -0.011864427477121353 0.05728302150964737 -0.0018369550816714764 -0.004640144295990467 0.057173073291778564 0.0055154175497591496 0.0026589317712932825 0.05521862953901291 0.012603291310369968 0.00991514977067709 0.05154624581336975 0.018969494849443436 0.017011547461152077 0.046393826603889465 0.024203628301620483 0.02383374236524105 0.04009518399834633 0.027968665584921837 0.03027176856994629 0.03305842727422714 0.030022786930203438 0.03622185438871384 0.025739489123225212 0.03023506887257099 0.04158809036016464 0.01861260086297989 0.02859395183622837 0.04628398269414902 0.012139533646404743 0.02520800195634365 0.050233837217092514 0.006739688105881214 0.02029886655509472 0.05337398871779442 0.002762901596724987 0.014186915010213852 0.05565382167696953 0.000466779776616022 0.007270471658557653 0.05703658610582352 0.004554400686174631 0.01371712889522314 0.05565382167696953 0.009280117228627205 0.019270360469818115 0.05337398871779442 0.015263396315276623 0.023448675870895386 0.050233837217092514 0.02211630530655384 0.025979069992899895 0.04628398269414902 0.029394542798399925 0.02669534645974636 0.04158809036016464 0.03662624582648277 0.02554888278245926 0.03622185438871384 0.043342556804418564 0.02261178381741047 0.03027176856994629 0.049108024686574936 0.018072206526994705 0.02383374236524105 0.053548816591501236 0.012222168035805225 0.017011547461152077 0.05637695640325546 0.005438617430627346 0.00991514977067709 0.057408977299928665 -0.0018409942276775837 0.0026589317712932825 0.05657782405614853 -0.009147063829004765 -0.004640144295990467 0.053937189280986786 -0.016008274629712105 -0.011864427477121353 0.04965804144740105 -0.021982140839099884 -0.018897471949458122 0.04401753470301628 -0.026683688163757324 -0.025625914335250854 0.03738105669617653 -0.029810398817062378 -0.03194129839539528 0.03017854504287243 -0.031161826103925705 -0.03774183243513107 0.022876612842082977 -0.03065257892012596 -0.04293401911854744 0.019438592717051506 -0.026045942679047585 -0.04743416607379913 0.018432198092341423 -0.026701033115386963 -0.04743416607379913 0.01435326412320137 -0.035452838987112045 -0.04293401911854744 0.018769031390547752 -0.03332631662487984 -0.04293401911854744 0.021287212148308754 -0.03779760003089905 -0.03774183243513107 0.025945894420146942 -0.03476513549685478 -0.03774183243513107 0.028596961870789528 -0.038317322731018066 -0.03194129839539528 0.033262092620134354 -0.0343458391726017 -0.03194129839539528 0.03580949455499649 -0.03697624430060387 -0.025625914335250854 0.04024391621351242 -0.03209345415234566 -0.025625914335250854 0.042458098381757736 -0.03385920077562332 -0.018897471949458122 0.046439334750175476 -0.028151797130703926 -0.018897471949458122 0.048112593591213226 -0.02916613779962063 -0.011864427477121353 0.051447272300720215 -0.02277418226003647 -0.011864427477121353 0.052407246083021164 -0.023199133574962616 -0.004640144295990467 0.054943621158599854 -0.016306977719068527 -0.004640144295990467 0.05506443232297897 -0.016342835500836372 0.0026589317712932825 0.056702230125665665 -0.00916717667132616 0.0026589317712932825 0.055912669748067856 -0.009039526805281639 0.00991514977067709 0.05660957843065262 -0.0018153589917346835 0.00991514977067709 0.05489770323038101 -0.0017604625318199396 0.017011547461152077 0.05467211827635765 0.0052741533145308495 0.017011547461152077 0.052086036652326584 0.005024677608162165 0.02383374236524105 0.05101586878299713 0.011644039303064346 0.02383374236524105 0.04766061529517174 0.010878224857151508 0.03027176856994629 0.045878246426582336 0.016883619129657745 0.03027176856994629 0.04190897196531296 0.015422888100147247 0.03622185438871384 0.03959266468882561 0.020655466243624687 0.03622185438871384 0.03520458936691284 0.018366210162639618 0.04158809036016464 0.03256693854928017 0.02271728776395321 0.04158809036016464 0.027982698753476143 0.019519519060850143 0.04628398269414902 0.02525685913860798 0.022937612608075142 0.04628398269414902 0.020712068304419518 0.018810153007507324 0.050233837217092514 0.018136633560061455 0.02130432240664959 0.050233837217092514 0.013864625245332718 0.016286177560687065 0.05337398871779442 0.011668166145682335 0.017925437539815903 0.05337398871779442 0.007884860970079899 0.012113263830542564 0.05565382167696953 0.0062711164355278015 0.013022108003497124 0.05565382167696953 0.00316103408113122 0.00656395498663187 0.05703658610582352 0.003974461928009987 0.006105841137468815 0.05703658610582352 0.009369135834276676 0.011005520820617676 0.05565382167696953 0.015833426266908646 0.014379499480128288 0.05337398871779442 0.022947411984205246 0.01600712165236473 0.050233837217092514 0.030249061062932014 0.015780916437506676 0.04628398269414902 0.037264179438352585 0.013713561929762363 0.04158809036016464 0.04353713244199753 0.009937066584825516 0.03622185438871384 0.04866039752960205 0.0046942103654146194 0.03027176856994629 0.05230095237493515 -0.0016771898372098804 0.02383374236524105 0.05422187224030495 -0.008766171522438526 0.017011547461152077 0.05429767817258835 -0.01611526682972908 0.00991514977067709 0.052522480487823486 -0.023250143975019455 0.0026589317712932825 0.049010343849658966 -0.029710358008742332 -0.004640144295990467 0.043987907469272614 -0.03507918491959572 -0.011864427477121353 0.03777969628572464 -0.03901064023375511 -0.018897471949458122 0.030787082388997078 -0.04125188663601875 -0.025625914335250854 0.023462269455194473 -0.0416596345603466 -0.03194129839539528 0.01627899520099163 -0.04020943120121956 -0.03774183243513107 0.00970181543380022 -0.036997225135564804 -0.04293401911854744 0.003916512243449688 -0.03224855288863182 -0.04743416607379913 0.004156007897108793 -0.03223317489027977 -0.04743416607379913 0.0048910630866885185 -0.03793412074446678 -0.04293401911854744 0.011003476567566395 -0.041961025446653366 -0.03774183243513107 0.017942329868674278 -0.04431790113449097 -0.03194129839539528 0.025259146466851234 -0.044850174337625504 -0.025625914335250854 0.032480958849191666 -0.04352152347564697 -0.018897471949458122 0.039140939712524414 -0.04041623696684837 -0.011864427477121353 0.04480869323015213 -0.03573374077677727 -0.004640144295990467 0.04911810904741287 -0.02977568656206131 0.0026589317712932825 0.05179112032055855 -0.022926393896341324 0.00991514977067709 0.052655719220638275 -0.015627941116690636 0.017011547461152077 0.05165708810091019 -0.008351517841219902 0.02383374236524105 0.04886117950081825 -0.0015668829437345266 0.03027176856994629 0.044450417160987854 0.004288078285753727 0.03622185438871384 0.03871189057826996 0.00883573666214943 0.04158809036016464 0.03201873600482941 0.011783191002905369 0.04628398269414902 0.024805959314107895 0.012941253371536732 0.050233837217092514 0.017542243003845215 0.012236709706485271 0.05337398871779442 0.010699570178985596 0.009717066772282124 0.05565382167696953 0.0047226292081177235 0.005547469016164541 0.05703658610582352 -0.003916512243449688 -0.03224855288863182 -0.04743416607379913 0 -0.032499998807907104 -0.04743416607379913 -0.012196177616715431 -0.03012479469180107 -0.04743416607379913 -0.011512614786624908 -0.030351752415299416 -0.04743416607379913 -0.008243774063885212 -0.03143708407878876 -0.04743416607379913 -0.004156007897108793 -0.03223317489027977 -0.04743416607379913 -0.025409523397684097 -0.020263418555259705 -0.04743416607379913 -0.024278996512293816 -0.02150825411081314 -0.04743416607379913 -0.022609682753682137 -0.023346353322267532 -0.04743416607379913 -0.019438592717051506 -0.026045942679047585 -0.04743416607379913 -0.032083407044410706 -0.0051869964227080345 -0.04743416607379913 -0.03149522840976715 -0.007763977628201246 -0.04743416607379913 -0.03115670569241047 -0.009247146546840668 -0.04743416607379913 -0.029718410223722458 -0.013155458495020866 -0.04743416607379913 -0.030500223860144615 0.011224363930523396 -0.04743416607379913 -0.031525786966085434 0.007768907584249973 -0.04743416607379913 -0.03168515861034393 0.007231930270791054 -0.04743416607379913 -0.03234982118010521 0.0031207483261823654 -0.04743416607379913 -0.024059034883975983 0.021849779412150383 -0.04743416607379913 -0.024308454245328903 0.021537017077207565 -0.04743416607379913 -0.026655597612261772 0.018593791872262955 -0.04743416607379913 -0.018821774050593376 0.0390838161110878 -0.03774183243513107 -0.017729884013533592 0.027237864211201668 -0.04743416607379913 -0.019320102408528328 0.03999999910593033 -0.036366336047649384 -0.003909016959369183 0.03219769522547722 -0.04743416607379913 -0.006212655454874039 0.03190067410469055 -0.04743416607379913 -0.010241016745567322 0.0308443121612072 -0.04743416607379913 0.003909016959369183 0.03219769522547722 -0.04743416607379913 0.0020822822116315365 0.03243322670459747 -0.04743416607379913 -0.0020822822116315365 0.03243322670459747 -0.04743416607379913 0.014101221226155758 0.029281487688422203 -0.04743416607379913 0.011502604000270367 0.03033355250954628 -0.04743416607379913 0.010241016745567322 0.0308443121612072 -0.04743416607379913 0.006212655454874039 0.03190067410469055 -0.04743416607379913 0.024793528020381927 0.029123889282345772 -0.04293401911854744 0.0210674237459898 0.02474699355661869 -0.04743416607379913 0.018435461446642876 0.026711277663707733 -0.04743416607379913 0.028119996190071106 0.03303134813904762 -0.03774183243513107 0.03810499608516693 0.034605950117111206 -0.025625914335250854 0.035394296050071716 0.03214416280388832 -0.03194129839539528 0.03211308643221855 0.029164254665374756 -0.03774183243513107 0.0283142551779747 0.02571425586938858 -0.04293401911854744 0.024059034883975983 0.021849779412150383 -0.04743416607379913 0.03137006238102913 0.021882396191358566 -0.04293401911854744 0.026655597612261772 0.018593791872262955 -0.04743416607379913 0.024308454245328903 0.021537017077207565 -0.04743416607379913 0.04454023018479347 0.031069334596395493 -0.018897471949458122 0.04221746698021889 0.02944907732307911 -0.025625914335250854 0.03921421244740486 0.02735413797199726 -0.03194129839539528 0.035578880459070206 0.024818286299705505 -0.03774183243513107 0.02877301350235939 0.015100892633199692 -0.04743416607379913 0.03168515861034393 0.007231930270791054 -0.04743416607379913 0.031525786966085434 0.007768907584249973 -0.04743416607379913 0.030500223860144615 0.011224363930523396 -0.04743416607379913 0.02881447784602642 0.015032494440674782 -0.04743416607379913 0.03115670569241047 -0.009247146546840668 -0.04743416607379913 0.03149522840976715 -0.007763977628201246 -0.04743416607379913 0.032083407044410706 -0.0051869964227080345 -0.04743416607379913 0.0324833020567894 -0.0010416762670502067 -0.04743416607379913 0.03368082642555237 0.03999999910593033 0.023824088275432587 0.022609682753682137 -0.023346353322267532 -0.04743416607379913 0.024278996512293816 -0.02150825411081314 -0.04743416607379913 0.025409523397684097 -0.020263418555259705 -0.04743416607379913 0.02779213897883892 -0.016847757622599602 -0.04743416607379913 0.008243774063885212 -0.03143708407878876 -0.04743416607379913 0.011512614786624908 -0.030351752415299416 -0.04743416607379913 0.012196177616715431 -0.03012479469180107 -0.04743416607379913 0.01594831980764866 -0.028317857533693314 -0.04743416607379913 -0.030584666877985 0.007538443431258202 -0.06710000336170197 -0.03155560791492462 0.007777758873999119 -0.06710000336170197 -0.027891865000128746 0.014638779684901237 -0.06710000336170197 -0.028777319937944412 0.015103503130376339 -0.06710000336170197 -0.023578088730573654 0.02088836394250393 -0.06710000336170197 -0.02432660013437271 0.02155148610472679 -0.06710000336170197 -0.017894038930535316 0.025923991575837135 -0.06710000336170197 -0.018462104722857475 0.026746975257992744 -0.06710000336170197 -0.011170053854584694 0.029453011229634285 -0.06710000336170197 -0.011524658650159836 0.03038802742958069 -0.06710000336170197 -0.0037969055119901896 0.03127032890915871 -0.06710000336170197 -0.0039174421690404415 0.03226303681731224 -0.06710000336170197 0.0037969055119901896 0.03127032890915871 -0.06710000336170197 0.0039174421690404415 0.03226303681731224 -0.06710000336170197 0.011170053854584694 0.029453011229634285 -0.06710000336170197 0.011524658650159836 0.03038802742958069 -0.06710000336170197 0.017894038930535316 0.025923991575837135 -0.06710000336170197 0.018462104722857475 0.026746975257992744 -0.06710000336170197 0.023578088730573654 0.02088836394250393 -0.06710000336170197 0.02432660013437271 0.02155148610472679 -0.06710000336170197 0.027891865000128746 0.014638779684901237 -0.06710000336170197 0.028777319937944412 0.015103503130376339 -0.06710000336170197 0.030584666877985 0.007538443431258202 -0.06710000336170197 0.03155560791492462 0.007777758873999119 -0.06710000336170197 0.03150000050663948 0 -0.06710000336170197 0.032499998807907104 0 -0.06710000336170197 0.030584666877985 -0.007538443431258202 -0.06710000336170197 0.03155560791492462 -0.007777758873999119 -0.06710000336170197 0.027891865000128746 -0.014638779684901237 -0.06710000336170197 0.028777319937944412 -0.015103503130376339 -0.06710000336170197 0.023578088730573654 -0.02088836394250393 -0.06710000336170197 0.02432660013437271 -0.02155148610472679 -0.06710000336170197 0.017894038930535316 -0.025923991575837135 -0.06710000336170197 0.018462104722857475 -0.026746975257992744 -0.06710000336170197 0.011170053854584694 -0.029453011229634285 -0.06710000336170197 0.011524658650159836 -0.03038802742958069 -0.06710000336170197 0.0037969055119901896 -0.03127032890915871 -0.06710000336170197 0.0039174421690404415 -0.03226303681731224 -0.06710000336170197 -0.0037969055119901896 -0.03127032890915871 -0.06710000336170197 -0.0039174421690404415 -0.03226303681731224 -0.06710000336170197 -0.011170053854584694 -0.029453011229634285 -0.06710000336170197 -0.011524658650159836 -0.03038802742958069 -0.06710000336170197 -0.017894038930535316 -0.025923991575837135 -0.06710000336170197 -0.018462104722857475 -0.026746975257992744 -0.06710000336170197 -0.023578088730573654 -0.02088836394250393 -0.06710000336170197 -0.02432660013437271 -0.02155148610472679 -0.06710000336170197 -0.027891865000128746 -0.014638779684901237 -0.06710000336170197 -0.028777319937944412 -0.015103503130376339 -0.06710000336170197 -0.030584666877985 -0.007538443431258202 -0.06710000336170197 -0.03155560791492462 -0.007777758873999119 -0.06710000336170197 -0.03150000050663948 1.1572911896661999E-17 -0.06710000336170197 -0.032499998807907104 3.9801019400295505E-18 -0.06710000336170197 -5.970153323634632E-18 -0.032499998807907104 -0.04743416607379913 0.032499998807907104 0 -0.04743416607379913 0.030584666877985 0.007538443431258202 -0.07500000298023224 0.03150000050663948 0 -0.07500000298023224 0.030584666877985 -0.007538443431258202 -0.07500000298023224 0.027891865000128746 -0.014638779684901237 -0.07500000298023224 0.023578088730573654 -0.02088836394250393 -0.07500000298023224 0.017894038930535316 -0.025923991575837135 -0.07500000298023224 0.011170053854584694 -0.029453011229634285 -0.07500000298023224 0.0037969055119901896 -0.03127032890915871 -0.07500000298023224 -0.0037969055119901896 -0.03127032890915871 -0.07500000298023224 -0.011170053854584694 -0.029453011229634285 -0.07500000298023224 -0.017894038930535316 -0.025923991575837135 -0.07500000298023224 -0.023578088730573654 -0.02088836394250393 -0.07500000298023224 -0.027891865000128746 -0.014638779684901237 -0.07500000298023224 -0.030584666877985 -0.007538443431258202 -0.07500000298023224 -0.03150000050663948 3.8576374367507685E-18 -0.06710000336170197 -0.03150000050663948 3.8576374367507685E-18 -0.07500000298023224 -0.030584666877985 0.007538443431258202 -0.07500000298023224 -0.027891865000128746 0.014638779684901237 -0.07500000298023224 -0.023578088730573654 0.02088836394250393 -0.07500000298023224 -0.017894038930535316 0.025923991575837135 -0.07500000298023224 -0.011170053854584694 0.029453011229634285 -0.07500000298023224 -0.0037969055119901896 0.03127032890915871 -0.07500000298023224 0.0037969055119901896 0.03127032890915871 -0.07500000298023224 0.011170053854584694 0.029453011229634285 -0.07500000298023224 0.017894038930535316 0.025923991575837135 -0.07500000298023224 0.023578088730573654 0.02088836394250393 -0.07500000298023224 0.027891865000128746 0.014638779684901237 -0.07500000298023224 0.04130677878856659 0.03999999910593033 1.3877787807814457E-17 </float_array>
          <technique_common>
            <accessor source="#mesh_1-position-array" count="1043" stride="3">
              <param name="X" type="float" />
              <param name="Y" type="float" />
              <param name="Z" type="float" />
            </accessor>
          </technique_common>
        </source>
        <source id="mesh_1-normal" name="normal">
          <float_array id="mesh_1-normal-array" count="3">0 0 0 </float_array>
          <technique_common>
            <accessor source="#mesh_1-normal-array" count="1" stride="3">
              <param name="X" type="float" />
              <param name="Y" type="float" />
              <param name="Z" type="float" />
            </accessor>
          </technique_common>
        </source>
        <vertices id="mesh_1-vertices">
          <input semantic="POSITION" source="#mesh_1-position" />
        </vertices>
        <triangles material="default" count="2074">
          <input semantic="VERTEX" source="#mesh_1-vertices" offset="0" />
          <input semantic="NORMAL" source="#mesh_1-normal" offset="1" />
          <p>0 0 1 0 2 0 3 0 4 0 5 0 6 0 7 0 8 0 9 0 10 0 11 0 7 0 6 0 12 0 12 0 13 0 14 0 10 0 9 0 12 0 15 0 16 0 17 0 17 0 16 0 18 0 19 0 20 0 21 0 22 0 23 0 24 0 25 0 26 0 27 0 28 0 29 0 30 0 31 0 32 0 33 0 34 0 35 0 36 0 37 0 38 0 39 0 40 0 41 0 42 0 40 0 42 0 43 0 41 0 40 0 44 0 44 0 40 0 45 0 44 0 45 0 46 0 39 0 38 0 47 0 47 0 38 0 48 0 47 0 48 0 49 0 49 0 48 0 50 0 50 0 48 0 51 0 50 0 51 0 52 0 53 0 54 0 55 0 55 0 54 0 56 0 57 0 58 0 59 0 58 0 57 0 60 0 60 0 57 0 61 0 60 0 61 0 62 0 62 0 61 0 63 0 63 0 61 0 64 0 63 0 64 0 65 0 65 0 64 0 66 0 65 0 66 0 67 0 68 0 69 0 70 0 70 0 69 0 71 0 70 0 71 0 72 0 73 0 74 0 75 0 75 0 74 0 76 0 77 0 78 0 22 0 78 0 77 0 79 0 79 0 77 0 80 0 79 0 80 0 81 0 82 0 83 0 84 0 84 0 83 0 85 0 85 0 83 0 86 0 86 0 83 0 87 0 86 0 87 0 19 0 21 0 20 0 88 0 88 0 20 0 89 0 88 0 89 0 90 0 90 0 89 0 91 0 90 0 91 0 92 0 93 0 94 0 95 0 95 0 94 0 96 0 95 0 96 0 97 0 97 0 96 0 98 0 97 0 98 0 99 0 99 0 98 0 100 0 99 0 100 0 101 0 102 0 103 0 104 0 104 0 103 0 105 0 104 0 105 0 106 0 106 0 105 0 107 0 106 0 107 0 100 0 100 0 107 0 108 0 100 0 108 0 101 0 109 0 15 0 110 0 110 0 15 0 17 0 110 0 17 0 111 0 111 0 17 0 18 0 111 0 18 0 112 0 109 0 113 0 114 0 114 0 113 0 115 0 109 0 110 0 113 0 113 0 110 0 116 0 113 0 116 0 115 0 115 0 116 0 117 0 115 0 117 0 118 0 119 0 120 0 117 0 117 0 120 0 121 0 117 0 121 0 118 0 42 0 122 0 43 0 43 0 122 0 123 0 43 0 123 0 124 0 124 0 123 0 125 0 124 0 125 0 119 0 119 0 125 0 126 0 119 0 126 0 120 0 127 0 11 0 128 0 128 0 11 0 10 0 128 0 10 0 129 0 129 0 10 0 12 0 130 0 8 0 131 0 131 0 8 0 7 0 131 0 7 0 132 0 132 0 7 0 12 0 133 0 127 0 134 0 134 0 127 0 128 0 134 0 128 0 135 0 135 0 128 0 129 0 135 0 129 0 136 0 136 0 129 0 12 0 137 0 138 0 139 0 140 0 130 0 141 0 141 0 130 0 131 0 141 0 131 0 142 0 142 0 131 0 132 0 142 0 132 0 143 0 143 0 132 0 12 0 144 0 133 0 145 0 145 0 133 0 134 0 145 0 134 0 146 0 146 0 134 0 135 0 146 0 135 0 147 0 147 0 135 0 136 0 147 0 136 0 148 0 148 0 136 0 12 0 149 0 138 0 150 0 150 0 138 0 137 0 150 0 137 0 151 0 152 0 140 0 153 0 153 0 140 0 141 0 153 0 141 0 154 0 154 0 141 0 142 0 154 0 142 0 155 0 155 0 142 0 143 0 155 0 143 0 156 0 156 0 143 0 12 0 157 0 158 0 159 0 160 0 144 0 161 0 161 0 144 0 145 0 161 0 145 0 162 0 162 0 145 0 146 0 162 0 146 0 163 0 163 0 146 0 147 0 163 0 147 0 164 0 164 0 147 0 148 0 164 0 148 0 165 0 165 0 148 0 12 0 166 0 149 0 167 0 167 0 149 0 150 0 167 0 150 0 168 0 168 0 150 0 151 0 168 0 151 0 169 0 170 0 152 0 171 0 171 0 152 0 153 0 171 0 153 0 172 0 172 0 153 0 154 0 172 0 154 0 173 0 173 0 154 0 155 0 173 0 155 0 174 0 174 0 155 0 156 0 174 0 156 0 175 0 175 0 156 0 12 0 176 0 160 0 177 0 177 0 160 0 161 0 177 0 161 0 178 0 178 0 161 0 162 0 178 0 162 0 179 0 179 0 162 0 163 0 179 0 163 0 180 0 180 0 163 0 164 0 180 0 164 0 181 0 181 0 164 0 165 0 181 0 165 0 182 0 182 0 165 0 12 0 12 0 183 0 184 0 184 0 183 0 185 0 184 0 185 0 186 0 186 0 185 0 187 0 186 0 187 0 188 0 188 0 187 0 189 0 188 0 189 0 190 0 190 0 189 0 191 0 190 0 191 0 192 0 192 0 191 0 193 0 192 0 193 0 194 0 12 0 195 0 183 0 183 0 195 0 196 0 183 0 196 0 185 0 185 0 196 0 197 0 185 0 197 0 187 0 187 0 197 0 198 0 187 0 198 0 189 0 189 0 198 0 199 0 189 0 199 0 191 0 191 0 199 0 55 0 191 0 55 0 193 0 193 0 55 0 56 0 193 0 56 0 194 0 194 0 56 0 200 0 194 0 200 0 201 0 201 0 200 0 202 0 201 0 202 0 52 0 12 0 203 0 195 0 195 0 203 0 204 0 195 0 204 0 196 0 196 0 204 0 205 0 196 0 205 0 197 0 197 0 205 0 206 0 197 0 206 0 198 0 198 0 206 0 207 0 198 0 207 0 199 0 199 0 207 0 36 0 199 0 36 0 55 0 55 0 36 0 35 0 55 0 35 0 53 0 12 0 208 0 203 0 203 0 208 0 209 0 203 0 209 0 204 0 204 0 209 0 210 0 204 0 210 0 205 0 205 0 210 0 211 0 205 0 211 0 206 0 206 0 211 0 212 0 206 0 212 0 207 0 207 0 212 0 213 0 207 0 213 0 36 0 57 0 166 0 61 0 61 0 166 0 167 0 61 0 167 0 64 0 64 0 167 0 168 0 64 0 168 0 66 0 66 0 168 0 169 0 66 0 169 0 214 0 215 0 170 0 216 0 216 0 170 0 171 0 216 0 171 0 217 0 217 0 171 0 172 0 217 0 172 0 218 0 218 0 172 0 173 0 218 0 173 0 219 0 219 0 173 0 174 0 219 0 174 0 220 0 220 0 174 0 175 0 220 0 175 0 221 0 221 0 175 0 12 0 222 0 176 0 223 0 223 0 176 0 177 0 223 0 177 0 224 0 224 0 177 0 178 0 224 0 178 0 225 0 225 0 178 0 179 0 225 0 179 0 226 0 226 0 179 0 180 0 226 0 180 0 227 0 227 0 180 0 181 0 227 0 181 0 228 0 228 0 181 0 182 0 228 0 182 0 229 0 229 0 182 0 12 0 52 0 51 0 201 0 201 0 51 0 230 0 201 0 230 0 194 0 194 0 230 0 231 0 194 0 231 0 192 0 192 0 231 0 232 0 192 0 232 0 190 0 190 0 232 0 233 0 190 0 233 0 188 0 188 0 233 0 234 0 188 0 234 0 186 0 186 0 234 0 235 0 186 0 235 0 184 0 184 0 235 0 12 0 67 0 66 0 72 0 72 0 66 0 214 0 72 0 214 0 70 0 70 0 214 0 236 0 70 0 236 0 68 0 237 0 215 0 238 0 238 0 215 0 216 0 238 0 216 0 239 0 239 0 216 0 217 0 239 0 217 0 240 0 240 0 217 0 218 0 240 0 218 0 241 0 241 0 218 0 219 0 241 0 219 0 242 0 242 0 219 0 220 0 242 0 220 0 243 0 243 0 220 0 221 0 243 0 221 0 244 0 244 0 221 0 12 0 245 0 222 0 246 0 246 0 222 0 223 0 246 0 223 0 247 0 247 0 223 0 224 0 247 0 224 0 248 0 248 0 224 0 225 0 248 0 225 0 249 0 249 0 225 0 226 0 249 0 226 0 250 0 250 0 226 0 227 0 250 0 227 0 251 0 251 0 227 0 228 0 251 0 228 0 252 0 252 0 228 0 229 0 252 0 229 0 253 0 253 0 229 0 12 0 254 0 237 0 255 0 255 0 237 0 238 0 255 0 238 0 256 0 256 0 238 0 239 0 256 0 239 0 257 0 257 0 239 0 240 0 257 0 240 0 258 0 258 0 240 0 241 0 258 0 241 0 259 0 259 0 241 0 242 0 259 0 242 0 260 0 260 0 242 0 243 0 260 0 243 0 261 0 261 0 243 0 244 0 261 0 244 0 262 0 262 0 244 0 12 0 263 0 264 0 265 0 266 0 245 0 267 0 267 0 245 0 246 0 267 0 246 0 268 0 268 0 246 0 247 0 268 0 247 0 269 0 269 0 247 0 248 0 269 0 248 0 270 0 270 0 248 0 249 0 270 0 249 0 271 0 271 0 249 0 250 0 271 0 250 0 272 0 272 0 250 0 251 0 272 0 251 0 273 0 273 0 251 0 252 0 273 0 252 0 274 0 274 0 252 0 253 0 274 0 253 0 275 0 275 0 253 0 12 0 46 0 45 0 37 0 37 0 45 0 276 0 37 0 276 0 38 0 38 0 276 0 277 0 38 0 277 0 48 0 48 0 277 0 278 0 48 0 278 0 51 0 51 0 278 0 279 0 51 0 279 0 230 0 230 0 279 0 280 0 230 0 280 0 231 0 231 0 280 0 281 0 231 0 281 0 232 0 232 0 281 0 282 0 232 0 282 0 233 0 233 0 282 0 283 0 233 0 283 0 234 0 234 0 283 0 284 0 234 0 284 0 235 0 235 0 284 0 12 0 285 0 286 0 33 0 287 0 254 0 288 0 288 0 254 0 255 0 288 0 255 0 289 0 289 0 255 0 256 0 289 0 256 0 290 0 290 0 256 0 257 0 290 0 257 0 291 0 291 0 257 0 258 0 291 0 258 0 292 0 292 0 258 0 259 0 292 0 259 0 293 0 293 0 259 0 260 0 293 0 260 0 294 0 294 0 260 0 261 0 294 0 261 0 295 0 295 0 261 0 262 0 295 0 262 0 296 0 296 0 262 0 12 0 297 0 266 0 298 0 298 0 266 0 267 0 298 0 267 0 299 0 299 0 267 0 268 0 299 0 268 0 300 0 300 0 268 0 269 0 300 0 269 0 301 0 301 0 269 0 270 0 301 0 270 0 302 0 302 0 270 0 271 0 302 0 271 0 303 0 303 0 271 0 272 0 303 0 272 0 304 0 304 0 272 0 273 0 304 0 273 0 305 0 305 0 273 0 274 0 305 0 274 0 306 0 306 0 274 0 275 0 306 0 275 0 307 0 307 0 275 0 12 0 308 0 287 0 309 0 309 0 287 0 288 0 309 0 288 0 310 0 310 0 288 0 289 0 310 0 289 0 311 0 311 0 289 0 290 0 311 0 290 0 312 0 312 0 290 0 291 0 312 0 291 0 313 0 313 0 291 0 292 0 313 0 292 0 314 0 314 0 292 0 293 0 314 0 293 0 315 0 315 0 293 0 294 0 315 0 294 0 316 0 316 0 294 0 295 0 316 0 295 0 317 0 317 0 295 0 296 0 317 0 296 0 318 0 318 0 296 0 12 0 319 0 297 0 320 0 320 0 297 0 298 0 320 0 298 0 321 0 321 0 298 0 299 0 321 0 299 0 322 0 322 0 299 0 300 0 322 0 300 0 323 0 323 0 300 0 301 0 323 0 301 0 324 0 324 0 301 0 302 0 324 0 302 0 325 0 325 0 302 0 303 0 325 0 303 0 326 0 326 0 303 0 304 0 326 0 304 0 327 0 327 0 304 0 305 0 327 0 305 0 328 0 328 0 305 0 306 0 328 0 306 0 329 0 329 0 306 0 307 0 329 0 307 0 330 0 330 0 307 0 12 0 331 0 308 0 332 0 332 0 308 0 309 0 332 0 309 0 333 0 333 0 309 0 310 0 333 0 310 0 334 0 334 0 310 0 311 0 334 0 311 0 335 0 335 0 311 0 312 0 335 0 312 0 336 0 336 0 312 0 313 0 336 0 313 0 337 0 337 0 313 0 314 0 337 0 314 0 338 0 338 0 314 0 315 0 338 0 315 0 339 0 339 0 315 0 316 0 339 0 316 0 340 0 340 0 316 0 317 0 340 0 317 0 341 0 341 0 317 0 318 0 341 0 318 0 342 0 342 0 318 0 12 0 343 0 319 0 344 0 344 0 319 0 320 0 344 0 320 0 345 0 345 0 320 0 321 0 345 0 321 0 346 0 346 0 321 0 322 0 346 0 322 0 347 0 347 0 322 0 323 0 347 0 323 0 348 0 348 0 323 0 324 0 348 0 324 0 349 0 349 0 324 0 325 0 349 0 325 0 350 0 350 0 325 0 326 0 350 0 326 0 351 0 351 0 326 0 327 0 351 0 327 0 352 0 352 0 327 0 328 0 352 0 328 0 353 0 353 0 328 0 329 0 353 0 329 0 354 0 354 0 329 0 330 0 354 0 330 0 355 0 355 0 330 0 12 0 356 0 331 0 357 0 357 0 331 0 332 0 357 0 332 0 358 0 358 0 332 0 333 0 358 0 333 0 359 0 359 0 333 0 334 0 359 0 334 0 360 0 360 0 334 0 335 0 360 0 335 0 361 0 361 0 335 0 336 0 361 0 336 0 362 0 362 0 336 0 337 0 362 0 337 0 363 0 363 0 337 0 338 0 363 0 338 0 364 0 364 0 338 0 339 0 364 0 339 0 365 0 365 0 339 0 340 0 365 0 340 0 366 0 366 0 340 0 341 0 366 0 341 0 367 0 367 0 341 0 342 0 367 0 342 0 368 0 368 0 342 0 12 0 369 0 370 0 371 0 372 0 343 0 373 0 373 0 343 0 344 0 373 0 344 0 374 0 374 0 344 0 345 0 374 0 345 0 375 0 375 0 345 0 346 0 375 0 346 0 376 0 376 0 346 0 347 0 376 0 347 0 377 0 377 0 347 0 348 0 377 0 348 0 378 0 378 0 348 0 349 0 378 0 349 0 379 0 379 0 349 0 350 0 379 0 350 0 380 0 380 0 350 0 351 0 380 0 351 0 381 0 381 0 351 0 352 0 381 0 352 0 382 0 382 0 352 0 353 0 382 0 353 0 383 0 383 0 353 0 354 0 383 0 354 0 384 0 384 0 354 0 355 0 384 0 355 0 385 0 385 0 355 0 12 0 386 0 356 0 387 0 387 0 356 0 357 0 387 0 357 0 388 0 388 0 357 0 358 0 388 0 358 0 389 0 389 0 358 0 359 0 389 0 359 0 390 0 390 0 359 0 360 0 390 0 360 0 391 0 391 0 360 0 361 0 391 0 361 0 392 0 392 0 361 0 362 0 392 0 362 0 393 0 393 0 362 0 363 0 393 0 363 0 394 0 394 0 363 0 364 0 394 0 364 0 395 0 395 0 364 0 365 0 395 0 365 0 396 0 396 0 365 0 366 0 396 0 366 0 397 0 397 0 366 0 367 0 397 0 367 0 398 0 398 0 367 0 368 0 398 0 368 0 399 0 399 0 368 0 12 0 400 0 372 0 401 0 401 0 372 0 373 0 401 0 373 0 402 0 402 0 373 0 374 0 402 0 374 0 403 0 403 0 374 0 375 0 403 0 375 0 404 0 404 0 375 0 376 0 404 0 376 0 405 0 405 0 376 0 377 0 405 0 377 0 406 0 406 0 377 0 378 0 406 0 378 0 407 0 407 0 378 0 379 0 407 0 379 0 408 0 408 0 379 0 380 0 408 0 380 0 409 0 409 0 380 0 381 0 409 0 381 0 410 0 410 0 381 0 382 0 410 0 382 0 411 0 411 0 382 0 383 0 411 0 383 0 412 0 412 0 383 0 384 0 412 0 384 0 413 0 413 0 384 0 385 0 413 0 385 0 414 0 414 0 385 0 12 0 415 0 12 0 9 0 416 0 386 0 417 0 417 0 386 0 387 0 417 0 387 0 418 0 418 0 387 0 388 0 418 0 388 0 419 0 419 0 388 0 389 0 419 0 389 0 420 0 420 0 389 0 390 0 420 0 390 0 421 0 421 0 390 0 391 0 421 0 391 0 422 0 422 0 391 0 392 0 422 0 392 0 423 0 423 0 392 0 393 0 423 0 393 0 424 0 424 0 393 0 394 0 424 0 394 0 425 0 425 0 394 0 395 0 425 0 395 0 426 0 426 0 395 0 396 0 426 0 396 0 427 0 427 0 396 0 397 0 427 0 397 0 428 0 428 0 397 0 398 0 428 0 398 0 429 0 429 0 398 0 399 0 429 0 399 0 430 0 430 0 399 0 12 0 116 0 400 0 117 0 117 0 400 0 401 0 117 0 401 0 119 0 119 0 401 0 402 0 119 0 402 0 124 0 124 0 402 0 403 0 124 0 403 0 43 0 43 0 403 0 404 0 43 0 404 0 40 0 40 0 404 0 405 0 40 0 405 0 45 0 45 0 405 0 406 0 45 0 406 0 276 0 276 0 406 0 407 0 276 0 407 0 277 0 277 0 407 0 408 0 277 0 408 0 278 0 278 0 408 0 409 0 278 0 409 0 279 0 279 0 409 0 410 0 279 0 410 0 280 0 280 0 410 0 411 0 280 0 411 0 281 0 281 0 411 0 412 0 281 0 412 0 282 0 282 0 412 0 413 0 282 0 413 0 283 0 283 0 413 0 414 0 283 0 414 0 284 0 284 0 414 0 12 0 431 0 432 0 433 0 433 0 432 0 434 0 433 0 434 0 435 0 435 0 434 0 436 0 435 0 436 0 437 0 437 0 436 0 438 0 437 0 438 0 439 0 439 0 438 0 370 0 440 0 431 0 441 0 441 0 431 0 433 0 441 0 433 0 442 0 442 0 433 0 435 0 442 0 435 0 443 0 443 0 435 0 437 0 443 0 437 0 444 0 444 0 437 0 439 0 445 0 446 0 447 0 415 0 9 0 448 0 448 0 9 0 11 0 448 0 11 0 449 0 449 0 11 0 127 0 449 0 127 0 450 0 450 0 127 0 133 0 450 0 133 0 451 0 451 0 133 0 144 0 451 0 144 0 452 0 452 0 144 0 160 0 452 0 160 0 453 0 453 0 160 0 176 0 453 0 176 0 454 0 454 0 176 0 222 0 454 0 222 0 455 0 455 0 222 0 245 0 455 0 245 0 456 0 456 0 245 0 266 0 456 0 266 0 457 0 457 0 266 0 297 0 457 0 297 0 458 0 458 0 297 0 319 0 458 0 319 0 459 0 459 0 319 0 343 0 459 0 343 0 460 0 460 0 343 0 372 0 460 0 372 0 461 0 461 0 372 0 400 0 461 0 400 0 462 0 462 0 400 0 116 0 462 0 116 0 463 0 463 0 116 0 110 0 463 0 110 0 464 0 464 0 110 0 111 0 464 0 111 0 465 0 466 0 467 0 468 0 469 0 440 0 470 0 470 0 440 0 441 0 470 0 441 0 471 0 471 0 441 0 442 0 471 0 442 0 472 0 472 0 442 0 443 0 472 0 443 0 473 0 473 0 443 0 444 0 474 0 446 0 475 0 475 0 446 0 445 0 475 0 445 0 476 0 477 0 478 0 479 0 479 0 478 0 476 0 479 0 476 0 480 0 480 0 476 0 445 0 480 0 445 0 481 0 481 0 445 0 447 0 481 0 447 0 482 0 483 0 484 0 485 0 485 0 484 0 486 0 485 0 486 0 487 0 487 0 486 0 488 0 487 0 488 0 489 0 489 0 488 0 490 0 489 0 490 0 491 0 491 0 490 0 492 0 491 0 492 0 493 0 493 0 492 0 494 0 493 0 494 0 495 0 495 0 494 0 496 0 495 0 496 0 497 0 497 0 496 0 369 0 497 0 369 0 498 0 498 0 369 0 371 0 498 0 371 0 499 0 500 0 483 0 501 0 501 0 483 0 485 0 501 0 485 0 502 0 502 0 485 0 487 0 502 0 487 0 503 0 503 0 487 0 489 0 503 0 489 0 504 0 504 0 489 0 491 0 504 0 491 0 505 0 505 0 491 0 493 0 505 0 493 0 506 0 506 0 493 0 495 0 506 0 495 0 507 0 507 0 495 0 497 0 507 0 497 0 508 0 508 0 497 0 498 0 508 0 498 0 509 0 509 0 498 0 499 0 509 0 499 0 510 0 511 0 512 0 513 0 513 0 512 0 500 0 513 0 500 0 514 0 514 0 500 0 501 0 514 0 501 0 515 0 515 0 501 0 502 0 515 0 502 0 516 0 516 0 502 0 503 0 516 0 503 0 517 0 517 0 503 0 504 0 517 0 504 0 518 0 518 0 504 0 505 0 518 0 505 0 519 0 519 0 505 0 506 0 519 0 506 0 520 0 520 0 506 0 507 0 520 0 507 0 521 0 521 0 507 0 508 0 521 0 508 0 522 0 522 0 508 0 509 0 522 0 509 0 523 0 523 0 509 0 510 0 523 0 510 0 264 0 524 0 525 0 526 0 526 0 525 0 527 0 526 0 527 0 528 0 528 0 527 0 529 0 528 0 529 0 530 0 530 0 529 0 531 0 530 0 531 0 532 0 532 0 531 0 533 0 532 0 533 0 534 0 534 0 533 0 535 0 534 0 535 0 536 0 536 0 535 0 537 0 536 0 537 0 538 0 538 0 537 0 539 0 538 0 539 0 540 0 540 0 539 0 541 0 540 0 541 0 542 0 542 0 541 0 543 0 542 0 543 0 544 0 544 0 543 0 545 0 544 0 545 0 546 0 546 0 545 0 263 0 546 0 263 0 547 0 547 0 263 0 265 0 547 0 265 0 548 0 549 0 524 0 550 0 550 0 524 0 526 0 550 0 526 0 551 0 551 0 526 0 528 0 551 0 528 0 552 0 552 0 528 0 530 0 552 0 530 0 553 0 553 0 530 0 532 0 553 0 532 0 554 0 554 0 532 0 534 0 554 0 534 0 555 0 555 0 534 0 536 0 555 0 536 0 556 0 556 0 536 0 538 0 556 0 538 0 557 0 557 0 538 0 540 0 557 0 540 0 558 0 558 0 540 0 542 0 558 0 542 0 559 0 559 0 542 0 544 0 559 0 544 0 560 0 560 0 544 0 546 0 560 0 546 0 561 0 561 0 546 0 547 0 561 0 547 0 562 0 562 0 547 0 548 0 562 0 548 0 563 0 564 0 565 0 566 0 566 0 565 0 549 0 566 0 549 0 567 0 567 0 549 0 550 0 567 0 550 0 568 0 568 0 550 0 551 0 568 0 551 0 569 0 569 0 551 0 552 0 569 0 552 0 570 0 570 0 552 0 553 0 570 0 553 0 571 0 571 0 553 0 554 0 571 0 554 0 572 0 572 0 554 0 555 0 572 0 555 0 573 0 573 0 555 0 556 0 573 0 556 0 574 0 574 0 556 0 557 0 574 0 557 0 575 0 575 0 557 0 558 0 575 0 558 0 576 0 576 0 558 0 559 0 576 0 559 0 577 0 577 0 559 0 560 0 577 0 560 0 578 0 578 0 560 0 561 0 578 0 561 0 579 0 579 0 561 0 562 0 579 0 562 0 580 0 580 0 562 0 563 0 580 0 563 0 158 0 581 0 582 0 583 0 583 0 582 0 584 0 583 0 584 0 585 0 585 0 584 0 586 0 585 0 586 0 587 0 587 0 586 0 588 0 587 0 588 0 589 0 589 0 588 0 590 0 589 0 590 0 591 0 591 0 590 0 592 0 591 0 592 0 593 0 593 0 592 0 594 0 593 0 594 0 595 0 595 0 594 0 596 0 595 0 596 0 597 0 597 0 596 0 598 0 597 0 598 0 599 0 599 0 598 0 600 0 599 0 600 0 601 0 601 0 600 0 602 0 601 0 602 0 603 0 603 0 602 0 604 0 603 0 604 0 605 0 605 0 604 0 606 0 605 0 606 0 607 0 607 0 606 0 608 0 607 0 608 0 609 0 609 0 608 0 610 0 609 0 610 0 611 0 611 0 610 0 157 0 611 0 157 0 612 0 612 0 157 0 159 0 612 0 159 0 613 0 614 0 581 0 615 0 615 0 581 0 583 0 615 0 583 0 616 0 616 0 583 0 585 0 616 0 585 0 617 0 617 0 585 0 587 0 617 0 587 0 618 0 618 0 587 0 589 0 618 0 589 0 619 0 619 0 589 0 591 0 619 0 591 0 620 0 620 0 591 0 593 0 620 0 593 0 621 0 621 0 593 0 595 0 621 0 595 0 622 0 622 0 595 0 597 0 622 0 597 0 623 0 623 0 597 0 599 0 623 0 599 0 624 0 624 0 599 0 601 0 624 0 601 0 625 0 625 0 601 0 603 0 625 0 603 0 626 0 626 0 603 0 605 0 626 0 605 0 627 0 627 0 605 0 607 0 627 0 607 0 628 0 628 0 607 0 609 0 628 0 609 0 629 0 629 0 609 0 611 0 629 0 611 0 630 0 630 0 611 0 612 0 630 0 612 0 631 0 631 0 612 0 613 0 631 0 613 0 632 0 632 0 633 0 631 0 631 0 633 0 634 0 631 0 634 0 630 0 630 0 634 0 635 0 630 0 635 0 629 0 629 0 635 0 636 0 629 0 636 0 628 0 628 0 636 0 637 0 628 0 637 0 627 0 627 0 637 0 638 0 627 0 638 0 626 0 626 0 638 0 639 0 626 0 639 0 625 0 625 0 639 0 640 0 625 0 640 0 624 0 624 0 640 0 641 0 624 0 641 0 623 0 623 0 641 0 642 0 623 0 642 0 622 0 622 0 642 0 643 0 622 0 643 0 621 0 621 0 643 0 644 0 621 0 644 0 620 0 620 0 644 0 645 0 620 0 645 0 619 0 619 0 645 0 646 0 619 0 646 0 618 0 618 0 646 0 647 0 618 0 647 0 617 0 617 0 647 0 648 0 617 0 648 0 616 0 616 0 648 0 649 0 616 0 649 0 615 0 615 0 649 0 650 0 615 0 650 0 614 0 614 0 650 0 651 0 614 0 651 0 652 0 652 0 651 0 653 0 654 0 655 0 656 0 656 0 655 0 657 0 656 0 657 0 658 0 658 0 657 0 659 0 658 0 659 0 660 0 660 0 659 0 661 0 660 0 661 0 662 0 662 0 661 0 663 0 662 0 663 0 664 0 664 0 663 0 665 0 664 0 665 0 666 0 666 0 665 0 667 0 666 0 667 0 668 0 668 0 667 0 669 0 668 0 669 0 670 0 670 0 669 0 671 0 670 0 671 0 672 0 672 0 671 0 673 0 672 0 673 0 674 0 674 0 673 0 675 0 674 0 675 0 676 0 676 0 675 0 677 0 676 0 677 0 678 0 678 0 677 0 679 0 678 0 679 0 680 0 680 0 679 0 681 0 680 0 681 0 682 0 682 0 681 0 683 0 682 0 683 0 684 0 684 0 683 0 685 0 684 0 685 0 686 0 686 0 685 0 687 0 686 0 687 0 688 0 688 0 687 0 689 0 688 0 689 0 690 0 690 0 689 0 691 0 690 0 691 0 12 0 633 0 12 0 691 0 692 0 693 0 694 0 694 0 693 0 654 0 694 0 654 0 695 0 695 0 654 0 656 0 695 0 656 0 696 0 696 0 656 0 658 0 696 0 658 0 697 0 697 0 658 0 660 0 697 0 660 0 698 0 698 0 660 0 662 0 698 0 662 0 699 0 699 0 662 0 664 0 699 0 664 0 700 0 700 0 664 0 666 0 700 0 666 0 701 0 701 0 666 0 668 0 701 0 668 0 702 0 702 0 668 0 670 0 702 0 670 0 703 0 703 0 670 0 672 0 703 0 672 0 704 0 704 0 672 0 674 0 704 0 674 0 705 0 705 0 674 0 676 0 705 0 676 0 706 0 706 0 676 0 678 0 706 0 678 0 707 0 707 0 678 0 680 0 707 0 680 0 708 0 708 0 680 0 682 0 708 0 682 0 709 0 709 0 682 0 684 0 709 0 684 0 710 0 710 0 684 0 686 0 710 0 686 0 711 0 711 0 686 0 688 0 711 0 688 0 712 0 712 0 688 0 690 0 712 0 690 0 12 0 89 0 1 0 91 0 1 0 0 0 91 0 91 0 0 0 92 0 92 0 0 0 94 0 92 0 94 0 713 0 713 0 94 0 93 0 714 0 467 0 715 0 715 0 467 0 466 0 715 0 466 0 716 0 717 0 718 0 719 0 719 0 718 0 716 0 719 0 716 0 720 0 720 0 716 0 466 0 720 0 466 0 721 0 721 0 466 0 468 0 721 0 468 0 722 0 723 0 724 0 725 0 725 0 724 0 726 0 725 0 726 0 727 0 727 0 726 0 728 0 727 0 728 0 729 0 729 0 728 0 730 0 729 0 730 0 731 0 731 0 730 0 732 0 731 0 732 0 733 0 733 0 732 0 734 0 733 0 734 0 735 0 735 0 734 0 24 0 735 0 24 0 27 0 27 0 24 0 23 0 27 0 23 0 25 0 736 0 723 0 737 0 737 0 723 0 725 0 737 0 725 0 738 0 738 0 725 0 727 0 738 0 727 0 739 0 739 0 727 0 729 0 739 0 729 0 740 0 740 0 729 0 731 0 740 0 731 0 741 0 741 0 731 0 733 0 741 0 733 0 742 0 742 0 733 0 735 0 742 0 735 0 743 0 743 0 735 0 27 0 743 0 27 0 30 0 30 0 27 0 26 0 30 0 26 0 28 0 744 0 745 0 746 0 746 0 745 0 736 0 746 0 736 0 747 0 747 0 736 0 737 0 747 0 737 0 748 0 748 0 737 0 738 0 748 0 738 0 749 0 749 0 738 0 739 0 749 0 739 0 750 0 750 0 739 0 740 0 750 0 740 0 751 0 751 0 740 0 741 0 751 0 741 0 752 0 752 0 741 0 742 0 752 0 742 0 753 0 753 0 742 0 743 0 753 0 743 0 754 0 754 0 743 0 30 0 754 0 30 0 75 0 75 0 30 0 29 0 75 0 29 0 73 0 755 0 756 0 757 0 757 0 756 0 758 0 757 0 758 0 759 0 759 0 758 0 760 0 759 0 760 0 761 0 761 0 760 0 762 0 761 0 762 0 763 0 763 0 762 0 764 0 763 0 764 0 765 0 765 0 764 0 766 0 765 0 766 0 767 0 767 0 766 0 768 0 767 0 768 0 769 0 769 0 768 0 770 0 769 0 770 0 771 0 771 0 770 0 772 0 771 0 772 0 773 0 773 0 772 0 774 0 773 0 774 0 775 0 775 0 774 0 285 0 775 0 285 0 776 0 776 0 285 0 33 0 776 0 33 0 236 0 236 0 33 0 32 0 236 0 32 0 68 0 777 0 755 0 778 0 778 0 755 0 757 0 778 0 757 0 779 0 779 0 757 0 759 0 779 0 759 0 780 0 780 0 759 0 761 0 780 0 761 0 781 0 781 0 761 0 763 0 781 0 763 0 782 0 782 0 763 0 765 0 782 0 765 0 783 0 783 0 765 0 767 0 783 0 767 0 784 0 784 0 767 0 769 0 784 0 769 0 785 0 785 0 769 0 771 0 785 0 771 0 786 0 786 0 771 0 773 0 786 0 773 0 787 0 787 0 773 0 775 0 787 0 775 0 788 0 788 0 775 0 776 0 788 0 776 0 789 0 789 0 776 0 236 0 789 0 236 0 790 0 790 0 236 0 214 0 790 0 214 0 791 0 791 0 214 0 169 0 791 0 169 0 792 0 792 0 169 0 151 0 792 0 151 0 793 0 793 0 151 0 137 0 793 0 137 0 794 0 794 0 137 0 139 0 794 0 139 0 795 0 795 0 14 0 794 0 794 0 14 0 796 0 794 0 796 0 793 0 793 0 796 0 797 0 793 0 797 0 792 0 792 0 797 0 798 0 792 0 798 0 791 0 791 0 798 0 799 0 791 0 799 0 790 0 790 0 799 0 800 0 790 0 800 0 789 0 789 0 800 0 801 0 789 0 801 0 788 0 788 0 801 0 802 0 788 0 802 0 787 0 787 0 802 0 803 0 787 0 803 0 786 0 786 0 803 0 804 0 786 0 804 0 785 0 785 0 804 0 805 0 785 0 805 0 784 0 784 0 805 0 806 0 784 0 806 0 783 0 783 0 806 0 807 0 783 0 807 0 782 0 782 0 807 0 808 0 782 0 808 0 781 0 781 0 808 0 809 0 781 0 809 0 780 0 780 0 809 0 810 0 780 0 810 0 779 0 779 0 810 0 811 0 779 0 811 0 778 0 778 0 811 0 812 0 778 0 812 0 777 0 777 0 812 0 813 0 777 0 813 0 814 0 814 0 813 0 815 0 816 0 817 0 818 0 818 0 817 0 819 0 818 0 819 0 820 0 820 0 819 0 821 0 820 0 821 0 822 0 822 0 821 0 823 0 822 0 823 0 824 0 824 0 823 0 825 0 824 0 825 0 826 0 826 0 825 0 827 0 826 0 827 0 828 0 828 0 827 0 829 0 828 0 829 0 830 0 830 0 829 0 831 0 830 0 831 0 832 0 832 0 831 0 833 0 832 0 833 0 834 0 834 0 833 0 835 0 834 0 835 0 836 0 836 0 835 0 837 0 836 0 837 0 838 0 838 0 837 0 839 0 838 0 839 0 840 0 840 0 839 0 841 0 840 0 841 0 842 0 842 0 841 0 843 0 842 0 843 0 844 0 844 0 843 0 845 0 844 0 845 0 846 0 846 0 845 0 847 0 846 0 847 0 848 0 848 0 847 0 849 0 848 0 849 0 850 0 850 0 849 0 851 0 850 0 851 0 852 0 852 0 853 0 850 0 850 0 853 0 854 0 850 0 854 0 848 0 848 0 854 0 855 0 848 0 855 0 846 0 846 0 855 0 856 0 846 0 856 0 844 0 844 0 856 0 857 0 844 0 857 0 842 0 842 0 857 0 858 0 842 0 858 0 840 0 840 0 858 0 859 0 840 0 859 0 838 0 838 0 859 0 860 0 838 0 860 0 836 0 836 0 860 0 861 0 836 0 861 0 834 0 834 0 861 0 862 0 834 0 862 0 832 0 832 0 862 0 863 0 832 0 863 0 830 0 830 0 863 0 864 0 830 0 864 0 828 0 828 0 864 0 865 0 828 0 865 0 826 0 826 0 865 0 866 0 826 0 866 0 824 0 824 0 866 0 867 0 824 0 867 0 822 0 822 0 867 0 868 0 822 0 868 0 820 0 820 0 868 0 869 0 820 0 869 0 818 0 818 0 869 0 870 0 818 0 870 0 816 0 816 0 870 0 871 0 872 0 873 0 874 0 874 0 873 0 871 0 874 0 871 0 875 0 875 0 871 0 870 0 875 0 870 0 876 0 876 0 870 0 869 0 876 0 869 0 877 0 877 0 869 0 868 0 877 0 868 0 878 0 878 0 868 0 867 0 878 0 867 0 879 0 879 0 867 0 866 0 879 0 866 0 880 0 880 0 866 0 865 0 880 0 865 0 881 0 881 0 865 0 864 0 881 0 864 0 882 0 882 0 864 0 863 0 882 0 863 0 883 0 883 0 863 0 862 0 883 0 862 0 884 0 884 0 862 0 861 0 884 0 861 0 885 0 885 0 861 0 860 0 885 0 860 0 886 0 886 0 860 0 859 0 886 0 859 0 887 0 887 0 859 0 858 0 887 0 858 0 888 0 888 0 858 0 857 0 888 0 857 0 889 0 889 0 857 0 856 0 889 0 856 0 890 0 890 0 856 0 855 0 890 0 855 0 891 0 891 0 855 0 854 0 891 0 854 0 892 0 892 0 854 0 853 0 892 0 853 0 12 0 852 0 12 0 853 0 851 0 13 0 852 0 852 0 13 0 12 0 473 0 482 0 472 0 472 0 482 0 447 0 472 0 447 0 471 0 471 0 447 0 446 0 471 0 446 0 470 0 470 0 446 0 474 0 470 0 474 0 469 0 469 0 474 0 893 0 469 0 893 0 894 0 478 0 895 0 476 0 476 0 895 0 896 0 476 0 896 0 475 0 475 0 896 0 897 0 475 0 897 0 474 0 474 0 897 0 898 0 474 0 898 0 893 0 370 0 369 0 439 0 439 0 369 0 496 0 439 0 496 0 444 0 444 0 496 0 494 0 444 0 494 0 473 0 473 0 494 0 492 0 473 0 492 0 482 0 482 0 492 0 490 0 482 0 490 0 481 0 481 0 490 0 488 0 481 0 488 0 480 0 480 0 488 0 486 0 480 0 486 0 479 0 479 0 486 0 484 0 479 0 484 0 477 0 512 0 899 0 500 0 500 0 899 0 900 0 500 0 900 0 483 0 483 0 900 0 901 0 483 0 901 0 484 0 484 0 901 0 902 0 484 0 902 0 477 0 264 0 263 0 523 0 523 0 263 0 545 0 523 0 545 0 522 0 522 0 545 0 543 0 522 0 543 0 521 0 521 0 543 0 541 0 521 0 541 0 520 0 520 0 541 0 539 0 520 0 539 0 519 0 519 0 539 0 537 0 519 0 537 0 518 0 518 0 537 0 535 0 518 0 535 0 517 0 517 0 535 0 533 0 517 0 533 0 516 0 516 0 533 0 531 0 516 0 531 0 515 0 515 0 531 0 529 0 515 0 529 0 514 0 514 0 529 0 527 0 514 0 527 0 513 0 513 0 527 0 525 0 513 0 525 0 511 0 565 0 903 0 549 0 549 0 903 0 904 0 549 0 904 0 524 0 524 0 904 0 905 0 524 0 905 0 525 0 525 0 905 0 906 0 525 0 906 0 511 0 158 0 157 0 580 0 580 0 157 0 610 0 580 0 610 0 579 0 579 0 610 0 608 0 579 0 608 0 578 0 578 0 608 0 606 0 578 0 606 0 577 0 577 0 606 0 604 0 577 0 604 0 576 0 576 0 604 0 602 0 576 0 602 0 575 0 575 0 602 0 600 0 575 0 600 0 574 0 574 0 600 0 598 0 574 0 598 0 573 0 573 0 598 0 596 0 573 0 596 0 572 0 572 0 596 0 594 0 572 0 594 0 571 0 571 0 594 0 592 0 571 0 592 0 570 0 570 0 592 0 590 0 570 0 590 0 569 0 569 0 590 0 588 0 569 0 588 0 568 0 568 0 588 0 586 0 568 0 586 0 567 0 567 0 586 0 584 0 567 0 584 0 566 0 566 0 584 0 582 0 566 0 582 0 564 0 652 0 907 0 614 0 614 0 907 0 908 0 614 0 908 0 581 0 581 0 908 0 909 0 581 0 909 0 582 0 582 0 909 0 910 0 582 0 910 0 564 0 633 0 691 0 634 0 634 0 691 0 689 0 634 0 689 0 635 0 635 0 689 0 687 0 635 0 687 0 636 0 636 0 687 0 685 0 636 0 685 0 637 0 637 0 685 0 683 0 637 0 683 0 638 0 638 0 683 0 681 0 638 0 681 0 639 0 639 0 681 0 679 0 639 0 679 0 640 0 640 0 679 0 677 0 640 0 677 0 641 0 641 0 677 0 675 0 641 0 675 0 642 0 642 0 675 0 673 0 642 0 673 0 643 0 643 0 673 0 671 0 643 0 671 0 644 0 644 0 671 0 669 0 644 0 669 0 645 0 645 0 669 0 667 0 645 0 667 0 646 0 646 0 667 0 665 0 646 0 665 0 647 0 647 0 665 0 663 0 647 0 663 0 648 0 648 0 663 0 661 0 648 0 661 0 649 0 649 0 661 0 659 0 649 0 659 0 650 0 650 0 659 0 657 0 650 0 657 0 651 0 651 0 657 0 655 0 651 0 655 0 653 0 632 0 12 0 633 0 432 0 416 0 434 0 434 0 416 0 417 0 434 0 417 0 436 0 436 0 417 0 418 0 436 0 418 0 438 0 438 0 418 0 419 0 438 0 419 0 370 0 370 0 419 0 420 0 370 0 420 0 371 0 371 0 420 0 421 0 371 0 421 0 499 0 499 0 421 0 422 0 499 0 422 0 510 0 510 0 422 0 423 0 510 0 423 0 264 0 264 0 423 0 424 0 264 0 424 0 265 0 265 0 424 0 425 0 265 0 425 0 548 0 548 0 425 0 426 0 548 0 426 0 563 0 563 0 426 0 427 0 563 0 427 0 158 0 158 0 427 0 428 0 158 0 428 0 159 0 159 0 428 0 429 0 159 0 429 0 613 0 613 0 429 0 430 0 613 0 430 0 632 0 632 0 430 0 12 0 693 0 911 0 654 0 654 0 911 0 912 0 654 0 912 0 655 0 655 0 912 0 913 0 655 0 913 0 653 0 112 0 914 0 111 0 111 0 914 0 5 0 111 0 5 0 465 0 465 0 5 0 4 0 465 0 4 0 915 0 112 0 916 0 914 0 914 0 916 0 102 0 914 0 102 0 5 0 5 0 102 0 104 0 5 0 104 0 3 0 100 0 917 0 106 0 106 0 917 0 918 0 106 0 918 0 104 0 104 0 918 0 919 0 104 0 919 0 3 0 96 0 920 0 98 0 98 0 920 0 921 0 98 0 921 0 100 0 100 0 921 0 922 0 100 0 922 0 917 0 923 0 0 0 2 0 0 0 923 0 924 0 0 0 924 0 94 0 94 0 924 0 925 0 94 0 925 0 96 0 96 0 925 0 926 0 96 0 926 0 920 0 927 0 928 0 929 0 19 0 87 0 20 0 20 0 87 0 930 0 20 0 930 0 89 0 89 0 930 0 927 0 89 0 927 0 1 0 1 0 927 0 929 0 1 0 929 0 2 0 81 0 80 0 82 0 82 0 80 0 931 0 82 0 931 0 83 0 83 0 931 0 932 0 83 0 932 0 87 0 87 0 932 0 933 0 87 0 933 0 930 0 930 0 933 0 934 0 930 0 934 0 927 0 927 0 934 0 935 0 927 0 935 0 928 0 936 0 937 0 938 0 77 0 939 0 80 0 80 0 939 0 940 0 80 0 940 0 931 0 931 0 940 0 941 0 931 0 941 0 932 0 932 0 941 0 942 0 932 0 942 0 933 0 933 0 942 0 936 0 933 0 936 0 934 0 934 0 936 0 938 0 934 0 938 0 935 0 939 0 722 0 940 0 940 0 722 0 468 0 940 0 468 0 941 0 941 0 468 0 467 0 941 0 467 0 942 0 942 0 467 0 714 0 942 0 714 0 936 0 936 0 714 0 943 0 936 0 943 0 937 0 718 0 944 0 716 0 716 0 944 0 945 0 716 0 945 0 715 0 715 0 945 0 946 0 715 0 946 0 714 0 714 0 946 0 947 0 714 0 947 0 943 0 22 0 24 0 77 0 77 0 24 0 734 0 77 0 734 0 939 0 939 0 734 0 732 0 939 0 732 0 722 0 722 0 732 0 730 0 722 0 730 0 721 0 721 0 730 0 728 0 721 0 728 0 720 0 720 0 728 0 726 0 720 0 726 0 719 0 719 0 726 0 724 0 719 0 724 0 717 0 745 0 948 0 736 0 736 0 948 0 949 0 736 0 949 0 723 0 723 0 949 0 950 0 723 0 950 0 724 0 724 0 950 0 951 0 724 0 951 0 717 0 31 0 33 0 952 0 952 0 33 0 286 0 952 0 286 0 76 0 76 0 286 0 285 0 76 0 285 0 75 0 75 0 285 0 774 0 75 0 774 0 754 0 754 0 774 0 772 0 754 0 772 0 753 0 753 0 772 0 770 0 753 0 770 0 752 0 752 0 770 0 768 0 752 0 768 0 751 0 751 0 768 0 766 0 751 0 766 0 750 0 750 0 766 0 764 0 750 0 764 0 749 0 749 0 764 0 762 0 749 0 762 0 748 0 748 0 762 0 760 0 748 0 760 0 747 0 747 0 760 0 758 0 747 0 758 0 746 0 746 0 758 0 756 0 746 0 756 0 744 0 814 0 953 0 777 0 777 0 953 0 954 0 777 0 954 0 755 0 755 0 954 0 955 0 755 0 955 0 756 0 756 0 955 0 956 0 756 0 956 0 744 0 14 0 13 0 796 0 796 0 13 0 851 0 796 0 851 0 797 0 797 0 851 0 849 0 797 0 849 0 798 0 798 0 849 0 847 0 798 0 847 0 799 0 799 0 847 0 845 0 799 0 845 0 800 0 800 0 845 0 843 0 800 0 843 0 801 0 801 0 843 0 841 0 801 0 841 0 802 0 802 0 841 0 839 0 802 0 839 0 803 0 803 0 839 0 837 0 803 0 837 0 804 0 804 0 837 0 835 0 804 0 835 0 805 0 805 0 835 0 833 0 805 0 833 0 806 0 806 0 833 0 831 0 806 0 831 0 807 0 807 0 831 0 829 0 807 0 829 0 808 0 808 0 829 0 827 0 808 0 827 0 809 0 809 0 827 0 825 0 809 0 825 0 810 0 810 0 825 0 823 0 810 0 823 0 811 0 811 0 823 0 821 0 811 0 821 0 812 0 812 0 821 0 819 0 812 0 819 0 813 0 813 0 819 0 817 0 813 0 817 0 815 0 795 0 12 0 14 0 34 0 36 0 59 0 59 0 36 0 213 0 59 0 213 0 57 0 57 0 213 0 212 0 57 0 212 0 166 0 166 0 212 0 211 0 166 0 211 0 149 0 149 0 211 0 210 0 149 0 210 0 138 0 138 0 210 0 209 0 138 0 209 0 139 0 139 0 209 0 208 0 139 0 208 0 795 0 795 0 208 0 12 0 873 0 957 0 871 0 871 0 957 0 958 0 871 0 958 0 816 0 816 0 958 0 959 0 816 0 959 0 817 0 817 0 959 0 960 0 817 0 960 0 815 0 894 0 872 0 469 0 469 0 872 0 874 0 469 0 874 0 440 0 440 0 874 0 875 0 440 0 875 0 431 0 431 0 875 0 876 0 431 0 876 0 432 0 432 0 876 0 877 0 432 0 877 0 416 0 416 0 877 0 878 0 416 0 878 0 386 0 386 0 878 0 879 0 386 0 879 0 356 0 356 0 879 0 880 0 356 0 880 0 331 0 331 0 880 0 881 0 331 0 881 0 308 0 308 0 881 0 882 0 308 0 882 0 287 0 287 0 882 0 883 0 287 0 883 0 254 0 254 0 883 0 884 0 254 0 884 0 237 0 237 0 884 0 885 0 237 0 885 0 215 0 215 0 885 0 886 0 215 0 886 0 170 0 170 0 886 0 887 0 170 0 887 0 152 0 152 0 887 0 888 0 152 0 888 0 140 0 140 0 888 0 889 0 140 0 889 0 130 0 130 0 889 0 890 0 130 0 890 0 8 0 8 0 890 0 891 0 8 0 891 0 6 0 6 0 891 0 892 0 6 0 892 0 12 0 915 0 692 0 465 0 465 0 692 0 694 0 465 0 694 0 464 0 464 0 694 0 695 0 464 0 695 0 463 0 463 0 695 0 696 0 463 0 696 0 462 0 462 0 696 0 697 0 462 0 697 0 461 0 461 0 697 0 698 0 461 0 698 0 460 0 460 0 698 0 699 0 460 0 699 0 459 0 459 0 699 0 700 0 459 0 700 0 458 0 458 0 700 0 701 0 458 0 701 0 457 0 457 0 701 0 702 0 457 0 702 0 456 0 456 0 702 0 703 0 456 0 703 0 455 0 455 0 703 0 704 0 455 0 704 0 454 0 454 0 704 0 705 0 454 0 705 0 453 0 453 0 705 0 706 0 453 0 706 0 452 0 452 0 706 0 707 0 452 0 707 0 451 0 451 0 707 0 708 0 451 0 708 0 450 0 450 0 708 0 709 0 450 0 709 0 449 0 449 0 709 0 710 0 449 0 710 0 448 0 448 0 710 0 711 0 448 0 711 0 415 0 415 0 711 0 712 0 415 0 712 0 12 0 961 0 962 0 963 0 963 0 962 0 964 0 963 0 964 0 965 0 965 0 964 0 966 0 965 0 966 0 967 0 967 0 966 0 968 0 967 0 968 0 969 0 969 0 968 0 970 0 969 0 970 0 971 0 971 0 970 0 972 0 971 0 972 0 973 0 973 0 972 0 974 0 973 0 974 0 975 0 975 0 974 0 976 0 975 0 976 0 977 0 977 0 976 0 978 0 977 0 978 0 979 0 979 0 978 0 980 0 979 0 980 0 981 0 981 0 980 0 982 0 981 0 982 0 983 0 983 0 982 0 984 0 983 0 984 0 985 0 985 0 984 0 986 0 985 0 986 0 987 0 987 0 986 0 988 0 987 0 988 0 989 0 989 0 988 0 990 0 989 0 990 0 991 0 991 0 990 0 992 0 991 0 992 0 993 0 993 0 992 0 994 0 993 0 994 0 995 0 995 0 994 0 996 0 995 0 996 0 997 0 997 0 996 0 998 0 997 0 998 0 999 0 999 0 998 0 1000 0 999 0 1000 0 1001 0 1001 0 1000 0 1002 0 1001 0 1002 0 1003 0 1003 0 1002 0 1004 0 1003 0 1004 0 1005 0 1005 0 1004 0 1006 0 1005 0 1006 0 1007 0 1007 0 1006 0 1008 0 1007 0 1008 0 1009 0 1009 0 1008 0 1010 0 1009 0 1010 0 1011 0 1011 0 1010 0 1012 0 1011 0 1012 0 961 0 961 0 1012 0 962 0 949 0 988 0 950 0 950 0 988 0 986 0 950 0 986 0 951 0 744 0 990 0 745 0 745 0 990 0 988 0 745 0 988 0 948 0 948 0 988 0 949 0 954 0 992 0 955 0 955 0 992 0 990 0 955 0 990 0 956 0 956 0 990 0 744 0 815 0 994 0 814 0 814 0 994 0 992 0 814 0 992 0 953 0 953 0 992 0 954 0 958 0 996 0 959 0 959 0 996 0 994 0 959 0 994 0 960 0 960 0 994 0 815 0 958 0 957 0 996 0 996 0 957 0 873 0 996 0 873 0 998 0 893 0 1000 0 1013 0 1013 0 1000 0 998 0 1013 0 998 0 872 0 872 0 998 0 873 0 896 0 1002 0 897 0 897 0 1002 0 1000 0 897 0 1000 0 898 0 898 0 1000 0 893 0 477 0 1004 0 478 0 478 0 1004 0 1002 0 478 0 1002 0 895 0 895 0 1002 0 896 0 900 0 1006 0 901 0 901 0 1006 0 1004 0 901 0 1004 0 902 0 902 0 1004 0 477 0 511 0 1008 0 512 0 512 0 1008 0 1006 0 512 0 1006 0 899 0 899 0 1006 0 900 0 904 0 1010 0 905 0 905 0 1010 0 1008 0 905 0 1008 0 906 0 906 0 1008 0 511 0 564 0 1012 0 565 0 565 0 1012 0 1010 0 565 0 1010 0 903 0 903 0 1010 0 904 0 908 0 962 0 909 0 909 0 962 0 1012 0 909 0 1012 0 910 0 910 0 1012 0 564 0 908 0 907 0 962 0 962 0 907 0 652 0 962 0 652 0 964 0 912 0 966 0 913 0 913 0 966 0 964 0 913 0 964 0 653 0 653 0 964 0 652 0 692 0 968 0 693 0 693 0 968 0 966 0 693 0 966 0 911 0 911 0 966 0 912 0 3 0 970 0 4 0 4 0 970 0 968 0 4 0 968 0 915 0 915 0 968 0 692 0 917 0 972 0 918 0 918 0 972 0 970 0 918 0 970 0 919 0 919 0 970 0 3 0 920 0 974 0 921 0 921 0 974 0 972 0 921 0 972 0 922 0 922 0 972 0 917 0 924 0 976 0 925 0 925 0 976 0 974 0 925 0 974 0 926 0 926 0 974 0 920 0 929 0 978 0 2 0 2 0 978 0 976 0 2 0 976 0 923 0 923 0 976 0 924 0 929 0 928 0 978 0 978 0 928 0 935 0 978 0 935 0 980 0 946 0 945 0 984 0 935 0 938 0 980 0 980 0 938 0 937 0 980 0 937 0 982 0 982 0 937 0 943 0 982 0 943 0 984 0 984 0 943 0 947 0 984 0 947 0 946 0 945 0 944 0 984 0 984 0 944 0 718 0 984 0 718 0 986 0 986 0 718 0 1014 0 986 0 1014 0 951 0 1015 0 985 0 1016 0 1016 0 985 0 987 0 1016 0 987 0 1017 0 1017 0 987 0 989 0 1017 0 989 0 1018 0 1018 0 989 0 991 0 1018 0 991 0 1019 0 1019 0 991 0 993 0 1019 0 993 0 1020 0 1020 0 993 0 995 0 1020 0 995 0 1021 0 1021 0 995 0 997 0 1021 0 997 0 1022 0 1022 0 997 0 999 0 1022 0 999 0 1023 0 1023 0 999 0 1001 0 1023 0 1001 0 1024 0 1024 0 1001 0 1003 0 1024 0 1003 0 1025 0 1025 0 1003 0 1005 0 1025 0 1005 0 1026 0 1026 0 1005 0 1007 0 1026 0 1007 0 1027 0 1027 0 1007 0 1009 0 1027 0 1009 0 1028 0 1028 0 1009 0 1029 0 1028 0 1029 0 1030 0 1030 0 1029 0 961 0 1030 0 961 0 1031 0 1031 0 961 0 963 0 1031 0 963 0 1032 0 1032 0 963 0 965 0 1032 0 965 0 1033 0 1033 0 965 0 967 0 1033 0 967 0 1034 0 1034 0 967 0 969 0 1034 0 969 0 1035 0 1035 0 969 0 971 0 1035 0 971 0 1036 0 1036 0 971 0 973 0 1036 0 973 0 1037 0 1037 0 973 0 975 0 1037 0 975 0 1038 0 1038 0 975 0 977 0 1038 0 977 0 1039 0 1039 0 977 0 979 0 1039 0 979 0 1040 0 1040 0 979 0 981 0 1040 0 981 0 1041 0 1041 0 981 0 983 0 1041 0 983 0 1015 0 1015 0 983 0 985 0 1030 0 1031 0 1035 0 1036 0 1037 0 1024 0 1024 0 1037 0 1038 0 1024 0 1038 0 1023 0 1036 0 1024 0 1035 0 1035 0 1024 0 1025 0 1035 0 1025 0 1026 0 1023 0 1038 0 1022 0 1022 0 1038 0 1039 0 1022 0 1039 0 1040 0 1026 0 1027 0 1035 0 1035 0 1027 0 1028 0 1035 0 1028 0 1030 0 1031 0 1032 0 1035 0 1035 0 1032 0 1033 0 1035 0 1033 0 1034 0 1040 0 1041 0 1022 0 1022 0 1041 0 1015 0 1022 0 1015 0 1021 0 1021 0 1015 0 1016 0 1021 0 1016 0 1017 0 1017 0 1018 0 1021 0 1021 0 1018 0 1019 0 1021 0 1019 0 1020 0 67 0 72 0 103 0 103 0 72 0 71 0 71 0 69 0 103 0 103 0 69 0 68 0 103 0 68 0 32 0 39 0 109 0 114 0 88 0 90 0 21 0 21 0 90 0 952 0 90 0 92 0 952 0 952 0 92 0 713 0 952 0 713 0 93 0 93 0 95 0 952 0 952 0 95 0 97 0 952 0 97 0 99 0 114 0 115 0 39 0 39 0 115 0 118 0 39 0 118 0 121 0 103 0 39 0 47 0 56 0 54 0 103 0 103 0 54 0 53 0 84 0 85 0 952 0 99 0 101 0 952 0 952 0 101 0 108 0 952 0 108 0 107 0 32 0 31 0 103 0 103 0 31 0 952 0 103 0 952 0 105 0 105 0 952 0 107 0 103 0 102 0 39 0 39 0 102 0 916 0 39 0 916 0 112 0 112 0 18 0 39 0 39 0 18 0 16 0 39 0 16 0 109 0 109 0 16 0 15 0 121 0 120 0 39 0 39 0 120 0 126 0 39 0 126 0 125 0 53 0 35 0 103 0 103 0 35 0 34 0 103 0 34 0 59 0 85 0 86 0 952 0 952 0 86 0 19 0 952 0 19 0 21 0 125 0 123 0 39 0 39 0 123 0 122 0 39 0 122 0 37 0 47 0 49 0 103 0 103 0 49 0 50 0 103 0 50 0 52 0 52 0 202 0 103 0 103 0 202 0 200 0 103 0 200 0 56 0 84 0 952 0 82 0 82 0 952 0 76 0 82 0 76 0 74 0 122 0 42 0 41 0 59 0 58 0 103 0 103 0 58 0 60 0 103 0 60 0 62 0 62 0 63 0 103 0 103 0 63 0 65 0 103 0 65 0 67 0 23 0 22 0 78 0 37 0 122 0 46 0 46 0 122 0 41 0 46 0 41 0 44 0 74 0 73 0 82 0 82 0 73 0 29 0 82 0 29 0 81 0 81 0 29 0 28 0 81 0 28 0 26 0 26 0 1042 0 23 0 26 0 23 0 81 0 81 0 23 0 78 0 81 0 78 0 79 0</p>
        </triangles>
      </mesh>
    </geometry>
  </library_geometries>
  <library_images />
  <library_visual_scenes>
    <visual_scene id="Scene">
      <node id="node_1" sid="node_1" type="NODE">
        <matrix>1 0 0 0 0 1 0 0 0 0 1 0 0 0 0 1</matrix>
        <instance_geometry url="#mesh_1" />
      </node>
    </visual_scene>
  </library_visual_scenes>
  <library_animations />
  <scene>
    <instance_visual_scene url="#Scene" />
  </scene>
</COLLADA>