<?xml version="1.0" encoding="utf-8"?>
<COLLADA version="1.5.0" xmlns="http://www.collada.org/2008/03/COLLADASchema">
  <asset>
    <contributor />
    <unit meter="1" />
  </asset>
  <library_lights />
  <library_materials />
  <library_effects />
  <library_cameras />
  <library_geometries>
    <geometry id="mesh_1">
      <mesh>
        <source id="mesh_1-position" name="position">
          <float_array id="mesh_1-position-array" count="27708">5.967449396848679E-07 -0.06715548038482666 0.2625652253627777 -1.7181038856506348E-05 -0.06927961111068726 0.26279017329216003 -1.1790543794631958E-06 -0.06726008653640747 0.2618318200111389 -1.8067657947540283E-06 -0.06693022698163986 0.2610674500465393 -0.01852034032344818 -0.009899345226585865 0.1029999777674675 -0.019854865968227386 -0.006910216528922319 0.10299999266862869 0.02089887671172619 0.0020583714358508587 0.1029999852180481 -0.02100585773587227 -0.0008490493055433035 0.10300000011920929 0.020596489310264587 0.004096908029168844 0.10299999266862869 0.020095743238925934 0.006095989141613245 0.10299999266862869 0.009899319149553776 0.018520349636673927 0.10300000011920929 -0.020898880437016487 0.0020583446603268385 0.1029999852180481 -0.020596489310264587 -0.004096911754459143 0.1029999852180481 -0.020596493035554886 0.004096881952136755 0.10299999266862869 -0.02009575068950653 0.006095963530242443 0.10299999266862869 -0.01940147578716278 0.008036337792873383 0.10299999266862869 -0.018520351499319077 0.009899317286908627 0.10299999266862869 -0.017460869625210762 0.011666961945593357 0.10299999266862869 -0.016233228147029877 0.013322247192263603 0.10299999266862869 0.012669732794165611 0.016776446253061295 0.10300000756978989 0.01569928601384163 0.013982389122247696 0.10300000011920929 0.017460854724049568 0.011666984297335148 0.10299999266862869 0.01852034032344818 0.009899341501295567 0.10299999266862869 0.019401464611291885 0.008036362007260323 0.10299999266862869 -0.017460854724049568 -0.011666988022625446 0.1029999777674675 0.020987937226891518 -0.001213929383084178 0.1029999852180481 0.020347800105810165 -0.005285297986119986 0.1029999852180481 0.018925843760371208 -0.009153195656836033 0.10299999266862869 0.016776442527770996 -0.01266962755471468 0.1029999703168869 0.009899343363940716 -0.01852034218609333 0.1029999777674675 0.008036363869905472 -0.019401466473937035 0.1029999777674675 -0.005285053979605436 -0.020347828045487404 0.10300003737211227 0.0060959914699196815 -0.020095745101571083 0.1029999703168869 0.0040969098918139935 -0.020596491172909737 0.1029999703168869 0.002058373298496008 -0.020898878574371338 0.1029999703168869 1.3434915402399383E-08 -0.021000001579523087 0.1029999703168869 -0.0020583467558026314 -0.020898882299661636 0.1029999703168869 -0.009899319149553776 -0.018520353361964226 0.1029999777674675 0.013982472941279411 -0.015699045732617378 0.10299970954656601 -0.008036339655518532 -0.01940147764980793 0.1029999777674675 -0.016233209520578384 -0.013322271406650543 0.1029999777674675 -0.014849233441054821 -0.014849253930151463 0.1029999777674675 0.011666986159980297 -0.017460856586694717 0.1029999777674675 -0.011666963808238506 -0.01746087148785591 0.1029999777674675 -0.013322249054908752 -0.016233230009675026 0.1029999777674675 -0.002058373298496008 0.02089887484908104 0.10300000011920929 -0.0040969098918139935 0.020596487447619438 0.10300000011920929 -0.013982529751956463 0.01569906808435917 0.10300000756978989 0.0012138886377215385 0.02098793350160122 0.10300000756978989 0.004096883814781904 0.020596491172909737 0.10300000011920929 0.007254197262227535 0.0197317972779274 0.10299999266862869 -0.011666986159980297 0.01746085286140442 0.10300000011920929 -0.009899343363940716 0.018520338460803032 0.10300000011920929 -0.006910204887390137 0.019854839891195297 0.10300000011920929 -0.017460854724049568 -0.011666989885270596 0.10579998046159744 0.02076788619160652 0.0032651929650455713 0.10580001771450043 0.020095743238925934 0.006095987744629383 0.10579998791217804 0.019401464611291885 0.008036360144615173 0.10579998791217804 0.015453689731657505 0.014252981171011925 0.10579999536275864 0.012376132421195507 0.016994010657072067 0.10579999536275864 0.01852034032344818 0.009899339638650417 0.10579999536275864 0.017460854724049568 0.011666982434689999 0.10579999536275864 0.009899319149553776 0.018520347774028778 0.10579999536275864 -0.021010462194681168 0.0008449184242635965 0.10579971969127655 -0.02089887671172619 -0.0020583770237863064 0.10579998791217804 -0.020347850397229195 -0.005285076797008514 0.10579998046159744 -0.018925711512565613 -0.00915316492319107 0.10579998791217804 -0.016233209520578384 -0.013322273269295692 0.10579998046159744 -0.013982404954731464 -0.015699109062552452 0.10579998046159744 0.020436620339751244 -0.004930704832077026 0.10579998791217804 0.020898880437016487 -0.00205835048109293 0.10579998791217804 0.012669793330132961 -0.016776418313384056 0.10580011457204819 -0.020374994724988937 0.005136947147548199 0.10579986125230789 0.00493070250377059 0.020436592400074005 0.10580000281333923 0.0008490611799061298 0.02100585773587227 0.10580001771450043 -0.0040969098918139935 0.02059648558497429 0.10580000281333923 -0.016994290053844452 0.01237613894045353 0.10579999536275864 -0.018520351499319077 0.009899315424263477 0.10579999536275864 -0.01940147578716278 0.008036335930228233 0.10579998791217804 -0.010650760494172573 -0.01812528446316719 0.10579997301101685 -0.006910401862114668 -0.01985481195151806 0.10579997301101685 -0.004096883814781904 -0.020596496760845184 0.10579997301101685 -0.0020583467558026314 -0.020898884162306786 0.10579997301101685 1.3434917178756223E-08 -0.021000003442168236 0.10579997301101685 0.002058373298496008 -0.020898880437016487 0.10579997301101685 0.0040969098918139935 -0.020596493035554886 0.10579997301101685 0.014849252067506313 -0.01484923716634512 0.10579998046159744 0.016994118690490723 -0.01237637922167778 0.10579997301101685 0.01940147578716278 -0.00803634338080883 0.10579998046159744 0.018520351499319077 -0.009899322874844074 0.10579998046159744 0.008036339655518532 0.019401472061872482 0.10580000281333923 -0.002058373298496008 0.02089887298643589 0.10580000281333923 0.0072543006390333176 -0.01973177306354046 0.10579996556043625 0.009899343363940716 -0.01852034404873848 0.10579997301101685 -0.014849252067506313 0.014849229715764523 0.10579999536275864 -0.007254417985677719 0.019731787964701653 0.10580000281333923 -0.010964278131723404 0.017937462776899338 0.10579999536275864 -0.013322269544005394 0.016233205795288086 0.10579999536275864 0.020999999716877937 9.724319127712988E-09 0.10579998791217804 -7.862690836191177E-07 -0.06996719539165497 0.2640330195426941 8.69622454047203E-08 -0.06999696791172028 0.2626000940799713 0.0063724517822265625 -0.0820000097155571 0.28330039978027344 0.002050973242148757 -0.08200014382600784 0.32475072145462036 0.0030704447999596596 -0.08200011402368546 0.2825729250907898 0.01004791259765625 -0.0819997638463974 0.28485107421875 0.004913330078125 -0.08200015127658844 0.3242969512939453 -0.00634002685546875 -0.082000233232975 0.32394838333129883 -0.0010266067693009973 -0.08200012147426605 0.2823747396469116 -0.0013625621795654297 -0.08199982345104218 0.3248327970504761 -0.010942459106445312 -0.08200015127658844 0.32184410095214844 -0.014843313954770565 -0.08200015127658844 0.31880640983581543 -0.017012596130371094 -0.08200015127658844 0.31636810302734375 -0.00984954833984375 -0.08200043439865112 0.28473567962646484 0.0010267117759212852 -0.08200012147426605 0.2823747396469116 -0.013306383043527603 -0.08200015127658844 0.32016801834106445 -0.007052989210933447 -0.08200012147426605 0.2835545539855957 -0.005085405427962542 -0.08200012147426605 0.2829674184322357 -0.0030703400261700153 -0.08200012147426605 0.2825729250907898 0.013462066650390625 -0.08200012147426605 0.28713035583496094 0.015560761094093323 -0.08200011402368546 0.2891283333301544 0.01948188617825508 -0.08200012892484665 0.31208643317222595 0.016884827986359596 -0.08200011402368546 0.29069772362709045 0.01805124618113041 -0.08200011402368546 0.29238757491111755 0.017948150634765625 -0.08200038224458694 0.3150186538696289 0.010625839233398438 -0.08200014382600784 0.32202816009521484 0.008013317361474037 -0.08200013637542725 0.3232811391353607 0.0155029296875 -0.0820009857416153 0.3181800842285156 0.01330648735165596 -0.08200013637542725 0.32016801834106445 0.019574642181396484 -0.08200010657310486 0.2952709197998047 0.020503656938672066 -0.08200011402368546 0.29801738262176514 0.021243847906589508 -0.08200012147426605 0.3041134178638458 0.021095115691423416 -0.08200012147426605 0.3061613440513611 0.020749425515532494 -0.08200012147426605 0.308185338973999 0.02021000348031521 -0.08200012147426605 0.31016653776168823 -0.018571767956018448 -0.08200015127658844 0.3139270842075348 -0.01995372772216797 -0.08200015872716904 0.31097412109375 -0.020749321207404137 -0.08200015127658844 0.308185338973999 -0.02109501138329506 -0.08200015127658844 0.3061613440513611 -0.02126113884150982 -0.08200013637542725 0.30290400981903076 -0.020946627482771873 -0.08200014382600784 0.30002233386039734 -0.02050355263054371 -0.08200014382600784 0.29801738262176514 0.02094673179090023 -0.08200011402368546 0.30002233386039734 0.021194230765104294 -0.08200012147426605 0.30206069350242615 -0.019869042560458183 -0.08200014382600784 0.2960645854473114 -0.018503665924072266 -0.08200012892484665 0.2931051254272461 -0.013937950134277344 -0.08200044184923172 0.287477970123291 -0.01688472367823124 -0.08200013637542725 0.29069772362709045 -0.012494176626205444 -0.030001789331436157 0.1512559950351715 -0.009622573852539062 -0.031070709228515625 0.15257835388183594 0.00173187255859375 -0.03248392045497894 0.1543656885623932 -0.005801200866699219 -0.031983375549316406 0.1537303924560547 -0.0027431249618530273 -0.032400697469711304 0.15426404774188995 0.005298614501953125 -0.03207552433013916 0.15384817123413086 0.008862495422363281 -0.031282901763916016 0.1528458595275879 0.01249396800994873 -0.03001195192337036 0.15126758813858032 -0.008775931783020496 -0.03129272907972336 0.14499996602535248 -0.011191296391189098 -0.030512401834130287 0.14499996602535248 0.00990696158260107 -0.030983304604887962 0.14499980211257935 -0.012499980628490448 -0.03000003658235073 0.14499996602535248 0.012500019744038582 -0.030000019818544388 0.14499996602535248 0.0012691637966781855 -0.03247524052858353 0.14499996602535248 -0.0027619083411991596 -0.032405126839876175 0.14499995112419128 0.00630707573145628 -0.03188217058777809 0.14499996602535248 0.0037997085601091385 -0.032277144491672516 0.14499996602535248 -0.006307034753262997 -0.03188217803835869 0.14499996602535248 -0.004302978515625 -0.06757879257202148 0.26221561431884766 -0.00907135009765625 -0.06746435165405273 0.2621183395385742 -0.0056554898619651794 -0.06759779155254364 0.2622902989387512 -0.005670045968145132 -0.0675402507185936 0.2622136175632477 -0.0073909759521484375 -0.06822097301483154 0.2629728317260742 0.029486089944839478 0.009883557446300983 0.11800533533096313 0.03034740686416626 0.02323293685913086 0.11795943975448608 0.0347590446472168 0.013084106147289276 0.11801516264677048 0.010505199432373047 0.012822389602661133 0.11801924556493759 -0.000641942024230957 0.03766822814941406 0.11798831075429916 0.005486553534865379 0.03685736656188965 0.11800000816583633 0.0358576774597168 0.013408511877059937 0.11793366074562073 0.037248045206069946 0.006663322448730469 0.11800134181976318 0.01866436004638672 0.03307807445526123 0.11797012388706207 0.012359142303466797 0.03565782308578491 0.11799025535583496 0.00748676061630249 0.03732919692993164 0.11795590817928314 -1.3817043509334326E-08 0.014583110809326172 0.11800003051757812 0.025890231132507324 0.02766871452331543 0.11797730624675751 0.019570929929614067 0.012640194967389107 0.11799999326467514 -0.012060634791851044 0.01237940788269043 0.11803195625543594 -0.02605527639389038 0.01113944686949253 0.11799999326467514 -0.029726602137088776 0.02248544804751873 0.11799866706132889 -0.013863811269402504 0.034666508436203 0.11799734830856323 -0.015398206189274788 0.03397327661514282 0.11799867451190948 -0.024225950241088867 0.029513202607631683 0.11796537041664124 -0.011693596839904785 0.03609895706176758 0.11797307431697845 -0.008139647543430328 0.014203040860593319 0.11799999326467514 -0.03555023670196533 0.01305246353149414 0.11798056960105896 -0.03725045919418335 0.006492137908935547 0.11800825595855713 -0.005935036577284336 0.03689836710691452 0.11799600720405579 0.0008490406908094883 0.021005863323807716 0.10000000149011612 -0.003265318926423788 0.02076786383986473 0.10000000149011612 -0.0060959914699196815 0.020095743238925934 0.10000000149011612 -0.008036363869905472 0.019401464611291885 0.10000000149011612 -0.010964066721498966 0.01793770305812359 0.10000070184469223 -0.013322269544005394 0.016233209520578384 0.09999999403953552 -0.015700064599514008 0.013981254771351814 0.09999854862689972 -0.018125278875231743 0.010650727897882462 0.0999997928738594 -0.019854877144098282 0.006910107564181089 0.1000000536441803 -0.020596493035554886 0.004096883814781904 0.09999998658895493 -0.021005861461162567 0.000849044241476804 0.09999998658895493 -0.02089887671172619 -0.002058373298496008 0.09999998658895493 -0.020596489310264587 -0.0040969098918139935 0.09999998658895493 -0.020095743238925934 -0.0060959914699196815 0.09999997913837433 -0.019401464611291885 -0.008036363869905472 0.09999997913837433 -0.01852034032344818 -0.009899343363940716 0.09999997913837433 -0.017460854724049568 -0.011666986159980297 0.09999997913837433 -0.016233209520578384 -0.013322269544005394 0.09999997913837433 -0.014849233441054821 -0.014849252067506313 0.09999997913837433 -0.013322249054908752 -0.016233228147029877 0.09999997913837433 -0.011666963808238506 -0.017460869625210762 0.09999997913837433 -0.008780176751315594 -0.01910311169922352 0.10000017285346985 -0.005039912182837725 -0.020417021587491035 0.10000051558017731 -0.0020583467558026314 -0.020898880437016487 0.09999997168779373 1.3434914514220964E-08 -0.020999999716877937 0.09999997168779373 0.002058373298496008 -0.02089887671172619 0.09999997168779373 0.0040969098918139935 -0.020596489310264587 0.09999997168779373 0.0060959914699196815 -0.020095743238925934 0.09999997168779373 0.008036363869905472 -0.019401464611291885 0.09999997168779373 0.009899343363940716 -0.01852034032344818 0.09999997168779373 0.011666986159980297 -0.017460854724049568 0.09999997913837433 0.014252987690269947 -0.0154538219794631 0.09999965131282806 0.016233228147029877 -0.013322249054908752 0.09999997913837433 0.018125148490071297 -0.01065087504684925 0.09999977052211761 0.01940147578716278 -0.008036339655518532 0.09999997913837433 0.02009575068950653 -0.006095965392887592 0.09999997913837433 0.020821481943130493 -0.0029039615765213966 0.09999994933605194 0.02098793536424637 0.0012139390455558896 0.09999998658895493 0.020596489310264587 0.0040969098918139935 0.09999998658895493 0.019731851294636726 0.007254194933921099 0.10000008344650269 0.01793741062283516 0.010964355431497097 0.10000008344650269 0.015453649684786797 0.014253111556172371 0.09999921917915344 0.013322249054908752 0.016233228147029877 0.09999999403953552 0.010650967247784138 0.018125155940651894 0.09999999403953552 0.008036339655518532 0.01940147578716278 0.10000000149011612 0.004930681549012661 0.020436616614460945 0.10000000149011612 -8.362391668015334E-09 0.008099493570625782 0.11906200647354126 1.7345882952213287E-08 0.007022857666015625 0.11947059631347656 -0.0022618260700255632 0.00771113857626915 0.11918865889310837 -7.049703043549016E-09 0.006763226352632046 0.11957592517137527 -0.0058460235595703125 0.0059356689453125 0.11984825134277344 -6.611415415136435E-09 0.006316926330327988 0.11976420134305954 -6.108467509591264E-09 0.005806745961308479 0.12000887095928192 2.1653249859809875E-08 0.005115509033203125 0.12035560607910156 -5.185505358440423E-09 0.004875384271144867 0.12049038708209991 -4.917574791818424E-09 0.004605880472809076 0.12063594162464142 -2.9336661100387573E-08 0.003936767578125 0.12105178833007812 -0.0055294036865234375 0.0026388168334960938 0.12180709838867188 -1.3969838619232178E-08 0.0029754638671875 0.12166976928710938 -7.82310962677002E-08 0.001583099365234375 0.1227426528930664 -0.034743666648864746 -0.0076486701145768166 0.1246671974658966 -0.034982409328222275 -0.009287338703870773 0.1261443793773651 -0.0354449525475502 -0.007129312958568335 0.123866006731987 -0.03810185194015503 0.004570960998535156 0.11804485321044922 -0.03509991616010666 0.005506833083927631 0.11817900836467743 -0.03794670104980469 0.000698089599609375 0.118896484375 -0.03744626045227051 0.002410888671875 0.11853408813476562 -0.03598785400390625 0.0030059814453125 0.11855578422546387 -0.03763246536254883 -0.001377105712890625 0.11966609954833984 -0.03658933565020561 0.0012390377232804894 0.11892655491828918 -0.036060333251953125 -0.006045341491699219 0.12268924713134766 -0.03653144836425781 -0.00379180908203125 0.12106132507324219 -0.034433018416166306 -0.003931068815290928 0.12172102928161621 -0.03255177661776543 -0.006130934692919254 0.12409000098705292 -0.024105839431285858 -0.0037453381810337305 0.12462151795625687 -0.02965526282787323 -0.004564735107123852 0.1236572340130806 -0.025130130350589752 -0.002047701273113489 0.12278974056243896 -0.02142026275396347 -0.0019263016292825341 0.12356441468000412 -0.018110740929841995 -0.001657071872614324 0.12403064966201782 -0.020577184855937958 -0.003584981430321932 0.12543636560440063 -1.3597309589385986E-07 -0.000701904296875 0.125 -0.004425048828125 0.0011081695556640625 0.12306404113769531 4.819594323635101E-08 -0.0001811981201171875 0.12445640563964844 -7.91429477509098E-10 0.0007150013116188347 0.12353960424661636 -1.42111611367568E-08 0.01382374670356512 0.11801453679800034 -1.019361661747098E-08 0.01320648193359375 0.11804169416427612 -0.00884246826171875 0.0042095184326171875 0.12062263488769531 -0.012445449829101562 0.00617218017578125 0.119476318359375 -0.017355918884277344 0.0027761459350585938 0.12075996398925781 -0.01798248291015625 0.00400543212890625 0.12004566192626953 -0.007178365718573332 0.00647704629227519 0.1195753663778305 -0.032171934843063354 0.0015343123814091086 0.11940175294876099 -0.03000508062541485 0.003344325814396143 0.11903441697359085 -0.0266474150121212 0.0020185443572700024 0.1199573278427124 -0.02169305458664894 0.0036503407172858715 0.11982845515012741 -0.022319793701171875 0.005519866943359375 0.11906242370605469 -0.0226856991648674 0.00638694828376174 0.11874664574861526 -0.026459626853466034 0.006989965680986643 0.1183834820985794 -1.0390067473053932E-08 0.009021759033203125 0.11877298355102539 -0.0216187946498394 0.008923295885324478 0.11825642734766006 -0.017424888908863068 0.007581912912428379 0.11873634159564972 -0.012348347343504429 0.007909734733402729 0.11886776238679886 -0.009088694117963314 0.0094967195764184 0.11854538321495056 -8.990534539066175E-09 0.008735934272408485 0.11886273324489594 -0.013882337138056755 0.00972982868552208 0.1183660477399826 -1.2223608791828156E-08 0.01080322265625 0.11834716796875 -1.1175870895385742E-08 0.00994110107421875 0.11853408813476562 -1.9441358745098114E-08 0.012212753295898438 0.11812877655029297 -0.010167121887207031 -0.0004863739013671875 0.12413835525512695 -0.015009865164756775 -0.0012236760230734944 0.12418527901172638 -0.016920657828450203 -7.901880053395871E-06 0.12273465842008591 -0.021850310266017914 -0.0007317278068512678 0.12243284285068512 -0.02790413796901703 -0.0020090979523956776 0.12207111716270447 -0.03287786990404129 -0.00461362861096859 0.12266776710748672 -0.013850397430360317 0.0011574785457924008 0.1222301498055458 -0.012573735788464546 0.0005418952787294984 0.12287910282611847 -0.017481787130236626 0.0013349768705666065 0.12162848562002182 -0.025260306894779205 0.0010972621385008097 0.12063036859035492 -0.03224268928170204 -0.003032201435416937 0.12170781195163727 -0.029960161074995995 -0.00055707897990942 0.12070838361978531 -0.004974828567355871 0.00023755841539241374 0.12386767566204071 -0.010311545804142952 0.0012444417225196958 0.1225443035364151 -0.03092724084854126 0.00034154910827055573 0.12008582055568695 -0.0008490564650855958 0.02100585401058197 0.10999999195337296 -0.0040969098918139935 0.02059648185968399 0.10999999940395355 -0.006910129450261593 0.019854847341775894 0.11000000685453415 -0.0106508769094944 0.018125316128134727 0.10999999195337296 -0.013982524164021015 0.01569913886487484 0.10999999940395355 -0.01677640713751316 0.012669702060520649 0.10999998450279236 -0.018925866112113 0.009153188206255436 0.10999998450279236 -0.02009575068950653 0.006095959339290857 0.10999999195337296 -0.020767875015735626 0.0032652541995048523 0.11000003665685654 -0.020999999716877937 -1.9832492981208816E-08 0.10999998450279236 -0.02089887671172619 -0.0020583798177540302 0.10999998450279236 -0.02043663151562214 -0.004930752329528332 0.10999997705221176 -0.019401464611291885 -0.008036370389163494 0.10999998450279236 -0.01852034032344818 -0.009899349883198738 0.10999997705221176 -0.017460854724049568 -0.01166699267923832 0.10999997705221176 -0.015698831528425217 -0.013982540927827358 0.11000009626150131 -0.013322249054908752 -0.016233233734965324 0.10999997705221176 -0.011666963808238506 -0.01746087521314621 0.10999997705221176 -0.009899319149553776 -0.018520358949899673 0.10999997705221176 -0.0072539024986326694 -0.019731929525732994 0.10999995470046997 -0.004096883814781904 -0.020596500486135483 0.10999996960163116 -0.0020583467558026314 -0.020898886024951935 0.10999996960163116 1.3434918955113062E-08 -0.021000005304813385 0.10999996960163116 0.002058373298496008 -0.020898884162306786 0.10999996960163116 0.0040969098918139935 -0.020596494898200035 0.10999996960163116 0.0060959914699196815 -0.02009574882686138 0.10999996960163116 0.008823086507618427 -0.01908189430832863 0.10999985784292221 0.012376336380839348 -0.01699383184313774 0.11000002175569534 0.015453788451850414 -0.014253203757107258 0.10999997705221176 0.017460869625210762 -0.011666970327496529 0.10999997705221176 0.018520351499319077 -0.009899325668811798 0.10999997705221176 0.01940147578716278 -0.008036346174776554 0.10999998450279236 0.020347835496068 -0.005285055376589298 0.10999996960163116 0.020898880437016487 -0.00205835304223001 0.10999998450279236 0.02101045846939087 0.0008449403103441 0.11000016331672668 0.020375071093440056 0.005136805586516857 0.11000032722949982 0.019401464611291885 0.00803635735064745 0.10999999195337296 0.018125180155038834 0.010650851763784885 0.11000054329633713 0.016233209520578384 0.013322263024747372 0.10999999195337296 0.014849233441054821 0.014849245548248291 0.10999999940395355 0.013322249054908752 0.01623322069644928 0.10999999940395355 0.010964144952595234 0.01793760433793068 0.10999992489814758 0.007254123687744141 0.0197317972779274 0.10999999940395355 0.004096883814781904 0.020596487447619438 0.10999999940395355 0.0020583467558026314 0.02089887298643589 0.10999999940395355 -0.002010052790865302 -0.02593485824763775 0.09999997168779373 -0.0028390998486429453 -0.025902733206748962 0.10999995470046997 -0.0029456091579049826 -0.025928974151611328 0.09999997168779373 -0.0035909812431782484 -0.026257602497935295 0.10999996960163116 -0.0035909812431782484 -0.026257595047354698 0.09999997168779373 -0.003919046372175217 -0.02653895691037178 0.11000004410743713 -0.004065115936100483 -0.026698993518948555 0.09999990463256836 -0.004253988619893789 -0.02703665755689144 0.11000002920627594 -0.004425861872732639 -0.027545180171728134 0.09999996423721313 -0.004483354277908802 -0.02800825983285904 0.10999997705221176 -0.0043725380674004555 -0.0284647848457098 0.09999997168779373 -0.004119073040783405 -0.028980595991015434 0.10999996960163116 -0.004018490202724934 -0.029130669310688972 0.0999998226761818 -0.003697531996294856 -0.029469117522239685 0.10999984294176102 -0.0037128268741071224 -0.02943643182516098 0.09999996423721313 -0.0030099363066256046 -0.029840264469385147 0.09999994933605194 -0.002890094183385372 -0.029857436195015907 0.10999993234872818 -0.002158558228984475 -0.029881490394473076 0.10999996215105057 -0.002027216600254178 -0.029865030199289322 0.09999994188547134 -0.001444297842681408 -0.029644940048456192 0.11000004410743713 -0.0010957078775390983 -0.029399726539850235 0.09999991953372955 -0.000853652716614306 -0.02912837266921997 0.10999979078769684 -0.0005167753552086651 -0.028537167236208916 0.09999997913837433 -0.0005081519484519958 -0.028464794158935547 0.10999998450279236 -0.00043912880937568843 -0.027714928612113 0.10999995470046997 -0.00045487264287658036 -0.027542883530259132 0.09999996423721313 -0.0007480336353182793 -0.02678101696074009 0.10999993979930878 -0.0010545526165515184 -0.02639777958393097 0.09999998658895493 -0.0016395843122154474 -0.026026856154203415 0.10999990254640579 6.076879799365997E-08 0.002948760986328125 0.12169647216796875 0.004800751339644194 0.002539784414693713 0.12189829349517822 0.03785228729248047 -0.0026197433471679688 0.12004470825195312 0.03690147399902344 -0.004512786865234375 0.12139129638671875 0.03243345767259598 -0.0025443502236157656 0.12134404480457306 0.02204066887497902 0.010779086500406265 0.11804892122745514 0.003930905368179083 0.010030695237219334 0.11848712712526321 -1.1013542078330829E-08 0.010760970413684845 0.11836076527833939 -9.991519611673993E-09 0.009744002483785152 0.11858497560024261 0.003439338179305196 0.005730187054723501 0.1200052797794342 0.004791259765625 0.0006856918334960938 0.12344169616699219 0.010222128592431545 0.00047461496433243155 0.12321416288614273 0.010780306532979012 -0.0005976787651889026 0.12416359037160873 0.009003357961773872 -0.0015173041028901935 0.12536947429180145 0.029889080673456192 -0.004992167465388775 0.12396968901157379 0.034236084669828415 -0.0067018321715295315 0.12396758794784546 0.02606968581676483 -0.006705218926072121 0.1270640343427658 0.03226928412914276 -0.004577411338686943 0.12282897531986237 0.036119937896728516 -0.006993293762207031 0.1234283447265625 0.029064040631055832 -0.003152400953695178 0.12264207005500793 0.022818926721811295 -0.002665445674210787 0.1238715648651123 0.01944524422287941 -0.0007540296064689755 0.122911736369133 0.01942044124007225 -0.0018478319980204105 0.12392754852771759 0.01723126694560051 0.0008266756776720285 0.12201374769210815 0.023656345903873444 -0.000798236345872283 0.12212367355823517 0.0350157655775547 -0.005089116748422384 0.12235196679830551 0.03623396158218384 -0.0055329808965325356 0.12226253002882004 0.035300567746162415 -0.004310828633606434 0.12172763049602509 0.026251884177327156 -0.00035399702028371394 0.12130990624427795 0.019426878541707993 0.0019070643465965986 0.1209934800863266 0.0230647511780262 0.0016080322675406933 0.12067520618438721 0.03645038604736328 -0.001842498779296875 0.1201009750366211 0.030617155134677887 -0.0005318050971254706 0.12057659029960632 0.02644290402531624 0.0013382516335695982 0.12031184136867523 0.018574917688965797 0.0045227608643472195 0.11973658204078674 0.029109083116054535 0.0017128733452409506 0.11975966393947601 0.021605368703603745 0.005321589298546314 0.11916513741016388 0.02522236481308937 0.00934356264770031 0.11809523403644562 0.030977409332990646 0.002347587840631604 0.11925029754638672 0.03740072250366211 -0.0004215240478515625 0.11935043334960938 0.026357334107160568 0.005485726520419121 0.11873806267976761 0.03753805160522461 0.001758575439453125 0.11868143081665039 0.014465408399701118 0.008114654570817947 0.11872091889381409 0.02241712063550949 0.008083385415375233 0.11836637556552887 0.022494295611977577 0.007010514382272959 0.1186053678393364 0.03755688667297363 0.0037631988525390625 0.11826515197753906 0.006900678854435682 0.002828570082783699 0.12159445136785507 0.006966658402234316 0.003695653285831213 0.12102116644382477 0.004571395460516214 0.0038522512186318636 0.12101756036281586 0.00824176985770464 0.00448325090110302 0.12049410492181778 0.008324533700942993 0.005410412326455116 0.12001119554042816 0.008329423144459724 0.007220907602459192 0.11924177408218384 3.725290298461914E-08 0.0078125 0.11917304992675781 0.012489501386880875 0.0019982445519417524 0.12177333235740662 0.012973720207810402 0.0032096179202198982 0.1209142804145813 0.009356517344713211 0.003474367782473564 0.12102609872817993 0.012850186787545681 0.004632715135812759 0.1201416403055191 0.01273856870830059 0.006105723325163126 0.11948888748884201 0.004808525554835796 0.008609592914581299 0.1188596785068512 0.015867650508880615 -0.0014160573482513428 0.12423437833786011 0.01491248793900013 0.00036692951107397676 0.12272526323795319 -7.450580596923828E-09 0.012200355529785156 0.11813032627105713 0.0072870394214987755 7.69637554185465E-05 0.12387289106845856 0.016717931255698204 -0.07800012826919556 0.31104323267936707 -0.00215911865234375 -0.07800011336803436 0.2853633761405945 0.01584831438958645 -0.07800012826919556 0.3127499520778656 -0.005654961336404085 -0.07800012081861496 0.2861956059932709 -0.008470535278320312 -0.07800012081861496 0.2873516082763672 0.013806819915771484 -0.0780002623796463 0.3157072067260742 -0.014804961159825325 -0.07800015062093735 0.31435641646385193 -0.013599500060081482 -0.07800015062093735 0.3158450424671173 -0.010630607604980469 -0.07799980044364929 0.3185768127441406 -0.006485939025878906 -0.07800014317035675 0.3207402229309082 -0.0019128209678456187 -0.07800014317035675 0.32179969549179077 0.00215911865234375 -0.07800014317035675 0.3218364715576172 0.008470535278320312 -0.07799992710351944 0.31984710693359375 0.005655060987919569 -0.07800013571977615 0.3210042715072632 0.010756520554423332 -0.07800013571977615 0.3184049427509308 0.007443330250680447 -0.07800011336803436 0.28688207268714905 0.00457763671875 -0.07800012081861496 0.285858154296875 -0.011663436889648438 -0.07800012081861496 0.28946781158447266 -0.013599500060081482 -0.07800013571977615 0.29135486483573914 -0.01545858383178711 -0.07800012826919556 0.29376220703125 -0.017746925354003906 -0.07800039649009705 0.2990250587463379 -0.01830575242638588 -0.07800014317035675 0.3028107285499573 -0.0038047342095524073 -0.07800014317035675 0.3215000331401825 0.0019129208521917462 -0.07800012081861496 0.2854001820087433 -0.016717830672860146 -0.07800013571977615 0.2961566746234894 -0.018199700862169266 -0.07800014317035675 0.30551281571388245 -0.017900051549077034 -0.07800014317035675 0.3074047267436981 -0.017404284328222275 -0.07800014317035675 0.3092549443244934 0.012834548950195312 -0.07800012081861496 0.2905244827270508 0.010756520554423332 -0.07800011336803436 0.28879493474960327 0.009150050580501556 -0.07800011336803436 0.2877516746520996 -0.016717830672860146 -0.07800015062093735 0.31104323267936707 -0.01584821380674839 -0.07800015062093735 0.3127499520778656 0.017900152131915092 -0.07800012081861496 0.29979515075683594 0.017404384911060333 -0.07800012081861496 0.29794493317604065 0.016717931255698204 -0.07800011336803436 0.2961566746234894 0.01523733139038086 -0.07800064235925674 0.2934093475341797 0.01830585114657879 -0.07800012081861496 0.3043891191482544 0.017741680145263672 -0.07800007611513138 0.3081791400909424 0.018199801445007324 -0.07800012081861496 0.3016870617866516 -0.006206512451171875 -0.06859123706817627 0.2629714012145996 -0.00893402099609375 -0.06926190853118896 0.2637162208557129 -0.020043373107910156 -0.06999389827251434 0.26727449893951416 -0.017121315002441406 -0.06992827355861664 0.2664358615875244 -0.017521966248750687 -0.06999906897544861 0.2670917510986328 -0.005442999769002199 -0.0694483295083046 0.2634316384792328 -0.006445317063480616 -0.0694054663181305 0.26350870728492737 -0.0054273903369903564 -0.06964683532714844 0.2635694742202759 -0.005464222282171249 -0.06924216449260712 0.26324325799942017 -0.005456328392028809 -0.06931885331869125 0.26331332325935364 -0.005465030670166016 -0.06923294067382812 0.2632331848144531 -0.005482196807861328 -0.06900787353515625 0.26308441162109375 -0.005484015215188265 -0.06897442787885666 0.2630675733089447 -0.018560409545898438 -0.06982994079589844 0.26647210121154785 -0.0152838584035635 -0.06970290094614029 0.2656009793281555 -0.018117889761924744 -0.06990575790405273 0.2666371464729309 -0.0053720176219940186 -0.06989875435829163 0.2640621066093445 -0.005290225148200989 -0.07000921666622162 0.2647876739501953 -0.01601409912109375 -0.06937408447265625 0.26535797119140625 -0.0134735107421875 -0.0689544677734375 0.26446533203125 -0.02172061800956726 -0.06998427957296371 0.2670005261898041 -0.011831041425466537 -0.06964641809463501 0.2647450864315033 -0.005321956705302 -0.06997796893119812 0.2645060420036316 -0.005482509732246399 -0.06900207698345184 0.2630809545516968 -0.005441977176815271 -0.0694582611322403 0.26344069838523865 -0.0054161278530955315 -0.06964480131864548 0.2636701464653015 5.437950889586318E-08 -0.08500014245510101 0.324849933385849 -0.00205086637288332 -0.08500014245510101 0.32475072145462036 -0.004082638304680586 -0.08500014990568161 0.32445403933525085 -0.00607629120349884 -0.08500014990568161 0.32396265864372253 -0.008798599243164062 -0.08499989658594131 0.3229684829711914 -0.012392044067382812 -0.08500093966722488 0.32088470458984375 -0.014843312092125416 -0.08500014990568161 0.31880640983581543 -0.016241654753684998 -0.08500014990568161 0.3173028230667114 -0.017488352954387665 -0.08500014990568161 0.31567129492759705 -0.01898813247680664 -0.08500006049871445 0.3131904602050781 -0.020209897309541702 -0.08500014990568161 0.31016653776168823 -0.02093738317489624 -0.08500015735626221 0.3073611259460449 -0.021269936114549637 -0.08500013500452042 0.3032678961753845 -0.020946625620126724 -0.08500014245510101 0.30002233386039734 -0.02050355076789856 -0.08500014245510101 0.29801738262176514 -0.019581079483032227 -0.08500069379806519 0.2952761650085449 -0.018051140010356903 -0.08500013500452042 0.29238757491111755 -0.01578235626220703 -0.08500012755393982 0.2892751693725586 -0.012490382418036461 -0.08500012755393982 0.28640830516815186 -0.010064125061035156 -0.08499997854232788 0.2848520278930664 -0.0062580108642578125 -0.08500011265277863 0.28326892852783203 -0.0030703379306942225 -0.08500012010335922 0.2825729250907898 -0.0001819133758544922 -0.08500011265277863 0.28232812881469727 0.003909111022949219 -0.08500013500452042 0.2826894521713257 0.007053096313029528 -0.08500011265277863 0.2835545539855957 0.009723663330078125 -0.08500012010335922 0.2846803665161133 0.012490490451455116 -0.08500011265277863 0.28640830516815186 0.014881134033203125 -0.08500067889690399 0.2884082794189453 0.016884829849004745 -0.08500011265277863 0.29069772362709045 0.01805124804377556 -0.08500011265277863 0.29238757491111755 0.019480228424072266 -0.08499988913536072 0.29503536224365234 0.020722150802612305 -0.08500014245510101 0.2987861633300781 0.021194232627749443 -0.08500012010335922 0.30206069350242615 0.021243849769234657 -0.08500012010335922 0.3041134178638458 0.021095117554068565 -0.08500012010335922 0.3061613440513611 0.020572423934936523 -0.08500011265277863 0.30901193618774414 0.01948188804090023 -0.08500012755393982 0.31208643317222595 0.018120765686035156 -0.08500003814697266 0.31474781036376953 0.015703201293945312 -0.08499979227781296 0.3179492950439453 0.0126495361328125 -0.08500013500452042 0.32070350646972656 0.009128570556640625 -0.08500014245510101 0.3228139877319336 0.0052700042724609375 -0.08500014245510101 0.32421016693115234 0.00205097533762455 -0.08500014245510101 0.32475072145462036 -0.01874065399169922 -0.02657175064086914 0.14828777313232422 -0.020368576049804688 -0.02532958984375 0.14628982543945312 -0.02249998413026333 -0.02636071667075157 0.14799997210502625 -0.030082792043685913 -0.026360586285591125 0.1479998230934143 -0.021923065185546875 -0.023998260498046875 0.14409255981445312 -0.024030685424804688 -0.021890640258789062 0.1406116485595703 -0.03217315673828125 -0.022571563720703125 0.14173126220703125 -0.030771836638450623 -0.02555573545396328 0.14666946232318878 -0.026214599609375 -0.01923370361328125 0.13622665405273438 -0.034531593322753906 -0.01792144775390625 0.13405990600585938 -0.027708053588867188 -0.017003536224365234 0.1325359344482422 -0.029018402099609375 -0.014617919921875 0.12860107421875 -0.035736083984375 -0.01568603515625 0.13037109375 -0.0302126407623291 -0.011986732482910156 0.12433624267578125 -0.03765392303466797 -0.012255668640136719 0.12471961975097656 -0.02542557753622532 -0.02024327591061592 0.10999996960163116 -0.03169761598110199 0.007324290927499533 0.11000004410743713 -0.03230094909667969 0.0037162303924560547 0.11600325256586075 -0.03242327645421028 0.002469182014465332 0.10999949276447296 -0.031076908111572266 0.009573221206665039 0.11573988199234009 -0.031734466552734375 0.007037162780761719 0.11597761511802673 -0.030144477263092995 0.012210248038172722 0.1099996268749237 -0.028853416442871094 0.014970779418945312 0.11401176452636719 -0.03011322021484375 0.012235641479492188 0.11504840850830078 -0.02722894586622715 0.017743568867444992 0.10999999940395355 -0.026642799377441406 0.018635272979736328 0.11254453659057617 -0.028530636802315712 0.015564464963972569 0.10999999940395355 -0.02476457692682743 0.021088292822241783 0.11000055074691772 -0.0242156982421875 0.0216827392578125 0.11132240295410156 -0.02146589756011963 0.024467945098876953 0.11045286059379578 -0.022364100441336632 0.023581702262163162 0.10999999940395355 -0.02045554108917713 0.02525511011481285 0.10999999940395355 -0.017923951148986816 0.027122020721435547 0.11006279289722443 0.020455507561564445 0.02525513619184494 0.10999999940395355 0.020554542541503906 0.025175094604492188 0.11034321784973145 0.017567753791809082 0.027376651763916016 0.1100204586982727 0.022364070639014244 0.0235817302018404 0.10999999940395355 0.022737979888916016 0.023250579833984375 0.11078286170959473 0.024133624508976936 0.021762138232588768 0.11130252480506897 0.024136219173669815 0.02176448330283165 0.10999999940395355 0.025761138647794724 0.019814474508166313 0.10999999940395355 0.024995803833007812 0.020782470703125 0.11167144775390625 0.02722892351448536 0.017743604257702827 0.10999999940395355 0.02768421173095703 0.017047882080078125 0.11317920684814453 0.029140014201402664 0.014429035596549511 0.1099996268749237 0.02981710433959961 0.012955665588378906 0.1148066520690918 0.030441761016845703 0.011381149291992188 0.11530876159667969 0.030968578532338142 0.00996188260614872 0.10999976843595505 0.031113028526306152 0.009430408477783203 0.1157461404800415 0.032102420926094055 0.005198001861572266 0.11599890142679214 0.031666696071624756 0.007322788238525391 0.1159718930721283 0.03214896470308304 0.0049756839871406555 0.11000004410743713 0.03248470276594162 0.0009970798855647445 0.10999998450279236 0.032516151666641235 0.0002932548522949219 0.11636221408843994 0.03240758180618286 0.00244924402795732 0.11608351767063141 0.03239663317799568 -0.0028341938741505146 0.10999998450279236 0.032391905784606934 -0.002708911895751953 0.11723518371582031 0.031675636768341064 -0.007377255707979202 0.11000005155801773 0.03201794624328613 -0.005677223205566406 0.11861991882324219 0.03095078468322754 -0.009934425354003906 0.12189769744873047 0.031528472900390625 -0.00789642333984375 0.12012767791748047 0.030417557805776596 -0.01144650112837553 0.10999997705221176 0.030408143997192383 -0.011480331420898438 0.12366962432861328 0.02997875213623047 -0.0125579833984375 0.12518310546875 0.029431484639644623 -0.013785423710942268 0.10999997705221176 0.02900409698486328 -0.014678955078125 0.12869644165039062 0.0276667270809412 -0.0170877818018198 0.1100001186132431 0.027751922607421875 -0.016910552978515625 0.13239288330078125 0.026189804077148438 -0.019254684448242188 0.1362457275390625 0.025425603613257408 -0.020243244245648384 0.10999996960163116 0.0229392871260643 -0.023050719872117043 0.11000020802021027 0.023908615112304688 -0.022024154663085938 0.14083480834960938 0.020029578357934952 -0.025594264268875122 0.10999996960163116 0.0211944580078125 -0.02465057373046875 0.1451740264892578 0.018995285034179688 -0.026373863220214844 0.14801502227783203 0.017004944384098053 -0.027723900973796844 0.11000001430511475 0.016431808471679688 -0.028059005737304688 0.15029144287109375 0.01353843417018652 -0.029545916244387627 0.10999996960163116 0.013184547424316406 -0.02972888946533203 0.15260982513427734 0.009858131408691406 -0.030981063842773438 0.15440893173217773 0.007083892822265625 -0.0317380428314209 0.15551364421844482 0.004233360290527344 -0.03222513198852539 0.1562345027923584 0.0012862682342529297 -0.03248567134141922 0.1566222906112671 -0.002495288848876953 -0.03242317587137222 0.1565287560224533 -0.006697177886962891 -0.031830430030822754 0.15564870834350586 -0.010356903076171875 -0.0308229923248291 0.15418148040771484 -0.013507843017578125 -0.029574871063232422 0.15239524841308594 -0.011191296391189098 -0.030512379482388496 0.10999996960163116 -0.013538396917283535 -0.02954593300819397 0.10999996960163116 -0.017971040681004524 -0.027079366147518158 0.10999996960163116 -0.015802914276719093 -0.028399264439940453 0.10999996960163116 -0.016132354736328125 -0.02822113037109375 0.15050888061523438 -0.0219658762216568 -0.023953093215823174 0.10999996960163116 -0.020029544830322266 -0.025594288483262062 0.10999996960163116 -0.023768216371536255 -0.02216578833758831 0.10999996960163116 -0.026927849277853966 -0.018197285011410713 0.10999997705221176 -0.02826586551964283 -0.016040293499827385 0.10999997705221176 -0.02943146601319313 -0.013785460963845253 0.10999997705221176 -0.030417542904615402 -0.011446540243923664 0.10999997705221176 -0.03121807798743248 -0.009037797339260578 0.10999998450279236 -0.0308682918548584 -0.01018667221069336 0.12215471267700195 -0.0315093994140625 -0.007968902587890625 0.12018680572509766 -0.032193779945373535 -0.004574298858642578 0.11802077293395996 -0.031798362731933594 -0.00672149658203125 0.11929512023925781 -0.03211962431669235 -0.005136619322001934 0.11000005155801773 -0.03246176242828369 -0.00165557861328125 0.11688899993896484 -0.03248792886734009 0.0011186599731445312 0.11623835563659668 -0.032463438808918 -0.0015411588829010725 0.10999998450279236 -0.008775931783020496 -0.03129270672798157 0.10999996960163116 -0.006307034753262997 -0.0318821556866169 0.10999996960163116 -0.003799667116254568 -0.032277125865221024 0.10999996960163116 -0.001269122352823615 -0.032475218176841736 0.10999996960163116 0.0012691637966781855 -0.03247521445155144 0.10999996960163116 0.0052825212478637695 -0.032090675085783005 0.10999993979930878 0.009893057867884636 -0.030986832454800606 0.11000004410743713 0.022500017657876015 -0.026360688731074333 0.14799997210502625 0.03075551986694336 -0.025603294372558594 0.14675140380859375 0.0333404541015625 -0.020263671875 0.137939453125 0.030064254999160767 -0.026360899209976196 0.1479998379945755 0.03610992431640625 -0.015045166015625 0.129302978515625 0.037783145904541016 -0.012009620666503906 0.12434673309326172 0.03171934932470322 -0.09268850833177567 0.29449570178985596 0.03104996681213379 -0.0929746925830841 0.29234981536865234 0.03333902359008789 -0.09283506870269775 0.29370927810668945 0.03268241882324219 -0.09299290180206299 0.29108428955078125 0.03298860788345337 -0.09296570718288422 0.2918732166290283 0.03394603729248047 -0.0923309326171875 0.29613494873046875 0.03240609169006348 -0.09206533432006836 0.29715824127197266 0.01622552052140236 -0.07000009715557098 0.2659471333026886 0.017144203186035156 -0.06903290748596191 0.2663125991821289 0.02103281021118164 -0.06998920440673828 0.26833128929138184 0.012664794921875 -0.06999984383583069 0.2645864486694336 0.010980606079101562 -0.0679464340209961 0.264096736907959 0.012233734130859375 -0.06813812255859375 0.2644500732421875 0.00900004431605339 -0.07000009715557098 0.2635999321937561 0.010845184326171875 -0.06792950630187988 0.26404309272766113 0.007007598876953125 -0.06999967992305756 0.26319408416748047 0.0057430267333984375 -0.06737041473388672 0.262972354888916 0.008680256083607674 -0.06765143573284149 0.26352933049201965 0.002498626708984375 -0.069997638463974 0.2626688480377197 0.005152651574462652 -0.06999882310628891 0.26292499899864197 0.002778084948658943 -0.06722036004066467 0.26269611716270447 0.010198590345680714 -0.04799743741750717 0.1943633109331131 0.008553354069590569 -0.046670012176036835 0.19191677868366241 0.01546575129032135 -0.04529682546854019 0.18669399619102478 0.00842190533876419 -0.05515733361244202 0.21261630952358246 0.006716787815093994 -0.05436171591281891 0.21086224913597107 0.010091607458889484 -0.05213613063097 0.20411524176597595 0.0027083810418844223 -0.008850310929119587 0.13395582139492035 0.0031847648788243532 -0.011942565441131592 0.1376160979270935 -0.001307106576859951 -0.013717398047447205 0.13986526429653168 0.0028991326689720154 -0.026889003813266754 0.1576496660709381 0.0009561759070493281 -0.029493337497115135 0.16166827082633972 -0.0009561387123540044 -0.02860354073345661 0.1603136956691742 0.025754425674676895 -0.06747698783874512 0.2446593940258026 0.026755180209875107 -0.0681861937046051 0.24661420285701752 0.027263402938842773 -0.06914973258972168 0.2514228820800781 0.0250166654586792 -0.06011772155761719 0.21712112426757812 0.025131285190582275 -0.061873435974121094 0.22262954711914062 0.02404027245938778 -0.05980844050645828 0.2170627862215042 0.02479839324951172 -0.054500579833984375 0.20184326171875 0.023582980036735535 -0.05275531858205795 0.19852310419082642 0.025142163038253784 -0.05244170501828194 0.1966094672679901 0.024022094905376434 -0.050350360572338104 0.19271409511566162 0.025347044691443443 -0.04885892570018768 0.1885855495929718 0.025791309773921967 -0.04967527091503143 0.18986645340919495 0.025614261627197266 -0.046928681433200836 0.1844380497932434 0.02610751986503601 -0.03730048984289169 0.16680775582790375 0.026073411107063293 -0.042141783982515335 0.17512480914592743 0.022921700030565262 -0.03928407281637192 0.171906977891922 0.024276793003082275 -0.04267910495400429 0.17717377841472626 0.027306122705340385 -0.03790142759680748 0.16699135303497314 0.026616021990776062 -0.03913334757089615 0.16954413056373596 0.026126841083168983 -0.0325704887509346 0.159386545419693 0.02845294587314129 -0.02947535365819931 0.1536281257867813 0.028005599975585938 -0.03432464599609375 0.160980224609375 0.029433540999889374 -0.025247979909181595 0.14734143018722534 0.02958112396299839 -0.026543622836470604 0.14893373847007751 0.02723490446805954 -0.028807055205106735 0.1533428132534027 0.028056278824806213 -0.021425198763608932 0.14310956001281738 0.030155450105667114 -0.02260231226682663 0.14357320964336395 0.02979986183345318 -0.023795027285814285 0.14525406062602997 0.03047773241996765 -0.01877760887145996 0.1387200951576233 0.02985978126525879 -0.013813138008117676 0.1333102285861969 0.0329047366976738 -0.01498650386929512 0.13314226269721985 0.03320779651403427 -0.01285282988101244 0.13072094321250916 0.030976805835962296 -0.010724008083343506 0.12944990396499634 0.03460310772061348 -0.009533162228763103 0.12660236656665802 0.03551910072565079 -0.0077982330694794655 0.1244312971830368 0.018440358340740204 -0.004364877939224243 0.1267789900302887 0.012791959568858147 -0.004787396639585495 0.12836390733718872 0.019077854230999947 -0.0679929181933403 0.2564426362514496 0.01512095145881176 -0.06768885254859924 0.2588236927986145 0.01858082041144371 -0.06660191714763641 0.24903284013271332 0.015075336210429668 -0.0664871484041214 0.25162699818611145 0.013078895397484303 -0.06573659181594849 0.24911506474018097 0.018069319427013397 -0.06489623337984085 0.24111860990524292 0.014518975280225277 -0.06431600451469421 0.24133360385894775 0.01767094060778618 -0.06315616518259048 0.23412387073040009 0.014251064509153366 -0.06299885362386703 0.23592939972877502 0.013950426131486893 -0.06111323833465576 0.22896364331245422 0.017298005521297455 -0.0609029084444046 0.22610434889793396 0.02065989002585411 -0.06123127043247223 0.2246086150407791 0.020952776074409485 -0.06300175189971924 0.23071198165416718 0.021438898518681526 -0.06508944928646088 0.23875749111175537 0.013689655810594559 -0.05873285233974457 0.22111615538597107 0.01705997809767723 -0.05881444364786148 0.21938027441501617 0.016920331865549088 -0.05678316950798035 0.21340332925319672 0.021979643031954765 -0.06683636456727982 0.24636849761009216 0.022383682429790497 -0.0678824856877327 0.2515421211719513 0.02284112200140953 -0.0691152811050415 0.2587040066719055 0.02570730447769165 -0.07013853639364243 0.26093411445617676 0.027365654706954956 -0.06990322470664978 0.2560531497001648 0.028438568115234375 -0.07105731964111328 0.2621307373046875 0.0246906541287899 -0.0634017214179039 0.2284514158964157 0.025120491161942482 -0.06408035755157471 0.23055016994476318 0.02544342167675495 -0.06494201719760895 0.2335754930973053 0.025934696197509766 -0.06641221046447754 0.23923110961914062 0.020480303093791008 -0.05977153033018112 0.21993178129196167 0.020347382873296738 -0.05819837003946304 0.21523119509220123 0.02025594562292099 -0.05655544251203537 0.21057984232902527 0.01684712991118431 -0.05380956828594208 0.20542629063129425 0.013471230864524841 -0.05272843316197395 0.20433953404426575 0.01685822196304798 -0.0518738217651844 0.200578510761261 0.016928059980273247 -0.049637265503406525 0.1953352391719818 0.024692535400390625 -0.058078765869140625 0.21138381958007812 0.02446671947836876 -0.05591348558664322 0.20567966997623444 0.02021476812660694 -0.054841287434101105 0.20602621138095856 0.020223431289196014 -0.05252627283334732 0.2002294659614563 0.02029605396091938 -0.05019773542881012 0.19476798176765442 0.02045571058988571 -0.04730598255991936 0.18841446936130524 0.025850635021924973 -0.044599130749702454 0.1797485053539276 0.020829707384109497 -0.006928503513336182 0.1289374679327011 0.015989407896995544 -0.010529039427638054 0.134181410074234 0.017962481826543808 -0.013447483070194721 0.13709446787834167 0.02068694494664669 -0.011097434908151627 0.13358765840530396 0.014431622810661793 -0.01796545833349228 0.14356458187103271 0.015547635033726692 -0.019290832802653313 0.14500130712985992 0.01392969861626625 -0.026236308738589287 0.1549246609210968 0.017299938946962357 -0.021223507821559906 0.14706437289714813 0.01829547993838787 -0.025241181254386902 0.15221953392028809 0.014087297953665257 -0.029756862670183182 0.16007830202579498 0.017928412184119225 -0.028425483033061028 0.15689153969287872 0.016145195811986923 -0.033535249531269073 0.16533544659614563 0.020979024469852448 -0.01245980616658926 0.13507309556007385 0.022390788421034813 -0.01658763363957405 0.139505073428154 0.023114506155252457 -0.019790951162576675 0.14320115745067596 0.01964171603322029 -0.029517294839024544 0.15784460306167603 0.019994527101516724 -0.035224199295043945 0.16655030846595764 0.015316570177674294 -0.03638899326324463 0.1703110635280609 0.02456931211054325 -0.004863148555159569 0.1256348341703415 0.02619617059826851 -0.011440116912126541 0.1321304738521576 0.02261955663561821 -0.025916580110788345 0.15150463581085205 0.022056367248296738 -0.03034728392958641 0.15808062255382538 0.02414904534816742 -0.02693181484937668 0.15222367644309998 0.020830685272812843 -0.042719315737485886 0.17917516827583313 0.018873700872063637 -0.04056484252214432 0.17615585029125214 0.027432382106781006 -0.026700537651777267 0.15033040940761566 0.017776712775230408 -0.0383911170065403 0.1728096604347229 0.015117454342544079 -0.03864390403032303 0.17427702248096466 0.014929594472050667 -0.04089507460594177 0.17841079831123352 0.021942388266324997 -0.036534227430820465 0.1677807718515396 0.013886937871575356 -0.04322631657123566 0.18322618305683136 0.0173649862408638 -0.042900942265987396 0.18119266629219055 0.027791528031229973 -0.029880136251449585 0.15455518662929535 0.026075035333633423 -0.018375970423221588 0.14025166630744934 0.00045630853855982423 -0.03954002261161804 0.17868396639823914 -0.0004565134004224092 -0.03642185777425766 0.17308184504508972 0.0018261702498421073 -0.036554496735334396 0.17327384650707245 0.001644172240048647 -0.032761335372924805 0.16687637567520142 2.0523286181628464E-08 -0.03207977116107941 0.16580966114997864 0.0005020182579755783 -0.025114787742495537 0.15511679649353027 -0.0014652750687673688 -0.0242796391248703 0.1538904905319214 0.002547048032283783 -0.01939297281205654 0.14711959660053253 -0.0008574504172429442 -0.01978074200451374 0.14770132303237915 -0.0015158262103796005 -0.01780322939157486 0.1450493484735489 0.0010416515870019794 -0.015175750479102135 0.14168697595596313 -0.0010837242007255554 -0.009024381637573242 0.13421937823295593 0.005597076378762722 -0.004102680832147598 0.12846679985523224 0.008207807317376137 -0.007219025865197182 0.13170406222343445 0.006705193314701319 -0.016088126227259636 0.14250770211219788 0.010298708453774452 -0.01593901216983795 0.14182718098163605 0.0050208307802677155 -0.0204696636646986 0.14838889241218567 0.00768232811242342 -0.02222757786512375 0.15050861239433289 0.006258542649447918 -0.02697509154677391 0.15748827159404755 0.00949878990650177 -0.024674128741025925 0.15365782380104065 0.005872377660125494 -0.03734152764081955 0.17427697777748108 0.005102281924337149 -0.033406682312488556 0.16764530539512634 0.010056295432150364 -0.03484734520316124 0.16919060051441193 0.004436802584677935 -0.04050474613904953 0.18024039268493652 0.009162369184195995 -0.03867850452661514 0.17608116567134857 0.006527723744511604 -0.04331885278224945 0.1854204535484314 0.013175513595342636 -0.02377653867006302 0.15164177119731903 0.00807059183716774 -0.029250355437397957 0.1606595814228058 0.010545743629336357 -0.030698616057634354 0.1624302864074707 0.01229169312864542 -0.04122065380215645 0.1799260526895523 0.009650999680161476 -0.04163986071944237 0.18145175278186798 0.012973426841199398 -0.032144419848918915 0.1641005277633667 0.014496793039143085 -0.014578590169548988 0.1393256038427353 0.011514581739902496 -0.00988378282636404 0.1343059539794922 0.01524493470788002 -0.007587076164782047 0.13100512325763702 0.0075168549083173275 -0.0672418400645256 0.26126110553741455 0.003851219080388546 -0.06586292386054993 0.25408735871315 4.221073979238099E-08 -0.0659792423248291 0.2550857961177826 0.005315297283232212 -0.06160896271467209 0.23428064584732056 0.0036695506423711777 -0.06340264528989792 0.2419421374797821 1.9738217815756798E-07 -0.06279969215393066 0.2396101951599121 0.0034608030691742897 -0.0595405213534832 0.2271619439125061 0.00522039458155632 -0.06022442877292633 0.2292231172323227 3.8115786082926206E-08 -0.06057381629943848 0.23102474212646484 4.143189258343227E-08 -0.06476183980703354 0.24869441986083984 0.003745429217815399 -0.06447170674800873 0.24682727456092834 0.0077372086234390736 -0.06650719046592712 0.25650084018707275 3.7598269386762695E-08 -0.058769531548023224 0.2248697429895401 0.003389981109648943 -0.05723000317811966 0.21976828575134277 3.656250413541784E-08 -0.05715053528547287 0.2197369486093521 3.545777360614011E-08 -0.05542374402284622 0.21464157104492188 0.0033509591594338417 -0.05472530797123909 0.2124590426683426 0.0033476045355200768 -0.052943576127290726 0.20768557488918304 0.0033814923372119665 -0.049154482781887054 0.19839370250701904 0.003358600428327918 -0.05108512565493584 0.2029961198568344 3.2786061865408556E-08 -0.05124761164188385 0.2036261409521103 0.0034529324620962143 -0.04507674276828766 0.18942216038703918 0.0034136134199798107 -0.047151580452919006 0.19387075304985046 2.9688090208424E-08 -0.04640519618988037 0.19244182109832764 3.1098768005222155E-08 -0.04861021786928177 0.19735366106033325 3.428371897484794E-08 -0.05358858406543732 0.2095813900232315 -0.00043662323150783777 -0.043862998485565186 0.18709179759025574 0.001754088094457984 -0.04229671508073807 0.18391153216362 0.011555694043636322 -0.0668628066778183 0.25649401545524597 0.010363297536969185 -0.059618983417749405 0.2255253791809082 0.010531316511332989 -0.06118521839380264 0.23095294833183289 0.010724521242082119 -0.06260304898023605 0.23630136251449585 0.010932949371635914 -0.06387324631214142 0.24154233932495117 0.01114839967340231 -0.06500274688005447 0.24666723608970642 0.0067373523488640785 -0.050516676157712936 0.20106461644172668 0.006713590119034052 -0.05247142165899277 0.20589610934257507 0.010129622183740139 -0.05008625239133835 0.19914403557777405 0.01352874469012022 -0.049793314188718796 0.19723427295684814 0.015330987982451916 -0.04751349240541458 0.19137601554393768 0.020628128200769424 -0.045007795095443726 0.1836705207824707 0.010228363797068596 -0.057905420660972595 0.22004713118076324 0.01015692949295044 -0.05653626471757889 0.2159656584262848 0.01356678269803524 -0.057086702436208725 0.21610212326049805 0.013503088615834713 -0.05558798089623451 0.2118568867444992 0.007605489809066057 -0.06564567238092422 0.25167202949523926 0.0074627455323934555 -0.06466768682003021 0.246751070022583 0.007243072614073753 -0.0629568099975586 0.23920701444149017 0.006819736212491989 -0.05790095403790474 0.22113384306430817 0.010403905063867569 -0.04369700700044632 0.18527564406394958 -8.847564458847046E-08 -0.004486083984375 0.1290740966796875 0.005793068557977676 -0.013275387696921825 0.1390714943408966 0.00395016698166728 -0.02335895225405693 0.152468740940094 -0.01810455322265625 -0.06906795501708984 0.26515865325927734 -0.02249627560377121 -0.07000361382961273 0.266020804643631 -0.015289306640625 -0.06890106201171875 0.264801025390625 -0.009790420532226562 -0.06785416603088379 0.26281118392944336 -0.013230301439762115 -0.06803813576698303 0.26290804147720337 -0.013881583698093891 -0.06887882947921753 0.26447194814682007 -0.009442396461963654 -0.06809797883033752 0.26310664415359497 -0.010346613824367523 -0.06845998764038086 0.2635345160961151 -0.0034754006192088127 -0.04400411248207092 0.18723426759243011 -0.003347537014633417 -0.052943579852581024 0.20768557488918304 -0.003358535235747695 -0.051085129380226135 0.2029961198568344 -0.014229627326130867 -0.038740985095500946 0.17476758360862732 -0.011851257644593716 -0.04129677265882492 0.18018102645874023 -0.015808144584298134 -0.04079902917146683 0.17790712416172028 -0.013886881992220879 -0.04322633519768715 0.18322616815567017 -0.020238777622580528 -0.05598634481430054 0.20904935896396637 -0.02021011710166931 -0.05368658900260925 0.2030850648880005 -0.01684286817908287 -0.05353619158267975 0.20470765233039856 -0.0038842654321342707 -0.06629178673028946 0.25649502873420715 -0.030770011246204376 -0.012404916808009148 0.13137170672416687 -0.03353995084762573 -0.012833500280976295 0.13051201403141022 -0.03169754520058632 -0.017162546515464783 0.13623742759227753 -0.028245512396097183 -0.01759769394993782 0.13836660981178284 -0.031764984130859375 -0.0184173583984375 0.1376800537109375 -0.02950255200266838 -0.022013476118445396 0.14315277338027954 -0.03096391260623932 -0.02131364308297634 0.14148938655853271 -0.029673507437109947 -0.027131836861371994 0.14961540699005127 -0.02852565608918667 -0.025755133479833603 0.1484847217798233 -0.02724084071815014 -0.027747754007577896 0.15184906125068665 -0.02904738485813141 -0.029184605926275253 0.15281489491462708 -0.027561578899621964 -0.03316565603017807 0.15950557589530945 -0.02748217061161995 -0.035471752285957336 0.1630588173866272 -0.026236534118652344 -0.03730010986328125 0.166717529296875 -0.0263689998537302 -0.04352157190442085 0.17735689878463745 -0.023663129657506943 -0.04039561748504639 0.17342683672904968 -0.0242767371237278 -0.042679134756326675 0.17717376351356506 -0.025751933455467224 -0.04472813755273819 0.18008136749267578 -0.02585030160844326 -0.04762004315853119 0.1856224536895752 -0.022440439090132713 -0.043859630823135376 0.18042480945587158 -0.025330066680908203 -0.048160552978515625 0.1871337890625 -0.023582912981510162 -0.05275534838438034 0.19852310419082642 -0.025022029876708984 -0.05216026306152344 0.19602203369140625 -0.02437783032655716 -0.05043281987309456 0.19264662265777588 -0.024881839752197266 -0.05637645721435547 0.20647239685058594 -0.02443389967083931 -0.06419111043214798 0.23173385858535767 -0.0253048874437809 -0.06500077247619629 0.2339719533920288 -0.024677522480487823 -0.06331835687160492 0.22820749878883362 -0.025704246014356613 -0.07042331993579865 0.2633105516433716 -0.02837967872619629 -0.07091498374938965 0.2611560821533203 -0.027408838272094727 -0.06967878341674805 0.25440406799316406 -0.016247926279902458 -0.06785552203655243 0.2588048279285431 -0.014278385788202286 -0.06800565123558044 0.26160138845443726 -0.019077768549323082 -0.06799294054508209 0.2564426362514496 -0.014936983585357666 -0.06598175317049026 0.24910132586956024 -0.018580734729766846 -0.0666019469499588 0.24903284013271332 -0.01451889332383871 -0.06431601941585541 0.24133357405662537 -0.018069235607981682 -0.06489625573158264 0.24111860990524292 -0.014250983484089375 -0.06299887597560883 0.23592939972877502 -0.017155274748802185 -0.05977563187479973 0.2223844826221466 -0.01382271759212017 -0.06006520241498947 0.22541192173957825 -0.01742435432970524 -0.06175968796014786 0.22904962301254272 -0.021345317363739014 -0.06473644077777863 0.2373259961605072 -0.015875883400440216 -0.06252358853816986 0.23296354711055756 -0.02041376754641533 -0.05898497626185417 0.21758148074150085 -0.020659811794757843 -0.06123129278421402 0.2246086150407791 -0.020952695980668068 -0.06300178170204163 0.23071198165416718 -0.022775722667574883 -0.06876618415117264 0.2563982307910919 -0.022383596748113632 -0.06788251549005508 0.2515421211719513 -0.0219795573502779 -0.0668363869190216 0.24636849761009216 -0.02326996996998787 -0.06955726444721222 0.2609993517398834 -0.026568830013275146 -0.06805157661437988 0.24639606475830078 -0.025956392288208008 -0.06633198261260986 0.2388453483581543 -0.024906814098358154 -0.061593055725097656 0.22191619873046875 -0.017364930361509323 -0.04290096089243889 0.18119266629219055 -0.020541861653327942 -0.04615691304206848 0.18604248762130737 -0.01546569261699915 -0.045296844094991684 0.18669399619102478 -0.017041577026247978 -0.047398511320352554 0.19038453698158264 -0.02032102830708027 -0.04961671680212021 0.1934468299150467 -0.016927996650338173 -0.049637287855148315 0.19533522427082062 -0.013470340520143509 -0.05246661975979805 0.20366430282592773 -0.01519341766834259 -0.05083359032869339 0.19890639185905457 -0.013620277866721153 -0.047628507018089294 0.19236749410629272 -0.02025257982313633 -0.0513618178665638 0.1974557340145111 -0.0247458815574646 -0.05925941467285156 0.21480560302734375 -0.016876976937055588 -0.05572015792131424 0.21045145392417908 -0.013503016903996468 -0.055587999522686005 0.2118568867444992 -0.011780152097344398 -0.05308978259563446 0.20590099692344666 -0.017579343169927597 -0.006417447701096535 0.12918569147586823 -0.01825743541121483 -0.009361202828586102 0.13228270411491394 -0.018733154982328415 -0.013519936241209507 0.13697606325149536 -0.015880007296800613 -0.015979651361703873 0.14073199033737183 -0.01971973478794098 -0.017569243907928467 0.14158938825130463 -0.020351141691207886 -0.02271128073334694 0.14801624417304993 -0.015966186299920082 -0.019917583093047142 0.1457141935825348 -0.018448080867528915 -0.02371056377887726 0.1500377506017685 -0.015685204416513443 -0.023673636838793755 0.15084287524223328 -0.01744425669312477 -0.03287605196237564 0.1638208031654358 -0.017033809795975685 -0.0301095899194479 0.1596958339214325 -0.013524776324629784 -0.030941812321543694 0.16207098960876465 -0.01631435938179493 -0.035190120339393616 0.16794249415397644 -0.02244931273162365 -0.009998926892876625 0.13180746138095856 -0.022960729897022247 -0.015977557748556137 0.1385754942893982 -0.020846139639616013 -0.020172566175460815 0.14452099800109863 -0.020168431103229523 -0.027985259890556335 0.15539973974227905 -0.01950960047543049 -0.03059966489672661 0.15952163934707642 -0.024004967883229256 -0.007546044420450926 0.12863889336585999 -0.02301854081451893 -0.01277664490044117 0.13477946817874908 -0.02131691947579384 -0.03435166925191879 0.16455373167991638 -0.02036181651055813 -0.03879644721746445 0.17236341536045074 -0.01689092442393303 -0.03846900165081024 0.17329806089401245 -0.018437352031469345 -0.04058518260717392 0.17640452086925507 -0.028207018971443176 -0.011869281530380249 0.13184890151023865 -0.025799307972192764 -0.011984646320343018 0.13289716839790344 -0.025556571781635284 -0.01581234112381935 0.13738127052783966 -0.024689465761184692 -0.020590920001268387 0.1435762494802475 -0.02443566359579563 -0.023517290130257607 0.1474689543247223 -0.02412428706884384 -0.03327526897192001 0.16149413585662842 -0.024872014299035072 -0.031206589192152023 0.15801461040973663 -0.02363385260105133 -0.03705030679702759 0.1677832305431366 -0.026004040613770485 -0.029724322259426117 0.15527956187725067 -0.026215683668851852 -0.039592303335666656 0.17053928971290588 -0.003211955539882183 -0.035009950399398804 0.17051321268081665 -0.003136460203677416 -0.03912534564733505 0.17781420052051544 -0.003966929391026497 -0.03241594880819321 0.1661524474620819 -0.005307344254106283 -0.004100351594388485 0.12847623229026794 -0.006152855698019266 -0.010258087888360023 0.13540731370449066 -0.005204029846936464 -0.014758704230189323 0.14095064997673035 -0.00408925861120224 -0.017747649922966957 0.14485642313957214 -0.004780375398695469 -0.02851039543747902 0.15993669629096985 -0.012886365875601768 -0.003665616735816002 0.1271151602268219 -0.01213478296995163 -0.005872548557817936 0.12964516878128052 -0.011448455974459648 -0.01060567982494831 0.1351505070924759 -0.01201789453625679 -0.01659039780497551 0.14233341813087463 -0.008317050524055958 -0.014575161039829254 0.14040543138980865 -0.00808611698448658 -0.018785657361149788 0.14581206440925598 -0.012412391602993011 -0.024122238159179688 0.1522841453552246 -0.006957570090889931 -0.0216074138879776 0.14974990487098694 -0.011960148811340332 -0.026951342821121216 0.15643002092838287 -0.006359000690281391 -0.024355880916118622 0.1536666750907898 -0.009031493216753006 -0.02848244458436966 0.15930473804473877 -0.0088886097073555 -0.03955497592687607 0.1777365654706955 -0.008170334622263908 -0.03629603981971741 0.17209862172603607 -0.005790750030428171 -0.03962475061416626 0.17843931913375854 -0.009587259031832218 -0.04274456948041916 0.1836186796426773 -0.006131995934993029 -0.04232408106327057 0.18349990248680115 -0.006923340260982513 -0.04431363195180893 0.18734100461006165 -0.014012971892952919 -0.00894336961209774 0.13276126980781555 -0.014776450581848621 -0.011828973889350891 0.1359608769416809 -0.01104891486465931 -0.03352455049753189 0.16683360934257507 -0.012257199734449387 -0.03563589230179787 0.17002266645431519 -0.003818004159256816 -0.0654340609908104 0.2516796886920929 -0.003669469617307186 -0.06340265274047852 0.2419421374797821 -0.005454864352941513 -0.06289699673652649 0.23938879370689392 -0.003523814957588911 -0.060937974601984024 0.23210227489471436 -0.0034607267007231712 -0.0595405213534832 0.2271619439125061 3.903547707295729E-08 -0.0610160194337368 0.23267540335655212 -0.0037453467957675457 -0.06447171419858932 0.24682727456092834 -0.003408420830965042 -0.05803370848298073 0.2222219705581665 -0.0033713949378579855 -0.056426312774419785 0.21731457114219666 -0.003397491294890642 -0.04815303534269333 0.19613222777843475 -0.0033508893102407455 -0.05472531169652939 0.2124590426683426 -0.011555607430636883 -0.06686282157897949 0.2564939856529236 -0.01125361118465662 -0.06549982726573944 0.24916085600852966 -0.010932867415249348 -0.06387326121330261 0.24154233932495117 -0.010724441148340702 -0.06260306388139725 0.23630136251449585 -0.010531238280236721 -0.06118522956967354 0.23095294833183289 -0.010363221168518066 -0.0596189945936203 0.2255253791809082 -0.007671264931559563 -0.06607644259929657 0.254086434841156 -0.007462662644684315 -0.06466769427061081 0.246751070022583 -0.0071709007024765015 -0.062345024198293686 0.23666894435882568 -0.0070357900112867355 -0.06099255010485649 0.23152878880500793 -0.0069168200716376305 -0.05951089784502983 0.22634395956993103 -0.00681966170668602 -0.057900961488485336 0.22113384306430817 -0.010192573070526123 -0.05722085386514664 0.21800640225410461 -0.006752300541847944 -0.056180067360401154 0.2159610390663147 -0.010091369971632957 -0.05413462221622467 0.20927157998085022 -0.01359780877828598 -0.05756659805774689 0.21753177046775818 -0.016981150954961777 -0.05781526118516922 0.2163810431957245 -0.008471010252833366 -0.03039298579096794 0.16234412789344788 -0.008348999544978142 -0.032789647579193115 0.16617706418037415 -0.011560664512217045 -0.03910931199789047 0.17624780535697937 -0.010291688144207 -0.0458679273724556 0.18974679708480835 -0.006814899854362011 -0.047472111880779266 0.19408676028251648 -0.010164043866097927 -0.049041859805583954 0.19675368070602417 -0.006725405342876911 -0.0514940582215786 0.20348036289215088 -0.006716717965900898 -0.054361723363399506 0.21086224913597107 -0.03254625201225281 -0.049678586423397064 0.11372224986553192 -0.0355682373046875 -0.043076276779174805 0.1031808853149414 -0.03372564911842346 -0.04709837958216667 0.11056708544492722 -0.032875970005989075 -0.04909215122461319 0.11393977701663971 0.03002166748046875 -0.08500008285045624 0.317352294921875 0.02985382080078125 -0.08657169342041016 0.31769561767578125 0.026981353759765625 -0.0849970355629921 0.3226966857910156 0.027677536010742188 -0.08553791046142578 0.32159423828125 0.03140299394726753 -0.08500012010335922 0.3137417137622833 0.03140449523925781 -0.08763504028320312 0.313720703125 0.0324254035949707 -0.08500053733587265 0.3098926544189453 0.03241395950317383 -0.08864927291870117 0.3099174499511719 0.03299061581492424 -0.08499996364116669 0.30485570430755615 0.03289320692420006 -0.08962586522102356 0.3062533438205719 0.03301006555557251 -0.09052419662475586 0.302886962890625 0.03277337923645973 -0.08500002324581146 0.29948627948760986 0.032078541815280914 -0.08500010520219803 0.295855849981308 0.03137281909584999 -0.08500010520219803 0.2933651804924011 0.02993154525756836 -0.08499942719936371 0.2896766662597656 -0.03137270733714104 -0.08500014245510101 0.2933651804924011 -0.03114604949951172 -0.09292387962341309 0.2927074432373047 -0.030473925173282623 -0.08500014245510101 0.29093751311302185 -0.030189990997314453 -0.09301254153251648 0.29022216796875 -0.03193402290344238 -0.09256625175476074 0.29520511627197266 -0.03207843005657196 -0.08500014990568161 0.295855849981308 -0.032827138900756836 -0.09130239486694336 0.29996299743652344 -0.032791025936603546 -0.08500055968761444 0.2996734082698822 -0.032999906688928604 -0.08500014990568161 0.30355104804039 -0.03299267590045929 -0.0902242660522461 0.30400848388671875 -0.032902203500270844 -0.08500015735626221 0.30613791942596436 -0.03237259387969971 -0.0850011557340622 0.31015682220458984 -0.03233218193054199 -0.08852815628051758 0.3103675842285156 -0.03285221382975578 -0.0895017459988594 0.30671894550323486 -0.030967235565185547 -0.08500039577484131 0.31507205963134766 -0.028789520263671875 -0.08499965816736221 0.31978416442871094 -0.028852462768554688 -0.08603668212890625 0.31964111328125 -0.030811309814453125 -0.08718204498291016 0.3154144287109375 -0.026830673217773438 -0.08527994155883789 0.3228263854980469 -0.02673766389489174 -0.08500015735626221 0.32294145226478577 -0.02554524689912796 -0.08507877588272095 0.3244859278202057 -0.025139303877949715 -0.08500015735626221 0.3249777853488922 -0.025276154279708862 -0.085049569606781 0.3248158097267151 -0.024322509765625 -0.08500158786773682 0.3258819580078125 0.02544116973876953 -0.08502763509750366 0.32465076446533203 -0.029387615621089935 -0.08500014245510101 0.2885877788066864 -0.028120456263422966 -0.0930001363158226 0.2863304018974304 -0.028120461851358414 -0.08500013500452042 0.2863304018974304 -0.02605438232421875 -0.09299928694963455 0.2833080291748047 -0.02668026089668274 -0.08500013500452042 0.28417930006980896 -0.02507587894797325 -0.08500013500452042 0.28214770555496216 -0.023317180573940277 -0.093000128865242 0.28024813532829285 -0.023317186161875725 -0.08500012755393982 0.28024813532829285 -0.021414998918771744 -0.093000128865242 0.2784922420978546 -0.02141500450670719 -0.08500012755393982 0.2784922420978546 -0.01938103698194027 -0.093000128865242 0.2768908739089966 -0.019381042569875717 -0.08500012755393982 0.2768908739089966 -0.017227808013558388 -0.093000128865242 0.2754538655281067 -0.016204833984375 -0.0849999487400055 0.27484130859375 -0.012942314147949219 -0.09300012141466141 0.27317333221435547 -0.012617210857570171 -0.08500012010335922 0.27310723066329956 -0.010188210755586624 -0.08500012010335922 0.27221202850341797 -0.00769650936126709 -0.09300011396408081 0.2715100049972534 -0.006214141845703125 -0.08500004559755325 0.2711663246154785 -0.005157451145350933 -0.09300011396408081 0.27100545167922974 -0.002586654620245099 -0.09300011396408081 0.27070146799087524 -0.0025866597425192595 -0.08500011265277863 0.27070146799087524 5.949755177425686E-08 -0.09300011396408081 0.27059993147850037 0.002627134323120117 -0.0850001648068428 0.2706470787525177 0.00258677382953465 -0.09300010651350021 0.27070146799087524 0.007396697998046875 -0.09300016611814499 0.27137279510498047 0.00769662344828248 -0.08500010520219803 0.2715100049972534 0.01018831878900528 -0.08500010520219803 0.27221202850341797 0.013431549072265625 -0.09300058335065842 0.27342796325683594 0.012617318890988827 -0.08500010520219803 0.27310723066329956 0.01496867649257183 -0.08500010520219803 0.2741900682449341 0.01722792722284794 -0.09300010651350021 0.2754538655281067 0.01722792163491249 -0.08500010520219803 0.2754538655281067 0.01938115619122982 -0.09300010651350021 0.2768908739089966 0.019381150603294373 -0.08500010520219803 0.2768908739089966 0.021415118128061295 -0.09300009906291962 0.2784922420978546 0.021415112540125847 -0.08500009775161743 0.2784922420978546 0.023317299783229828 -0.09300009906291962 0.28024813532829285 0.02331729419529438 -0.08500009775161743 0.28024813532829285 0.025775909423828125 -0.09299981594085693 0.28295326232910156 0.02605724334716797 -0.08500009775161743 0.2833118438720703 0.028120575472712517 -0.09300010651350021 0.2863304018974304 0.02812056988477707 -0.08500010520219803 0.2863304018974304 0.02938772924244404 -0.09300010651350021 0.2885877788066864 -0.03344917297363281 -0.09278059005737305 0.29418420791625977 -0.032969892024993896 -0.09298257529735565 0.2918279767036438 -0.03692564368247986 -0.03889662027359009 0.09508490562438965 -0.03666579723358154 -0.03917019069194794 0.09496510028839111 -0.03604269027709961 -0.03883117437362671 0.09437334537506104 -0.03708178550004959 -0.039401888847351074 0.09568095207214355 -0.037152647972106934 -0.03890984505414963 0.09537072479724884 -0.03744581341743469 -0.039248742163181305 0.09634491801261902 -0.03404170647263527 -0.04584294930100441 0.10486665368080139 -0.03617069497704506 -0.041445933282375336 0.09658807516098022 -0.03747637942433357 -0.039329953491687775 0.09715791046619415 -0.03484218567609787 -0.043454647064208984 0.09664955735206604 -0.03343062847852707 -0.04598180204629898 0.1003594845533371 -0.032467663288116455 -0.04646557569503784 0.0962364673614502 -0.029725302010774612 -0.050291307270526886 0.09947735071182251 -0.02909672260284424 -0.050184011459350586 0.0964667797088623 -0.03079092875123024 -0.0484488345682621 0.09659546613693237 -0.027771849185228348 -0.05285414680838585 0.10168322920799255 -0.0276411771774292 -0.05147278308868408 0.096199631690979 -0.025169700384140015 -0.05353778600692749 0.09618443250656128 -0.02520524337887764 -0.05601390451192856 0.1044233962893486 -0.020969446748495102 -0.05641994625329971 0.0961492732167244 -0.023054182529449463 -0.05509437620639801 0.09618321061134338 -0.019785311073064804 -0.06097927317023277 0.10732243955135345 -0.017734766006469727 -0.06005802005529404 0.1012965589761734 -0.019066572189331055 -0.05739465355873108 0.09582573175430298 -0.015659991651773453 -0.06123010441660881 0.10171681642532349 -0.017167333513498306 -0.058391183614730835 0.09592331945896149 -0.01511150598526001 -0.0591849610209465 0.09557466208934784 -0.012808140367269516 -0.061500415205955505 0.09936487674713135 -0.013417923822999 -0.059981416910886765 0.09597232192754745 -0.011874232441186905 -0.06021907925605774 0.095345139503479 -0.010062485001981258 -0.0627584159374237 0.10039199888706207 -0.00919252634048462 -0.06112110614776611 0.09562927484512329 -0.007676857523620129 -0.0637441948056221 0.10143773257732391 -0.006417572498321533 -0.06170383840799332 0.09564900398254395 3.940076567232609E-07 -0.06213492155075073 0.09546256065368652 -0.0031339675188064575 -0.062186628580093384 0.09580689668655396 -0.0010140667436644435 -0.06450313329696655 0.10136622190475464 -0.029492273926734924 -0.051462575793266296 0.10319200158119202 -0.023067165166139603 -0.06142887845635414 0.11597788333892822 -0.02269822731614113 -0.05982515588402748 0.11003592610359192 -0.023271050304174423 -0.06203800439834595 0.11844159662723541 -0.032531820237636566 -0.048516348004341125 0.10734109580516815 -0.027954045683145523 -0.05639375001192093 0.11533144861459732 -0.02583918534219265 -0.06017620116472244 0.12035311758518219 -0.026498712599277496 -0.05723506584763527 0.11267100274562836 -0.030711142346262932 -0.0532633401453495 0.11738191545009613 -0.03104073740541935 -0.05096389725804329 0.10906773060560226 -0.02933969721198082 -0.054674576967954636 0.11525937914848328 -0.028881624341011047 -0.05736758932471275 0.12340287119150162 -0.004347475245594978 -0.06847624480724335 0.11242926120758057 -0.005117620341479778 -0.06588135659694672 0.10578258335590363 -0.006136687006801367 -0.06781606376171112 0.11138687282800674 -0.002678266493603587 -0.06769762188196182 0.10989154875278473 -0.012782318517565727 -0.06783142685890198 0.11666495352983475 -0.011301752179861069 -0.06619781255722046 0.11060762405395508 -0.013489549979567528 -0.06376391649246216 0.1061151921749115 -0.016699835658073425 -0.06408512592315674 0.11117984354496002 -0.014194497838616371 -0.06583075225353241 0.11269205808639526 -0.029970798641443253 -0.05156191810965538 0.10584699362516403 -0.009272554889321327 -0.06591422110795975 0.10816140472888947 -0.008242841809988022 -0.0677415281534195 0.11237118393182755 -0.003275688737630844 -0.06525012850761414 0.10359185189008713 1.6391277313232422E-07 -0.0686492919921875 0.11211395263671875 -0.019107360392808914 -0.06526870280504227 0.11874087899923325 -0.029483288526535034 0.029886962845921516 0.114633709192276 -0.02826312556862831 0.03131730109453201 0.11413061618804932 -0.027951888740062714 0.031058810651302338 0.11513679474592209 0.04084300994873047 0.008720993995666504 0.11521530151367188 0.040309906005859375 0.008604049682617188 0.11605072021484375 0.03995466232299805 0.011759161949157715 0.11543750762939453 -0.04046739265322685 0.010409055277705193 0.1151367798447609 -0.04087578505277634 0.008727451786398888 0.11510291695594788 -0.041451454162597656 0.008849382400512695 0.11370086669921875 -0.0405421257019043 0.00865638256072998 0.11576414108276367 -0.04071342945098877 0.008692800998687744 0.11543464660644531 -0.04124230146408081 0.005786895751953125 0.11555248498916626 -0.03922295570373535 0.012228727340698242 0.11625123023986816 -0.039533138275146484 0.00844109058380127 0.11687707901000977 -0.03985786437988281 0.008508682250976562 0.11655998229980469 -0.04015064239501953 0.008572578430175781 0.11626052856445312 -0.03914451599121094 0.008358001708984375 0.11716651916503906 -0.03965368866920471 0.0076158419251441956 0.11689877510070801 -0.03809499740600586 0.011801719665527344 0.11728405952453613 -0.038730017840862274 0.008269316516816616 0.1174193024635315 -0.03743767738342285 0.011877775192260742 0.11760604381561279 -0.0387115478515625 0.008265018463134766 0.11742353439331055 -0.02952512912452221 0.02324824593961239 0.11798933148384094 0.00548953004181385 0.03718765825033188 0.11798934638500214 0.03922271728515625 0.008375048637390137 0.11710834503173828 0.03884778916835785 0.005696296691894531 0.11769258975982666 0.038103580474853516 0.01142740249633789 0.11734962463378906 0.039568424224853516 0.010614633560180664 0.11635494232177734 0.040154505521059036 0.008573508821427822 0.11624598503112793 0.039766788482666016 0.008489847183227539 0.1166844367980957 0.04047708958387375 0.011607159860432148 0.11429883539676666 0.03965258225798607 0.014395106583833694 0.11413060873746872 0.03925895690917969 0.014307083562016487 0.11513678729534149 0.03828096389770508 0.016826629638671875 0.11513137817382812 0.03446757048368454 0.02431170456111431 0.11413061618804932 0.03489808365702629 0.02309604547917843 0.11497016996145248 0.0335078164935112 0.025083130225539207 0.11497016996145248 0.03198487311601639 0.02704066038131714 0.11488686501979828 0.03263692185282707 0.02690904028713703 0.11379414796829224 0.026344699785113335 0.03256668522953987 0.11488686501979828 0.02796137146651745 0.03141123056411743 0.1144670844078064 0.02795184776186943 0.031058846041560173 0.11513679474592209 0.02948557585477829 0.029707539826631546 0.11497017741203308 0.02928716316819191 0.03035471960902214 0.11413061618804932 0.021389134228229523 0.03589516133069992 0.11513679474592209 0.023114509880542755 0.03530173748731613 0.11408856511116028 0.02311650663614273 0.034807827323675156 0.11513679474592209 0.02477968856692314 0.03377460688352585 0.11488686501979828 0.0190165713429451 0.037129878997802734 0.11536741256713867 0.01642908714711666 0.038851216435432434 0.11413062363862991 0.015917876735329628 0.03863390535116196 0.11513680219650269 0.013106226921081543 0.039813995361328125 0.11485958099365234 0.010178804397583008 0.040387868881225586 0.11541509628295898 0.00896310806274414 0.04104042053222656 0.11462020874023438 0.0057503581047058105 0.0413355827331543 0.11531925201416016 -0.015683360397815704 0.039159178733825684 0.11413062363862991 -0.015560594387352467 0.03884755074977875 0.11497017741203308 -0.017611052840948105 0.0380045622587204 0.11488686501979828 -0.019463717937469482 0.03687334060668945 0.11532068252563477 -0.021306445822119713 0.035756293684244156 0.11542706191539764 -0.02202574536204338 0.03597402572631836 0.11413062363862991 -0.023467417806386948 0.03485311195254326 0.1145503968000412 -0.02640182338654995 0.032386746257543564 0.11513679474592209 -0.0266389362514019 0.0327010415494442 0.11413061618804932 -0.024831172078847885 0.033694952726364136 0.11497017741203308 -0.031060654670000076 0.028543569147586823 0.11413061618804932 -0.030848383903503418 0.02818395011126995 0.11513679474592209 -0.03221893310546875 0.026816360652446747 0.11480193585157394 -0.03356919437646866 0.025543615221977234 0.11413061618804932 -0.033450618386268616 0.025040246546268463 0.11513678729534149 -0.03460909053683281 0.023534521460533142 0.11497016996145248 -0.03864407539367676 0.015406131744384766 0.11550617218017578 -0.03995692729949951 0.01244058646261692 0.11497016251087189 -0.03939330577850342 0.01435598824173212 0.11480354517698288 -0.03857935965061188 0.016234848648309708 0.11497016251087189 -0.039173804223537445 0.015636425465345383 0.11413060873746872 -0.03733420372009277 0.018799632787704468 0.11519551277160645 -0.03566312789916992 0.020762145519256592 0.1160593032836914 -0.03569839894771576 0.021845543757081032 0.11497016996145248 -0.03377871960401535 0.024021275341510773 0.11571730673313141 -0.03178584575653076 0.026311082765460014 0.11598357558250427 -0.029908642172813416 0.028696630150079727 0.115717314183712 -0.027735654264688492 0.03081854060292244 0.115717314183712 -0.026072043925523758 0.03198220953345299 0.11598358303308487 -0.02376735955476761 0.03395785391330719 0.1157173216342926 -0.01672138273715973 0.03792648762464523 0.1157173216342926 -0.011970877647399902 0.03962898254394531 0.11585855484008789 -0.013722792267799377 0.03957311809062958 0.11488686501979828 -0.01107931137084961 0.04032468795776367 0.11507701873779297 -0.007625102996826172 0.04106402397155762 0.11524748802185059 -0.002024737885221839 0.04141194373369217 0.1157173216342926 -0.005382537841796875 0.041393399238586426 0.11530447006225586 -0.0021004676818847656 0.041806697845458984 0.11498451232910156 0.001143336296081543 0.04168581962585449 0.1153562068939209 0.008050575852394104 0.040672313421964645 0.1157173216342926 0.012941824272274971 0.03937680274248123 0.1157173216342926 0.01579473726451397 0.03833503648638725 0.1157173216342926 0.02122366987168789 0.03561747819185257 0.1157173216342926 0.023322582244873047 0.03403846174478531 0.11597967147827148 0.025397248566150665 0.032756730914115906 0.115717314183712 0.028471559286117554 0.030122976750135422 0.115717314183712 0.030155420303344727 0.028284549713134766 0.11587667465209961 0.030774468556046486 0.028364213183522224 0.11497017741203308 0.03273606300354004 0.02518784999847412 0.1159975528717041 0.034365564584732056 0.023196058347821236 0.11571730673313141 0.035960882902145386 0.020611615851521492 0.11571730673313141 0.03636457771062851 0.020664915442466736 0.11501182615756989 0.03720543533563614 0.017842892557382584 0.11598357558250427 0.03760712966322899 0.018505165353417397 0.11480193585157394 0.03803238272666931 0.01600472815334797 0.11598357558250427 0.03895524889230728 0.014196403324604034 0.11571730673313141 -0.040459223091602325 0.008638517931103706 0.11584886163473129 -0.03757619857788086 0.016331195831298828 0.11637639999389648 -0.03345498442649841 0.023791056126356125 0.11624984443187714 -0.03031637892127037 0.02769789658486843 0.11624984443187714 -0.028244495391845703 0.029589176177978516 0.11645650863647461 -0.023539574816823006 0.03363240510225296 0.11624985188245773 -0.021020306274294853 0.03527609631419182 0.11624985188245773 -0.01721477508544922 0.03709077835083008 0.11648368835449219 -0.014707028865814209 0.0383269302546978 0.11624985188245773 -0.009786248207092285 0.03969597816467285 0.11650323867797852 -0.005996817722916603 0.04062381386756897 0.11624985933303833 -0.003360748291015625 0.04050648212432861 0.11674511432647705 -2.6181975698591486E-08 0.04106404632329941 0.11624985933303833 0.003635406494140625 0.04066038131713867 0.11655569076538086 0.006985092535614967 0.040453165769577026 0.11624985933303833 0.00993104837834835 0.03984507918357849 0.11624985933303833 0.0118649797514081 0.03931257128715515 0.11624985933303833 0.014706980437040329 0.03832694888114929 0.11624985188245773 0.018326234072446823 0.03660440072417259 0.11636863648891449 0.02102026157081127 0.03527612239122391 0.11624985188245773 0.026708129793405533 0.031175728887319565 0.11624984443187714 0.03457684814929962 0.022128988057374954 0.11624984443187714 0.03611497953534126 0.01954391971230507 0.11624984443187714 0.03858190402388573 0.014060345478355885 0.11624983698129654 -0.0381455272436142 0.013901262544095516 0.11672498285770416 -0.03545999526977539 0.019186988472938538 0.11699032783508301 -0.033076584339141846 0.02352195978164673 0.11672498285770416 -0.03062424063682556 0.02663641795516014 0.11672499030828476 -0.026406079530715942 0.03082307241857052 0.11672499030828476 -0.023273322731256485 0.03325199335813522 0.11672499775886536 -0.020782550796866417 0.034877095371484756 0.11672499775886536 -0.013614892028272152 0.03824866935610771 0.11672499775886536 -0.007227897644042969 0.03964710235595703 0.11698722839355469 0.0006237030029296875 0.04029417037963867 0.11699342727661133 0.007883233949542046 0.039826881140470505 0.11672499775886536 0.009818720631301403 0.039394401013851166 0.11672499775886536 0.011730777099728584 0.03886791318655014 0.11672499775886536 0.01454063318669796 0.03789343684911728 0.11672499775886536 0.0175933837890625 0.03586232662200928 0.11722564697265625 0.020782506093382835 0.034877121448516846 0.11672499775886536 0.024033308029174805 0.032747745513916016 0.116729736328125 0.0278797410428524 0.029496829956769943 0.11672499030828476 0.030105631798505783 0.026834044605493546 0.11692966520786285 0.03250188007950783 0.024330107495188713 0.11672498285770416 0.03401637077331543 0.021780014038085938 0.11691927909851074 0.03570649027824402 0.019322862848639488 0.11672498285770416 0.036607492715120316 0.01755613274872303 0.11672498285770416 0.037659645080566406 0.014679908752441406 0.11693143844604492 0.039734840393066406 0.00848388671875 0.11670684814453125 -0.03647676855325699 0.015873275697231293 0.11730252206325531 -0.03321745991706848 0.02242105081677437 0.11713434755802155 -0.031853556632995605 0.023844730108976364 0.11730252206325531 -0.030871840193867683 0.02555450052022934 0.11713434755802155 -0.028873920440673828 0.027402639389038086 0.11728978157043457 -0.027026653289794922 0.029056787490844727 0.11737060546875 -0.02270185947418213 0.03265523910522461 0.11737644672393799 -0.017933659255504608 0.035826366394758224 0.11713435500860214 -0.015267091803252697 0.037054263055324554 0.11713436245918274 -0.012061357498168945 0.037764787673950195 0.1174323558807373 0.004810333251953125 0.03966093063354492 0.11723494529724121 0.00873687956482172 0.03910002112388611 0.11713436245918274 0.012340068817138672 0.03799772262573242 0.11723828315734863 0.015651702880859375 0.036602020263671875 0.11733317375183105 0.021342970430850983 0.033906079828739166 0.11713435500860214 0.025700807571411133 0.030610084533691406 0.11726737022399902 0.03188610076904297 0.02390342950820923 0.11729931831359863 0.03475944697856903 0.019922994077205658 0.11713434755802155 0.03653717041015625 0.016437161713838577 0.11713434755802155 -0.034325361251831055 0.018195629119873047 0.11777371168136597 -0.0327754020690918 0.021511077880859375 0.11761307716369629 -0.030047178268432617 0.025051593780517578 0.1176605224609375 -0.015814950689673424 0.03585202991962433 0.11759940534830093 -0.0076703960075974464 0.03875134512782097 0.11747071146965027 -0.005768876057118177 0.039079684764146805 0.11747071146965027 -0.00057220458984375 0.0392146110534668 0.11765217781066895 0.007500886917114258 0.03852701187133789 0.1176140308380127 0.02197265625 0.03247833251953125 0.11763882637023926 0.027648448944091797 0.0280303955078125 0.11757850646972656 0.033675193786621094 0.0193939208984375 0.11776578426361084 0.03579557687044144 0.01663189008831978 0.11747069656848907 -0.03555045649409294 0.014960232190787792 0.1178150475025177 -0.031023025512695312 0.02252674102783203 0.1178935170173645 -0.027396544814109802 0.02760271355509758 0.1177280992269516 -0.019482064992189407 0.03362215310335159 0.1177280992269516 -0.016834938898682594 0.03469245135784149 0.1178150624036789 -0.008842289447784424 0.03740048408508301 0.11788523197174072 -0.003957271575927734 0.03850412368774414 0.11780226230621338 0.0004669389745686203 0.038398243486881256 0.11785853654146194 0.01326608657836914 0.03631019592285156 0.11783730983734131 0.01825246959924698 0.03434133902192116 0.1177281066775322 0.01990770734846592 0.033409032970666885 0.1177280992269516 0.021515440195798874 0.032397009432315826 0.1177280992269516 0.025801386684179306 0.02866934984922409 0.1178150475025177 -0.02759157493710518 0.026473456993699074 0.1179020032286644 0.0226913895457983 0.030791431665420532 0.117902010679245 0.039278544485569 0.00838648434728384 0.11707334220409393 0.041222333908081055 0.006497025489807129 0.11528229713439941 0.0401463508605957 0.008571743965148926 0.11628055572509766 0.038413166999816895 -3.3855438232421875E-05 0.1189267635345459 0.0391993522644043 -0.0032062530517578125 0.11937332153320312 0.04087257385253906 -0.0009307861328125 0.11713790893554688 0.03980445861816406 -0.0043239593505859375 0.11894559860229492 0.040081024169921875 -0.001506805419921875 0.11819839477539062 0.04088425636291504 -0.002789020538330078 0.1171879768371582 0.0405888557434082 0.008666396141052246 0.11565208435058594 0.04081237316131592 0.008713968098163605 0.11524425446987152 0.03945302963256836 0.0038590431213378906 0.11764168739318848 0.03971290588378906 0.000514984130859375 0.11807918548583984 0.038299560546875 0.003914833068847656 0.11809778213500977 0.04043269157409668 0.0028482575435191393 0.11706593632698059 0.03925613686442375 8.373590389965102E-05 0.11849887669086456 0.04044458270072937 0.00035800383193418384 0.11749470233917236 0.04074668884277344 0.000812530517578125 0.11710166931152344 0.04080700874328613 0.006363391876220703 0.11598825454711914 0.04138743877410889 0.003991365432739258 0.11568355560302734 0.040299415588378906 0.00521087646484375 0.11678409576416016 0.041333675384521484 -0.0008983612060546875 0.1163177490234375 0.041570425033569336 0.0012450218200683594 0.11568689346313477 0.04074646532535553 0.004143872298300266 0.11651512235403061 -0.040460456162691116 0.00863877683877945 0.115850068628788 -0.03746479004621506 0.006747686769813299 0.11795734614133835 -0.040947914123535156 0.008742570877075195 0.11495780944824219 -0.04079246520996094 -0.0009613037109375 0.11724090576171875 -0.03978729248046875 -0.003662109375 0.11890411376953125 -0.041121482849121094 -0.002117156982421875 0.11676216125488281 -0.0394747257232666 -0.0012645721435546875 0.11866521835327148 -0.03817176818847656 -0.00232696533203125 0.11978530883789062 -0.03878974914550781 -0.00385284423828125 0.11990547180175781 -0.03898286819458008 0.0025568008422851562 0.11808633804321289 -0.039949700236320496 0.0038939681835472584 0.11729294061660767 -0.040567994117736816 0.00385284423828125 0.11676788330078125 -0.04052337259054184 0.0010128208668902516 0.11729343980550766 -0.04028146713972092 0.0029335448052734137 0.11720050126314163 -0.03980588912963867 0.0009517669677734375 0.11793756484985352 -0.04148709774017334 0.001800537109375 0.11590838432312012 -0.04054213687777519 -5.7680997997522354E-05 0.11745339632034302 -0.03877878189086914 0.00025463104248046875 0.11871147155761719 -0.03986358642578125 0.008511066436767578 0.11657333374023438 -0.040413305163383484 0.0071482048369944096 0.11629151552915573 -0.04030146822333336 0.0063843620009720325 0.11656855046749115 -0.03876534104347229 0.00039079622365534306 0.1186818927526474 0.03168577700853348 -0.02915455400943756 0.14917898178100586 0.031197737902402878 -0.03237368166446686 0.15349739789962769 0.030491948127746582 -0.033014290034770966 0.15586110949516296 0.02699197083711624 -0.0638439804315567 0.22561591863632202 0.027378030121326447 -0.06585805863142014 0.23249298334121704 0.02635139226913452 -0.06513955444097519 0.23273716866970062 0.029852043837308884 -0.04459024965763092 0.17013102769851685 0.0296770092099905 -0.04448927193880081 0.17142197489738464 0.030478917062282562 -0.040334366261959076 0.1630936861038208 0.03298984840512276 -0.02673567831516266 0.14370682835578918 0.033710479736328125 -0.024929046630859375 0.14025115966796875 0.03272533416748047 -0.02873992919921875 0.14565658569335938 0.03161906078457832 -0.022758692502975464 0.14257290959358215 0.03474206477403641 -0.01658182218670845 0.13271741569042206 0.02971736527979374 -0.07283520698547363 0.24329286813735962 0.03035867214202881 -0.07349386811256409 0.2502780556678772 0.030106179416179657 -0.07257084548473358 0.2480165660381317 0.029548343271017075 -0.07150677591562271 0.2408754676580429 0.029076213017106056 -0.07036178559064865 0.23374295234680176 0.02907072752714157 -0.06957639008760452 0.2339145392179489 0.02876633033156395 -0.0685608983039856 0.22755569219589233 0.028698893263936043 -0.06748808920383453 0.22700054943561554 0.02850283309817314 -0.06629978120326996 0.2198784053325653 0.02848431095480919 -0.06552696228027344 0.22003985941410065 0.028370169922709465 -0.06396156549453735 0.21287095546722412 0.028292518109083176 -0.06257122755050659 0.21213121712207794 0.028354212641716003 -0.0604340136051178 0.20323681831359863 0.02834569290280342 -0.060971759259700775 0.20629605650901794 0.028459273278713226 -0.05738793686032295 0.19703812897205353 0.03142999857664108 -0.07619777321815491 0.26036685705184937 0.031115224584937096 -0.07490171492099762 0.2573366165161133 0.030458029359579086 -0.07467399537563324 0.25157514214515686 0.026670901104807854 -0.05126480385661125 0.192043736577034 0.027038853615522385 -0.04943443834781647 0.18762974441051483 0.027378886938095093 -0.050794944167137146 0.18965545296669006 0.028106536716222763 -0.04939211905002594 0.18504777550697327 0.027810772880911827 -0.052389584481716156 0.19158563017845154 0.02845744974911213 -0.04997061565518379 0.1847895085811615 0.026333536952733994 -0.05303741246461868 0.19648224115371704 0.02674480341374874 -0.05427800118923187 0.19856733083724976 0.02730109915137291 -0.0552910752594471 0.1994590163230896 0.02766714245080948 -0.054286517202854156 0.19598998129367828 0.025838259607553482 -0.05462992191314697 0.20098960399627686 0.0278148353099823 -0.056491509079933167 0.20027649402618408 0.025955229997634888 -0.05133981257677078 0.19329367578029633 0.02537413313984871 -0.05618308112025261 0.20551183819770813 0.02575957030057907 -0.057614706456661224 0.20880773663520813 0.02653871849179268 -0.05685564875602722 0.20526506006717682 0.027059411630034447 -0.05731205642223358 0.20509539544582367 0.02734847366809845 -0.05849801003932953 0.20720916986465454 0.026519153267145157 -0.05851643159985542 0.2097523957490921 0.026628203690052032 -0.06017645448446274 0.2142390012741089 0.027399860322475433 -0.061664097011089325 0.21625354886054993 0.026614170521497726 -0.061599280685186386 0.21880874037742615 0.0258488729596138 -0.06111237406730652 0.2189812958240509 0.02577832341194153 -0.05961041897535324 0.2144412100315094 0.027620097622275352 -0.059699688106775284 0.20932389795780182 0.02973639778792858 -0.07129493355751038 0.25076574087142944 0.029655370861291885 -0.0712345540523529 0.25323522090911865 0.02899157628417015 -0.06963422894477844 0.24380722641944885 0.0283789224922657 -0.06817866861820221 0.23926188051700592 0.02860732190310955 -0.06821507215499878 0.2367689460515976 0.02808452770113945 -0.06663402915000916 0.23225037753582 0.027952013537287712 -0.06441763043403625 0.2229137122631073 0.027866670861840248 -0.06536933779716492 0.22763532400131226 0.02749229222536087 -0.06433001905679703 0.22545501589775085 0.027833210304379463 -0.06299036741256714 0.21833595633506775 0.029650866985321045 -0.07153743505477905 0.2587161064147949 0.028839822858572006 -0.07039732486009598 0.253473699092865 0.028249161317944527 -0.06872672587633133 0.24406740069389343 0.027471287176012993 -0.0668901801109314 0.23716774582862854 0.030549025163054466 -0.07264076173305511 0.2602258324623108 0.02662092074751854 -0.06632205098867416 0.23736189305782318 0.025966977700591087 -0.06253545731306076 0.22354459762573242 0.02644120529294014 -0.06343045830726624 0.2257574051618576 0.028281081467866898 -0.07000159472227097 0.2536051869392395 0.02771006152033806 -0.06867168843746185 0.24657844007015228 0.029200023040175438 -0.07131608575582504 0.26059895753860474 0.027334116399288177 -0.06764838099479675 0.2419224977493286 0.03876495361328125 -0.008991241455078125 0.12149429321289062 0.03692817687988281 -0.01184844970703125 0.1260986328125 0.037697553634643555 -0.009251115843653679 0.12344780564308167 0.036614879965782166 -0.01096438243985176 0.12601226568222046 0.03725121170282364 -0.00873970054090023 0.12373605370521545 0.036389898508787155 -0.009711426682770252 0.1253834068775177 0.03707122802734375 -0.008052825927734375 0.12347030639648438 0.037021420896053314 -0.008739423006772995 0.1240021288394928 0.032927513122558594 -0.02276134490966797 0.14083290100097656 0.03177157789468765 -0.02579425275325775 0.14563699066638947 0.03066982328891754 -0.03492002189159393 0.1575336456298828 0.02870367467403412 -0.037200525403022766 0.16438262164592743 0.029285043478012085 -0.03806073218584061 0.16463294625282288 0.029997527599334717 -0.038258351385593414 0.16319064795970917 0.028728391975164413 -0.04662187397480011 0.17841015756130219 0.028141018003225327 -0.047036632895469666 0.18085569143295288 0.027249479666352272 -0.040827468037605286 0.17185480892658234 0.027697257697582245 -0.042338743805885315 0.17379936575889587 0.02869921177625656 -0.041256725788116455 0.1703680157661438 0.029501887038350105 -0.04089069366455078 0.1678832769393921 0.034988924860954285 -0.011064732447266579 0.12780873477458954 0.03652071952819824 -0.00790986604988575 0.12386879324913025 0.036218900233507156 -0.008117565885186195 0.12424729764461517 0.03532639890909195 -0.009429403580725193 0.12607057392597198 0.03465791046619415 -0.015038330107927322 0.13158512115478516 0.03332461416721344 -0.016274385154247284 0.1341475546360016 0.034277141094207764 -0.01380368135869503 0.13090598583221436 0.03588956966996193 -0.013840572908520699 0.12897326052188873 0.03191816806793213 -0.018226925283670425 0.1373070478439331 0.03327863663434982 -0.01889428123831749 0.1367265284061432 0.03244437649846077 -0.018727440387010574 0.13742882013320923 0.03133575618267059 -0.0213742908090353 0.14127689599990845 0.03234821557998657 -0.020355122163891792 0.1392214000225067 0.032444924116134644 -0.025707781314849854 0.14433661103248596 0.03143063560128212 -0.02797010727226734 0.14848308265209198 0.03095383569598198 -0.02790645882487297 0.14918163418769836 0.02985675446689129 -0.030896369367837906 0.15427391231060028 0.029483314603567123 -0.03064628317952156 0.15438546240329742 0.027768747881054878 -0.04424724727869034 0.1768651306629181 0.02878621220588684 -0.04404807835817337 0.17433010041713715 0.026775190606713295 -0.0447770431637764 0.17922410368919373 0.02766254171729088 -0.046545226126909256 0.1810721904039383 0.029752731323242188 -0.029056549072265625 0.15201568603515625 0.0270849596709013 -0.04724786803126335 0.18336611986160278 0.026506997644901276 -0.04689931869506836 0.18350443243980408 0.03255242109298706 -0.026579182595014572 0.1448521614074707 0.030024942010641098 -0.032527752220630646 0.15611106157302856 0.02898663468658924 -0.034616947174072266 0.16035638749599457 0.03881263732910156 -0.00958251953125 0.12154674530029297 0.03548742085695267 -0.011421211063861847 0.12766844034194946 0.0309507567435503 -0.07370992749929428 0.2575543224811554 0.029964594170451164 -0.0718996673822403 0.24816575646400452 0.029433846473693848 -0.0706171989440918 0.24108721315860748 0.02911219373345375 -0.0695095807313919 0.23889434337615967 0.02870527096092701 -0.06757187843322754 0.2294791340827942 0.028331801295280457 -0.06476142257452011 0.22028180956840515 0.028221698477864265 -0.059799857437610626 0.20544525980949402 0.028360426425933838 -0.05626267194747925 0.19648142158985138 0.028840797021985054 -0.05260602384805679 0.1859283149242401 0.02855023555457592 -0.05400692671537399 0.1908946931362152 0.028757743537425995 -0.05068349465727806 0.18446576595306396 0.02922126278281212 -0.04878820478916168 0.1786275953054428 0.029357772320508957 -0.04673142731189728 0.175681471824646 0.029993446543812752 -0.04197324812412262 0.1673172414302826 0.03082268312573433 -0.03782893344759941 0.15954962372779846 0.030782554298639297 -0.03693845123052597 0.15913748741149902 0.03153514862060547 -0.03404998779296875 0.15370941162109375 0.032124608755111694 -0.03053022176027298 0.14904817938804626 0.030668575316667557 -0.07291801273822784 0.25772079825401306 0.029518775641918182 -0.07076626271009445 0.24598053097724915 0.028549011796712875 -0.0674455538392067 0.2320110946893692 0.02833080291748047 -0.06617829948663712 0.22738684713840485 0.028102770447731018 -0.06285832822322845 0.2158479392528534 0.027911901473999023 -0.060996606945991516 0.21140755712985992 0.02812178060412407 -0.05608797073364258 0.19785305857658386 0.027963757514953613 -0.05864141136407852 0.20459622144699097 0.02826777473092079 -0.05317264050245285 0.1912546455860138 0.029174624010920525 -0.046116821467876434 0.17599068582057953 0.02940516173839569 -0.04367927089333534 0.17184048891067505 0.02976883575320244 -0.04137095808982849 0.16763603687286377 0.0314805805683136 -0.03294900059700012 0.15316244959831238 0.03216523677110672 -0.029049202799797058 0.14786335825920105 0.03390023857355118 -0.022645100951194763 0.1386006623506546 0.03464324027299881 -0.021573981270194054 0.13580524921417236 0.03482246398925781 -0.019680023193359375 0.134552001953125 0.03534895181655884 -0.019573887810111046 0.1328721046447754 0.036029815673828125 -0.017446517944335938 0.1302337646484375 0.03131964057683945 -0.07462675869464874 0.25981536507606506 0.029120922088623047 0.023645877838134766 0.0997229814529419 0.031954288482666016 0.02407693862915039 0.09979158639907837 0.03124094009399414 0.020723342895507812 0.09914612770080566 0.034749507904052734 0.019868135452270508 0.09897381067276001 0.033002376556396484 0.01780223846435547 0.09855985641479492 0.0346522331237793 0.014342308044433594 0.09786844253540039 0.03656005859375 0.016229629516601562 0.09824848175048828 0.0376129150390625 0.01360321044921875 0.09772038459777832 0.036078453063964844 0.010217666625976562 0.09704327583312988 0.03847932815551758 0.01092433836311102 0.09718485921621323 0.039408326148986816 0.00698089599609375 0.09639596939086914 0.03986632823944092 -0.0032720565795898438 0.0943455696105957 0.03732103109359741 -0.003772258758544922 0.09425187110900879 0.03999537229537964 0.00011444091796875 0.09502339363098145 0.0375002920627594 -0.000537872314453125 0.09489178657531738 0.03991622105240822 0.002587542636319995 0.09551749378442764 0.03731483221054077 0.0038118362426757812 0.09576225280761719 0.03673839569091797 0.007526397705078125 0.09650611877441406 0.02707982063293457 0.025946617126464844 0.09998378157615662 0.029837846755981445 0.026667356491088867 0.10000519454479218 0.02610016241669655 0.026926297694444656 0.09999985992908478 -0.005369618069380522 0.03966074436903 0.09999998658895493 -0.0014076081570237875 0.03997522592544556 0.10000000894069672 0.02606908790767193 0.030364615842700005 0.09999928623437881 2.399091947324905E-08 -0.03750000149011612 0.09999996423721313 -0.027485907077789307 0.02553415298461914 0.09998022019863129 -0.029597699642181396 0.026926517486572266 0.10000784695148468 -0.0269459281116724 0.02956208772957325 0.10000000894069672 -0.02349301055073738 0.032402608543634415 0.09999991208314896 -0.020150648429989815 0.03455360233783722 0.10000000894069672 0.0030632137786597013 0.03990517556667328 0.10000000894069672 0.007003061939030886 0.039382193237543106 0.10000000894069672 0.015102572739124298 0.03703933581709862 0.10000000894069672 0.019151687622070312 0.035142626613378525 0.10000000894069672 -0.002727487590163946 -0.03740067780017853 0.09999996423721313 -0.005440551321953535 -0.03710323944687843 0.09999996423721313 -0.016178058460354805 0.03660718724131584 0.09999986737966537 -0.01246003620326519 0.03800983354449272 0.10000000894069672 -0.009755735285580158 0.03879208117723465 0.10000000894069672 0.011359737254679203 0.03837661072611809 0.10000000894069672 0.022531047463417053 0.03305074945092201 0.10000000894069672 -0.01969042234122753 -0.031940847635269165 0.09999989718198776 0.002727535553276539 -0.03740067780017853 0.09999996423721313 0.0054405988194048405 -0.037103231996297836 0.09999996423721313 -0.010766000486910343 -0.03592135012149811 0.09999996423721313 -0.008124795742332935 -0.03660925477743149 0.09999996423721313 0.03380550816655159 -0.016282450407743454 0.09999922662973404 0.03108612634241581 -0.021014133468270302 0.09999996423721313 -0.03276976943016052 -0.018278351053595543 0.1000005230307579 -0.015863632783293724 -0.03397933393716812 0.09999996423721313 -0.013350176624953747 -0.035043153911828995 0.09999996423721313 0.015863677486777306 -0.03397931158542633 0.09999996423721313 0.013350221328437328 -0.0350431390106678 0.09999996423721313 0.010766047053039074 -0.035921335220336914 0.09999996423721313 0.008124842308461666 -0.03660924732685089 0.09999996423721313 0.02579440176486969 -0.027250777930021286 0.10000081360340118 0.022848881781101227 -0.02973514050245285 0.09999996423721313 0.02062562108039856 -0.031318265944719315 0.09999996423721313 0.018293099477887154 -0.032735493034124374 0.09999996423721313 0.028748616576194763 -0.024078352376818657 0.09999997168779373 0.03581035137176514 -0.011205735616385937 0.0999998226761818 -0.02402568608522415 -0.02882591262459755 0.10000092536211014 0.036841802299022675 -0.006995100528001785 0.09999997913837433 0.037379443645477295 -0.003081493079662323 0.10000002384185791 0.037482261657714844 0.001153268851339817 0.09999998658895493 0.037299104034900665 0.0038764358032494783 0.09999998658895493 0.03691836819052696 0.00657906848937273 0.09999999403953552 0.03590531274676323 0.010930171236395836 0.10000010579824448 -0.026921134442090988 -0.026105603203177452 0.09999997168779373 -0.028748586773872375 -0.02407838962972164 0.09999997168779373 -0.03042375110089779 -0.021923623979091644 0.09999997168779373 0.034616004675626755 0.014421595260500908 0.09999999403953552 0.032701026648283005 0.018420817330479622 0.09999915212392807 0.029767371714115143 0.022846117615699768 0.10000114887952805 -0.0363420806825161 0.00924680382013321 0.09999999403953552 -0.035081326961517334 0.013318132609128952 0.10000010579824448 -0.0374668687582016 -0.0015760550741106272 0.09999998658895493 -0.037482261657714844 0.0011532208882272243 0.09999998658895493 -0.03714432194828987 0.00532777514308691 0.1000000536441803 -0.03445109724998474 -0.014811201021075249 0.09999997913837433 -0.0359514020383358 -0.010744820348918438 0.10000007599592209 -0.03715169429779053 -0.005297836847603321 0.10000009834766388 -0.03347540646791458 0.016901103779673576 0.09999999403953552 -0.03215746209025383 0.01929112710058689 0.10000000149011612 -0.02996642142534256 0.022570811212062836 0.10000356286764145 -0.029486656188964844 0.023172378540039062 0.09963774681091309 -0.03398704528808594 0.021100997924804688 0.09922266006469727 -0.03158426284790039 0.024566173553466797 0.09986734390258789 -0.037511587142944336 -0.0006055831909179688 0.0948786735534668 -0.037271708250045776 -0.004273891448974609 0.09417146444320679 -0.03996798396110535 -0.0021696090698242188 0.09455132484436035 -0.03117847442626953 0.020834922790527344 0.09916877746582031 -0.032616615295410156 0.018487930297851562 0.09869766235351562 -0.03555870056152344 0.018310546875 0.0986623764038086 -0.03461194038391113 0.014485359191894531 0.09789621829986572 -0.036792755126953125 0.015687942504882812 0.09813833236694336 -0.03992772102355957 0.0022516250610351562 0.09545028209686279 -0.03729367256164551 0.004168987274169922 0.09583401679992676 -0.03949785232543945 0.006356239318847656 0.09627175331115723 -0.036278486251831055 0.009587764739990234 0.09691774845123291 -0.038715481758117676 0.010062694549560547 0.09701251983642578 -0.037817515432834625 0.013032090850174427 0.09760642051696777 -0.027986373752355576 -0.05375545471906662 0.193710595369339 -0.028150904923677444 -0.05179673433303833 0.18926522135734558 -0.027898244559764862 -0.04910959303379059 0.18514202535152435 -0.02756669744849205 -0.060501545667648315 0.21192017197608948 -0.027752067893743515 -0.05831648036837578 0.20496490597724915 -0.027318503707647324 -0.05677560344338417 0.20295360684394836 -0.03571860492229462 -0.0078044310212135315 0.12433616071939468 -0.03661346435546875 -0.01267242431640625 0.1271209716796875 -0.030802302062511444 -0.025038812309503555 0.14602817595005035 -0.03505134582519531 -0.01929473876953125 0.13376617431640625 -0.03407144546508789 -0.023830413818359375 0.13849830627441406 -0.034791313111782074 -0.021373525261878967 0.13520413637161255 -0.035919189453125 -0.017633438110351562 0.13057708740234375 -0.03294944763183594 -0.027027130126953125 0.1439971923828125 -0.03332328796386719 -0.027025088667869568 0.14241790771484375 -0.0326385498046875 -0.02947998046875 0.146331787109375 -0.030713442713022232 -0.03963856399059296 0.16093631088733673 -0.031018471345305443 -0.036753520369529724 0.15783905982971191 -0.030480947345495224 -0.039706483483314514 0.16271963715553284 -0.030036794021725655 -0.04194796085357666 0.16703644394874573 -0.030073774978518486 -0.04338989406824112 0.16747665405273438 -0.02952781692147255 -0.04675900936126709 0.17419102787971497 -0.028492936864495277 -0.05718115717172623 0.1960444152355194 -0.028573568910360336 -0.05650161951780319 0.1928306221961975 -0.02879738062620163 -0.05334610119462013 0.187160462141037 -0.03602232038974762 -0.008282714523375034 0.12454833090305328 -0.035928238183259964 -0.009112839587032795 0.12533864378929138 -0.03665351867675781 -0.0074100494384765625 0.12336921691894531 -0.03664330393075943 -0.00873583648353815 0.12438102066516876 -0.03752899169921875 -0.008544921875 0.12329864501953125 -0.036954447627067566 -0.009861848317086697 0.12485919147729874 -0.038074493408203125 -0.009243011474609375 0.12283706665039062 -0.03375244140625 -0.02316737174987793 0.1393427848815918 -0.0333632230758667 -0.022072792053222656 0.13944530487060547 -0.028374407440423965 -0.042139023542404175 0.1723681092262268 -0.028488829731941223 -0.04682229831814766 0.17952860891819 -0.02879786118865013 -0.043967679142951965 0.1741776168346405 -0.028832728043198586 -0.03988306224346161 0.16809764504432678 -0.029148995876312256 -0.04166845232248306 0.16991373896598816 -0.028238141909241676 -0.03806024044752121 0.16628366708755493 -0.02954387106001377 -0.039296552538871765 0.165693998336792 -0.028683893382549286 -0.035617388784885406 0.16212359070777893 -0.029391825199127197 -0.0361778661608696 0.16186285018920898 -0.02998429164290428 -0.03685284033417702 0.16152051091194153 -0.027235865592956543 -0.048549652099609375 0.1855316162109375 -0.02650991454720497 -0.04687431454658508 0.18345282971858978 -0.026476392522454262 -0.04905033856630325 0.18778309226036072 -0.028053054586052895 -0.045667193830013275 0.17872360348701477 -0.02783903479576111 -0.04107535630464554 0.17152154445648193 -0.02751053497195244 -0.043971724808216095 0.17683014273643494 -0.02693938836455345 -0.043612875044345856 0.17697709798812866 -0.02825475111603737 -0.0339769572019577 0.16022469103336334 -0.029178202152252197 -0.0331047885119915 0.15801019966602325 -0.03023677133023739 -0.03245401382446289 0.15567104518413544 -0.030473118647933006 -0.03433983772993088 0.1573946177959442 -0.027258366346359253 -0.03882187232375145 0.16855594515800476 -0.02875332720577717 -0.029997842386364937 0.15415513515472412 -0.030029915273189545 -0.029744645580649376 0.15258529782295227 -0.031116092577576637 -0.029337823390960693 0.15054216980934143 -0.03138923645019531 -0.029693603515625 0.1503448486328125 -0.03096376359462738 -0.03451358526945114 0.15626367926597595 -0.031913574784994125 -0.029535328969359398 0.1489664763212204 -0.03135775029659271 -0.03504225239157677 0.1550631821155548 -0.03187084197998047 -0.03279876708984375 0.15140533447265625 -0.03302764892578125 -0.02257537841796875 0.14043045043945312 -0.03278613090515137 -0.026262596249580383 0.14401721954345703 -0.03223045915365219 -0.028748463839292526 0.1474219411611557 -0.03222179412841797 -0.023723125457763672 0.14284896850585938 -0.030611705034971237 -0.02690090984106064 0.14842495322227478 -0.0301728006452322 -0.02449699118733406 0.1459021270275116 -0.03134845197200775 -0.022555574774742126 0.14263543486595154 -0.03327402099967003 -0.019259952008724213 0.13707605004310608 -0.033050537109375 -0.01708221435546875 0.13519287109375 -0.03493550419807434 -0.014644192531704903 0.13093556463718414 -0.03401513397693634 -0.016219254583120346 0.1333799958229065 -0.03397057205438614 -0.014345530420541763 0.1317015290260315 -0.03529314696788788 -0.012030753307044506 0.1283755898475647 -0.034382399171590805 -0.011884987354278564 0.129023939371109 -0.03847765922546387 -0.010408401489257812 0.12235832214355469 -0.028864243999123573 -0.06926808506250381 0.24214744567871094 -0.02843642234802246 -0.06870532035827637 0.24230727553367615 -0.029533449560403824 -0.07087042927742004 0.2492111176252365 -0.029124058783054352 -0.07029227912425995 0.24936476349830627 -0.02777818962931633 -0.06726223230361938 0.2377079725265503 -0.028393637388944626 -0.06796922534704208 0.23749537765979767 -0.027146365493535995 -0.06577348709106445 0.23312191665172577 -0.02782311663031578 -0.06641200184822083 0.23291780054569244 -0.028367027640342712 -0.06717576086521149 0.23268795013427734 -0.02887265384197235 -0.0709223598241806 0.258701354265213 -0.02941252291202545 -0.07130497694015503 0.25857555866241455 -0.028216548264026642 -0.06976954638957977 0.2520321309566498 -0.02616380713880062 -0.06340359151363373 0.2262839674949646 -0.027272600680589676 -0.06480605900287628 0.22835710644721985 -0.027887655422091484 -0.06550977379083633 0.22813284397125244 -0.026371581479907036 -0.06289193779230118 0.22390387952327728 -0.026928653940558434 -0.06329625099897385 0.22376447916030884 -0.02742258459329605 -0.06379108130931854 0.22359992563724518 -0.027965858578681946 -0.06455036997795105 0.22335432469844818 -0.027581389993429184 -0.06870218366384506 0.24734830856323242 -0.025753697380423546 -0.06383293867111206 0.22869591414928436 -0.026380889117717743 -0.06528572738170624 0.23329122364521027 -0.026981443166732788 -0.0671340823173523 0.24036169052124023 -0.02775947004556656 -0.06806463748216629 0.24250377714633942 -0.028148015961050987 -0.06908859312534332 0.24721796810626984 -0.029354529455304146 -0.07093976438045502 0.25417202711105347 -0.030509676784276962 -0.07256314903497696 0.2626621723175049 -0.025835156440734863 -0.05469391494989395 0.20114941895008087 -0.025868520140647888 -0.0565115362405777 0.20563636720180511 -0.02617882750928402 -0.05394868180155754 0.19884659349918365 -0.026888087391853333 -0.057235606014728546 0.2053690403699875 -0.0267680361866951 -0.05387316644191742 0.197580486536026 -0.027747856453061104 -0.05543747544288635 0.19826772809028625 -0.027524903416633606 -0.05309941619634628 0.1939779818058014 -0.026148321107029915 -0.06140800192952156 0.21930208802223206 -0.02697436884045601 -0.06202199310064316 0.21908767521381378 -0.027405735105276108 -0.06178152561187744 0.21661034226417542 -0.026345983147621155 -0.05927955359220505 0.2123553454875946 -0.02556782215833664 -0.05883128568530083 0.21251684427261353 -0.03040895238518715 -0.07242068648338318 0.25827452540397644 -0.026871010661125183 -0.058912571519613266 0.20991429686546326 -0.02647775039076805 -0.05116608738899231 0.19214345514774323 -0.027199864387512207 -0.05172513425350189 0.1919213980436325 -0.028772711753845215 -0.06889820098876953 0.22806739807128906 -0.028868604451417923 -0.06870803236961365 0.22973236441612244 -0.029321234673261642 -0.07131266593933105 0.23773834109306335 -0.029700830578804016 -0.07202892005443573 0.24271512031555176 -0.03016190603375435 -0.07415870577096939 0.24859274923801422 -0.03021354228258133 -0.07317039370536804 0.24868905544281006 -0.031176777556538582 -0.07547226548194885 0.25806382298469543 -0.031155314296483994 -0.07480289787054062 0.2577917277812958 -0.030137289315462112 -0.07250039279460907 0.24882996082305908 -0.029228322207927704 -0.07010394334793091 0.23692010343074799 -0.028833821415901184 -0.06826911866664886 0.2298532873392105 -0.02848154865205288 -0.06554639339447021 0.22048962116241455 -0.02841925248503685 -0.06474683433771133 0.2160702794790268 -0.028349027037620544 -0.06458194553852081 0.21317222714424133 -0.028343068435788155 -0.06216331943869591 0.2087746262550354 -0.029362965375185013 -0.04579963535070419 0.17462903261184692 -0.02913808822631836 -0.049587249755859375 0.18013763427734375 -0.028831569477915764 -0.04846467077732086 0.18077081441879272 -0.02873033657670021 -0.05202551186084747 0.18650057911872864 -0.028277968987822533 -0.06351573765277863 0.21602217853069305 -0.028344254940748215 -0.06539244949817657 0.22308915853500366 -0.028519362211227417 -0.06674917787313461 0.22775723040103912 -0.028869247063994408 -0.06846465915441513 0.23232248425483704 -0.029292097315192223 -0.07010336220264435 0.23942604660987854 -0.030195411294698715 -0.07230477035045624 0.2513505816459656 -0.031088590621948242 -0.07400208711624146 0.25848960876464844 -0.0296473428606987 -0.041739702224731445 0.16852158308029175 -0.029155097901821136 -0.04453594982624054 0.17390170693397522 -0.028287511318922043 -0.05436183884739876 0.1934560239315033 -0.0284498929977417 -0.05119634419679642 0.1868736743927002 -0.0280385073274374 -0.05794564634561539 0.20250603556632996 -0.02794639766216278 -0.06040563806891441 0.20937520265579224 -0.028013963252305984 -0.06276556849479675 0.21627478301525116 -0.02846525050699711 -0.0669560432434082 0.23022763431072235 -0.02885853871703148 -0.0687834769487381 0.237266406416893 -0.02958228439092636 -0.07091949135065079 0.24671031534671783 -0.030908554792404175 -0.07333916425704956 0.25944340229034424 -0.03024943917989731 -0.03893167898058891 0.16315162181854248 -0.0284477137029171 -0.05518123507499695 0.19377046823501587 -0.02830665558576584 -0.05780463665723801 0.19994479417800903 -0.028241388499736786 -0.06041545793414116 0.20677964389324188 -0.029192941263318062 -0.06989200413227081 0.2419813871383667 -0.028366070240736008 -0.060199249535799026 0.2032489776611328 -0.037113696336746216 -0.00794057734310627 0.1233615055680275 -0.036853283643722534 -0.004599215462803841 0.12143655866384506 -0.039778709411621094 -0.00655364990234375 0.11921310424804688 -0.03840960934758186 -0.0060518281534314156 0.12107447534799576 -0.03758811950683594 -0.006511688232421875 0.12205123901367188 -0.037281036376953125 -0.005504608154296875 0.12168693542480469 -0.037816278636455536 -0.0036455097142606974 0.12048449367284775 -0.03870391845703125 -0.0068340301513671875 0.12101554870605469 -0.03800980746746063 -0.007260124199092388 0.12205173075199127 -0.03887367248535156 -0.009480476379394531 0.1214137077331543 -0.03928565979003906 -0.0075435638427734375 0.11985397338867188 -0.03969085216522217 -0.005063056945800781 0.11826944351196289 -0.03999848663806915 -0.0011925697326660156 0.11671745777130127 -0.03990285098552704 0.0030927658081054688 0.11601421236991882 -0.03934621810913086 0.0072362422943115234 0.11598235368728638 -0.037972211837768555 0.012631416320800781 0.11493754386901855 -0.03871643543243408 0.010089874267578125 0.11561822891235352 -0.03313636779785156 0.022457122802734375 0.11103367805480957 -0.03660440444946289 0.016130447387695312 0.11354923248291016 -0.03541051223874092 0.01860363781452179 0.1125585287809372 -0.03154182434082031 0.024600982666015625 0.11046314239501953 -0.02979421615600586 0.026710033416748047 0.11010390520095825 -0.027705296874046326 0.028851624578237534 0.11000000685453415 -0.028078759089112282 0.028488295152783394 0.11000330746173859 -0.016114279627799988 0.02822946012020111 0.11000020056962967 0.016178851947188377 0.03660677373409271 0.11000001430511475 0.010881219990551472 0.03851509466767311 0.10999973863363266 -0.021576404571533203 0.033708490431308746 0.11000001430511475 -0.025579454377293587 0.030763542279601097 0.10999999940395355 -0.0014076081570237875 0.03997521847486496 0.11000001430511475 0.0014075569342821836 0.03997522220015526 0.11000001430511475 0.005369663238525391 0.03966068848967552 0.11000005155801773 -0.0057141901925206184 0.03961927443742752 0.10999981313943863 -0.011360114440321922 0.0383763425052166 0.11000001430511475 -0.01663219928741455 0.036402832716703415 0.11000001430511475 0.027880191802978516 0.02871406078338623 0.10999009013175964 0.024799887090921402 0.03138415515422821 0.11000000685453415 0.021155724301934242 0.03397452458739281 0.11000002175569534 0.0317845344543457 0.024338483810424805 0.1104690432548523 0.03445625305175781 0.02036285400390625 0.11184120178222656 0.029552798718214035 0.02695225179195404 0.11009325087070465 0.037738800048828125 0.013263702392578125 0.11469173431396484 0.03744950145483017 0.014054699800908566 0.11437812447547913 0.03642749786376953 0.01651763916015625 0.11339569091796875 0.03832435607910156 0.011461257934570312 0.11528205871582031 0.03905069828033447 0.008750200271606445 0.11585983633995056 0.03987221419811249 0.0034575462341308594 0.11600612103939056 0.03922128677368164 -0.007908821105957031 0.12011909484863281 0.039610981941223145 -0.005629539489746094 0.11860132217407227 0.03981590270996094 -0.003833770751953125 0.11771202087402344 0.039913177490234375 -0.0026397705078125 0.11723899841308594 0.04000726342201233 -0.00047206878662109375 0.11655068397521973 0.03996412828564644 0.001693697297014296 0.11616729199886322 0.04039764404296875 -0.00598907470703125 0.1177520751953125 0.040375471115112305 -0.0046161264181137085 0.11804676055908203 0.04001164436340332 -0.005706787109375 0.11871957778930664 0.03720800206065178 -0.005696200765669346 0.12188665568828583 0.03779911994934082 -0.006973743438720703 0.12210702896118164 0.03827224671840668 -0.004395396448671818 0.12051884084939957 0.038438647985458374 -0.007713238708674908 0.12171865999698639 0.03877830505371094 -0.007724761962890625 0.12121963500976562 0.038641929626464844 -0.0053043365478515625 0.12050437927246094 0.021281879395246506 -0.08719229698181152 0.20025253295898438 -0.0218353271484375 -0.08496856689453125 0.19232177734375 0.021854400634765625 -0.0849151611328125 0.192138671875 0.022107601165771484 -0.0828857421875 0.184967041015625 -0.022248148918151855 -0.0815582275390625 0.1802215576171875 -0.021258831024169922 -0.08724057674407959 0.2004528045654297 0.022208690643310547 -0.07904052734375 0.1712646484375 -0.022093772888183594 -0.0753631591796875 0.15814208984375 0.022006988525390625 -0.07391357421875 0.153076171875 -0.022195547819137573 -0.0775437280535698 0.1659732162952423 -0.021625638008117676 -0.07020950317382812 0.13991260528564453 0.02161724865436554 -0.07024097442626953 0.1400279998779297 -0.00024127960205078125 -0.07500015199184418 0.3219623863697052 -0.0038047360721975565 -0.07500014454126358 0.3215000331401825 -0.005654963199049234 -0.07500014454126358 0.3210042715072632 -0.007443232461810112 -0.07500015199184418 0.3203178346157074 -0.009149951860308647 -0.07500015199184418 0.31944820284843445 -0.010756421834230423 -0.07500015199184418 0.3184049427509308 -0.012245041318237782 -0.07500015199184418 0.3171994984149933 -0.013599501922726631 -0.07500015199184418 0.3158450424671173 -0.014804963022470474 -0.07500015199184418 0.31435641646385193 -0.01640176773071289 -0.07500015944242477 0.3117666244506836 -0.017404286190867424 -0.07500014454126358 0.3092549443244934 -0.017900053411722183 -0.07500014454126358 0.3074047267436981 -0.018199702724814415 -0.07500014454126358 0.30551281571388245 -0.018299952149391174 -0.07500014454126358 0.3035999536514282 -0.018199702724814415 -0.07500014454126358 0.3016870617866516 -0.017900053411722183 -0.07500014454126358 0.29979515075683594 -0.017044782638549805 -0.07500013709068298 0.2968769073486328 -0.01584821566939354 -0.07500013709068298 0.29444995522499084 -0.014070510864257812 -0.07499974966049194 0.2918519973754883 -0.011400222778320312 -0.07500024139881134 0.28925609588623047 -0.009149951860308647 -0.07500012964010239 0.2877516746520996 -0.007443232461810112 -0.07500012964010239 0.28688207268714905 -0.005654963199049234 -0.07500012218952179 0.2861956059932709 -0.0016794204711914062 -0.07500011473894119 0.2853128910064697 0.004015922546386719 -0.07500055432319641 0.28566932678222656 0.007443328388035297 -0.07500011473894119 0.28688207268714905 0.009150048717856407 -0.07500011473894119 0.2877516746520996 0.011662483215332031 -0.07500039041042328 0.2894706726074219 0.014351367950439453 -0.07499997317790985 0.2921924591064453 0.016401290893554688 -0.07499977946281433 0.29543209075927734 0.017723441123962402 -0.07500015199184418 0.29893922805786133 0.018199799582362175 -0.07500012218952179 0.3016870617866516 0.018300049006938934 -0.07500012218952179 0.3035999536514282 0.018199799582362175 -0.07500012218952179 0.30551281571388245 0.017900150269269943 -0.07500012218952179 0.3074047267436981 0.017404383048415184 -0.07500012218952179 0.3092549443244934 0.016717929393053055 -0.07500012964010239 0.31104323267936707 0.0158483125269413 -0.07500012964010239 0.3127499520778656 0.014098167419433594 -0.07499779760837555 0.3153219223022461 0.010595321655273438 -0.0750000849366188 0.31859827041625977 0.005444526672363281 -0.07500013709068298 0.3211383819580078 -0.016753196716308594 -0.07500012964010239 0.2882080674171448 -0.01728498935699463 -0.08500013500452042 0.2882903218269348 -0.017323952168226242 -0.07500013709068298 0.2882758378982544 -0.01762925088405609 -0.07500013709068298 0.2882523834705353 -0.017927387729287148 -0.08500013500452042 0.2881826162338257 -0.017927393317222595 -0.07500013709068298 0.2881826162338257 -0.018878042697906494 -0.08500011265277863 0.2876651883125305 -0.01821139082312584 -0.07500013709068298 0.28806814551353455 -0.01886749267578125 -0.07500007003545761 0.28759241104125977 -0.019264578819274902 -0.0750001072883606 0.28678059577941895 -0.019334379583597183 -0.085000179708004 0.28633901476860046 -0.01927924156188965 -0.07500012964010239 0.28565606474876404 -0.019173502922058105 -0.0850001722574234 0.2854834794998169 -0.018817052245140076 -0.08500012755393982 0.28494516015052795 -0.018817057833075523 -0.07500012964010239 0.28494516015052795 -0.018132328987121582 -0.08500012010335922 0.2843967080116272 -0.018596436828374863 -0.07500012964010239 0.284732848405838 -0.01818990707397461 -0.0750001072883606 0.2844672203063965 -0.017439305782318115 -0.07500012218952179 0.2842642664909363 -0.016902923583984375 -0.08500012755393982 0.2843053936958313 -0.016531705856323242 -0.07500015199184418 0.28441691398620605 -0.01630190946161747 -0.08500012755393982 0.28455665707588196 -0.015703678131103516 -0.08499999344348907 0.2850501537322998 -0.015795230865478516 -0.07500027120113373 0.2849609851837158 -0.015367865562438965 -0.07500012218952179 0.28579390048980713 -0.01532718539237976 -0.08500014245510101 0.2860061526298523 -0.015353694558143616 -0.07500012964010239 0.28669747710227966 -0.01545533537864685 -0.08500014245510101 0.2870650887489319 -0.015839695930480957 -0.07500013709068298 0.28765809535980225 -0.01624917984008789 -0.08500013500452042 0.28799617290496826 -0.026953667402267456 -0.02973567694425583 0.14799997210502625 -0.028227820992469788 -0.028340637683868408 0.14799997210502625 -0.02519846521317959 -0.032170619815588 0.14799997210502625 -0.023994404822587967 -0.03455006703734398 0.14799997210502625 -0.02332507073879242 -0.03631686791777611 0.14799997210502625 -0.022825440391898155 -0.03813894838094711 0.14799995720386505 -0.022499974817037582 -0.04000004380941391 0.14799995720386505 -0.008526155725121498 -0.07273630797863007 0.12687158584594727 -0.008688791655004025 -0.0754067599773407 0.13526418805122375 -0.006914177909493446 -0.07302452623844147 0.12662380933761597 -0.007451717741787434 -0.07763383537530899 0.14150434732437134 -0.0037836870178580284 -0.0778982937335968 0.14044249057769775 -0.006660131737589836 -0.07543490827083588 0.13386723399162292 -0.0017606195760890841 -0.08331508934497833 0.159230038523674 -0.0008904222631826997 -0.08199937641620636 0.15416507422924042 -0.004295919090509415 -0.08039204031229019 0.1491691917181015 -0.0014940500259399414 -0.07350075244903564 0.125946044921875 -0.004740688484162092 -0.07330372929573059 0.12632861733436584 -0.004302978515625 -0.07565732300281525 0.13338720798492432 -0.01738961972296238 -0.0897255688905716 0.20373092591762543 -0.018178146332502365 -0.09059257805347443 0.21005842089653015 -0.01502735074609518 -0.09083706140518188 0.20542168617248535 -0.01598518341779709 -0.07322455942630768 0.13741563260555267 -0.016277246177196503 -0.06988317519426346 0.12750865519046783 -0.018467551097273827 -0.06943126022815704 0.1301100105047226 -5.062902346253395E-07 -0.07344138622283936 0.12569618225097656 -0.001504747080616653 -0.07113198935985565 0.11912652105093002 -0.0013921221252530813 -0.0757402703166008 0.1328614354133606 -8.313227795042621E-08 -0.07703547924757004 0.1369052231311798 0.0003480071609374136 -0.07570682466030121 0.1326940953731537 -0.0015648117987439036 -0.07995668053627014 0.1468576192855835 0.00010153240873478353 -0.07915700972080231 0.1439862847328186 -1.7670012653070444E-07 -0.08309337496757507 0.1582452356815338 0.0002132485096808523 -0.08965626358985901 0.18716366589069366 -0.00014972686767578125 -0.08650588989257812 0.172149658203125 -0.0017183972522616386 -0.08749350160360336 0.17679712176322937 -0.0017096896190196276 -0.08897720277309418 0.18384869396686554 -0.0017055064672604203 -0.09002234041690826 0.18914124369621277 -3.132400649974443E-07 -0.09011828154325485 0.18950492143630981 -0.0008516294183209538 -0.09120886772871017 0.19553004205226898 -0.001707383431494236 -0.09406301379203796 0.21380680799484253 -4.066974383931665E-07 -0.09352678060531616 0.20982910692691803 -0.00021310009469743818 -0.09235946834087372 0.20230546593666077 0.0008545133750885725 -0.09450812637805939 0.21695645153522491 -0.002654345240443945 -0.09522637724876404 0.2231137752532959 -4.932942374580307E-07 -0.09580594301223755 0.22781389951705933 0.0008571243961341679 -0.09528939425945282 0.22322767972946167 -0.0026676396373659372 -0.0961826741695404 0.23179152607917786 0.0008603855385445058 -0.09628459811210632 0.2324705719947815 0.0007576295174658298 -0.09682124853134155 0.23825931549072266 -6.400048732757568E-05 -0.09864243865013123 0.28429508209228516 0.001431590411812067 -0.09856374561786652 0.27361276745796204 -0.003370041726157069 -0.09852719306945801 0.27393805980682373 -0.0004542552924249321 -0.0984332263469696 0.2667917013168335 -0.0016612173058092594 -0.09666168689727783 0.32318100333213806 0.0010582408867776394 -0.09692297875881195 0.3202882409095764 -0.0010473047150298953 -0.0972566157579422 0.31617599725723267 3.550667315721512E-09 -0.09549105167388916 0.33527088165283203 0.003964900970458984 -0.0953754186630249 0.3357048034667969 -0.024838192388415337 -0.09428039193153381 0.3244979977607727 -0.021771248430013657 -0.0945964902639389 0.32693782448768616 -0.027812957763671875 -0.09395813941955566 0.321624755859375 -0.025046924129128456 -0.09482647478580475 0.31734901666641235 -0.031134605407714844 -0.09374815225601196 0.31514930725097656 -0.029366731643676758 -0.09494823217391968 0.2824592590332031 -0.031930312514305115 -0.09434659779071808 0.29685351252555847 -0.028332285583019257 -0.09523212909698486 0.2924036979675293 -0.02470959722995758 -0.09405811876058578 0.25033771991729736 -0.026078224182128906 -0.09443473815917969 0.2581024169921875 -0.026189163327217102 -0.09462793171405792 0.2611420750617981 -0.0253051295876503 -0.09392887353897095 0.25095224380493164 -0.0247114896774292 -0.0931549072265625 0.24254989624023438 -0.023914402350783348 -0.09199556708335876 0.23243926465511322 -0.024379730224609375 -0.09111368656158447 0.22842121124267578 -0.02415109984576702 -0.0917583480477333 0.2316378653049469 -0.022869424894452095 -0.09031977504491806 0.21987390518188477 -0.023943662643432617 -0.08986091613769531 0.22032928466796875 -0.022500157356262207 -0.08952903747558594 0.21467208862304688 -0.023843741044402122 -0.08796064555644989 0.2110099494457245 -0.022496309131383896 -0.08834457397460938 0.208892822265625 -0.02382703684270382 -0.08745748549699783 0.208695188164711 -0.024012219160795212 -0.08595781028270721 0.2029898464679718 -0.024109184741973877 -0.0825350433588028 0.18988937139511108 -0.022504612803459167 -0.08477783203125 0.1934661865234375 -0.02250896580517292 -0.08669662475585938 0.2014617919921875 -0.026585351675748825 -0.06863817572593689 0.15253667533397675 -0.02534232661128044 -0.07447795569896698 0.16656538844108582 -0.02606624737381935 -0.06834582984447479 0.1491001546382904 -0.0283573716878891 -0.06177153438329697 0.13740289211273193 -0.027903707697987556 -0.06122114136815071 0.13287770748138428 -0.029743392020463943 -0.05732280761003494 0.12841834127902985 -0.0319061279296875 -0.05152320861816406 0.11795806884765625 -0.023304656147956848 -0.07849880307912827 0.17275288701057434 -0.02250715345144272 -0.07665252685546875 0.163787841796875 -0.023671187460422516 -0.07573474943637848 0.1645212471485138 -0.022497214376926422 -0.08154296875 0.181060791015625 -0.021721985191106796 -0.08321303129196167 0.18515819311141968 -0.02090223878622055 -0.07874925434589386 0.16653211414813995 -0.02076265774667263 -0.06485962122678757 0.12093034386634827 -0.020257916301488876 -0.06837569177150726 0.13068059086799622 -0.02249699831008911 -0.06670761108398438 0.13109493255615234 -0.023424115031957626 -0.06626993417739868 0.13244019448757172 -0.027944955974817276 -0.058617886155843735 0.12340417504310608 -0.026539240032434464 -0.06070034205913544 0.12478845566511154 -0.024478651583194733 -0.06683476269245148 0.13777261972427368 -0.02251054346561432 -0.07318115234375 0.15216064453125 -0.02420354261994362 -0.0725884959101677 0.15586921572685242 -0.025127235800027847 -0.06835241615772247 0.14523565769195557 -0.01475465390831232 -0.0811539888381958 0.16229671239852905 -0.016396967694163322 -0.0806797593832016 0.16336005926132202 -0.016150616109371185 -0.0830884650349617 0.17199818789958954 -0.015211227349936962 -0.08487716317176819 0.17753884196281433 -0.014268538914620876 -0.08754892647266388 0.18760128319263458 -0.015905039384961128 -0.0865938663482666 0.18602174520492554 -0.01701054722070694 -0.08786246925592422 0.1938817799091339 -0.01422456931322813 -0.08892230689525604 0.19402965903282166 -0.013171149417757988 -0.08995255827903748 0.1977778971195221 -0.015828998759388924 -0.0897040069103241 0.2006927728652954 -0.018131747841835022 -0.08900754153728485 0.20165245234966278 -0.01749030128121376 -0.08551345020532608 0.18441487848758698 -0.017639148980379105 -0.08337212353944778 0.17597649991512299 -0.01788095012307167 -0.08095544576644897 0.1673305630683899 -0.018224891275167465 -0.07824916392564774 0.15836703777313232 -0.019709624350070953 -0.07784099876880646 0.1603650152683258 -0.020010344684123993 -0.08061450719833374 0.1709509789943695 -0.019165311008691788 -0.08231908082962036 0.1752232015132904 -0.019076677039265633 -0.08335701376199722 0.17902693152427673 -0.018977884203195572 -0.08481492847204208 0.18466484546661377 -0.019599847495555878 -0.08638618886470795 0.19277504086494446 -0.01887264847755432 -0.08786869049072266 0.19772379100322723 -0.020378146320581436 -0.08428704738616943 0.18585525453090668 -0.020477356389164925 -0.08278518170118332 0.18019352853298187 -0.016269531100988388 -0.09158920496702194 0.2119748443365097 -0.024480342864990234 -0.08092498779296875 0.1852569580078125 -0.02494458109140396 -0.07623176276683807 0.17085449397563934 -0.02033179998397827 -0.08928830921649933 0.2079743891954422 -0.021915435791015625 -0.08869552612304688 0.209075927734375 -0.021097570657730103 -0.0902051106095314 0.21465328335762024 -0.02054915577173233 -0.09165047109127045 0.2214755415916443 -0.022083543241024017 -0.09182985872030258 0.22647380828857422 -0.020748130977153778 -0.09277164191007614 0.22919398546218872 -0.020208284258842468 -0.09616243839263916 0.3095012903213501 -0.017012862488627434 -0.09636975079774857 0.31354671716690063 -0.01784808188676834 -0.09717068821191788 0.2926657795906067 -0.016525140032172203 -0.09744014590978622 0.2880222201347351 -0.01716051623225212 -0.09736311435699463 0.2816900610923767 -0.01712920516729355 -0.09721271693706512 0.27232426404953003 -0.014858944341540337 -0.09761962294578552 0.275299072265625 -0.016989851370453835 -0.09672616422176361 0.2599523961544037 -0.015276258811354637 -0.09717222303152084 0.2627454996109009 -0.016608785837888718 -0.09619778394699097 0.2506043612957001 -0.012571637518703938 -0.09677120298147202 0.24926680326461792 -0.01780194416642189 -0.09571768343448639 0.2479138821363449 -0.013779683038592339 -0.09611469507217407 0.24328957498073578 -0.01641642488539219 -0.09494384378194809 0.23679915070533752 -0.016749517992138863 -0.09275496006011963 0.22022728621959686 -0.014821711927652359 -0.09434328228235245 0.22838737070560455 -0.013447374105453491 -0.09326303005218506 0.2179160863161087 -0.013814838603138924 -0.09191049635410309 0.20973144471645355 -0.023271780461072922 -0.09587760269641876 0.30560213327407837 -0.020006347447633743 -0.09663918614387512 0.30015724897384644 -0.021627243608236313 -0.0965939313173294 0.29062214493751526 -0.020398074761033058 -0.09678740799427032 0.27857664227485657 -0.020218130201101303 -0.0965799018740654 0.2695704698562622 -0.01950056478381157 -0.09609100222587585 0.25753551721572876 -0.018444238230586052 -0.09330890327692032 0.2276325672864914 -0.025001993402838707 -0.0952649861574173 0.31122079491615295 -0.024838779121637344 -0.095838263630867 0.29912033677101135 -0.023615628480911255 -0.09625592082738876 0.2873822748661041 -0.0232728011906147 -0.09622378647327423 0.2785200774669647 -0.02292410284280777 -0.0957072302699089 0.26404836773872375 -0.02211018279194832 -0.0950360894203186 0.2523348927497864 -0.020976603031158447 -0.09475542604923248 0.24612224102020264 -0.02034262754023075 -0.09430226683616638 0.24013406038284302 -0.019382189959287643 -0.09387347102165222 0.23406833410263062 -0.019067995250225067 -0.09202329814434052 0.22032368183135986 -0.027867048978805542 -0.09514160454273224 0.30129510164260864 -0.024583963677287102 -0.0957510843873024 0.2727198600769043 -0.022923633456230164 -0.09532435238361359 0.2583303451538086 -0.022173453122377396 -0.09350189566612244 0.23834557831287384 -0.032951533794403076 -0.09385693073272705 0.30483245849609375 -0.03269052505493164 -0.09361124783754349 0.31021690368652344 -0.028188705444335938 -0.09482264518737793 0.27251434326171875 -0.0037975627928972244 -0.07099659740924835 0.11924932152032852 -0.0017971512861549854 -0.08096860349178314 0.15045315027236938 -0.0013487021205946803 -0.07789638638496399 0.13980071246623993 -0.0036905822344124317 -0.08364222198724747 0.16104578971862793 -0.005704358220100403 -0.08150845021009445 0.15386080741882324 -0.006074374541640282 -0.07072462141513824 0.1194196492433548 -0.008325331844389439 -0.07031723111867905 0.11963706463575363 -0.003642232157289982 -0.08561816066503525 0.1690363585948944 -0.0036121930461376905 -0.08724240213632584 0.1761305034160614 -0.006237506866455078 -0.09528279304504395 0.33550310134887695 -0.008619309403002262 -0.09649877995252609 0.3220670819282532 -0.010146032087504864 -0.096946120262146 0.31498098373413086 -0.004401708021759987 -0.09721750020980835 0.31585270166397095 -0.007676868699491024 -0.09755007177591324 0.30857419967651367 -0.004256501793861389 -0.0978722795844078 0.30540820956230164 -0.005229209084063768 -0.09821510314941406 0.29667580127716064 -0.008963366039097309 -0.09822613000869751 0.2864809036254883 -0.004032728727906942 -0.09849277883768082 0.28798148036003113 -0.00704386830329895 -0.09841141849756241 0.2812938690185547 -0.005720960441976786 -0.09808357805013657 0.26059696078300476 -0.005306445062160492 -0.09832191467285156 0.26735401153564453 -0.0007166998693719506 -0.09817641973495483 0.2595876157283783 -0.004679259844124317 -0.09778570383787155 0.25342318415641785 -0.0065290359780192375 -0.09728341549634933 0.24717634916305542 -0.0036709755659103394 -0.09737614542245865 0.24614566564559937 -0.0045836009085178375 -0.09681825339794159 0.2395673245191574 -0.006423065438866615 -0.0961466133594513 0.23356305062770844 -0.006395348347723484 -0.09544241428375244 0.2268582284450531 -0.0059050098061561584 -0.09417612850666046 0.2163713574409485 -0.0035797201562672853 -0.09367566555738449 0.21147361397743225 -0.006799840368330479 -0.09209637343883514 0.20307865738868713 -0.00357445958070457 -0.09261679649353027 0.20446600019931793 -0.004500391893088818 -0.09147794544696808 0.19802911579608917 -0.006370784714818001 -0.08882330358028412 0.18499094247817993 -0.00450684642419219 -0.09019295126199722 0.1909400075674057 -0.0035916180349886417 -0.08875702321529388 0.1832386702299118 -0.005484183318912983 -0.08730056136846542 0.1772397756576538 0.001459384453482926 -0.09771415591239929 0.30918771028518677 0.0007504764944314957 -0.09809641540050507 0.30228835344314575 0.0009179689222946763 -0.09839487820863724 0.29450392723083496 0.0007729858043603599 -0.09784646332263947 0.2526286542415619 -0.00029659271240234375 -0.09768509864807129 0.24918365478515625 -0.010540641844272614 -0.06977578997612 0.11990101635456085 -0.010207900777459145 -0.07509319484233856 0.13566407561302185 -0.010374992154538631 -0.07229625433683395 0.12719528377056122 -0.012652171775698662 -0.07194696366786957 0.12860748171806335 -0.014305749908089638 -0.06851780414581299 0.12047029286623001 -0.012133007869124413 -0.0749058872461319 0.13716968894004822 -0.014223011210560799 -0.07107372581958771 0.12800607085227966 -0.015696527436375618 -0.06856002658605576 0.12260214984416962 -0.013883456587791443 -0.07528309524059296 0.14072367548942566 -0.009850511327385902 -0.07782965898513794 0.14420734345912933 -0.007427701260894537 -0.07929186522960663 0.14712360501289368 -0.01176061388105154 -0.07741716504096985 0.1449168473482132 -0.019332993775606155 -0.07222367823123932 0.1407899707555771 -0.017628898844122887 -0.07311920821666718 0.14008356630802155 -0.01536802388727665 -0.07661842554807663 0.14742517471313477 -0.013400931842625141 -0.07844948023557663 0.15059156715869904 -0.01138378493487835 -0.08061088621616364 0.1555614322423935 -0.009608172811567783 -0.08011044561862946 0.15182621777057648 -0.007661222014576197 -0.08088154345750809 0.1528688371181488 -0.007558436132967472 -0.08240336179733276 0.15841898322105408 -0.005612386390566826 -0.08343864977359772 0.1611078530550003 -0.0017397112678736448 -0.08506795763969421 0.16624939441680908 -0.0074524832889437675 -0.08429734408855438 0.16571958363056183 -0.009282168000936508 -0.08438357710838318 0.16766497492790222 -0.00735213328152895 -0.08666737377643585 0.1756589114665985 -0.005544504150748253 -0.08523121476173401 0.16829395294189453 -0.016869395971298218 -0.07727329432964325 0.1523124873638153 -0.009426695294678211 -0.08222538232803345 0.15936550498008728 -0.020373407751321793 -0.07394710928201675 0.14886631071567535 -0.018547359853982925 -0.07622717320919037 0.15217643976211548 -0.012935809791088104 -0.08263170719146729 0.1650986671447754 -0.011166812852025032 -0.08297476172447205 0.16408702731132507 -0.009176624938845634 -0.08637142181396484 0.17586824297904968 -0.008164197206497192 -0.09020477533340454 0.19336247444152832 -0.00908904429525137 -0.0889262855052948 0.18766307830810547 -0.010454930365085602 -0.08748006075620651 0.18219172954559326 -0.015216827392578125 -0.09491944313049316 0.3325843811035156 -0.01103855762630701 -0.09734224528074265 0.3081546723842621 -0.009072914719581604 -0.09791181981563568 0.2991188168525696 -0.010915175080299377 -0.09807132184505463 0.2749488353729248 -0.007919826544821262 -0.09832226485013962 0.274605393409729 -0.009749392978847027 -0.09804585576057434 0.26818475127220154 -0.008633194491267204 -0.09790290892124176 0.26130497455596924 -0.010872511193156242 -0.09737567603588104 0.25526219606399536 -0.007564981002360582 -0.09765668213367462 0.25430557131767273 -0.009352438151836395 -0.09710816293954849 0.24817019701004028 -0.008789557963609695 -0.0966215580701828 0.2412872314453125 -0.010097790509462357 -0.09592977166175842 0.23528620600700378 -0.010046979412436485 -0.0952586829662323 0.2288372814655304 -0.009110821411013603 -0.09454404562711716 0.22173736989498138 -0.008177323266863823 -0.09367658197879791 0.2144138216972351 -0.009945962578058243 -0.09256590902805328 0.20872309803962708 -0.009054675698280334 -0.09146498888731003 0.20109790563583374 -0.010993223637342453 -0.08553553372621536 0.1742444932460785 -0.012701582163572311 -0.0857238918542862 0.17720958590507507 -0.012159779667854309 -0.08807516098022461 0.18702591955661774 -0.010837703011929989 -0.08935472369194031 0.1915876716375351 -0.010825389996170998 -0.09005682915449142 0.19519561529159546 -0.011679019778966904 -0.0912720263004303 0.2029488980770111 -0.015073269605636597 -0.09606898576021194 0.3205741047859192 -0.014765424653887749 -0.09716488420963287 0.3042947053909302 -0.012970078736543655 -0.09750796109437943 0.30126523971557617 -0.014798109419643879 -0.09753895550966263 0.29455241560935974 -0.012679069302976131 -0.09776563942432404 0.29471948742866516 -0.013811779208481312 -0.09779400378465652 0.2848767042160034 -0.012663014233112335 -0.097746342420578 0.26864778995513916 -0.012786774896085262 -0.09565893560647964 0.23654699325561523 -0.012713294476270676 -0.09500741958618164 0.23029762506484985 -0.011774023994803429 -0.09433403611183167 0.223367840051651 -0.010858278721570969 -0.09353097528219223 0.21616986393928528 -0.012458570301532745 -0.09753711521625519 0.26216477155685425 -0.02092742919921875 -0.09448742866516113 0.32892608642578125 -0.01894436962902546 -0.09473194181919098 0.3297010660171509 0.03036688081920147 -0.05544659495353699 0.12472096085548401 0.029933452606201172 -0.056957244873046875 0.1283721923828125 0.03170222043991089 -0.051994383335113525 0.11882281303405762 0.028695056214928627 -0.060943715274333954 0.13667547702789307 0.027951199561357498 -0.06332355737686157 0.14099377393722534 0.027798553928732872 -0.06436929106712341 0.14471769332885742 0.026637056842446327 -0.06939911097288132 0.15614163875579834 0.024852780625224113 -0.08485746383666992 0.20300187170505524 0.02505282126367092 -0.083672434091568 0.2005053460597992 0.02506903186440468 -0.08154956251382828 0.19198304414749146 0.025030197575688362 -0.08750797063112259 0.2153310626745224 0.025150753557682037 -0.08638758957386017 0.21239620447158813 0.025418654084205627 -0.08832304924726486 0.22258034348487854 0.03422778099775314 -0.09247815608978271 0.2982980012893677 0.023249207064509392 -0.09448322653770447 0.25001710653305054 0.027250289916992188 -0.09469032287597656 0.26578521728515625 0.025814056396484375 -0.09380531311035156 0.251678466796875 0.024022772908210754 -0.09104761481285095 0.22711364924907684 0.02385631948709488 -0.08955101668834686 0.21860656142234802 0.02250373363494873 -0.08960533142089844 0.2149333953857422 0.024274230003356934 -0.08158111572265625 0.18692779541015625 0.024990350008010864 -0.07703869044780731 0.17381441593170166 0.02438940480351448 -0.07861620932817459 0.17690898478031158 0.02404952049255371 -0.08574485778808594 0.20208358764648438 0.023782998323440552 -0.0872836783528328 0.20785029232501984 0.024122238159179688 -0.08826446533203125 0.213287353515625 0.024537131190299988 -0.08854042738676071 0.21645769476890564 0.024545446038246155 -0.09004729986190796 0.223702073097229 0.025311540812253952 -0.0920974612236023 0.238367959856987 0.024812322109937668 -0.09155343472957611 0.23282045125961304 0.026249803602695465 -0.09311804920434952 0.24931015074253082 0.028179211542010307 -0.0940173864364624 0.26596444845199585 0.02955060452222824 -0.09438201785087585 0.2769531011581421 0.032269954681396484 -0.0938713550567627 0.2911338806152344 0.02934122085571289 -0.0948256254196167 0.279815673828125 0.03295934945344925 -0.09386993944644928 0.2975550889968872 0.033675529062747955 -0.09357214719057083 0.3007950782775879 0.024595260620117188 -0.09250068664550781 0.2375030517578125 0.025275230407714844 -0.09360313415527344 0.24796295166015625 0.03147879242897034 -0.094528928399086 0.29319334030151367 0.02759242057800293 -0.09499013423919678 0.2722892761230469 0.034114718437194824 -0.09296169877052307 0.2992372512817383 0.026121165603399277 -0.07063446938991547 0.1571093499660492 0.025275491178035736 -0.07663504779338837 0.17383594810962677 0.024758096784353256 -0.0810433179140091 0.1871844381093979 0.02452186867594719 -0.08459225296974182 0.19955533742904663 0.024569882079958916 -0.08636167645454407 0.20710280537605286 0.025624766945838928 -0.09139367938041687 0.23647499084472656 0.02576325833797455 -0.0908607542514801 0.23509132862091064 0.02675914764404297 -0.09252071380615234 0.24948883056640625 0.03070606291294098 -0.09364354610443115 0.2801206707954407 0.025739695876836777 -0.07469207048416138 0.1702539324760437 0.025309141725301743 -0.07822508364915848 0.1807146668434143 0.025838075205683708 -0.08984160423278809 0.232220858335495 0.026125961914658546 -0.09041673690080643 0.23700669407844543 0.026918411254882812 -0.09180355072021484 0.24822998046875 0.027861114591360092 -0.09226273745298386 0.2570876479148865 0.028736114501953125 -0.0935053825378418 0.2670135498046875 0.02853500470519066 -0.09262451529502869 0.26297062635421753 0.029696175828576088 -0.09280331432819366 0.27134960889816284 0.030629627406597137 -0.09295126050710678 0.2776094079017639 -0.02813057228922844 -0.09289765357971191 0.2606780529022217 -0.02834843099117279 -0.09242796897888184 0.2611529529094696 -0.029229164123535156 -0.09293508529663086 0.26847076416015625 -0.027372580021619797 -0.09198993444442749 0.25253593921661377 -0.026805195957422256 -0.09146472066640854 0.2463252693414688 -0.026688091456890106 -0.09203602373600006 0.24714058637619019 -0.02613963931798935 -0.09043514728546143 0.23718245327472687 -0.02993805706501007 -0.05698806047439575 0.1290677785873413 -0.02552589774131775 -0.07499893754720688 0.16938456892967224 -0.02454652637243271 -0.09197936952114105 0.23427534103393555 -0.024885892868041992 -0.0928812026977539 0.2413787841796875 -0.02729024365544319 -0.09462776780128479 0.265877366065979 -0.03108849935233593 -0.09455595910549164 0.2907761335372925 -0.033722639083862305 -0.09314513206481934 0.29727935791015625 -0.032522618770599365 -0.09352588653564453 0.29121530055999756 -0.03316164016723633 -0.09376639127731323 0.2975606918334961 -0.03105759248137474 -0.09446972608566284 0.2885168790817261 -0.03030705451965332 -0.09454187750816345 0.283231258392334 -0.027851011604070663 -0.09435150027275085 0.2663699686527252 -0.026334280148148537 -0.09407291561365128 0.2563108801841736 -0.02549637481570244 -0.09284808486700058 0.24372370541095734 -0.031006986275315285 -0.094328872859478 0.28626421093940735 -0.029369816184043884 -0.09440422058105469 0.27595317363739014 -0.026263605803251266 -0.0932888388633728 0.2504139840602875 -0.02467527613043785 -0.08984383940696716 0.22335585951805115 -0.030909985303878784 -0.09402406215667725 0.28319597244262695 -0.027103185653686523 -0.09334516525268555 0.2555885314941406 -0.0261993408203125 -0.09236812591552734 0.244903564453125 -0.025322332978248596 -0.09114934504032135 0.233451247215271 -0.024536054581403732 -0.08909974247217178 0.21898587048053741 -0.024257443845272064 -0.08833584934473038 0.21424594521522522 -0.030599024146795273 -0.09349437057971954 0.2788321375846863 -0.024947835132479668 -0.08867526054382324 0.21956518292427063 -0.024645980447530746 -0.0844900980591774 0.1999632716178894 -0.024901753291487694 -0.0803586095571518 0.1854168176651001 -0.0335543155670166 -0.0921483039855957 0.29361629486083984 -0.031988173723220825 -0.09271824359893799 0.2854655385017395 -0.030590489506721497 -0.09297095239162445 0.27742287516593933 -0.025362133979797363 -0.08853816986083984 0.222686767578125 -0.02478092908859253 -0.08678998053073883 0.21031063795089722 -0.02508806809782982 -0.08558234572410583 0.20855486392974854 -0.02500840276479721 -0.08403083682060242 0.20141693949699402 -0.025007214397192 -0.08229473233222961 0.19427794218063354 -0.025198813527822495 -0.07953834533691406 0.18507057428359985 -0.025712784379720688 -0.0748247355222702 0.17054954171180725 -0.026265840977430344 -0.07130389660596848 0.160850390791893 -0.027502886950969696 -0.06544703245162964 0.14656174182891846 -0.02879786491394043 -0.06069469451904297 0.13672828674316406 -0.0295562744140625 -0.08537673950195312 0.322357177734375 -0.03052520751953125 -0.0857696533203125 0.320709228515625 -0.028835076838731766 -0.08519475907087326 0.3234376609325409 -0.028281643986701965 -0.08510059863328934 0.3242189884185791 -0.02747344970703125 -0.08502197265625 0.32529449462890625 0.001315405359491706 -0.08500014990568161 0.33857521414756775 -0.0013152966275811195 -0.08500015735626221 0.33857521414756775 0.01378631591796875 -0.08500027656555176 0.33583927154541016 0.0062274932861328125 -0.08500019460916519 0.3381056785583496 0.028578758239746094 -0.08508765697479248 0.3238849639892578 0.026628786697983742 -0.08500012755393982 0.3263135850429535 0.018705738708376884 -0.08500013500452042 0.3331819772720337 -0.003938567824661732 -0.08500015735626221 0.33837762475013733 -0.006539587397128344 -0.08500015735626221 0.33798354864120483 -0.010589599609375 -0.08500015735626221 0.33697986602783203 -0.01406332291662693 -0.08500015735626221 0.335650235414505 -0.017795562744140625 -0.0850001722574234 0.33376312255859375 0.024847548454999924 -0.08500012755393982 0.3282495141029358 0.022925933822989464 -0.08500013500452042 0.3300461769104004 0.02087480202317238 -0.08500013500452042 0.3316934406757355 -0.020874693989753723 -0.0850001648068428 0.3316934406757355 -0.02292582578957081 -0.0850001648068428 0.3300461769104004 -0.02484744042158127 -0.0850001648068428 0.3282495141029358 -0.026628678664565086 -0.0850001648068428 0.3263135850429535 0.030329614877700806 -0.08567541837692261 0.32106754183769226 0.022500060498714447 -0.09300009906291962 0.27679041028022766 -0.02249986119568348 -0.09299112111330032 0.2588820457458496 0.022500058636069298 -0.09299065172672272 0.2586808204650879 -0.022499941289424896 -0.093000128865242 0.27679041028022766 0.024450160562992096 -0.09300009906291962 0.27855610847473145 0.027099609375 -0.09300104528665543 0.28143310546875 0.029431575909256935 -0.09300009906291962 0.284658282995224 0.03131389617919922 -0.0930018201470375 0.28793907165527344 -0.031221389770507812 -0.09300030767917633 0.28774070739746094 -0.028583526611328125 -0.09300121665000916 0.28336143493652344 -0.026262013241648674 -0.0930001363158226 0.280463308095932 -0.024450041353702545 -0.093000128865242 0.27855610847473145 0.021848201751708984 -0.0885477066040039 0.2081451416015625 -0.022499941289424896 -0.09249377250671387 0.24446392059326172 0.022500058636069298 -0.09242188930511475 0.2431793212890625 -0.022499943152070045 -0.09152697771787643 0.23166429996490479 0.022500058636069298 -0.09152694791555405 0.23166429996490479 -0.022499941289424896 -0.09042835235595703 0.22133636474609375 0.014181137084960938 -0.09498234838247299 0.33298397064208984 0.0182037353515625 -0.09479951858520508 0.33034420013427734 0.013148579746484756 -0.09599823504686356 0.3235364556312561 0.021646592766046524 -0.09453391283750534 0.32763299345970154 0.022435728460550308 -0.09447550773620605 0.3268733322620392 0.02743815816938877 -0.06291861832141876 0.13663432002067566 0.029461555182933807 -0.056947074830532074 0.1251058131456375 0.025828327983617783 -0.06929625570774078 0.15128584206104279 0.024996578693389893 -0.07447049021720886 0.16516929864883423 0.022502869367599487 -0.0850982666015625 0.19474029541015625 0.022904861718416214 -0.08724959194660187 0.20507800579071045 0.02284330315887928 -0.09313366562128067 0.2374022901058197 0.028206467628479004 -0.09521518647670746 0.28385770320892334 0.03267669677734375 -0.09371032565832138 0.3094654083251953 0.03294116258621216 -0.0939670205116272 0.3016338348388672 0.029428482055664062 -0.09381699562072754 0.3191719055175781 0.02956758439540863 -0.09442397952079773 0.3095870316028595 0.02681732177734375 -0.09398996829986572 0.32308197021484375 0.025458281859755516 -0.0942317321896553 0.3237687349319458 0.008785247802734375 -0.09520730376243591 0.33483409881591797 0.010203244164586067 -0.0952170267701149 0.3339582085609436 0.008077398873865604 -0.09636452794075012 0.3238893747329712 0.002642690669745207 -0.09362707287073135 0.21088342368602753 0.0017030382296070457 -0.091316357254982 0.19619885087013245 0.0017056216020137072 -0.09002234041690826 0.18914124369621277 0.002651611575856805 -0.08868840336799622 0.182661771774292 0.001737904385663569 -0.0852733626961708 0.16712763905525208 0.00175470148678869 -0.0837671160697937 0.16098421812057495 0.0017737697344273329 -0.08239679783582687 0.15572111308574677 0.002935664961114526 -0.08025313913822174 0.14821358025074005 0.0013488016556948423 -0.07789638638496399 0.13980071246623993 0.020042922347784042 -0.07576818764209747 0.15411925315856934 0.020925868302583694 -0.0714210718870163 0.14206662774085999 0.02142397314310074 -0.07529906928539276 0.15612278878688812 0.021085873246192932 -0.07742861658334732 0.16243532299995422 0.020750654861330986 -0.07998384535312653 0.17051853239536285 0.021868925541639328 -0.08131826668977737 0.17846748232841492 0.01923110894858837 -0.08842933923006058 0.20121952891349792 0.021991729736328125 -0.0686187744140625 0.1358489990234375 0.022502362728118896 -0.06676435470581055 0.131256103515625 0.02257426083087921 -0.06099793314933777 0.1133895143866539 0.024430355057120323 -0.06141429394483566 0.1197880208492279 0.015269815921783447 -0.08405905961990356 0.1742800921201706 0.01617053523659706 -0.0828438475728035 0.17105859518051147 0.014663498848676682 -0.0819840058684349 0.16520339250564575 0.01639707200229168 -0.0806797444820404 0.16336005926132202 0.015078991651535034 -0.07853057980537415 0.15344402194023132 0.016869494691491127 -0.07727327197790146 0.1523124873638153 0.015717852860689163 -0.0746091902256012 0.14140550792217255 0.01740630716085434 -0.07420188188552856 0.1431286633014679 0.018159659579396248 -0.07073386758565903 0.1335742473602295 0.016348648816347122 -0.07146161049604416 0.13246425986289978 0.016784068197011948 -0.06821645796298981 0.12331770360469818 0.018584012985229492 -0.06500019133090973 0.11693897843360901 0.017711520195007324 -0.08259037137031555 0.17311698198318481 0.01898571476340294 -0.08479510247707367 0.1846640259027481 0.019219599664211273 -0.08177169412374496 0.17329561710357666 0.01797831989824772 -0.08010219037532806 0.16440367698669434 0.01948212832212448 -0.07945706695318222 0.1654616892337799 0.018386224284768105 -0.07723814249038696 0.1552717387676239 0.019172275438904762 -0.07297443598508835 0.14285334944725037 0.020465224981307983 -0.0675944834947586 0.1287144273519516 0.02186712622642517 -0.062281884253025055 0.11560051143169403 0.02477927692234516 -0.062018536031246185 0.1228601485490799 0.02784021571278572 -0.05906866490840912 0.12464341521263123 0.027699369937181473 -0.05728507786989212 0.1175381988286972 0.025596044957637787 -0.06464006006717682 0.13456562161445618 0.023714158684015274 -0.06988004595041275 0.14520463347434998 0.022500988095998764 -0.0741424560546875 0.15533447265625 0.030239135026931763 -0.054236024618148804 0.11856713891029358 0.030208278447389603 -0.05299484729766846 0.11304523795843124 0.030854586511850357 -0.05265327915549278 0.11559338867664337 0.02249528467655182 -0.078369140625 0.16961669921875 0.023671284317970276 -0.07573471963405609 0.1645212471485138 0.024292929098010063 -0.0721585601568222 0.15477269887924194 0.02112262137234211 -0.082731232047081 0.1817198097705841 0.014547033235430717 -0.085920050740242 0.18081243336200714 0.01750071533024311 -0.08529278635978699 0.1834794282913208 0.022514373064041138 -0.08147430419921875 0.180877685546875 0.019696786999702454 -0.09075738489627838 0.2142830640077591 0.021261846646666527 -0.09144875407218933 0.22203797101974487 0.02143709361553192 -0.09235331416130066 0.22817803919315338 0.020935693755745888 -0.09543176740407944 0.3188212811946869 0.01929667964577675 -0.09609901905059814 0.31294888257980347 0.015964064747095108 -0.09667936712503433 0.3105570077896118 0.01994803361594677 -0.0963873416185379 0.30645591020584106 0.017803650349378586 -0.09710384905338287 0.2958090305328369 0.01540789008140564 -0.0975886881351471 0.28648650646209717 0.020341049879789352 -0.0968165397644043 0.2907981276512146 0.01815483346581459 -0.0972154438495636 0.2816847264766693 0.016316547989845276 -0.09740741550922394 0.27538973093032837 0.014584051445126534 -0.09750549495220184 0.2689226269721985 0.019721630960702896 -0.09676465392112732 0.2725387513637543 0.012926463037729263 -0.09747332334518433 0.26225942373275757 0.017123185098171234 -0.09688246250152588 0.263097882270813 0.01539207436144352 -0.09660632163286209 0.2533346116542816 0.016941824927926064 -0.09587613493204117 0.24760663509368896 0.013528648763895035 -0.09600159525871277 0.24161870777606964 0.017085526138544083 -0.09499330818653107 0.23857592046260834 0.015289664268493652 -0.09464985132217407 0.23173190653324127 0.01429668441414833 -0.0931580513715744 0.218496635556221 0.01519941259175539 -0.09390389174222946 0.22551727294921875 0.016301725059747696 -0.09215979278087616 0.21556738018989563 0.013402504846453667 -0.09224557876586914 0.21115392446517944 0.022720253095030785 -0.09562844038009644 0.31195586919784546 0.02413700893521309 -0.09557126462459564 0.30841147899627686 0.02269604057073593 -0.09621931612491608 0.29961520433425903 0.021588873118162155 -0.09660856425762177 0.2815658450126648 0.019840143620967865 -0.09638172388076782 0.2635732591152191 0.020793195813894272 -0.09581087529659271 0.25783979892730713 0.020188480615615845 -0.09535656869411469 0.2502360939979553 0.01946251466870308 -0.09417276829481125 0.23687000572681427 0.018444357439875603 -0.09330888092517853 0.2276325672864914 0.02432328648865223 -0.09608323127031326 0.29174166917800903 0.022694673389196396 -0.09624794870615005 0.2748764753341675 0.018860697746276855 -0.09185992926359177 0.21891625225543976 0.02723751962184906 -0.09521816670894623 0.3029535412788391 0.02593756839632988 -0.09571029245853424 0.281276673078537 0.0237618088722229 -0.09511788934469223 0.25851666927337646 0.003217065939679742 -0.06857752054929733 0.11239276081323624 5.494803190231323E-07 -0.07154083251953125 0.1201019287109375 0.003797653131186962 -0.07099658995866776 0.11924932152032852 0.005349587183445692 -0.0673903077840805 0.10989964753389359 0.0041677625849843025 -0.07789202779531479 0.14054587483406067 0.0035125799477100372 -0.07570692896842957 0.13323509693145752 0.005616937298327684 -0.0755549818277359 0.13364706933498383 0.006074464879930019 -0.07072460651397705 0.1194196492433548 0.007404411677271128 -0.06704871356487274 0.10998692363500595 0.00254661962389946 -0.073455810546875 0.12607607245445251 0.004740782082080841 -0.07330372184515 0.12632861733436584 0.006914271041750908 -0.07302451878786087 0.12662380933761597 0.0077666835859417915 -0.07043590396642685 0.11957686394453049 0.00943813007324934 -0.07006313651800156 0.11976327002048492 0.008700384758412838 -0.066774882376194 0.11005952954292297 0.00932058785110712 -0.07255317270755768 0.12700849771499634 0.008255451917648315 -0.07649923861026764 0.1384468674659729 0.005946310702711344 -0.07779468595981598 0.14104920625686646 0.005284539423882961 -0.08024825155735016 0.14910580217838287 0.003756261896342039 -0.08152663707733154 0.15302211046218872 0.007481185719370842 -0.08010279387235641 0.1499733030796051 0.007397018373012543 -0.07820279151201248 0.14337360858917236 0.00370899960398674 -0.08296364545822144 0.15837940573692322 0.003657359629869461 -0.08496947586536407 0.16637426614761353 0.0026654070243239403 -0.087367944419384 0.17646381258964539 0.004401832353323698 -0.09721749275922775 0.31585270166397095 0.004209265578538179 -0.09805691987276077 0.30192533135414124 0.004118558019399643 -0.09832531958818436 0.29495543241500854 0.0039930688217282295 -0.0985260158777237 0.2844933569431305 0.003789001377299428 -0.09827105700969696 0.26357483863830566 0.005844145081937313 -0.09752213954925537 0.25037240982055664 0.0041274125687778 -0.09709719568490982 0.24285650253295898 0.0036142312455922365 -0.09619665890932083 0.23224034905433655 0.00359421968460083 -0.09504236280918121 0.22189223766326904 0.0045015644282102585 -0.09264560043811798 0.20507383346557617 0.004500508774071932 -0.09147793799638748 0.19802911579608917 0.0045069619081914425 -0.09019294381141663 0.1909400075674057 0.005544613115489483 -0.08523121476173401 0.16829395294189453 0.0064141275361180305 -0.08708932250738144 0.1768999993801117 0.0074104974046349525 -0.08519068360328674 0.16934385895729065 0.0055929203517735004 -0.08390303701162338 0.1629093885421753 0.007516901940107346 -0.08312268555164337 0.16116134822368622 0.005654879845678806 -0.08249211311340332 0.1574956625699997 0.010827681981027126 -0.06669819355010986 0.1115499883890152 0.01144188828766346 -0.06763745844364166 0.11472062766551971 0.006704227067530155 -0.09714451432228088 0.31555959582328796 0.007676992565393448 -0.09755006432533264 0.30857419967651367 0.007471662946045399 -0.09797854721546173 0.30004289746284485 0.007710046134889126 -0.09830327332019806 0.2881264090538025 0.007554748095571995 -0.0983719751238823 0.28132712841033936 0.0059059420600533485 -0.09844163060188293 0.274333655834198 0.005807152483612299 -0.0983118936419487 0.2674621343612671 0.008146644569933414 -0.09792983531951904 0.2611848711967468 0.0064231883734464645 -0.0961465984582901 0.23356305062770844 0.006395470350980759 -0.09544239938259125 0.2268582284450531 0.00636405311524868 -0.09417349100112915 0.21666526794433594 0.005453075282275677 -0.08882422745227814 0.18440335988998413 0.010436291806399822 -0.07352358847856522 0.13095435500144958 0.012486664578318596 -0.0712059736251831 0.12619087100028992 0.01271107979118824 -0.06910281628370285 0.12021048367023468 0.01255379244685173 -0.06567195057868958 0.11036895215511322 0.013248872011899948 -0.06641066819429398 0.11317316442728043 0.014827502891421318 -0.06830179691314697 0.12056411057710648 0.015332527458667755 -0.06509680300951004 0.11206890642642975 0.020235713571310043 -0.0639340728521347 0.11699915677309036 0.017391394823789597 -0.0636407732963562 0.11096107959747314 0.015182016417384148 -0.0708431750535965 0.12870357930660248 0.009136785753071308 -0.08738705515861511 0.18041005730628967 0.010117628611624241 -0.08530296385288239 0.17232799530029297 0.009374712593853474 -0.0829610526561737 0.16214197874069214 0.009608274325728416 -0.08011043816804886 0.15182621777057648 0.00991092063486576 -0.07737182080745697 0.14278286695480347 0.007288720458745956 -0.0888223648071289 0.18557852506637573 0.007264826912432909 -0.09023364633321762 0.19275343418121338 0.009842650964856148 -0.08968336880207062 0.19225440919399261 0.011166919022798538 -0.08297474682331085 0.16408702731132507 0.011383887380361557 -0.08061087131500244 0.1555614322423935 0.011807244271039963 -0.07710294425487518 0.14394761621952057 0.012350362725555897 -0.07360561192035675 0.13333168625831604 0.010720495134592056 -0.096918985247612 0.31489378213882446 0.011038682423532009 -0.09734223037958145 0.3081546723842621 0.013511847704648972 -0.0974431186914444 0.30118271708488464 0.009483176283538342 -0.09803644567728043 0.2948835790157318 0.010407758876681328 -0.09742935001850128 0.2551334500312805 0.009352562949061394 -0.0971081480383873 0.24817019701004028 0.008332032710313797 -0.09666222333908081 0.24110299348831177 0.010072506964206696 -0.09559421241283417 0.2320617437362671 0.010004410520195961 -0.09448176622390747 0.2222820222377777 0.01128418743610382 -0.09347797930240631 0.21646030247211456 0.008160662837326527 -0.09264782071113586 0.2075064331293106 0.007255894597619772 -0.09151788055896759 0.19986747205257416 0.009936428628861904 -0.091409832239151 0.20171456038951874 0.013883551582694054 -0.07528308033943176 0.14072367548942566 0.013437747023999691 -0.07815408706665039 0.14960789680480957 0.013116743415594101 -0.08078104257583618 0.15842074155807495 0.012821448035538197 -0.0839938148856163 0.17026054859161377 0.012614913284778595 -0.08741743862628937 0.18456779420375824 0.014643814414739609 -0.08835742622613907 0.19204023480415344 0.015880350023508072 -0.08721888810396194 0.18880414962768555 0.01740313321352005 -0.08766160905361176 0.19371919333934784 0.013381265103816986 -0.08975481241941452 0.19703495502471924 0.01958514004945755 -0.08723986148834229 0.19649454951286316 0.01833183690905571 -0.08969996869564056 0.20560958981513977 0.010898090898990631 -0.08744020760059357 0.18247899413108826 0.015838779509067535 -0.09052950143814087 0.20513960719108582 0.012538913637399673 -0.09055285155773163 0.2000131905078888 0.020348789170384407 -0.08963140100240707 0.20974114537239075 0.012402927502989769 -0.09792960435152054 0.28816649317741394 0.013738714158535004 -0.09765227884054184 0.29463595151901245 0.013153882697224617 -0.09788602590560913 0.2816392779350281 0.010414914228022099 -0.09811016917228699 0.27488890290260315 0.011697818525135517 -0.09785802662372589 0.2685030698776245 0.013208202086389065 -0.09712598472833633 0.2559170126914978 0.01160560455173254 -0.09663595259189606 0.24566668272018433 0.012713415548205376 -0.09500740468502045 0.23029762506484985 0.012650411576032639 -0.09424855560064316 0.22390902042388916 0.010830327868461609 -0.09251144528388977 0.20933136343955994 0.013802687637507915 -0.09132783114910126 0.20624692738056183 0.008767434395849705 -0.09812159836292267 0.268011212348938 0.02695370465517044 -0.029735641553997993 0.14799997210502625 0.02250002697110176 -0.04000001400709152 0.14799995720386505 0.023098349571228027 -0.03698046877980232 0.14800018072128296 0.024447079747915268 -0.03353343531489372 0.14799998700618744 0.02581687457859516 -0.031244689598679543 0.14799997210502625 -0.02249998226761818 -0.030021287500858307 0.15303143858909607 0.02250012382864952 -0.034824371337890625 0.160125732421875 0.022500019520521164 -0.03002125769853592 0.15303143858909607 -0.02249997854232788 -0.03351711481809616 0.15817873179912567 -0.02249997667968273 -0.03684453293681145 0.16343647241592407 -0.022499974817037582 -0.040000058710575104 0.16879911720752716 0.02250002697110176 -0.040000028908252716 0.16879911720752716 -0.022499974817037582 -0.040000054985284805 0.1647759974002838 0.02250002697110176 -0.04000002518296242 0.1647759974002838 -0.02249995619058609 -0.06990479677915573 0.25777944922447205 0.022500066086649895 -0.06987319886684418 0.2560710906982422 0.022500569000840187 -0.07000447809696198 0.26595422625541687 -0.02249724045395851 -0.04443359375 0.17171096801757812 0.02250002883374691 -0.04315647855401039 0.16966721415519714 0.02250003069639206 -0.04615108668804169 0.17465916275978088 -0.022499969229102135 -0.048980675637722015 0.17974650859832764 0.02250003255903721 -0.04898064583539963 0.17974650859832764 -0.022499999031424522 -0.05270957946777344 0.18706703186035156 0.022500034421682358 -0.05164211988449097 0.18492373824119568 0.02250003255903721 -0.05553865432739258 0.1933135986328125 -0.022499965503811836 -0.05644960701465607 0.19552567601203918 -0.022499283775687218 -0.05944252014160156 0.20318603515625 0.022500038146972656 -0.05859040841460228 0.20093899965286255 0.022500040009617805 -0.06055285036563873 0.20641952753067017 -0.022499067708849907 -0.063034787774086 0.21424761414527893 0.022500062361359596 -0.06331971287727356 0.21524465084075928 -0.02249995991587639 -0.06534979492425919 0.22320514917373657 0.02250014618039131 -0.0661172866821289 0.2265453338623047 -0.02249995246529579 -0.06705296039581299 0.23124361038208008 0.022500043734908104 -0.06816959381103516 0.23800373077392578 -0.02249995619058609 -0.06847715377807617 0.24038031697273254 -0.02249997854232788 -0.06938785314559937 0.24854135513305664 0.022500045597553253 -0.0691428855061531 0.24616339802742004 2.0675361156463623E-07 -0.09449267387390137 0.33738279342651367 2.1391713289631298E-07 -0.09453260153532028 0.33734026551246643 -0.00675201416015625 -0.0940542221069336 0.3373432159423828 -0.023373816162347794 -0.09423395991325378 0.32691478729248047 1.931478266214981E-07 -0.09528182446956635 0.3361506462097168 2.433254451261746E-07 -0.09496671706438065 0.33681055903434753 2.4263047748718236E-07 -0.09497643262147903 0.33679303526878357 9.313225746154785E-09 -0.09492301940917969 0.3369178771972656 2.2212043404579163E-07 -0.0951700210571289 0.3364524841308594 1.550477435330322E-07 -0.09407684206962585 0.33770298957824707 1.726706244653542E-07 -0.09420330822467804 0.33762264251708984 -0.017848968505859375 -0.0930260419845581 0.3332366943359375 -0.0183563232421875 -0.087066650390625 0.33461761474609375 -0.015151023864746094 -0.09338384866714478 0.3345823287963867 -0.018674971535801888 -0.09260841459035873 0.33278632164001465 -0.019128018990159035 -0.09259801357984543 0.33248966932296753 -0.0207061767578125 -0.0925130844116211 0.33142852783203125 -0.019685322418808937 -0.0925464928150177 0.3321336805820465 -0.021920740604400635 -0.09243372082710266 0.33049100637435913 -0.0236053466796875 -0.09232044219970703 0.3291015625 -0.02642335370182991 -0.09210419654846191 0.32619404792785645 -0.02555176243185997 -0.0921444445848465 0.3271712064743042 -0.025042369961738586 -0.09248191118240356 0.32755041122436523 -0.02729034423828125 -0.09235119819641113 0.3250885009765625 -0.029376983642578125 -0.09236776828765869 0.32220458984375 -0.02807360142469406 -0.09114544093608856 0.32450780272483826 -0.03138542175292969 -0.0920400619506836 0.3186492919921875 -0.03125123679637909 -0.09174004197120667 0.31906381249427795 -0.030932046473026276 -0.09176038205623627 0.3196693956851959 -0.03240744024515152 -0.08685073256492615 0.3192654252052307 -0.03486338257789612 -0.09179319441318512 0.30436384677886963 -0.03515074402093887 -0.09020022302865982 0.3061312735080719 -0.0346640944480896 -0.09210254997015 0.30633068084716797 -0.0204620361328125 -0.09325481951236725 0.3312797546386719 -0.012729644775390625 -0.09459042549133301 0.33457183837890625 -9.797513484954834E-07 -0.09477424621582031 0.3371915817260742 -0.018402099609375 -0.09398460388183594 0.3320770263671875 -0.01641082763671875 -0.09432220458984375 0.33295440673828125 -0.01875414326786995 -0.09401249885559082 0.33174341917037964 -0.020557403564453125 -0.09424567222595215 0.3299446105957031 -0.020814061164855957 -0.09385886788368225 0.3303128778934479 -0.020715856924653053 -0.09401614964008331 0.33016741275787354 -0.0240020751953125 -0.09327748417854309 0.32816123962402344 -0.022917378693819046 -0.09390933066606522 0.3282617926597595 -0.025997161865234375 -0.09363889694213867 0.3252296447753906 -0.03359365463256836 -0.09281277656555176 0.3107032775878906 -0.03369641304016113 -0.09339624643325806 0.30619192123413086 -0.03413458168506622 -0.09295332431793213 0.3061542510986328 -0.023646268993616104 -0.09403697401285172 0.3272123336791992 -0.023775748908519745 -0.09390677511692047 0.3273566961288452 -0.024806516245007515 -0.09394057840108871 0.32604774832725525 -0.0253448486328125 -0.09392333030700684 0.32532501220703125 -0.029018402099609375 -0.0932244062423706 0.32163047790527344 -0.03266096115112305 -0.09306663274765015 0.31328392028808594 -0.03125762939453125 -0.09297329932451248 0.3176155090332031 -0.03408890962600708 -0.09316307306289673 0.30379796028137207 -0.03459014743566513 -0.09247201681137085 0.3042435646057129 -0.03375530242919922 -0.0916297435760498 0.31246185302734375 -0.03290271759033203 -0.0921485424041748 0.31485939025878906 -0.03444194793701172 -0.09189444780349731 0.3089761734008789 -0.033678214997053146 -0.09212224930524826 0.31206822395324707 -0.01746240444481373 -0.09376373142004013 0.3328894078731537 -0.026554107666015625 -0.09306526184082031 0.325347900390625 -1.4435499906539917E-08 -0.09317588806152344 0.33815860748291016 1.2802837545677903E-07 -0.09388294816017151 0.3378262221813202 1.5594332580803894E-07 -0.09533537924289703 0.33595165610313416 0.0303192138671875 -0.09200942516326904 0.32076263427734375 0.027660369873046875 -0.09266608953475952 0.3243999481201172 0.028310086578130722 -0.09085790812969208 0.3242892622947693 0.025667650625109673 -0.09232370555400848 0.3269730508327484 0.02327728271484375 -0.09239407628774643 0.32943153381347656 0.0262451171875 -0.09207344055175781 0.326324462890625 0.021921133622527122 -0.09240086376667023 0.33049440383911133 0.02194276452064514 -0.09241580963134766 0.33047550916671753 0.021366074681282043 -0.09243834018707275 0.3309326469898224 0.020551543682813644 -0.09254257380962372 0.33151695132255554 0.0215606689453125 -0.08525848388671875 0.33297157287597656 0.01885986328125 -0.09267997741699219 0.33263397216796875 0.01605224609375 -0.0934990644454956 0.33403587341308594 0.018091518431901932 -0.0870736837387085 0.3346636891365051 1.1416473455483356E-07 -0.09377935528755188 0.3378748595714569 0.0022303087171167135 -0.0937720462679863 0.3377990126609802 0.019979476928710938 -0.09458637237548828 0.3295869827270508 0.022678375244140625 -0.09430122375488281 0.32762908935546875 0.0345759391784668 -0.09228762984275818 0.3062896728515625 0.034713853150606155 -0.09223751723766327 0.30266451835632324 0.03435465693473816 -0.09284937381744385 0.3040175437927246 0.03346232324838638 -0.09354114532470703 0.3057249188423157 0.03346729651093483 -0.09363054484128952 0.3036845028400421 0.03278684616088867 -0.09327679872512817 0.3120250701904297 0.0338594913482666 -0.09331333637237549 0.30527210235595703 0.031244277954101562 -0.09260213375091553 0.31833648681640625 0.03215312957763672 -0.09300565719604492 0.31514739990234375 0.028349997475743294 -0.09322883933782578 0.32254838943481445 0.029088793322443962 -0.09335196018218994 0.3210306167602539 0.026092529296875 -0.0936131477355957 0.3251953125 0.024652887135744095 -0.09346401691436768 0.32709288597106934 0.022857666015625 -0.0937967300415039 0.3285636901855469 0.01961517333984375 -0.09392213821411133 0.33135223388671875 0.0163116455078125 -0.09449291229248047 0.3327293395996094 0.01080322265625 -0.09451007843017578 0.335540771484375 0.004826545715332031 -0.09463644027709961 0.33692264556884766 6.491318345069885E-07 -0.09438228607177734 0.33753013610839844 0.00629026023671031 -0.09490307420492172 0.33622172474861145 0.020002365112304688 -0.09437870979309082 0.33017921447753906 0.028341293334960938 -0.09354782104492188 0.3219490051269531 0.03391528129577637 -0.09298819303512573 0.30821895599365234 0.024294491857290268 -0.09392298758029938 0.32669854164123535 0.020260052755475044 -0.09448932111263275 0.32951635122299194 0.01275634765625 -0.09291017055511475 0.33578014373779297 0.013031695038080215 -0.09324238449335098 0.3355075716972351 0.006880760192871094 -0.09350359439849854 0.3374594449996948 0.034820280969142914 -0.09176234900951385 0.305286705493927 0.03478485345840454 -0.09164221584796906 0.3065614700317383 0.034151315689086914 -0.09221839904785156 0.3098869323730469 0.03439640998840332 -0.09168610721826553 0.3094348907470703 0.03369617462158203 -0.09198570251464844 0.3123970031738281 0.025619009509682655 -0.09253502637147903 0.32691192626953125 0.0251617431640625 -0.09288787841796875 0.32718658447265625 0.021228790283203125 -0.09311830997467041 0.33075714111328125 0.0007152557373046875 -0.09296989440917969 0.33824872970581055 0.03288745880126953 -0.09180321544408798 0.3152275085449219 0.031909942626953125 -0.0919342041015625 0.317474365234375 0.029611391946673393 -0.09258626401424408 0.32138726115226746 0.029231734573841095 -0.09242090582847595 0.32216230034828186 0.023876190185546875 -0.0931086540222168 0.328338623046875 1.414393864251906E-07 -0.09397918730974197 0.33776506781578064 0.03309774398803711 -0.09251880645751953 0.31345367431640625 0.02296234667301178 -0.09334748238325119 0.3289949595928192 0.02287389524281025 -0.09353115409612656 0.3288780450820923 0.0030545424669981003 -0.09434442222118378 0.3373674154281616 0.029453150928020477 -0.09287911653518677 0.3212764859199524 0.03463730216026306 -0.09203283488750458 0.3002190589904785 0.03157997131347656 -0.08630561828613281 0.318695068359375 0.034886956214904785 -0.09120076894760132 0.3003392219543457 0.03496074676513672 -0.09005750715732574 0.3046347200870514 0.03490730747580528 -0.08965443074703217 0.3061462342739105 0.034360647201538086 -0.08848190307617188 0.31054210662841797 0.03308513015508652 -0.0873083770275116 0.31494393944740295 0.032598163932561874 -0.08693553507328033 0.3163421154022217 0.03194461762905121 -0.07598515599966049 0.2641903758049011 0.032049644738435745 -0.07553926110267639 0.26546525955200195 0.03207797557115555 -0.07509136199951172 0.2667471170425415 0.03140103071928024 -0.0738246887922287 0.26457804441452026 0.03153607249259949 -0.0737638846039772 0.26821964979171753 0.030658971518278122 -0.07276564836502075 0.26604464650154114 0.0297395046800375 -0.07198657095432281 0.2650614380836487 0.035267118364572525 -0.0801563560962677 0.28790026903152466 0.03707542270421982 -0.08023768663406372 0.2981809973716736 0.03514469042420387 -0.07847204804420471 0.28607118129730225 0.03650158643722534 -0.07913219928741455 0.2942333221435547 0.03564810752868652 -0.0774848461151123 0.2904195785522461 0.034371376037597656 -0.07581329345703125 0.28666114807128906 0.0339367613196373 -0.07622060924768448 0.28096601366996765 0.03433285653591156 -0.07736421376466751 0.2814047336578369 0.033481597900390625 -0.0749979019165039 0.28472328186035156 0.03239011764526367 -0.07417726516723633 0.2826242446899414 0.03279133141040802 -0.07470010221004486 0.2788594961166382 0.03282633423805237 -0.07496273517608643 0.27639737725257874 0.033058080822229385 -0.07563367486000061 0.2750712037086487 0.03356961905956268 -0.07721573859453201 0.2760390639305115 0.03410310670733452 -0.07864609360694885 0.2796933948993683 0.030800819396972656 -0.07331609725952148 0.2801189422607422 0.02778339385986328 -0.07225155830383301 0.27625083923339844 0.02983572706580162 -0.07249477505683899 0.27226385474205017 0.031766925007104874 -0.07382745295763016 0.2742527723312378 0.030973441898822784 -0.07313324511051178 0.27202343940734863 0.03267180174589157 -0.07558347284793854 0.2714790999889374 0.032896704971790314 -0.07716003060340881 0.2712474465370178 0.028397846966981888 -0.07145174592733383 0.2660598158836365 0.030364662408828735 -0.07274051010608673 0.272158682346344 0.03261054307222366 -0.07865395396947861 0.27066314220428467 0.025274643674492836 -0.07060934603214264 0.2657140791416168 0.02250233292579651 -0.07059360295534134 0.2715088725090027 0.021755220368504524 -0.06983820348978043 0.26588207483291626 -0.029725443571805954 -0.07268862426280975 0.27550217509269714 -0.02600860595703125 -0.0716848373413086 0.2744922637939453 -0.029474258422851562 -0.07281970977783203 0.2783241271972656 -0.022501066327095032 -0.0706322193145752 0.2715144157409668 -0.029005205258727074 -0.07208582758903503 0.27068984508514404 -0.0291750431060791 -0.0719296932220459 0.26813316345214844 -0.033234961330890656 -0.07513932883739471 0.2800695300102234 -0.03298807144165039 -0.07459235191345215 0.2837085723876953 -0.03448677062988281 -0.07595682144165039 0.2869749069213867 -0.0316011905670166 -0.07368779182434082 0.28128862380981445 -0.03264641761779785 -0.07746389508247375 0.2696647644042969 -0.03242945298552513 -0.07638321816921234 0.26792266964912415 -0.03181614726781845 -0.0749332532286644 0.2645643353462219 -0.03606986999511719 -0.0782327651977539 0.2921137809753418 -0.034280844032764435 -0.07745444774627686 0.2808946967124939 -0.03322238475084305 -0.07674960047006607 0.2738417387008667 -0.034302107989788055 -0.07683002948760986 0.2821621000766754 -0.03264491260051727 -0.07560510188341141 0.27103161811828613 -0.033599935472011566 -0.07603757828474045 0.27871423959732056 -0.03243478015065193 -0.07491052150726318 0.27175286412239075 -0.03212093934416771 -0.07435959577560425 0.2718656063079834 -0.03180887550115585 -0.07386530190706253 0.2743861675262451 -0.03104601986706257 -0.07324988394975662 0.2745693027973175 -0.030213942751288414 -0.07281658798456192 0.2747410535812378 -0.03126758337020874 -0.07348864525556564 0.26605576276779175 -0.029997657984495163 -0.07228996604681015 0.26760074496269226 -0.031162947416305542 -0.07329539954662323 0.2697211503982544 -0.030490268021821976 -0.07264357805252075 0.26748573780059814 -0.03675180673599243 -0.07985049486160278 0.29596400260925293 -0.03448486328125 -0.07894659042358398 0.28217315673828125 -0.0352635383605957 -0.07693862915039062 0.2891969680786133 -0.03027923032641411 -0.07726700603961945 0.25313737988471985 -0.031049804762005806 -0.08073292672634125 0.2629696726799011 -0.028728025034070015 -0.072704017162323 0.23240616917610168 -0.029157938435673714 -0.07658939808607101 0.24246399104595184 -0.028450675308704376 -0.06875322014093399 0.22233779728412628 -0.02829822152853012 -0.06181149557232857 0.19929835200309753 -0.028852129355072975 -0.054011400789022446 0.1854405701160431 -0.029216742143034935 -0.051325004547834396 0.17875021696090698 -0.029683280736207962 -0.04864896088838577 0.17206937074661255 -0.0302568506449461 -0.04598826915025711 0.1653994768857956 -0.0314677394926548 -0.03868257626891136 0.154777392745018 -0.0332137793302536 -0.030919454991817474 0.1432550847530365 -0.03540421277284622 -0.02337648533284664 0.13254505395889282 -0.03744840621948242 -0.014111518859863281 0.1253185272216797 -0.03647235035896301 -0.018411625176668167 0.1285393089056015 -0.044565387070178986 -0.010759619064629078 0.10371123254299164 -0.0443807914853096 -0.008339699357748032 0.10577906668186188 -0.04198632016777992 -0.009276908822357655 0.11230402439832687 -0.04027372598648071 -0.031926095485687256 0.09704995155334473 -0.041918378323316574 -0.026926394551992416 0.09697595983743668 -0.040575895458459854 -0.029226232320070267 0.10092003643512726 -0.03809770941734314 -0.036657996475696564 0.10161193460226059 -0.03918066620826721 -0.03486163914203644 0.09730306267738342 -0.038278527557849884 -0.03541015833616257 0.10381101071834564 -0.03400922939181328 -0.046228937804698944 0.1117519810795784 -0.03252961486577988 -0.04983256384730339 0.11789259314537048 -0.031477540731430054 -0.05248998478055 0.1255968064069748 -0.030527766793966293 -0.05520588532090187 0.1332976520061493 -0.028274232521653175 -0.06296276301145554 0.14631398022174835 -0.02825574204325676 -0.06334975361824036 0.1514163762331009 -0.027002079412341118 -0.06887683272361755 0.16196922957897186 -0.026225753128528595 -0.07347758114337921 0.1736917495727539 -0.025874918326735497 -0.07699359953403473 0.18623974919319153 -0.02550399862229824 -0.08215644955635071 0.20239505171775818 -0.02582653984427452 -0.07894645631313324 0.19474053382873535 -0.026224754750728607 -0.08491113036870956 0.2236570417881012 -0.026789162307977676 -0.08756858110427856 0.23738406598567963 -0.0274570994079113 -0.08538956195116043 0.2400081902742386 -0.027638178318738937 -0.08984807133674622 0.2506304085254669 -0.028500400483608246 -0.08810867369174957 0.2547232210636139 -0.029968200251460075 -0.0901421308517456 0.26888108253479004 -0.031582873314619064 -0.09011200815439224 0.2791686952114105 -0.035377100110054016 -0.08785797655582428 0.29816383123397827 -0.03436625003814697 -0.09119731187820435 0.2969231605529785 -0.035504601895809174 -0.08471730351448059 0.29471075534820557 -0.036222197115421295 -0.08404764533042908 0.298038512468338 -0.033721476793289185 -0.08320725709199905 0.28263750672340393 -0.02735215239226818 -0.0794689953327179 0.22581599652767181 -0.02684621512889862 -0.08065488934516907 0.2211190164089203 -0.027448344975709915 -0.07359333336353302 0.21159859001636505 -0.027027655392885208 -0.07611696422100067 0.21025404334068298 -0.027787946164608 -0.06778151541948318 0.1973668336868286 -0.026930473744869232 -0.07514315843582153 0.20414429903030396 -0.027769319713115692 -0.06721533834934235 0.18849751353263855 -0.028315886855125427 -0.06233979016542435 0.1875990629196167 -0.028844930231571198 -0.059228185564279556 0.17601409554481506 -0.027973268181085587 -0.06545573472976685 0.18033070862293243 -0.028444670140743256 -0.0625566840171814 0.17300382256507874 -0.030017100274562836 -0.05261305719614029 0.16298426687717438 -0.028995778411626816 -0.059696927666664124 0.1656763106584549 -0.03030564822256565 -0.052293699234724045 0.15823432803153992 -0.029632247984409332 -0.05687844753265381 0.1583489626646042 -0.0315232127904892 -0.04721519723534584 0.1489267647266388 -0.030891332775354385 -0.051672305911779404 0.14859098196029663 -0.032439544796943665 -0.04457325488328934 0.14190921187400818 -0.031184036284685135 -0.051373355090618134 0.14369797706604004 -0.03290808945894241 -0.044282473623752594 0.1369411200284958 -0.03274465724825859 -0.04633171483874321 0.13409718871116638 -0.03400232642889023 -0.0416993610560894 0.12985795736312866 -0.0338384248316288 -0.0437336266040802 0.12685750424861908 -0.03521926701068878 -0.03916504234075546 0.12278375774621964 -0.03614490479230881 -0.033263325691223145 0.12405133992433548 -0.03658919036388397 -0.03542318940162659 0.11779754608869553 -0.03759149834513664 -0.030835222452878952 0.1173260509967804 -0.03770121932029724 -0.03284871578216553 0.11387823522090912 -0.03876718878746033 -0.02904864400625229 0.11229351162910461 -0.029227562248706818 -0.08488276600837708 0.2552851438522339 -0.028641391545534134 -0.07951688766479492 0.24164487421512604 -0.028075097128748894 -0.08244973421096802 0.24082623422145844 -0.02825300768017769 -0.07407458126544952 0.22797323763370514 -0.027829689905047417 -0.076766736805439 0.22689498960971832 -0.02810463309288025 -0.06858452409505844 0.2142840027809143 -0.02780640497803688 -0.07108309864997864 0.21294209361076355 -0.02804681658744812 -0.06542278081178665 0.19897982478141785 -0.028692392632365227 -0.05757933109998703 0.1869063675403595 -0.02901279553771019 -0.055949047207832336 0.17909303307533264 -0.03006051667034626 -0.050492726266384125 0.16530106961727142 -0.031087389215826988 -0.0454205758869648 0.1562078893184662 -0.031523868441581726 -0.04514351487159729 0.1515413224697113 -0.03286835551261902 -0.04019051790237427 0.14262980222702026 -0.033943116664886475 -0.03763191029429436 0.13586054742336273 -0.0340360589325428 -0.039665188640356064 0.13285991549491882 -0.0351480171084404 -0.03511681407690048 0.12910610437393188 -0.03525037318468094 -0.03714128956198692 0.1259455680847168 -0.03787314146757126 -0.03405487537384033 0.11041010171175003 -0.029487311840057373 -0.053209468722343445 0.17219364643096924 -0.039179421961307526 -0.030869044363498688 0.10699577629566193 -0.04029088467359543 -0.02751154452562332 0.10550127923488617 -0.03927115350961685 -0.031974971294403076 0.10430024564266205 -0.02665465883910656 -0.07529851794242859 0.1970922350883484 -0.029283616691827774 -0.059024911373853683 0.15603378415107727 -0.030838225036859512 -0.05346018075942993 0.14108796417713165 -0.03245421499013901 -0.048382747918367386 0.1312568634748459 -0.03203306719660759 -0.050435520708560944 0.1284226030111313 -0.030370015650987625 -0.05555263161659241 0.13848362863063812 -0.029425548389554024 -0.05866720527410507 0.15106841921806335 -0.02760857343673706 -0.06702442467212677 0.16894719004631042 -0.02710658870637417 -0.07002362608909607 0.17655327916145325 -0.026942342519760132 -0.07187929004430771 0.1849951297044754 -0.027923300862312317 -0.06516710668802261 0.1602182388305664 -0.03297062963247299 -0.04830864816904068 0.12012656033039093 -0.03505128622055054 -0.04118697717785835 0.1196238249540329 -0.033440712839365005 -0.04627581313252449 0.12311351299285889 -0.034464724361896515 -0.04446642845869064 0.11450153589248657 -0.03572151064872742 -0.04220239818096161 0.10659820586442947 -0.036156557500362396 -0.040199801325798035 0.10990884155035019 -0.03644208237528801 -0.03819169104099274 0.11322745680809021 -0.042639702558517456 -0.024335741996765137 0.09754908084869385 -0.033391110599040985 -0.03357136249542236 0.14184635877609253 -0.03236337751150131 -0.0361107736825943 0.1483023464679718 -0.03651007264852524 -0.021591026335954666 0.12800686061382294 -0.03797971457242966 -0.022426489740610123 0.12141968309879303 -0.03642420470714569 -0.024790236726403236 0.12762512266635895 -0.03535684943199158 -0.02659698948264122 0.13229641318321228 -0.03438545763492584 -0.028434135019779205 0.13698409497737885 -0.03771745786070824 -0.02561427466571331 0.12101420760154724 -0.03622056543827057 -0.028007976710796356 0.12739823758602142 -0.03487461060285568 -0.03045298531651497 0.133806049823761 -0.03990846127271652 -0.016989074647426605 0.11598926782608032 -0.03878860920667648 -0.01761416718363762 0.11992205679416656 -0.03984079509973526 -0.01958782970905304 0.11494621634483337 -0.03810631483793259 -0.01565989851951599 0.12291915714740753 -0.03769870847463608 -0.01983378641307354 0.12348407506942749 -0.03942639380693436 -0.02352919802069664 0.11420034617185593 -0.04085173457860947 -0.020907411351799965 0.10983193665742874 -0.044495195150375366 -0.017807841300964355 0.09767216444015503 -0.04622635245323181 -0.011927247047424316 0.0973203182220459 -0.04555299133062363 -0.013383785262703896 0.09835455566644669 -0.04337865114212036 -0.015987837687134743 0.10374485701322556 -0.04508192837238312 -0.012526178732514381 0.10072660446166992 -0.04238421842455864 -0.013361682184040546 0.10907682031393051 -0.04275153577327728 -0.007035831920802593 0.11107476055622101 -0.041246816515922546 -0.011754547245800495 0.11355337500572205 -0.04062262922525406 -0.02389156073331833 0.10819149017333984 -0.039587803184986115 -0.025829242542386055 0.1113373264670372 -0.03834724426269531 -0.011409759521484375 0.12272262573242188 -0.04044961929321289 -0.014879615977406502 0.11495070159435272 -0.04174666851758957 -0.017103124409914017 0.10900220274925232 -0.04248382896184921 -0.019354108721017838 0.10423882305622101 -0.04023033007979393 -0.012832153588533401 0.11641695350408554 -0.040817953646183014 -0.025147125124931335 0.10582421720027924 -0.04261089861392975 -0.022150415927171707 0.10073418915271759 -0.038114286959171295 -0.027628375217318535 0.11749672889709473 -0.036603059619665146 -0.030025143176317215 0.12404649704694748 -0.03523876518011093 -0.032474301755428314 0.13061711192131042 -0.033726975321769714 -0.03560035675764084 0.13885697722434998 -0.03267225623130798 -0.038148850202560425 0.14546939730644226 -0.031745944172143936 -0.04073308780789375 0.1520981639623642 -0.030942613258957863 -0.04334793984889984 0.15874196588993073 -0.03220158442854881 -0.08514198660850525 0.27604082226753235 -0.03081686794757843 -0.08655974268913269 0.2691936194896698 -0.029903337359428406 -0.08165772259235382 0.25584957003593445 -0.034838199615478516 -0.09123864769935608 0.30018889904022217 -0.03442072868347168 -0.09182178974151611 0.2980489730834961 -0.03229713439941406 -0.0867161750793457 0.3171653747558594 -0.033939361572265625 -0.08802938461303711 0.3122406005859375 -0.03470008075237274 -0.08911436796188354 0.3081716299057007 -0.034945011138916016 -0.08981132507324219 0.3055572509765625 -0.03499368205666542 -0.09050996601581573 0.3029381036758423 -0.034721627831459045 -0.09205169975757599 0.3011958599090576 -0.034414567053318024 -0.09273774921894073 0.30214330554008484 -0.03356853127479553 -0.09363123774528503 0.30223548412323 -0.03391274809837341 -0.09330303966999054 0.30071771144866943 -0.03422343730926514 -0.09289439022541046 0.3000154495239258 -0.03436201810836792 -0.09245610982179642 0.2990446090698242 -0.033118754625320435 -0.09388768672943115 0.3013448715209961 -0.03844195604324341 -0.0340651273727417 0.0947464108467102 -0.038555920124053955 -0.03592749312520027 0.09584466367959976 -0.038704462349414825 -0.03598356246948242 0.0963691994547844 -0.03877062350511551 -0.03600853309035301 0.09689360857009888 -0.04387539625167847 -0.020277004688978195 0.09706228971481323 -0.046008624136447906 -0.012593835592269897 0.09642070531845093 -0.042709290981292725 -0.024009108543395996 0.09624508023262024 -0.04333757981657982 -0.021023541688919067 0.09567669034004211 -0.04606274887919426 -0.011517815291881561 0.09576167166233063 -0.0454220175743103 -0.013012290000915527 0.09536337852478027 -0.04091951996088028 -0.026157617568969727 0.09457987546920776 -0.04517807066440582 -0.012740897946059704 0.09496761113405228 -0.04179489612579346 -0.02532827854156494 0.09521728754043579 -0.04540359973907471 -0.009518623352050781 0.09444284439086914 -0.044024109840393066 -0.01239621639251709 0.09415963292121887 -0.04102281481027603 -0.02349669858813286 0.09424202889204025 -0.03912312537431717 -0.02737557888031006 0.09401474893093109 -0.04474325478076935 -0.00702667236328125 0.09401515126228333 -0.040200039744377136 -0.03152671456336975 0.09595972299575806 -0.041022658348083496 -0.029399413615465164 0.0963691994547844 -0.03556890785694122 -0.03823065757751465 0.09407754242420197 -0.03939783573150635 -0.032525185495615005 0.09519359469413757 -0.03110325336456299 -0.043953657150268555 0.09400759637355804 -0.03290155529975891 -0.04098478704690933 0.0939999595284462 -0.033362939953804016 -0.04029151797294617 0.0939999595284462 -0.034044526517391205 -0.03921885043382645 0.0939999595284462 -0.02929583750665188 -0.04566148295998573 0.0939999595284462 -0.027255702763795853 -0.04803883284330368 0.09400613605976105 -0.026164092123508453 -0.048889439553022385 0.0939999520778656 -0.025551199913024902 -0.05026155710220337 0.09403683245182037 -0.009364944882690907 -0.05830618366599083 0.0939999520778656 -0.012133240699768066 -0.05805310234427452 0.09401922672986984 -0.006674939766526222 -0.05901272967457771 0.09400489181280136 -0.021000206470489502 -0.05628412961959839 0.09585292637348175 -2.8689391911029816E-06 -0.061924129724502563 0.09512168169021606 -7.392372936010361E-07 -0.06103789806365967 0.0943673849105835 -0.003246197011321783 -0.06105620414018631 0.09452159702777863 -0.004650142043828964 -0.06165340542793274 0.09516851603984833 -0.007222235202789307 -0.06049346923828125 0.09446269273757935 -0.008132684975862503 -0.060838401317596436 0.09490782022476196 -0.01221930980682373 -0.05923306941986084 0.09449774026870728 -0.02539321780204773 -0.05262920260429382 0.0950641930103302 -0.022349119186401367 -0.054408684372901917 0.09470021724700928 -0.025089263916015625 -0.05176463723182678 0.09434795379638672 -0.027948617935180664 -0.05012965202331543 0.09487020969390869 -0.02815103530883789 -0.049060091376304626 0.0943649411201477 -0.03004312515258789 -0.04780888557434082 0.0947384238243103 -0.034567832946777344 -0.0422932505607605 0.09483170509338379 -0.004358798265457153 -0.06041359901428223 0.09421056509017944 -0.018768310546875 -0.05662941932678223 0.09468090534210205 -0.015335321426391602 -0.05763649940490723 0.09430766105651855 -0.01898193359375 -0.055698394775390625 0.09423470497131348 -0.029892444610595703 -0.046460628509521484 0.09414482116699219 -0.031484659761190414 -0.045507147908210754 0.0944514274597168 -0.0328671932220459 -0.04300737380981445 0.09419578313827515 -0.010776707902550697 -0.05942187458276749 0.09437055885791779 -0.015826761722564697 -0.05834698677062988 0.0949215292930603 -0.019982993602752686 -0.05597579479217529 0.09474977850914001 -0.02198508381843567 -0.053865909576416016 0.0942540168762207 -0.032020553946495056 -0.045492444187402725 0.09474977850914001 -1.4845281839370728E-06 -0.05995991826057434 0.09400175511837006 -0.007641634438186884 -0.05979982018470764 0.09419932216405869 -0.006979174911975861 -0.059541307389736176 0.09408430755138397 -0.021020790562033653 -0.05333871766924858 0.09401430189609528 -0.02703762613236904 -0.049170345067977905 0.09410782903432846 -0.017709016799926758 -0.05563652515411377 0.09403620660305023 -0.03550073504447937 -0.04217482730746269 0.09592854976654053 -0.03400779888033867 -0.04405447840690613 0.09557020664215088 -0.02998991310596466 -0.049151401966810226 0.09612864255905151 -0.02837008237838745 -0.050676703453063965 0.09590181708335876 -0.017137866467237473 -0.058121636509895325 0.09536294639110565 -0.02179071120917797 -0.05554085969924927 0.09538844227790833 -0.024930328130722046 -0.05354788154363632 0.0957665741443634 -0.026713691651821136 -0.05194685980677605 0.09558284282684326 -0.032024234533309937 -0.04664550721645355 0.0957178920507431 -0.02974233217537403 -0.049177974462509155 0.09567046165466309 -0.030983107164502144 -0.04763178154826164 0.09545290470123291 -0.03527393937110901 -0.042098723351955414 0.0954652726650238 -0.018995730206370354 -0.05711990222334862 0.09532295167446136 -0.028609499335289 -0.050027430057525635 0.09531784057617188 -0.03246387839317322 -0.04564094543457031 0.09519273042678833 -0.03194442391395569 -0.04611503332853317 0.09507778286933899 3.936908044011034E-08 -0.061537474393844604 0.093999944627285 0.0019946591928601265 -0.06484949588775635 0.10233243554830551 0.003885057754814625 -0.06566201895475388 0.10481391847133636 0.005964001640677452 -0.06441126763820648 0.10231710970401764 0.008578125387430191 -0.06390094012022018 0.10235262662172318 0.002300368854776025 -0.06149645522236824 0.09400027245283127 0.004922269843518734 -0.06123979389667511 0.09399976581335068 0.0048951636999845505 -0.06259521096944809 0.09734998643398285 0.008616735227406025 -0.06063131242990494 0.09400041401386261 0.011074773967266083 -0.061310768127441406 0.09738979488611221 0.013714896515011787 -0.05915709584951401 0.09400361776351929 0.019484063610434532 -0.05654069781303406 0.09400012344121933 0.020139437168836594 -0.05871093273162842 0.10133951902389526 0.02202683687210083 -0.05504705011844635 0.09399209171533585 0.024504810571670532 -0.05338069796562195 0.09400223195552826 0.022348469123244286 -0.05634576082229614 0.09853073954582214 0.02749047428369522 -0.05305789038538933 0.10141810774803162 0.03091651201248169 -0.04773196578025818 0.09399581700563431 0.02871987223625183 -0.049890585243701935 0.09399828314781189 0.030621135607361794 -0.04920090734958649 0.09900922328233719 0.03274000436067581 -0.045695431530475616 0.09400363266468048 0.036467134952545166 -0.04126465320587158 0.10013175010681152 0.03842587396502495 -0.037543412297964096 0.09400033950805664 0.03625869005918503 -0.041367724537849426 0.09728407859802246 0.036410585045814514 -0.040850792080163956 0.09400314837694168 0.03318452835083008 -0.048343658447265625 0.11230039596557617 0.03519028425216675 -0.04387947916984558 0.10446983575820923 0.032999202609062195 -0.048127688467502594 0.1090431809425354 0.031999919563531876 -0.050733532756567 0.11467295140028 0.031676456332206726 -0.048491694033145905 0.10142360627651215 0.03465202450752258 -0.043326716870069504 0.09399857372045517 0.023528825491666794 -0.05628509446978569 0.10097312182188034 0.026301782578229904 -0.05198552459478378 0.09398719668388367 0.0335029736161232 -0.04636777192354202 0.1032010093331337 0.03202560171484947 -0.04857412725687027 0.10400865226984024 0.0282549187541008 -0.05280575901269913 0.10330666601657867 0.020867370069026947 -0.059757526963949203 0.10578404366970062 0.02495506778359413 -0.05646004527807236 0.10523440688848495 0.028191229328513145 -0.054853036999702454 0.11067157983779907 0.029470104724168777 -0.051744263619184494 0.10423381626605988 0.026406560093164444 -0.0563078336417675 0.10920514911413193 0.02937696874141693 -0.053368110209703445 0.11030258238315582 0.0018945143092423677 -0.06678617745637894 0.10731823742389679 0.01102103479206562 -0.06373633444309235 0.10369555652141571 0.014251253567636013 -0.0630992203950882 0.10515929013490677 0.01688552461564541 -0.05785340815782547 0.09400373697280884 0.038876697421073914 -0.031058531254529953 0.10871991515159607 0.041843898594379425 -0.028691930696368217 0.09400052577257156 0.04140380024909973 -0.029853060841560364 0.09399662911891937 0.031129514798521996 -0.04749894514679909 0.15367010235786438 0.03153428062796593 -0.045134253799915314 0.15146571397781372 0.032337822020053864 -0.04662163555622101 0.13906483352184296 0.028584405779838562 -0.05670325458049774 0.19213908910751343 0.03094581514596939 -0.08361321687698364 0.2660537362098694 0.03052925318479538 -0.07843230664730072 0.25641658902168274 0.033905211836099625 -0.08363743126392365 0.2842305898666382 0.03528420627117157 -0.0877314954996109 0.2973784804344177 0.03415071964263916 -0.09133768081665039 0.29592227935791016 0.03132292628288269 -0.08893688023090363 0.27584606409072876 0.02996828965842724 -0.09014222770929337 0.2688811123371124 0.028625939041376114 -0.08951862901449203 0.2581923007965088 0.028006648644804955 -0.08827356994152069 0.2509423494338989 0.02715066820383072 -0.08838048577308655 0.24317626655101776 0.026774929836392403 -0.08678942173719406 0.23558169603347778 0.026166535913944244 -0.08649183064699173 0.2273406684398651 0.025970112532377243 -0.08467680960893631 0.21940073370933533 0.025864144787192345 -0.08280132710933685 0.21132078766822815 0.025556810200214386 -0.07819816470146179 0.18540018796920776 0.026225794106721878 -0.07347776740789413 0.17369183897972107 0.027302414178848267 -0.06738344579935074 0.15805719792842865 0.028648946434259415 -0.06152971833944321 0.1423952728509903 0.031477537006139755 -0.05249015986919403 0.12559691071510315 0.03052777238190174 -0.0552060604095459 0.13329775631427765 0.03302934765815735 -0.048054710030555725 0.12050007283687592 0.03400920704007149 -0.046229105442762375 0.11175210773944855 0.03572148084640503 -0.04220256209373474 0.10659833252429962 0.03740387037396431 -0.03875182569026947 0.10082711279392242 0.039176687598228455 -0.03576907515525818 0.09400252997875214 0.03924829140305519 -0.03417626768350601 0.09886966645717621 0.04562603309750557 -0.01716751419007778 0.09399470686912537 0.04437854886054993 -0.021063178777694702 0.09399688988924026 0.043588537722826004 -0.020804502069950104 0.09798727929592133 0.04406774044036865 -0.011314650997519493 0.10487674176692963 0.04534918814897537 -0.0102163627743721 0.10161663591861725 0.04435229301452637 -0.012883109040558338 0.10285402834415436 0.04348716139793396 -0.009196046739816666 0.10793454945087433 0.04256989806890488 -0.0073481532745063305 0.11148074269294739 0.044061481952667236 -0.007346486672759056 0.10723619163036346 0.04217081516981125 -0.005409432575106621 0.11322879791259766 0.037876129150390625 -0.012956619262695312 0.123992919921875 0.03790026530623436 -0.015612059272825718 0.12362991273403168 0.035765983164310455 -0.022779148072004318 0.13103125989437103 0.03244214132428169 -0.03281138092279434 0.1479761302471161 0.033937007188797 -0.02936374768614769 0.13933438062667847 0.030698759481310844 -0.04128097742795944 0.16127026081085205 0.03146777302026749 -0.03868267685174942 0.15477754175662994 0.02921679988503456 -0.05132510885596275 0.17875033617019653 0.029722589999437332 -0.049710433930158615 0.1709500402212143 0.02835884317755699 -0.06054718792438507 0.1980060636997223 0.028242584317922592 -0.06326831132173538 0.20478375256061554 0.028624601662158966 -0.07139082252979279 0.22905050218105316 0.02875690907239914 -0.07673454284667969 0.2386718988418579 0.029754213988780975 -0.08455914258956909 0.25894084572792053 0.029376862570643425 -0.08198152482509613 0.2521939277648926 0.028463156893849373 -0.08236903697252274 0.2446824610233307 0.027699239552021027 -0.08246816694736481 0.23690570890903473 0.028093744069337845 -0.076815664768219 0.23088762164115906 0.027810033410787582 -0.06802906095981598 0.20169830322265625 0.027966298162937164 -0.06843620538711548 0.21015644073486328 0.028024867177009583 -0.06517547369003296 0.19464853405952454 0.028474848717451096 -0.060077860951423645 0.18941707909107208 0.028688430786132812 -0.05952532961964607 0.1805514693260193 0.02884947881102562 -0.05620923638343811 0.18348748981952667 0.02923472784459591 -0.054564617574214935 0.1756061613559723 0.02707258239388466 -0.08232802897691727 0.228861004114151 0.02709771692752838 -0.0793243795633316 0.22169169783592224 0.02798912301659584 -0.07402585446834564 0.22398073971271515 0.027172835543751717 -0.07633841782808304 0.21451640129089355 0.0279449000954628 -0.07123161852359772 0.2170698046684265 0.027303315699100494 -0.07337215542793274 0.20733638107776642 0.02807992696762085 -0.06461386382579803 0.1857796013355255 0.029263850301504135 -0.05750586837530136 0.1677773892879486 0.02988339215517044 -0.05472569912672043 0.16059347987174988 0.030313650146126747 -0.04703584685921669 0.16420698165893555 0.027264634147286415 -0.07133056223392487 0.19491136074066162 0.02759063057601452 -0.06836260855197906 0.18758746981620789 0.02845405414700508 -0.06253419071435928 0.17293336987495422 0.029002700001001358 -0.05967751145362854 0.165604829788208 0.032908108085393906 -0.04428261145949364 0.13694125413894653 0.03294816240668297 -0.0422353632748127 0.13978633284568787 0.03191827982664108 -0.04278833046555519 0.14941281080245972 0.03345222398638725 -0.039927978068590164 0.13774500787258148 0.026541588827967644 -0.07865605503320694 0.20890900492668152 0.026820406317710876 -0.07372608780860901 0.1932968646287918 0.028080984950065613 -0.06476014852523804 0.1709042489528656 0.02982819452881813 -0.05653431639075279 0.15345430374145508 0.030603889375925064 -0.053768109530210495 0.14605411887168884 0.03354077413678169 -0.045767635107040405 0.12386146187782288 0.033838432282209396 -0.04373377561569214 0.12685763835906982 0.03400233015418053 -0.041699498891830444 0.1298580914735794 0.03394312411546707 -0.03763202950358391 0.13586069643497467 0.03547453135251999 -0.03449701517820358 0.12742063403129578 0.03525036945939064 -0.03714141622185707 0.12594571709632874 0.03741070255637169 -0.031138889491558075 0.11816688627004623 0.03770120441913605 -0.032848846167325974 0.11387839168310165 0.03659762442111969 -0.035171493887901306 0.11821328103542328 0.03812849149107933 -0.03423292189836502 0.10799846798181534 0.03652985394001007 -0.03718600422143936 0.11488887667655945 0.03521926328539848 -0.039165180176496506 0.12278390675783157 0.040868181735277176 -0.027045540511608124 0.10293487459421158 0.04338020086288452 -0.024138297885656357 0.09400280565023422 0.03920222818851471 -0.028714057058095932 0.11016213893890381 0.037782542407512665 -0.03675789013504982 0.10430724918842316 0.03505127504467964 -0.04118712246417999 0.11962395906448364 0.03619219735264778 -0.03994893282651901 0.11032383143901825 0.03474288806319237 -0.04320644587278366 0.11646892130374908 0.03926980495452881 -0.031974293291568756 0.10427912324666977 0.03002820536494255 -0.05259810388088226 0.16291123628616333 0.03072660230100155 -0.04988393932580948 0.15587788820266724 0.031184304505586624 -0.05136139690876007 0.14362294971942902 0.03176422417163849 -0.04897890239953995 0.14134208858013153 0.032454218715429306 -0.04838290438055992 0.13125699758529663 0.03203307464718819 -0.050435684621334076 0.12842272222042084 0.02581685781478882 -0.0799182876944542 0.19892075657844543 0.026297148317098618 -0.0761394202709198 0.19168296456336975 0.026861313730478287 -0.07134083658456802 0.1779482066631317 0.027611741796135902 -0.06700025498867035 0.16887743771076202 0.02873910218477249 -0.06151582673192024 0.15861347317695618 0.029812410473823547 -0.05726885050535202 0.14729496836662292 0.031066328287124634 -0.05312599241733551 0.13597261905670166 0.028567643836140633 -0.0622531957924366 0.152532160282135 0.029673727229237556 -0.05797961726784706 0.1409948617219925 0.03441271930932999 -0.04471871256828308 0.11410798132419586 0.032363396137952805 -0.036110877990722656 0.14830251038074493 0.03339112550020218 -0.03357146307826042 0.14184652268886566 0.03812313824892044 -0.01925828866660595 0.12198197841644287 0.039799727499485016 -0.015058358199894428 0.11712358891963959 0.03957159072160721 -0.01701800897717476 0.11720678210258484 0.0362495593726635 -0.02509254217147827 0.1284044086933136 0.03797968849539757 -0.022426586598157883 0.12141987681388855 0.037717439234256744 -0.025614378973841667 0.12101439386606216 0.03622055426239967 -0.02800808474421501 0.12739841639995575 0.03487461060285568 -0.030453089624643326 0.13380621373653412 0.030942650511860847 -0.0433480478823185 0.15874210000038147 0.031745973974466324 -0.04073319584131241 0.15209831297397614 0.03267228230834007 -0.03814896196126938 0.1454695463180542 0.03372698649764061 -0.03560047224164009 0.1388571411371231 0.03540925309062004 -0.03216823190450668 0.12979593873023987 0.03733992576599121 -0.02882000431418419 0.12076909095048904 0.03903108090162277 -0.02630700170993805 0.11382271349430084 0.04009056091308594 -0.022336959838867188 0.11199951171875 0.039699457585811615 -0.020122859627008438 0.11524337530136108 0.04028433561325073 -0.01799197494983673 0.1140807718038559 0.03689233586192131 -0.021000515669584274 0.12649686634540558 0.04112518951296806 -0.010743563063442707 0.11433833837509155 0.04226630553603172 -0.012222645804286003 0.11009733378887177 0.043118610978126526 -0.014220770448446274 0.10603629052639008 0.04728332534432411 -0.011597443372011185 0.09400065243244171 0.04435199499130249 -0.01569145917892456 0.10042449831962585 0.041818320751190186 -0.01863831654191017 0.10762046277523041 0.04177619889378548 -0.020946186035871506 0.10576972365379333 0.04122071713209152 -0.013291183859109879 0.11299850791692734 0.04174097627401352 -0.01633288525044918 0.10954377800226212 0.042970169335603714 -0.016899757087230682 0.10451160371303558 0.043186552822589874 -0.019562076777219772 0.10116250067949295 0.04204368591308594 -0.022922992706298828 0.10245513916015625 0.03220167011022568 -0.08514206111431122 0.27604085206985474 0.029319899156689644 -0.07787448167800903 0.24581462144851685 -1.862645149230957E-06 0.04770100116729736 0.09756743907928467 -3.114223900979596E-08 0.048678185790777206 0.09400001913309097 0.0026458546053618193 0.04864431545138359 0.09400118142366409 -0.019783493131399155 0.03753727674484253 0.11345768719911575 -0.043066080659627914 0.0026280684396624565 0.11153848469257355 -0.04136078804731369 0.012283297255635262 0.11153848469257355 -0.04075861722230911 0.01415376365184784 0.11153848469257355 -0.035381805151700974 0.023421401157975197 0.11345767974853516 -0.02592066116631031 0.034492217004299164 0.11153849959373474 -0.0174640454351902 0.03945378214120865 0.11153849959373474 -0.013802606612443924 0.040878862142562866 0.11153849959373474 -0.011732512153685093 0.0407886765897274 0.11345768719911575 -0.00029333774000406265 0.04314519092440605 0.11153849959373474 0.00930098071694374 0.041410863399505615 0.11345768719911575 0.01210314966738224 0.040668755769729614 0.11345768719911575 0.015101396478712559 0.04041709378361702 0.11153849959373474 0.025449270382523537 0.034841474145650864 0.11153849959373474 0.027009252458810806 0.0336466059088707 0.11153849959373474 0.03134071081876755 0.029653897508978844 0.11153849959373474 0.035604458302259445 0.023101748898625374 0.11345767974853516 0.03722650557756424 0.02181241288781166 0.11153849959373474 0.042360734194517136 -0.0026337692979723215 0.11345765739679337 0.04368070513010025 -0.0037160308565944433 0.10961928963661194 -0.010768687352538109 0.04640860855579376 0.09776341915130615 -0.008704185485839844 0.04682469367980957 0.09780073165893555 -0.011342525482177734 0.04623687267303467 0.09789669513702393 -0.0239437036216259 0.04118847846984863 0.09781897068023682 -0.02191007137298584 0.04236793518066406 0.09760808944702148 -0.020222723484039307 0.043134063482284546 0.09776759147644043 -0.04732268676161766 0.005058798938989639 0.09794137626886368 -0.04718017578125 0.006608426570892334 0.09782588481903076 -0.04703107476234436 0.007393339648842812 0.09788305312395096 -0.04761657491326332 0.0016464591026306152 0.09782460331916809 -0.04646897315979004 -0.010501861572265625 0.09780454635620117 -0.04578107222914696 -0.007707241456955671 0.10185948759317398 -0.04362614080309868 -0.004309616982936859 0.10961928963661194 -0.04449352249503136 -0.0013416772708296776 0.10768599808216095 -0.04384465888142586 0.0006753313355147839 0.10961929708719254 -0.043472714722156525 0.005651185289025307 0.10961929708719254 -0.04134202003479004 0.01650184765458107 0.10768599808216095 -0.03994305431842804 0.018093150109052658 0.10961930453777313 -0.03907782584428787 0.019893040880560875 0.10961930453777313 -0.03870886191725731 0.021979480981826782 0.10768601298332214 -0.036555007100105286 0.024198018014431 0.10961931198835373 -0.03482682630419731 0.026643987745046616 0.10961931198835373 -0.03408593684434891 0.028629042208194733 0.10768601298332214 -0.03274707496166229 0.030151326209306717 0.10768601298332214 -0.030872872099280357 0.031139612197875977 0.10961931198835373 -0.028667595237493515 0.03316596895456314 0.10961931943893433 -0.025094252079725266 0.0367661789059639 0.10768601298332214 -0.023045312613248825 0.0373058058321476 0.10961931943893433 -0.021322833374142647 0.03831639885902405 0.10961931943893433 -0.019556129351258278 0.03924751281738281 0.10961931943893433 -0.015299024060368538 0.04214300215244293 0.10671936720609665 -0.012121542356908321 0.04214116185903549 0.10961931943893433 -0.01034451462328434 0.043295085430145264 0.10768602043390274 -0.008237789385020733 0.04306911304593086 0.10961931943893433 -0.006268257740885019 0.043399520218372345 0.10961931943893433 -0.003290013875812292 0.04371485114097595 0.10961931943893433 0.0017243955517187715 0.0444803312420845 0.10768602043390274 0.0036919533740729094 0.0436941534280777 0.10961931943893433 0.0056775715202093124 0.04348073899745941 0.10961931943893433 0.008630399592220783 0.04298056289553642 0.10961931943893433 0.011722253635525703 0.04294254258275032 0.10768602043390274 0.013461514376103878 0.04173244908452034 0.10961931943893433 0.018111342564225197 0.0399223193526268 0.10961931943893433 0.020799873396754265 0.038602784276008606 0.10961931943893433 0.023380588740110397 0.037083156406879425 0.10961931943893433 0.02897822856903076 0.03291005641222 0.10961931943893433 0.03044660948216915 0.031556516885757446 0.10961931943893433 0.033191002905368805 0.028656011447310448 0.10961931198835373 0.0349830687046051 0.027525590732693672 0.10768601298332214 0.036222606897354126 0.024692822247743607 0.10961931198835373 0.03880372643470764 0.020422546193003654 0.10961930453777313 0.039693351835012436 0.018634585663676262 0.10961930453777313 0.041113823652267456 0.01706245169043541 0.10768599808216095 0.041542813181877136 0.014000264927744865 0.10961930453777313 0.0424126572906971 0.011134476400911808 0.10961930453777313 0.043062664568424225 0.00821097381412983 0.10961930453777313 0.04363105073571205 0.004259608220309019 0.10961929708719254 0.04383763670921326 0.0002729201805777848 0.10961929708719254 -0.04494714364409447 -0.0044401101768016815 0.10575269162654877 -0.04579602926969528 0.0007053919835016131 0.10380609333515167 -0.045007720589637756 0.003776967991143465 0.10575269162654877 -0.044656455516815186 0.006842485163360834 0.10575269162654877 -0.04429859668016434 0.008868650533258915 0.10575269907712936 -0.044454336166381836 0.01102660782635212 0.10380610078573227 -0.04390617832541466 0.013039231300354004 0.10380610078573227 -0.04326695203781128 0.015024809166789055 0.10380610078573227 -0.041720785200595856 0.01889842003583908 0.10380610823631287 -0.040817052125930786 0.020778417587280273 0.10380610823631287 -0.03822975233197212 0.024072900414466858 0.10575270652770996 -0.03760624676942825 0.02614467963576317 0.10380610823631287 -0.03637684881687164 0.02782982401549816 0.10380610823631287 -0.031807705760002136 0.03208252787590027 0.10575271397829056 -0.030732547864317894 0.033960044384002686 0.10380611568689346 -0.02915443480014801 0.03532411530613899 0.10380611568689346 -0.027515849098563194 0.03661491721868515 0.10380611568689346 -0.022855807095766068 0.03895602747797966 0.10575271397829056 -0.02014829032123089 0.04043593630194664 0.10575271397829056 -0.01853880286216736 0.04188182204961777 0.10380612313747406 -0.012661031447350979 0.044016726315021515 0.10380612313747406 -0.008604424074292183 0.044985972344875336 0.10380612313747406 -0.0064580608159303665 0.044713664799928665 0.10575272142887115 -0.004476467613130808 0.045582182705402374 0.10380612313747406 -0.0023964140564203262 0.04573872685432434 0.10380612313747406 -0.0003113900893367827 0.045800406485795975 0.10380612313747406 0.0038037458434700966 0.045017220079898834 0.10575272142887115 0.005849488545209169 0.04479734227061272 0.10575272142887115 0.007883098907768726 0.04448454827070236 0.10575272142887115 0.010037066414952278 0.044688157737255096 0.10380612313747406 0.013869130052626133 0.042996108531951904 0.10575272142887115 0.016767652705311775 0.041938118636608124 0.10575271397829056 0.020513154566287994 0.040238916873931885 0.10575271397829056 0.023538928478956223 0.03928985819220543 0.10380612313747406 0.0253034308552742 0.038177356123924255 0.10380611568689346 0.027015449479222298 0.03698566555976868 0.10380611568689346 0.028280921280384064 0.03523078188300133 0.10575271397829056 0.030267950147390366 0.03437477722764015 0.10380611568689346 0.03209242224693298 0.031781069934368134 0.10575270652770996 0.034668222069740295 0.02993139624595642 0.10380610823631287 0.036739956587553024 0.026290567591786385 0.10575270652770996 0.03842221945524216 0.024930043146014214 0.10380610823631287 0.039517469704151154 0.02315477840602398 0.10380610823631287 0.03997870534658432 0.02104094624519348 0.10575270652770996 0.04089526832103729 0.019198846071958542 0.10575269907712936 0.04247218742966652 0.015399085357785225 0.10575269907712936 0.04372482746839523 0.013635020703077316 0.10380610078573227 0.044300295412540436 0.011630037799477577 0.10380610078573227 0.04417391121387482 0.00947016105055809 0.10575269907712936 0.04470576345920563 0.00643076840788126 0.10575269162654877 0.04567426070570946 0.0034111598506569862 0.10380609333515167 0.04578220844268799 0.0013280188431963325 0.10380609333515167 0.045795194804668427 -0.0007578769000247121 0.10380609333515167 0.04509056359529495 -0.002803490264341235 0.10575269162654877 0.04491615667939186 -0.004853609949350357 0.10575268417596817 -0.046084512025117874 -0.005614782217890024 0.10185949504375458 -0.04629236459732056 -0.0035106760915368795 0.10185949504375458 -0.04764425754547119 -0.002211451530456543 0.09767508506774902 -0.046339090913534164 0.0028278077952563763 0.10185949504375458 -0.046162284910678864 0.004934749100357294 0.10185949504375458 -0.04570585489273071 0.008072515949606895 0.10185950249433517 -0.04311736673116684 0.01721048727631569 0.10185950994491577 -0.039828334003686905 0.023830531165003777 0.10185950994491577 -0.03485150635242462 0.03065228834748268 0.10185951739549637 -0.032686132937669754 0.03296854346990585 0.10185951739549637 -0.02617187239229679 0.03834502771496773 0.10185951739549637 -0.024398835375905037 0.03949689492583275 0.10185951739549637 -0.021639954298734665 0.04105974733829498 0.10185952484607697 -0.01683891750872135 0.04326383024454117 0.10185952484607697 -0.01474657654762268 0.045393943786621094 0.09754228591918945 -0.010788737796247005 0.045154303312301636 0.10185952484607697 -0.00584644079208374 0.04734361171722412 0.09768426418304443 0.0017984460573643446 0.04639044776558876 0.10185952484607697 0.003957921639084816 0.04684188961982727 0.09990046173334122 0.0060110329650342464 0.04603450372815132 0.10185952484607697 0.008202621713280678 0.04628762602806091 0.09990046173334122 0.012225640937685966 0.04478662461042404 0.10185952484607697 0.014252151362597942 0.04418352618813515 0.10185952484607697 0.017230721190571785 0.04309631884098053 0.10185952484607697 0.021079663187265396 0.041350189596414566 0.10185952484607697 0.029427219182252884 0.03665877878665924 0.09990045428276062 0.03263998404145241 0.03382985293865204 0.09990045428276062 0.03372259810566902 0.031907591968774796 0.10185951739549637 0.03648534417152405 0.02870762348175049 0.10185951739549637 0.03822912648320198 0.02735619619488716 0.09990045428276062 0.04108279198408127 0.021622030064463615 0.10185950994491577 0.04255285859107971 0.019977029412984848 0.09990044683218002 0.04341831058263779 0.018018830567598343 0.09990044683218002 0.0448140874505043 0.015095707029104233 0.09892091155052185 0.04596439749002457 0.00985401589423418 0.09990043938159943 0.046365395188331604 0.007750983349978924 0.09990043938159943 0.04667022079229355 0.00563187338411808 0.09990043938159943 0.046335820108652115 -0.00288091110996902 0.10185949504375458 0.046019114553928375 -0.006035844795405865 0.10185949504375458 -0.04717051982879639 -0.006543397903442383 0.09788203239440918 -0.046551525592803955 0.010420918464660645 0.09763622283935547 -0.0458979457616806 0.012758653610944748 0.09782007336616516 -0.04465535283088684 0.016726970672607422 0.09766525030136108 -0.04297351837158203 0.02077031135559082 0.09747767448425293 -0.0423760712146759 0.02173406444489956 0.09782321751117706 -0.04125174880027771 0.023811347782611847 0.09781646728515625 -0.04026949405670166 0.025441110134124756 0.0978427529335022 -0.03891460970044136 0.027450812980532646 0.09782323241233826 -0.03773735463619232 0.029191210865974426 0.09750556945800781 -0.035541146993637085 0.03172770142555237 0.09779447317123413 -0.03274552524089813 0.034589678049087524 0.09785321354866028 -0.03057520091533661 0.036549121141433716 0.09781700372695923 -0.02831244468688965 0.038315922021865845 0.0978003740310669 -0.02656996250152588 0.03963327407836914 0.0975341796875 -0.025218352675437927 0.04038601368665695 0.09785397350788116 -0.01784282922744751 0.044194936752319336 0.09772777557373047 -0.0018606185913085938 0.04766637086868286 0.09754800796508789 0.0061621349304914474 0.047191694378852844 0.09794139862060547 0.01042951736599207 0.04643547534942627 0.09794139862060547 0.013571688905358315 0.045603323727846146 0.09794139862060547 0.017663858830928802 0.044179655611515045 0.09794139862060547 0.021609552204608917 0.042389631271362305 0.09794139862060547 0.025376051664352417 0.04024809971451759 0.09794139862060547 0.028071759268641472 0.038431815803050995 0.09794139862060547 0.031451430171728134 0.03571883961558342 0.09794139117002487 0.03457029536366463 0.032709669321775436 0.09794139117002487 0.036023758351802826 0.03110172227025032 0.09794139117002487 0.03740249574184418 0.02942926436662674 0.09794139117002487 0.040493570268154144 0.024982478469610214 0.09794138371944427 0.04211550951004028 0.022165557369589806 0.09794138371944427 0.04603244736790657 0.0120847774669528 0.09794137626886368 0.04751621559262276 0.0024622445926070213 0.09794136881828308 0.04758579283952713 -0.0007875061710365117 0.09794136881828308 0.04750058799982071 -0.0029533272609114647 0.09794136881828308 0.04834331199526787 -0.0059736138209700584 0.09400074183940887 0.04703498259186745 -0.0072621130384504795 0.09794136881828308 0.046655554324388504 -0.009396140463650227 0.09794136136770248 0.0063027311116456985 0.04826842620968819 0.09400001913309097 0.00849391333758831 0.04793139919638634 0.09400001913309097 0.011940350756049156 0.04720280319452286 0.09400029480457306 0.01618291437625885 0.0459216833114624 0.09400084614753723 0.020204827189445496 0.04430107772350311 0.09399935603141785 0.025256508961319923 0.04165339097380638 0.09400053322315216 0.0296882726252079 0.038590867072343826 0.09400005638599396 0.033213719725608826 0.03560610115528107 0.09399949759244919 0.03625458478927612 0.03250227868556976 0.09399500489234924 0.039062608033418655 0.029069777578115463 0.09400057792663574 0.041539788246154785 0.025396114215254784 0.09399856626987457 0.043076418340206146 0.0226712916046381 0.09400000423192978 0.0440639965236187 0.020686456933617592 0.09399999678134918 0.04535786435008049 0.01769047975540161 0.0940006747841835 0.046471111476421356 0.014491421170532703 0.09399999678134918 0.047408223152160645 0.01109913270920515 0.09399936348199844 0.04801192507147789 0.008026239462196827 0.09399998933076859 0.04847784340381622 0.004535427317023277 0.09400002658367157 0.04868946969509125 0.00010811537504196167 0.09400039911270142 0.04858436807990074 -0.003020708216354251 0.09399998188018799 -7.013659342192113E-08 0.04769383370876312 0.09635528922080994 -3.091093958573765E-08 0.047247231006622314 0.09533733129501343 -9.953510016202927E-08 0.04646092653274536 0.09451526403427124 -2.73226760327816E-07 0.04525572061538696 0.09400994330644608 -0.04700028896331787 -0.00832366943359375 0.09739208221435547 -0.04518401622772217 0.015170156955718994 0.09772682189941406 -0.03383366018533707 0.029788579791784286 0.09402818977832794 -0.04019671678543091 0.021712124347686768 0.09401607513427734 -0.027663111686706543 0.03591577708721161 0.09401696175336838 -0.0449385941028595 -0.0029729451052844524 0.09402714669704437 -0.044719722121953964 -0.00036363667459227145 0.09399998188018799 -0.045187950134277344 0.004541337490081787 0.09402424842119217 -0.039536252617836 -0.0061070919036865234 0.09398925304412842 -0.04588419198989868 -0.010515451431274414 0.09509789943695068 -0.04534808546304703 -0.003802923019975424 0.09411092847585678 -0.04572772979736328 0.002094268798828125 0.09415644407272339 -0.04403209686279297 0.012962132692337036 0.09420019388198853 -0.023393837735056877 0.038799215108156204 0.09405367076396942 -0.015187382698059082 0.042420029640197754 0.09401334822177887 -0.012894691899418831 0.04284082353115082 0.09400034695863724 -0.0041980743408203125 0.045134782791137695 0.09400783479213715 -0.045717477798461914 0.006774425506591797 0.09435439109802246 -0.03491783142089844 0.029813528060913086 0.09422028064727783 -0.032548464834690094 0.032107893377542496 0.09416823089122772 -0.02130386233329773 0.04069232940673828 0.09421700239181519 -0.015175504609942436 0.04312799125909805 0.09416823834180832 -0.011662065982818604 0.04467117786407471 0.09434235095977783 -0.007858090102672577 0.045316219329833984 0.09425091743469238 -0.04616677761077881 -0.0034389495849609375 0.09442019462585449 -0.04613032937049866 -0.0007238620310090482 0.09434390068054199 -0.03700089454650879 0.028302431106567383 0.09460818767547607 -0.03283616155385971 0.03239169344305992 0.09434392303228378 -0.029764674603939056 0.03523492068052292 0.09434392303228378 -0.027508258819580078 0.03720712661743164 0.09441471099853516 -0.018312666565179825 0.042549654841423035 0.09446044266223907 -0.015309639275074005 0.04350920021533966 0.09434393048286438 -0.002409696578979492 0.046205997467041016 0.09440267086029053 -0.04614095389842987 -0.0070609403774142265 0.09471957385540009 -0.04641380161046982 -0.0049601830542087555 0.09471957385540009 -0.04666495323181152 0.0009516477584838867 0.09469139575958252 -0.0465465784072876 0.0035014785826206207 0.09471957385540009 -0.04564046859741211 0.009787349961698055 0.09471958875656128 -0.044631361961364746 0.013600528240203857 0.09466207027435303 -0.04296806827187538 0.01780271902680397 0.09457692503929138 -0.041956424713134766 0.0206565260887146 0.09476649761199951 -0.03845423460006714 0.026140954345464706 0.09457693248987198 -0.03538356348872185 0.030444178730249405 0.09471959620714188 -0.03343832492828369 0.03256344795227051 0.09470164775848389 -0.030201435089111328 0.03563106060028076 0.09472334384918213 -0.02446269989013672 0.039689064025878906 0.09463858604431152 -0.02133643627166748 0.04152882099151611 0.09469401836395264 -0.01648867502808571 0.043668847531080246 0.09471960365772247 -0.014438229613006115 0.04421231895685196 0.09457694739103317 -0.01040840893983841 0.04550285264849663 0.09471960365772247 -0.0065032243728637695 0.046218276023864746 0.09467345476150513 -0.04675871133804321 -0.002859462285414338 0.09486223757266998 -0.046453237533569336 0.0070188045501708984 0.09498143196105957 -0.04359942674636841 0.017551206052303314 0.09499937295913696 -0.039886724203825 0.024545324966311455 0.09486225247383118 -0.03206074237823486 0.03447120636701584 0.09509104490280151 -0.027812007814645767 0.037877120077610016 0.09502799063920975 -0.02606482245028019 0.039099983870983124 0.09502799063920975 -0.018576841801404953 0.043163470923900604 0.09502799808979034 -0.013524793088436127 0.044838640838861465 0.09486226737499237 -0.0030896542593836784 0.04673197865486145 0.09486226737499237 -0.04662416875362396 -0.007981069386005402 0.09540408849716187 -0.046959176659584045 -0.003943048883229494 0.09519369155168533 -0.04724416136741638 0.00011682510375976562 0.095317542552948 -0.04723219573497772 0.002713210880756378 0.09541800618171692 -0.04691346734762192 0.00567921157926321 0.09537892043590546 -0.046081483364105225 0.010814845561981201 0.09545662999153137 -0.0452805757522583 0.01343625783920288 0.09530472755432129 -0.042192935943603516 0.02129065990447998 0.09532433748245239 -0.04079773277044296 0.02384684979915619 0.09537893533706665 -0.03967374563217163 0.02567334845662117 0.09537893533706665 -0.03846805542707443 0.027446968480944633 0.09537893533706665 -0.03718312457203865 0.029164059087634087 0.09537893533706665 -0.035821616649627686 0.03082108125090599 0.09537893533706665 -0.03438632935285568 0.032414622604846954 0.09537893533706665 -0.029593102633953094 0.03668930009007454 0.09519372135400772 -0.024400610476732254 0.0404689684510231 0.09537895023822784 -0.02179357409477234 0.04188501834869385 0.09528422355651855 -0.016692806035280228 0.044209472835063934 0.09537895023822784 -0.014632699079811573 0.04480781778693199 0.09519372880458832 -0.011836595833301544 0.04573670029640198 0.09531509876251221 -0.008415005169808865 0.04637935012578964 0.09519372880458832 -0.006318001076579094 0.04683171957731247 0.09537895023822784 -0.003108814125880599 0.0470217764377594 0.09519372880458832 -0.047324903309345245 -0.003709562122821808 0.09571299701929092 -0.04659890756011009 0.009076254442334175 0.09571512043476105 -0.04432182386517525 0.016972823068499565 0.09569323807954788 -0.042899589985609055 0.02010103315114975 0.09556415677070618 -0.032437171787023544 0.03465604409575462 0.09570901095867157 -0.02980014495551586 0.03694599121809006 0.0957648903131485 -0.028093159198760986 0.038260020315647125 0.0957648903131485 -0.02632831409573555 0.03949524834752083 0.0957648903131485 -0.019985413178801537 0.043051667511463165 0.09570105373859406 -0.014735073782503605 0.04512130469083786 0.0957648903131485 -0.009274140000343323 0.046553920954465866 0.09571008384227753 -0.004205306060612202 0.04727970063686371 0.0957648903131485 -0.0020558228716254234 0.047421813011169434 0.0957648903131485 -0.046694666147232056 -0.009331325069069862 0.09617745876312256 -0.04719523340463638 -0.00638570636510849 0.09611180424690247 -0.0475514754652977 -0.0007461633067578077 0.09596558660268784 -0.04759691655635834 0.0014138873666524887 0.09617747366428375 -0.04748375341296196 0.0035719769075512886 0.09617747366428375 -0.04727278649806976 0.005722709000110626 0.09617747366428375 -0.04696445167064667 0.007861655205488205 0.09617747366428375 -0.04605843871831894 0.0120865972712636 0.09617747366428375 -0.04546261951327324 0.014163892716169357 0.09617747366428375 -0.043991491198539734 0.0182267464697361 0.09617748111486435 -0.04311921447515488 0.020203938707709312 0.09617748856544495 -0.04222541302442551 0.02218092978000641 0.09637780487537384 -0.04111020267009735 0.024029497057199478 0.09617748856544495 -0.03997761011123657 0.025869984179735184 0.09617748856544495 -0.03876268491148949 0.02765718847513199 0.09617748856544495 -0.03695760294795036 0.03004246950149536 0.09612303972244263 -0.034649696201086044 0.03266289085149765 0.09617748856544495 -0.031546156853437424 0.035669393837451935 0.09617748856544495 -0.024587497115135193 0.04077892377972603 0.09617749601602554 -0.022711973637342453 0.04185250401496887 0.09617749601602554 -0.01806190051138401 0.04406803846359253 0.09611466526985168 -0.01271313987672329 0.04588945209980011 0.09617750346660614 -0.009748458862304688 0.04664748162031174 0.09621724486351013 -0.0065302178263664246 0.04724553972482681 0.09637115895748138 -0.047462090849876404 -0.005020052194595337 0.09662458300590515 -0.04763602837920189 -0.0029888302087783813 0.09664270281791687 -0.04770151153206825 -0.0007485180394724011 0.09660782665014267 -0.046683765947818756 0.009933829307556152 0.09663885831832886 -0.04485434293746948 0.016301482915878296 0.09663084149360657 -0.03673112764954567 0.030496321618556976 0.09667283296585083 -0.033194299787282944 0.03426562249660492 0.09660784900188446 -0.029951468110084534 0.0371335968375206 0.09660784900188446 -0.028235815465450287 0.03845430165529251 0.09660784900188446 -0.02646200731396675 0.039695803076028824 0.09660784900188446 -0.0208287350833416 0.042920373380184174 0.09660785645246506 -0.01685226336121559 0.044631779193878174 0.09660785645246506 -0.014809897169470787 0.04535042867064476 0.09660785645246506 -0.00422666035592556 0.04751978814601898 0.09660785645246506 -0.0020662620663642883 0.04766261577606201 0.09660785645246506 -0.04681072756648064 -0.009354518726468086 0.09682629257440567 -0.047183554619550705 -0.007220490835607052 0.09704664349555969 -0.04771178215742111 0.0014172990340739489 0.09704665094614029 -0.04759834706783295 0.003580596763640642 0.09704665094614029 -0.04738686978816986 0.005736519582569599 0.09704665839672089 -0.04707779362797737 0.007880628108978271 0.09704665839672089 -0.045875996351242065 0.013272994197905064 0.09696567058563232 -0.04369238018989563 0.019260697066783905 0.09683084487915039 -0.04120941460132599 0.024087488651275635 0.09704666584730148 -0.040074095129966736 0.025932416319847107 0.09704666584730148 -0.038856230676174164 0.02772393450140953 0.09704667329788208 -0.03532765060663223 0.0321321077644825 0.09712311625480652 -0.03162229061126709 0.035755474120378494 0.09704667329788208 -0.024634942412376404 0.04090283811092377 0.0970795750617981 -0.022766785696148872 0.04195350781083107 0.09704667329788208 -0.01910075545310974 0.04376161843538284 0.09699533879756927 -0.012744739651679993 0.04600350931286812 0.09682632982730865 -0.010697506368160248 0.04653656855225563 0.09705455601215363 -0.00852145254611969 0.046966031193733215 0.09704668074846268 -0.04745914787054062 -0.005071899853646755 0.09726699441671371 -0.03320961445569992 0.03428143262863159 0.0972670167684555 -0.029965287074446678 0.037150729447603226 0.0972670242190361 -0.02824884094297886 0.038472045212984085 0.0972670242190361 -0.022499974817037582 -0.040000010281801224 0.0939999595284462 -0.022825440391898155 -0.03813891485333443 0.0939999595284462 -0.02332507073879242 -0.03631683439016342 0.0939999669790268 -0.024505160748958588 -0.03343575447797775 0.09400224685668945 -0.026451747864484787 -0.030325178056955338 0.09400048851966858 -0.030200494453310966 -0.026222923770546913 0.09399968385696411 -0.036891281604766846 -0.006750822067260742 0.09399973601102829 0.03702758252620697 -0.006014466285705566 0.09400486946105957 0.036235447973012924 -0.0096562085673213 0.09399998188018799 0.03543714061379433 -0.012266169302165508 0.09399998188018799 0.03401251137256622 -0.01584521494805813 0.09399980306625366 0.031353894621133804 -0.020613351836800575 0.09400047361850739 0.028748616576194763 -0.02407834865152836 0.09399997442960739 0.026921167969703674 -0.026105565950274467 0.0939999669790268 0.024951111525297165 -0.027994496747851372 0.0939999669790268 0.022848881781101227 -0.029735136777162552 0.0939999669790268 0.02062562108039856 -0.031318262219429016 0.0939999669790268 0.018293099477887154 -0.032735489308834076 0.0939999669790268 0.015863677486777306 -0.03397930786013603 0.0939999669790268 0.013350221328437328 -0.0350431352853775 0.0939999669790268 0.010766047053039074 -0.035921331495046616 0.0939999669790268 0.007029117550700903 -0.03685842454433441 0.09399980306625366 0.0016067561227828264 -0.037488218396902084 0.0939999595284462 -0.002727487590163946 -0.03740067407488823 0.0939999595284462 -0.0065535600297153 -0.03694584593176842 0.09399988502264023 -0.010766000486910343 -0.03592134639620781 0.0939999669790268 -0.013350176624953747 -0.035043150186538696 0.0939999669790268 -0.016881531104445457 -0.033515267074108124 0.09400005638599396 -0.021793099120259285 -0.03053242713212967 0.0940004289150238 -0.02495107427239418 -0.027994530275464058 0.0939999669790268 -0.026921134442090988 -0.026105599477887154 0.0939999669790268 -0.028748586773872375 -0.024078385904431343 0.09399997442960739 -0.031086621806025505 -0.02102164551615715 0.09400063753128052 -0.033282581716775894 -0.01727772131562233 0.09399997442960739 -0.03445109724998474 -0.01481119729578495 0.09399997442960739 -0.03543712571263313 -0.01226621400564909 0.09399998188018799 -0.03623543307185173 -0.009656255133450031 0.09399998188018799 0.039587318897247314 -0.005765318870544434 0.09401270002126694 0.038998525589704514 -0.008894667960703373 0.09399998188018799 0.03827632591128349 -0.011615621857345104 0.09399998188018799 -0.03899851068854332 -0.008894718252122402 0.09399998188018799 -0.0382763110101223 -0.011615670286118984 0.09399998188018799 -0.037364523857831955 -0.01427908893674612 0.09399997442960739 -0.036267656832933426 -0.016871778294444084 0.09399997442960739 -0.034401386976242065 -0.020452672615647316 0.09399914741516113 -0.03192536160349846 -0.024099193513393402 0.09399997442960739 0.030230583623051643 -0.02618277072906494 0.09400002658367157 0.03309046849608421 -0.022525716572999954 0.09399988502264023 0.034991174936294556 -0.019380854442715645 0.09399997442960739 0.03626767918467522 -0.016871731728315353 0.09399997442960739 0.03736453875899315 -0.01427904050797224 0.09399997442960739 0.02250002697110176 -0.039999980479478836 0.0939999595284462 0.022825488820672035 -0.03813888505101204 0.0939999595284462 0.023555923253297806 -0.035578303039073944 0.09399912506341934 0.024827511981129646 -0.032854240387678146 0.0939999669790268 0.02624373510479927 -0.030604586005210876 0.09399959444999695 0.022500041872262955 -0.06477688252925873 0.12654241919517517 -0.02250043675303459 -0.06302452087402344 0.12251853942871094 0.022500034421682358 -0.060060739517211914 0.11601829528808594 -0.022499963641166687 -0.05876151844859123 0.1133250892162323 -0.022499963641166687 -0.0541972815990448 0.10413867235183716 0.022500034421682358 -0.053608328104019165 0.10300606489181519 -0.022499969229102135 -0.04871465638279915 0.0939999520778656 0.02250003255903721 -0.04871462658047676 0.0939999520778656 0.027416164055466652 -0.07472800463438034 0.321967214345932 0.02950286865234375 -0.07480049133300781 0.322418212890625 0.029062271118164062 -0.07427597045898438 0.3192558288574219 0.031232833862304688 -0.07429885864257812 0.3193931579589844 0.03385746479034424 -0.07019180059432983 0.2947268486022949 0.031705617904663086 -0.07014614343643188 0.29441118240356445 0.03458182513713837 -0.07076238095760345 0.29817336797714233 0.03243166208267212 -0.07064887881278992 0.29749250411987305 0.032963164150714874 -0.07132799923419952 0.3015679121017456 0.03485843539237976 -0.07114249467849731 0.30045461654663086 0.03500073775649071 -0.07160454988479614 0.30322694778442383 0.03294913470745087 -0.07197210192680359 0.3054313659667969 0.03493383526802063 -0.07202541083097458 0.3057517409324646 0.034449100494384766 -0.07273072004318237 0.3099842071533203 0.0327472984790802 -0.07233786582946777 0.30762481689453125 0.03221607208251953 -0.07284879684448242 0.31069183349609375 0.03355146571993828 -0.07332762330770493 0.3135650157928467 0.031142711639404297 -0.07349371910095215 0.31456661224365234 0.03264141082763672 -0.07377338409423828 0.31623268127441406 0.02875518798828125 -0.07492733001708984 0.32354736328125 0.02588176727294922 -0.07498741149902344 0.3240985870361328 0.027545928955078125 -0.07500910758972168 0.3252143859863281 0.024847542867064476 -0.07500012964010239 0.3282495141029358 -0.0064945220947265625 -0.07500018179416656 0.3380697965621948 -0.00131530303042382 -0.07500015944242477 0.33857521414756775 0.0028619766235351562 -0.07500015199184418 0.33850550651550293 0.009439468383789062 -0.07500015199184418 0.3373689651489258 0.015476226806640625 -0.07500013709068298 0.3350200653076172 0.020008087158203125 -0.07500012964010239 0.33234596252441406 0.022925928235054016 -0.07500013709068298 0.3300461769104004 -0.01378631591796875 -0.0750003382563591 0.33583927154541016 -0.026472091674804688 -0.07498195767402649 0.32337188720703125 -0.01843738555908203 -0.07500012964010239 0.276153564453125 -0.012699127197265625 -0.07500000298023224 0.2731161117553711 -0.007833480834960938 -0.07499993592500687 0.27152013778686523 -0.02919709123671055 -0.07500015944242477 0.3189793825149536 -0.022176211699843407 -0.07500012964010239 0.2791619896888733 -0.02884960174560547 -0.07494115829467773 0.3234672546386719 -0.026628684252500534 -0.07500016689300537 0.3263136148452759 -0.024847446009516716 -0.07500016689300537 0.3282495141029358 -0.021701812744140625 -0.0750003382563591 0.33109092712402344 -0.018705636262893677 -0.07500016689300537 0.3331819772720337 9.202957153320312E-05 -0.07500005513429642 0.2705706059932709 -0.003831018228083849 -0.07500011473894119 0.27082306146621704 -0.0256859939545393 -0.07500013709068298 0.2828821539878845 -0.0240032821893692 -0.07500013709068298 0.280953973531723 0.0038311141543090343 -0.0750001072883606 0.27082306146621704 0.008823394775390625 -0.07500013709068298 0.27173376083374023 -0.031222840771079063 -0.07500015944242477 0.314283162355423 -0.030301082879304886 -0.07500015944242477 0.31667056679725647 -0.03286057710647583 -0.07500018179416656 0.30031299591064453 -0.032973505556583405 -0.07500015944242477 0.3054370880126953 -0.03229415416717529 -0.07500014454126358 0.3105001449584961 0.017030715942382812 -0.0749998465180397 0.275299072265625 0.013655802235007286 -0.0750001072883606 0.27355796098709106 0.026470113545656204 -0.07500012964010239 0.3233061730861664 -0.028077125549316406 -0.07499988377094269 0.2862129211425781 -0.03041386604309082 -0.07499976456165314 0.2907133102416992 -0.031613606959581375 -0.07500014454126358 0.2941354215145111 -0.03225196897983551 -0.07500015199184418 0.2966137230396271 0.026414871215820312 -0.07500030845403671 0.283782958984375 0.023054122924804688 -0.07500102370977402 0.2799549102783203 0.020215867087244987 -0.0750001072883606 0.2775169909000397 0.028537750244140625 -0.07500061392784119 0.32021141052246094 0.030720233917236328 -0.07499978691339493 0.3157339096069336 0.030384302139282227 -0.07500060647726059 0.2906351089477539 0.02857888676226139 -0.0750001072883606 0.2870999276638031 0.032867856323719025 -0.0750001072883606 0.30037587881088257 0.03225206583738327 -0.0750001072883606 0.2966137230396271 0.031613703817129135 -0.0750001072883606 0.2941354215145111 0.03226733207702637 -0.07500018924474716 0.31063318252563477 0.032845038920640945 -0.07500011473894119 0.3067947030067444 0.03299384191632271 -0.07500011473894119 0.3042398691177368 -0.031084060668945312 -0.07434892654418945 0.3196907043457031 -0.028763771057128906 -0.07436271756887436 0.3197753131389618 -0.029935836791992188 -0.07398128509521484 0.3174858093261719 -0.03222351148724556 -0.07394377142190933 0.31726163625717163 -0.03092743083834648 -0.07358523458242416 0.3151104152202606 -0.033509254455566406 -0.07336258888244629 0.31377410888671875 -0.031729698181152344 -0.07317829132080078 0.3126716613769531 -0.03153878450393677 -0.07006728649139404 0.2938210964202881 -0.03388732671737671 -0.07019707560539246 0.2948117256164551 -0.03240808844566345 -0.07062995433807373 0.297377347946167 -0.03294450044631958 -0.07128387689590454 0.3013010025024414 -0.034862175583839417 -0.07111620903015137 0.30029457807540894 -0.034989435225725174 -0.0717974454164505 0.30438369512557983 -0.03296754136681557 -0.07191053032875061 0.3050622045993805 -0.03255438804626465 -0.07259935140609741 0.30919408798217773 -0.03466796875 -0.07248389720916748 0.3085031509399414 -0.03022146224975586 -0.0699961930513382 0.2902870178222656 -0.032208919525146484 -0.07000291347503662 0.2926616668701172 -0.033017635345458984 -0.06999877095222473 0.2919883728027344 -0.02249995619058609 -0.07000012695789337 0.27679044008255005 -0.022500574588775635 -0.07000003755092621 0.271409809589386 0.03329908847808838 -0.07000214606523514 0.2927665710449219 0.030988693237304688 -0.06999903917312622 0.2922515869140625 0.031936854124069214 -0.07000010460615158 0.2892807126045227 -0.025655746459960938 -0.06999973207712173 0.2797527313232422 -0.028850555419921875 -0.07000033557415009 0.28374481201171875 -0.031402587890625 -0.0700007900595665 0.2880706787109375 0.030771128833293915 -0.07000009715557098 0.2869223952293396 0.02858257293701172 -0.06999969482421875 0.2833595275878906 0.025310516357421875 -0.06999998539686203 0.2793903350830078 0.022500045597553253 -0.07000009715557098 0.27679044008255005 0.022500045597553253 -0.07000009715557098 0.2714168131351471 0.02487945556640625 -0.06999897956848145 0.273193359375 -0.026439186185598373 -0.08695188909769058 0.328021377325058 -0.03559265658259392 -0.08869422972202301 0.3025810718536377 -0.03448348492383957 -0.08869423717260361 0.31242871284484863 -0.03309900686144829 -0.08869423717260361 0.3167274296283722 -0.024262886494398117 -0.08637110143899918 0.3303738832473755 -0.014687118120491505 -0.08637110143899918 0.33660268783569336 -0.011278484016656876 -0.08637109398841858 0.33791759610176086 0.0023040771484375 -0.082122802734375 0.34062767028808594 0.02480030059814453 -0.0811004638671875 0.3315582275390625 0.025218846276402473 -0.08869420737028122 0.32873737812042236 0.03195832669734955 -0.08579026907682419 0.3207191526889801 0.03286765515804291 -0.0863710567355156 0.3186084032058716 0.035219404846429825 -0.086371049284935 0.31167030334472656 0.03448024392127991 -0.08579026907682419 0.3148033022880554 0.035200972110033035 -0.08869419246912003 0.30888745188713074 0.036123357713222504 -0.0863710418343544 0.3044004440307617 0.03559276834130287 -0.08869418501853943 0.3025810718536377 0.03696243464946747 -0.07469912618398666 0.2928714156150818 0.03765946626663208 -0.07469913363456726 0.2957174777984619 0.03238487243652344 -0.0699998140335083 0.2813434600830078 0.028797149658203125 -0.07000016421079636 0.2768535614013672 -0.025493621826171875 -0.0699990913271904 0.273712158203125 -0.02886962890625 -0.06999950110912323 0.2769279479980469 -0.03205108642578125 -0.0700010433793068 0.28089141845703125 -0.03405952453613281 -0.06999964267015457 0.28403472900390625 -0.03637019544839859 -0.07469917833805084 0.2910092771053314 -0.03745920956134796 -0.07469917833805084 0.29476121068000793 -0.03654152899980545 -0.08404794335365295 0.30069267749786377 -0.03664499521255493 -0.08404795080423355 0.3034815788269043 -0.03655954822897911 -0.08404795080423355 0.3062710464000702 -0.036238640546798706 -0.08404795080423355 0.3090433180332184 -0.035500116646289825 -0.08404795080423355 0.31268900632858276 -0.035313308238983154 -0.08171515166759491 0.31506583094596863 -0.03452116250991821 -0.0817151665687561 0.3172914683818817 -0.031629618257284164 -0.08404795825481415 0.32212838530540466 -0.031049933284521103 -0.0817151665687561 0.3239732086658478 -0.030151575803756714 -0.0805443674325943 0.3256513476371765 -0.02899353578686714 -0.0805443674325943 0.32715320587158203 -0.023205017670989037 -0.08404795825481415 0.33197709918022156 -0.01926739700138569 -0.0817151665687561 0.3353097438812256 0.0115915946662426 -0.08171514421701431 0.33887243270874023 0.01362457126379013 -0.08404793590307236 0.337630957365036 0.015334198251366615 -0.08404793590307236 0.336895614862442 0.02724229358136654 -0.08404792100191116 0.3281274437904358 0.03064858168363571 -0.08404792100191116 0.32370978593826294 0.034074924886226654 -0.08404791355133057 0.3171144425868988 0.03610052168369293 -0.08404790610074997 0.30996352434158325 0.03646831214427948 -0.08404790610074997 0.30719709396362305 0.03659186512231827 -0.08404789865016937 0.30162185430526733 -0.03773067146539688 -0.07704076170921326 0.2986606955528259 -0.037932731211185455 -0.07704076915979385 0.30058199167251587 -0.03803700953722 -0.07704077661037445 0.3025110960006714 -0.03760808706283569 -0.07938235998153687 0.3044333755970001 -0.037951432168483734 -0.07704077661037445 0.3063727617263794 -0.03740233555436134 -0.07821156829595566 0.3092237114906311 -0.03709125518798828 -0.07704077661037445 0.31209927797317505 -0.034614503383636475 -0.07704077661037445 0.3194061517715454 -0.033381421118974686 -0.07938236743211746 0.3209419250488281 -0.032458238303661346 -0.07938236743211746 0.32261377573013306 -0.027299122884869576 -0.07938236743211746 0.32946324348449707 -0.024859488010406494 -0.07821157574653625 0.33209019899368286 -0.02230428345501423 -0.07938236743211746 0.3338915705680847 -0.016592737287282944 -0.07938236743211746 0.33734655380249023 -0.013981395401060581 -0.07938236743211746 0.3385225236415863 -0.00641632080078125 -0.07000324130058289 0.34246182441711426 -0.002862216206267476 -0.07938235998153687 0.3411082625389099 -0.0009548587258905172 -0.07938235998153687 0.3412051796913147 0.004762297496199608 -0.07938235253095627 0.34091466665267944 0.010820388793945312 -0.0700061172246933 0.3415369987487793 0.015735911205410957 -0.07938234508037567 0.33776789903640747 0.018284205347299576 -0.07938234508037567 0.3364609479904175 0.027299223467707634 -0.07938233017921448 0.32946324348449707 0.02974570170044899 -0.07762613892555237 0.3271420896053314 0.031451497226953506 -0.07938233017921448 0.3242366313934326 0.0324583426117897 -0.07938232272863388 0.32261377573013306 0.03338152542710304 -0.07938232272863388 0.3209419250488281 0.0345931351184845 -0.07938232272863388 0.31834691762924194 0.03562641516327858 -0.07938231527805328 0.31567591428756714 0.0364302396774292 -0.07938231527805328 0.31292712688446045 0.037474922835826874 -0.07704073190689087 0.3102058172225952 0.03776189684867859 -0.07704073190689087 0.308295339345932 0.037517424672842026 -0.07938230782747269 0.3063410222530365 0.03804335370659828 -0.07704071700572968 0.30444300174713135 0.0376020222902298 -0.07938230782747269 0.30252355337142944 0.037932828068733215 -0.07704071700572968 0.30058199167251587 -0.03785952925682068 -0.07469917833805084 0.2966737747192383 -0.03926815837621689 -0.07000143080949783 0.3052910566329956 -0.03899586200714111 -0.070001021027565 0.3083934783935547 -0.03703087940812111 -0.07469919323921204 0.31408944725990295 -0.03645077720284462 -0.07469919323921204 0.31595537066459656 -0.036968231201171875 -0.07000065594911575 0.31698036193847656 -0.03436851501464844 -0.07000284641981125 0.3227081298828125 -0.03217924386262894 -0.07469919323921204 0.32471421360969543 -0.029500961303710938 -0.07000020146369934 0.32958030700683594 -0.023786544799804688 -0.0700010359287262 0.33498668670654297 -0.019560985267162323 -0.07469919323921204 0.33674636483192444 -0.01785348728299141 -0.07469919323921204 0.3376964330673218 -0.014873504638671875 -0.07000099122524261 0.34002208709716797 -0.010369067080318928 -0.07938235998153687 0.3397599756717682 -0.010609032586216927 -0.07469919323921204 0.3405967950820923 0.0008091926574707031 -0.0700003132224083 0.3429524302482605 0.004872502759099007 -0.07469917833805084 0.3417781889438629 0.014305051416158676 -0.07469917088747025 0.3393307030200958 0.018383026123046875 -0.0700007826089859 0.33837318420410156 0.02307891845703125 -0.07000020146369934 0.3354454040527344 0.028354644775390625 -0.06999967992305756 0.3308830261230469 0.0321793407201767 -0.07469915598630905 0.32471421360969543 0.03320948779582977 -0.07469914853572845 0.3230538070201874 0.0355987548828125 -0.07000280916690826 0.3202991485595703 0.03611384332180023 -0.07469914853572845 0.31687241792678833 0.03793811798095703 -0.07000019401311874 0.3138885498046875 0.03925229609012604 -0.07000134885311127 0.3056364059448242 0.03847220167517662 -0.07469913363456726 0.3024986684322357 0.03816235810518265 -0.07469913363456726 0.29860419034957886 -0.0356142483651638 -0.07000014185905457 0.2870583236217499 -0.036922454833984375 -0.06999967992305756 0.2901802062988281 -0.03803443908691406 -0.0700000748038292 0.29377317428588867 -0.03884563595056534 -0.07000044733285904 0.297768235206604 -0.03923167660832405 -0.07000016421079636 0.30165529251098633 -0.038461923599243164 -0.07000014185905457 0.3115711212158203 -0.03572037070989609 -0.07000016421079636 0.3199111223220825 -0.032192230224609375 -0.07000015676021576 0.32611846923828125 0.03169618546962738 -0.07000012695789337 0.32678091526031494 0.03283184766769409 -0.07000012695789337 0.32514235377311707 0.033882882446050644 -0.07000011950731277 0.3234482705593109 0.03887009620666504 -0.07000014185905457 0.3092613220214844 0.039212778210639954 -0.0700000748038292 0.3013038635253906 0.03893618285655975 -0.07000010460615158 0.2985028922557831 0.038117408752441406 -0.0700000450015068 0.29403018951416016 0.03670692443847656 -0.07000022381544113 0.2896089553833008 0.035088539123535156 -0.07000062614679337 0.28594398498535156 -0.03510662913322449 -0.00998871773481369 0.09399998188018799 -0.035748451948165894 -0.007368727121502161 0.09399998188018799 -0.034273069351911545 -0.012554152868688107 0.09399998188018799 -0.03649376705288887 0.0006744605489075184 0.09399998933076859 -0.03638817369937897 -0.003132220823317766 0.09399998188018799 0.0026955939829349518 0.03640032932162285 0.09400001168251038 -2.335116278118221E-08 0.036500003188848495 0.09400001168251038 -0.0026956405490636826 0.03640032932162285 0.09400001168251038 0.006945740897208452 0.035856183618307114 0.09399999678134918 0.01566288247704506 0.032968536019325256 0.09400000423192978 0.012151077389717102 0.03444220498204231 0.09400033950805664 0.03599632531404495 0.006042743567377329 0.09399998933076859 0.036344293504953384 0.003367822151631117 0.09399998933076859 0.03649376705288887 0.000674507231451571 0.09399998933076859 -0.03634430095553398 0.0033677758183330297 0.09399998933076859 -0.035722896456718445 0.007602035999298096 0.09399855136871338 -0.03325231373310089 -0.015051023103296757 0.09399997442960739 0.03545175492763519 0.00868466030806303 0.09399998933076859 0.03471355512738228 0.011279146187007427 0.09399999678134918 0.022530635818839073 0.028716208413243294 0.09400000423192978 0.019429264590144157 0.03092620149254799 0.0939999669790268 0.02651480957865715 0.025084160268306732 0.09400000423192978 0.02458987385034561 0.026973845437169075 0.09400000423192978 0.03138268366456032 0.018638063222169876 0.09399999678134918 0.029920514672994614 0.02090485580265522 0.09399999678134918 0.02829493023455143 0.023057473823428154 0.09400000423192978 0.03378576785326004 0.013812028802931309 0.09399999678134918 0.03267344832420349 0.016269473358988762 0.09399999678134918 -0.03267347067594528 0.01626943238079548 0.09399999678134918 -0.0342116542160511 0.012785357423126698 0.09399977326393127 -0.029002130031585693 0.02219916693866253 0.09400159120559692 -0.026514843106269836 0.025084126740694046 0.09400000423192978 -0.0064764562994241714 0.035943929105997086 0.09400034695863724 -0.03204995393753052 -0.017465688288211823 0.09399997442960739 -0.030672546476125717 -0.019784962758421898 0.09399997442960739 -0.029127614572644234 -0.021996179595589638 0.09399997442960739 -0.027423599734902382 -0.02408725768327713 0.09399997442960739 -0.02556980401277542 -0.026046784594655037 0.0939999669790268 -0.02357635647058487 -0.02786404825747013 0.0939999669790268 -0.021454142406582832 -0.029529130086302757 0.0939999669790268 -0.019214753061532974 -0.03103293478488922 0.0939999669790268 -0.016870420426130295 -0.032367248088121414 0.0939999669790268 -0.014433947391808033 -0.0335247777402401 0.0939999669790268 -0.011918640695512295 -0.034499213099479675 0.0939999669790268 -0.009338239207863808 -0.03528522700071335 0.0939999669790268 -0.0067068347707390785 -0.03587851673364639 0.0939999669790268 -0.004038799554109573 -0.03627585992217064 0.0939999669790268 -0.001348706427961588 -0.03647506982088089 0.0939999669790268 0.0013487529940903187 -0.03647506982088089 0.0939999669790268 -0.03138270601630211 0.018638022243976593 0.09399999678134918 -0.010635748505592346 0.03491605818271637 0.09400001168251038 -0.024589907377958298 0.026973813772201538 0.09400000423192978 -0.021274732425808907 0.029686078429222107 0.09400144964456558 -0.013185341842472553 0.03403523191809654 0.09400001168251038 -0.016667697578668594 0.032497599720954895 0.09400032460689545 0.004038846120238304 -0.03627585247159004 0.0939999669790268 0.006706880405545235 -0.035878509283065796 0.0939999669790268 0.00933828391134739 -0.035285212099552155 0.0939999669790268 0.011918685398995876 -0.03449919819831848 0.0939999669790268 0.014433990232646465 -0.033524759113788605 0.0939999669790268 0.016870461404323578 -0.03236722573637962 0.0939999669790268 0.020162159577012062 -0.030453460291028023 0.0939999595284462 0.023576393723487854 -0.027864018455147743 0.0939999669790268 0.025569837540388107 -0.02604675106704235 0.0939999669790268 0.02742362953722477 -0.024087224155664444 0.09399997442960739 0.02912764437496662 -0.021996142342686653 0.09399997442960739 0.030672572553157806 -0.019784923642873764 0.09399997442960739 0.03258684650063515 -0.016492662951350212 0.09400014579296112 0.03466064855456352 -0.011512469500303268 0.09399974346160889 0.035978469997644424 -0.006281758658587933 0.09400007128715515 0.03644392266869545 -0.0020224915351718664 0.09399998188018799 -0.028299175202846527 -0.07000011950731277 0.32060492038726807 -0.02833208441734314 -0.05199246108531952 0.3206337094306946 -0.02556610107421875 -0.07000059634447098 0.3245067596435547 -0.024106979370117188 -0.05199207365512848 0.3262186050415039 -0.022022247314453125 -0.07000024616718292 0.3282051086425781 -0.02044677734375 -0.05198652297258377 0.3295440673828125 -0.017965316772460938 -0.07000026106834412 0.33131980895996094 -0.01702880859375 -0.051998041570186615 0.3318634033203125 -0.01481033954769373 -0.05200016126036644 0.33308982849121094 -0.013462066650390625 -0.06999964267015457 0.3337535858154297 -0.01123809814453125 -0.05199391394853592 0.3346443176269531 -0.010075713507831097 -0.07000015676021576 0.3350241184234619 -0.0063266754150390625 -0.0519927479326725 0.3360161781311035 -0.004791259765625 -0.07000019401311874 0.3363145589828491 -0.0008907318115234375 -0.05200447142124176 0.3366182744503021 0.0012385845184326172 -0.07000001519918442 0.3365993797779083 0.0052947998046875 -0.052008870989084244 0.3363018035888672 0.0067005157470703125 -0.07000016421079636 0.33593273162841797 0.007609441876411438 -0.05210014432668686 0.3357070982456207 0.0109100341796875 -0.05209869146347046 0.33475685119628906 0.012804031372070312 -0.07000000029802322 0.3340897560119629 0.01247833389788866 -0.05210014060139656 0.334143728017807 0.0155181884765625 -0.05205106735229492 0.3327770233154297 0.018405914306640625 -0.07000003755092621 0.3310127258300781 0.019565582275390625 -0.051953986287117004 0.33029651641845703 0.02240753173828125 -0.06999978423118591 0.327850341796875 0.022883305326104164 -0.052100129425525665 0.32737717032432556 0.025360107421875 -0.05209338665008545 0.3247852325439453 0.024863429367542267 -0.07000012695789337 0.32529816031455994 0.026470109820365906 -0.07000012695789337 0.3233061730861664 0.02843189239501953 -0.05204210802912712 0.320465087890625 0.028720855712890625 -0.0700007751584053 0.3199176788330078 0.030565261840820312 -0.05209653079509735 0.31606292724609375 0.030891895294189453 -0.07000026106834412 0.31526756286621094 0.03210639953613281 -0.052098289132118225 0.3113365173339844 0.03195691481232643 -0.07000011205673218 0.3118315041065216 0.03273749351501465 -0.07000011950731277 0.3079395294189453 0.03278237581253052 -0.05210014805197716 0.3073854446411133 0.03302380442619324 -0.0520908497273922 0.3036905527114868 0.03299383819103241 -0.07000011205673218 0.3042398691177368 0.03285205364227295 -0.07000012695789337 0.3002611994743347 0.032782182097435 -0.05210008844733238 0.2998141050338745 0.032396409660577774 -0.052100103348493576 0.2973170578479767 0.031961917877197266 -0.0700000748038292 0.29529333114624023 0.03182089328765869 -0.05210036784410477 0.2948575019836426 -0.02829131670296192 -0.07000014930963516 0.28660115599632263 -0.028286486864089966 -0.05200013890862465 0.2866036891937256 -1.600012183189392E-05 -0.051991626620292664 0.270541787147522 0.00246429443359375 -0.05202367529273033 0.2706538438796997 0.005031585693359375 -0.052099332213401794 0.27098655700683594 0.00954437255859375 -0.05197981745004654 0.27195119857788086 0.013486623764038086 -0.05199817940592766 0.2733865976333618 0.014642788097262383 -0.05210009962320328 0.274026483297348 0.013646064326167107 -0.05210009962320328 0.2735796570777893 0.016757965087890625 -0.051990486681461334 0.2751350402832031 0.020093917846679688 -0.05199480056762695 0.2773628234863281 0.022846221923828125 -0.05201815068721771 0.27972412109375 0.025598526000976562 -0.05200148746371269 0.28266143798828125 0.028586387634277344 -0.05209852755069733 0.28707313537597656 0.031057655811309814 -0.052100103348493576 0.2924453914165497 0.03011608123779297 -0.05209949612617493 0.29010963439941406 -0.026281356811523438 -0.05199696496129036 0.28360939025878906 -0.024003297090530396 -0.05200013145804405 0.280953973531723 -0.021055221557617188 -0.05199827998876572 0.27816009521484375 -0.0166778564453125 -0.05197712779045105 0.27506446838378906 -0.01365572027862072 -0.05200012028217316 0.27355799078941345 -0.011286631226539612 -0.05200012028217316 0.27259010076522827 -0.0071353912353515625 -0.051986802369356155 0.2713489532470703 0.006300926208496094 -0.05198894441127777 0.2710700035095215 0.02965259552001953 -0.05199477821588516 0.2888360023498535 0.0276031494140625 -0.05199185758829117 0.2852821350097656 0.03151214122772217 -0.051992956548929214 0.29337048530578613 0.03273939713835716 -0.05199034512042999 0.2983976900577545 0.033135298639535904 -0.05199675261974335 0.3036195635795593 0.032700181007385254 -0.0519995354115963 0.30887365341186523 0.0315704345703125 -0.05199211835861206 0.3136577606201172 0.030141830444335938 -0.05199049040675163 0.31732940673828125 0.024852752685546875 -0.05198118835687637 0.3256349563598633 0.012058258056640625 -0.05199272930622101 0.3344545364379883 -0.030832290649414062 -0.07000187039375305 0.28926849365234375 -0.029143642634153366 -0.07000013440847397 0.28608864545822144 -0.029143642634153366 -0.07000015676021576 0.3211112320423126 -0.030834197998046875 -0.070001021027565 0.31793212890625 -0.03343372046947479 -0.07000017166137695 0.29729437828063965 -0.03389844298362732 -0.07000014930963516 0.300974577665329 -0.033999957144260406 -0.07000014930963516 0.3035999536514282 -0.033594515174627304 -0.07000015676021576 0.308834969997406 -0.03389844298362732 -0.07000015676021576 0.3062252998352051 -0.0323878675699234 -0.07000015676021576 0.31394514441490173 -0.03308998793363571 -0.07000015676021576 0.31141337752342224 -0.02916693687438965 -0.05214213579893112 0.3211231827735901 -0.02881622314453125 -0.05202829837799072 0.2862849235534668 -0.02914365381002426 -0.052193865180015564 0.2860886752605438 -0.03267347067594528 0.01626943238079548 0.09299999475479126 -0.0316714271903038 0.0181430671364069 0.09299999475479126 -0.033785782754421234 0.013811986893415451 0.09299999475479126 -0.03471357002854347 0.01127910241484642 0.09299999475479126 -0.03545176237821579 0.008684615604579449 0.09299999475479126 -0.03599633276462555 0.006042697932571173 0.09299998730421066 -0.03647905960679054 0.0017852679593488574 0.09300000220537186 -0.036344174295663834 -0.003607262624427676 0.09300001710653305 -0.035748451948165894 -0.007368726190179586 0.09299997985363007 -0.03510662913322449 -0.009988716803491116 0.09299997985363007 -0.034273069351911545 -0.012554152868688107 0.09299997985363007 -0.03325231373310089 -0.015051022171974182 0.09299997985363007 -0.031681302934885025 -0.01814098097383976 0.0929999053478241 -0.03167140483856201 -0.018143095076084137 0.08899997174739838 -0.030672546476125717 -0.01978496089577675 0.08899997174739838 -0.029127614572644234 -0.02199617587029934 0.08899997174739838 -0.027423599734902382 -0.02408725582063198 0.08899997174739838 -0.02556980401277542 -0.02604678086936474 0.08899997174739838 -0.02357635647058487 -0.027864044532179832 0.08899997174739838 -0.021454142406582832 -0.029529128223657608 0.08899997174739838 -0.017857495695352554 -0.031859032809734344 0.0889996811747551 -0.014433947391808033 -0.0335247777402401 0.08899996429681778 -0.011918640695512295 -0.03449920937418938 0.08899996429681778 -0.009338239207863808 -0.03528522327542305 0.08899996429681778 -0.0067068347707390785 -0.035878513008356094 0.08899996429681778 -0.004038799554109573 -0.03627585619688034 0.08899996429681778 -0.001348706427961588 -0.03647506609559059 0.08899996429681778 0.0013487529940903187 -0.03647506609559059 0.08899996429681778 0.004038846120238304 -0.036275848746299744 0.08899996429681778 0.008265546523034573 -0.03557508438825607 0.08900000154972076 0.013416076079010963 -0.03396913781762123 0.08899950981140137 0.016870461404323578 -0.032367222011089325 0.08899996429681778 0.019214794039726257 -0.031032906845211983 0.08899996429681778 0.02273196168243885 -0.028585663065314293 0.08899983763694763 0.025569837540388107 -0.026046747341752052 0.08899997174739838 0.02742362953722477 -0.024087220430374146 0.08899997174739838 0.030075283721089363 -0.020721526816487312 0.08899982273578644 0.03204997628927231 -0.01746564358472824 0.08899997174739838 0.03325233608484268 -0.0150509774684906 0.08899997919797897 0.03427308425307274 -0.012554106302559376 0.08899997919797897 0.03552987426519394 -0.008457913994789124 0.08900002390146255 0.03619503602385521 -0.004708440974354744 0.08899998664855957 0.03652011230587959 -0.00043626470142044127 0.08899997919797897 0.036344293504953384 0.003367825411260128 0.08899998664855957 0.03599632531404495 0.00604274682700634 0.08899998664855957 0.035062674432992935 0.010223492048680782 0.08900005370378494 0.03378576785326004 0.013812032528221607 0.08899999409914017 0.03267344832420349 0.01626947708427906 0.08899999409914017 0.030561968684196472 0.01999720185995102 0.08899953961372375 0.027281850576400757 0.024281583726406097 0.08899998664855957 0.02458987385034561 0.026973847299814224 0.08900000154972076 0.022530635818839073 0.028716212138533592 0.08900000154972076 0.01902318373322487 0.031177056953310966 0.08899984508752823 0.01566288247704506 0.032968539744615555 0.08900000900030136 0.011700027622282505 0.03459789603948593 0.0889999270439148 0.008028020150959492 0.03560619801282883 0.08900000900030136 0.0053764889016747475 0.03610185533761978 0.08900000900030136 0.0026955939829349518 0.03640033304691315 0.08900000900030136 -2.335116633389589E-08 0.036500006914138794 0.08900000900030136 -0.0026956405490636826 0.03640032932162285 0.08900000900030136 -0.006945740897208452 0.03585628792643547 0.08900004625320435 -0.010635748505592346 0.03491606190800667 0.08900000900030136 -0.013185341842472553 0.03403523564338684 0.08900000900030136 -0.015662923455238342 0.032968517392873764 0.08900000900030136 -0.018054958432912827 0.03172174096107483 0.08900000900030136 -0.021661607548594475 0.029406093060970306 0.08899998664855957 -0.024589907377958298 0.026973815634846687 0.08900000154972076 -0.026514843106269836 0.025084130465984344 0.08900000154972076 -0.028294960036873817 0.023057440295815468 0.08900000154972076 -0.029920540750026703 0.020904822275042534 0.08900000154972076 -0.03167816624045372 0.018144065514206886 0.08900000154972076 -0.04063345491886139 -0.018143100664019585 0.08899997174739838 -0.03864363208413124 -0.022114407271146774 0.0889994278550148 -0.032379068434238434 -0.030526146292686462 0.08899996429681778 -0.03533933311700821 -0.027083586901426315 0.08900003880262375 -0.0020088667515665293 -0.04447903484106064 0.08899996429681778 -0.007941197603940964 -0.04381049796938896 0.08900009095668793 -0.012179561890661716 -0.042800791561603546 0.08899995684623718 -0.016602773219347 -0.041313137859106064 0.08899940550327301 -0.020503345876932144 -0.03949509188532829 0.08899996429681778 -0.024465976282954216 -0.03720063716173172 0.08900000154972076 -0.027996612712740898 -0.034589581191539764 0.08899996429681778 -0.030256133526563644 -0.032631516456604004 0.08899996429681778 -0.02690190076828003 0.035477831959724426 0.08900047838687897 -0.030256174504756927 0.03263149410486221 0.08900000900030136 -0.03237910568714142 0.030526120215654373 0.08900000900030136 -0.035442616790533066 0.026952294632792473 0.08900012820959091 -0.03866265341639519 0.022081468254327774 0.0890003889799118 -0.04063347727060318 0.0181430634111166 0.08900000154972076 -0.023109236732125282 0.03802911564707756 0.08900000900030136 -0.01926775649189949 0.04013973847031593 0.0890008881688118 -0.01376696303486824 0.04234475642442703 0.0890003889799118 -0.009278026409447193 0.043522048741579056 0.08900001645088196 -0.006334552075713873 0.04404684156179428 0.08900001645088196 -0.0033624819479882717 0.044372785836458206 0.08900001645088196 0.0009767233859747648 0.04451362416148186 0.08900003880262375 0.006922065746039152 0.043982941657304764 0.08899993449449539 0.038052961230278015 0.02311025932431221 0.08899978548288345 0.04032174125313759 0.018825719133019447 0.08900000154972076 0.041902463883161545 0.015042762272059917 0.08900047838687897 0.04354431852698326 0.0092947231605649 0.08899987488985062 0.04427410662174225 0.004478122107684612 0.08899998664855957 0.04447488114237785 0.001494980650022626 0.08899998664855957 0.04447488114237785 -0.0014949096366763115 0.08899998664855957 0.02843875251710415 -0.034256573766469955 0.08899906277656555 0.02359752543270588 -0.03775617107748985 0.08900138735771179 0.019834497943520546 -0.039835188537836075 0.08899996429681778 0.015574703924357891 -0.0417114719748497 0.08899971097707748 0.011456157080829144 -0.04300006851553917 0.08899995684623718 0.008542817085981369 -0.04367230087518692 0.08899995684623718 0.003958097193390131 -0.044347986578941345 0.08899994939565659 0.04408727213740349 -0.00621315510943532 0.08899984508752823 0.04285907745361328 -0.01205941941589117 0.08899988979101181 0.04084141552448273 -0.01771310530602932 0.08899949491024017 0.03808216378092766 -0.023074045777320862 0.08900054544210434 0.03573545441031456 -0.026518428698182106 0.08899997174739838 0.033874064683914185 -0.028858231380581856 0.08899997174739838 0.031859755516052246 -0.031067756935954094 0.08899996429681778 0.011456101201474667 0.04300009831786156 0.08900001645088196 0.015513612888753414 0.04173636808991432 0.08900036662817001 0.021013496443629265 0.03925328701734543 0.08899965137243271 0.02499341405928135 0.03681819885969162 0.08900000900030136 0.02740936540067196 0.03505677357316017 0.08900000900030136 0.029701583087444305 0.033137086778879166 0.08900000900030136 0.03185971826314926 0.03106781281530857 0.08900000900030136 0.0338740274310112 0.028858287259936333 0.08900000154972076 0.035735417157411575 0.02651848830282688 0.08900000154972076 -0.04065786302089691 -0.01814902015030384 0.06450650840997696 -0.038722556084394455 -0.021927442401647568 0.06449997425079346 -0.036307718604803085 -0.02577546238899231 0.06450533121824265 -0.03360985592007637 -0.029165498912334442 0.06449996680021286 -0.030494943261146545 -0.03244130313396454 0.06450098752975464 -0.027164315804839134 -0.035246964544057846 0.06449995934963226 -0.024762779474258423 -0.036977604031562805 0.06450344622135162 -0.02225116826593876 -0.03853743523359299 0.06449995934963226 -0.01821039617061615 -0.04062493145465851 0.06450258195400238 -0.014170780777931213 -0.04218228906393051 0.06450038403272629 -0.011340707540512085 -0.04302998632192612 0.0644998848438263 -0.008455800823867321 -0.04368921369314194 0.06449995934963226 -0.005536213517189026 -0.04415443539619446 0.06449974328279495 -0.002589210867881775 -0.0444246381521225 0.06449992209672928 0.0003689676523208618 -0.04449842870235443 0.06449998170137405 0.0033245375379920006 -0.04437561705708504 0.06449995934963226 0.006264649331569672 -0.04405676946043968 0.06449992954730988 0.009180054068565369 -0.043542709201574326 0.06449991464614868 0.012051607482135296 -0.042836979031562805 0.06449995934963226 0.014870688319206238 -0.04194106161594391 0.06449969112873077 0.0176248736679554 -0.04086088761687279 0.06449995934963226 0.020302481949329376 -0.039600007236003876 0.0644981637597084 0.022884130477905273 -0.03816632553935051 0.06449932605028152 0.026746399700641632 -0.03559190407395363 0.06450361013412476 0.029995135962963104 -0.032871074974536896 0.06449978798627853 0.0321182906627655 -0.030811477452516556 0.0645013153553009 0.034088701009750366 -0.028604354709386826 0.06449996680021286 0.03590914607048035 -0.026278376579284668 0.0645039826631546 0.03757917881011963 -0.02383410930633545 0.06450040638446808 0.0390828475356102 -0.021281257271766663 0.06449946761131287 0.04040839150547981 -0.018638964742422104 0.06449997425079346 0.041558265686035156 -0.015910357236862183 0.06449975073337555 0.0425226166844368 -0.01311948336660862 0.06450150907039642 0.043300606310367584 -0.010261532850563526 0.06450054049491882 0.043886639177799225 -0.007362913340330124 0.06449998170137405 0.04441673308610916 -0.002954580821096897 0.06451676040887833 0.04447496309876442 0.0014854073524475098 0.06450013816356659 0.044276412576436996 0.004449129104614258 0.06450030952692032 0.04388083890080452 0.007390797138214111 0.064501091837883 0.04328951984643936 0.01030111312866211 0.0644998550415039 0.042094409465789795 0.014526337385177612 0.06450067460536957 0.04040836915373802 0.018639061599969864 0.06449999660253525 0.03908092528581619 0.021281704306602478 0.06450214236974716 0.037578284740448 0.023831307888031006 0.06449910998344421 0.03591383993625641 0.0262763649225235 0.06450000405311584 0.03407296538352966 0.028625786304473877 0.06449652463197708 0.03211284428834915 0.03080611489713192 0.06450000405311584 0.030048340559005737 0.03282266855239868 0.0645056962966919 0.027751080691814423 0.03479253500699997 0.06450092047452927 0.025368764996528625 0.03655745089054108 0.06450499594211578 0.02288845181465149 0.03816252946853638 0.06449860334396362 0.020301252603530884 0.039597511291503906 0.06449908018112183 0.017623424530029297 0.04086051881313324 0.06449981033802032 0.014871046878397465 0.041941672563552856 0.06450001150369644 0.012050271034240723 0.04283808171749115 0.06449885666370392 0.00917880143970251 0.043543100357055664 0.06450001150369644 0.0062642693519592285 0.04405695199966431 0.06450016051530838 0.003324441611766815 0.0443757027387619 0.06449997425079346 0.0003688037395477295 0.0444984957575798 0.06450002640485764 -0.0025885417126119137 0.044424671679735184 0.06450001895427704 -0.005535632371902466 0.04415462166070938 0.0644998773932457 -0.008454784750938416 0.04368928447365761 0.06450015306472778 -0.011341899633407593 0.04303067922592163 0.06449998915195465 -0.014181166887283325 0.04218028485774994 0.06450046598911285 -0.016948342323303223 0.04114671051502228 0.06450043618679047 -0.01964159496128559 0.039930686354637146 0.06450001150369644 -0.022249072790145874 0.03853912651538849 0.06449805200099945 -0.024761974811553955 0.03697393834590912 0.06449781358242035 -0.027158603072166443 0.03524497151374817 0.06450092792510986 -0.02944217622280121 0.0333627313375473 0.06449589133262634 -0.03257425129413605 0.030354991555213928 0.06450379639863968 -0.03545183315873146 0.026896566152572632 0.06450316309928894 -0.03718014806509018 0.024451741948723793 0.06450000405311584 -0.03871871531009674 0.021932750940322876 0.06450434029102325 -0.040662847459316254 0.01814568042755127 0.06449777632951736 -0.017536163330078125 -0.052005138248205185 0.3321187496185303 0.0227813720703125 -0.05207246541976929 0.27860450744628906 -0.02590179443359375 -0.05203213542699814 0.2821197509765625 -0.010364532470703125 -0.05202571302652359 0.2716646194458008 0.027217864990234375 -0.05205968767404556 0.28359413146972656 -0.022512435913085938 -0.052056685090065 0.2784080505371094 0.030511856079101562 -0.05201466381549835 0.28989410400390625 0.03358839452266693 -0.052032727748155594 0.3023796081542969 0.02896694466471672 -0.05200602859258652 0.3199238181114197 -0.031276702880859375 -0.05597883462905884 0.31694555282592773 -0.03079521656036377 -0.055469512939453125 0.3180122375488281 -0.030617903918027878 -0.05490588769316673 0.318383127450943 -0.03053838014602661 -0.05448293685913086 0.31854701042175293 -0.030512256547808647 -0.054000161588191986 0.31859996914863586 -0.03052404522895813 -0.052243754267692566 0.2885470688343048 -0.030738741159439087 -0.0554693341255188 0.28905707597732544 -0.03138059377670288 -0.05599850416183472 0.29050660133361816 -0.03273320198059082 -0.056005269289016724 0.29433202743530273 -0.0335945226252079 -0.05600015074014664 0.29836493730545044 -0.033898450434207916 -0.05600015074014664 0.30097460746765137 -0.033999964594841 -0.056000154465436935 0.3035999536514282 -0.03382080793380737 -0.056000132113695145 0.30730485916137695 -0.03308999538421631 -0.056000158190727234 0.31141340732574463 -0.032387875020504 -0.056000158190727234 0.31394514441490173 -0.030512258410453796 -0.052193887531757355 0.31859996914863586 -0.04119887948036194 -0.018144218251109123 0.06400253623723984 -0.04172622039914131 -0.018143104389309883 0.09299997240304947 -0.04172958433628082 -0.018143294379115105 0.06399478763341904 -0.0417262427508831 0.0181430596858263 0.09299999475479126 -0.042787276208400726 0.015475758351385593 0.09299999475479126 -0.04544534161686897 -0.002617263002321124 0.09299996495246887 -0.045477356761693954 0.001435270649380982 0.09299998730421066 -0.04529634490609169 0.004300147760659456 0.09299998730421066 -0.044935036450624466 0.0071479096077382565 0.09299999475479126 -0.044074006378650665 0.011354287154972553 0.09300001710653305 -0.042787253856658936 -0.015475804917514324 0.09299997985363007 -0.04367798566818237 -0.012746904045343399 0.09299997985363007 -0.04477788880467415 -0.008201549760997295 0.09299992769956589 -0.04120028018951416 0.018144678324460983 0.06400011479854584 -0.04172756150364876 0.01814309135079384 0.06399653106927872 -0.03861990571022034 -0.023232758045196533 0.06396655738353729 -0.035871945321559906 -0.027169877663254738 0.0639999657869339 -0.033810436725616455 -0.029720306396484375 0.06398964673280716 -0.031125176697969437 -0.032526642084121704 0.06400120258331299 -0.02656812220811844 -0.03635748475790024 0.06399394571781158 -0.02142230048775673 -0.0395994707942009 0.06399998813867569 -0.017121680080890656 -0.0416354238986969 0.06398554891347885 -0.014318950474262238 -0.042676858603954315 0.06398750096559525 -0.010313883423805237 -0.04383839666843414 0.06398925185203552 -0.005596555769443512 -0.0446506068110466 0.0639999583363533 -0.0013907477259635925 -0.04499996453523636 0.06400120258331299 0.003361891722306609 -0.04487421736121178 0.0639999583363533 0.007702842354774475 -0.044380903244018555 0.06398238241672516 0.012187019921839237 -0.04331829398870468 0.0639999657869339 0.01620563119649887 -0.04200670123100281 0.06399905681610107 0.02052885666489601 -0.040044527500867844 0.0639999657869339 0.024097949266433716 -0.03805391490459442 0.06398013234138489 0.028935134410858154 -0.034497179090976715 0.06400041282176971 0.03350163996219635 -0.03011302277445793 0.06398574262857437 0.037359073758125305 -0.025127379223704338 0.06399209797382355 0.039556439965963364 -0.021479949355125427 0.06398848444223404 0.040834300220012665 -0.01894598826766014 0.06398515403270721 0.04259858280420303 -0.014659948647022247 0.06398068368434906 0.04374194145202637 -0.0106276273727417 0.06398463249206543 0.04463346302509308 -0.005968842655420303 0.06400103121995926 0.04501338303089142 -1.652538776397705E-05 0.06400123238563538 0.04479258507490158 0.004456222057342529 0.06398819386959076 0.044174276292324066 0.008800573647022247 0.0639878660440445 0.042554691433906555 0.014749079942703247 0.06398789584636688 0.040875405073165894 0.018852893263101578 0.06398747861385345 0.0388014018535614 0.022822223603725433 0.0639997348189354 0.0363173633813858 0.02657160349190235 0.06400001049041748 0.03350916504859924 0.030072323977947235 0.0639994665980339 0.02928347885608673 0.03424456715583801 0.0639817863702774 0.025656985118985176 0.03696918860077858 0.06400001049041748 0.022089552134275436 0.03923256695270538 0.06399974226951599 0.017822854220867157 0.041320063173770905 0.06400001049041748 0.013912199065089226 0.042811259627342224 0.06399988383054733 0.007817298173904419 0.04434693604707718 0.06400114297866821 0.00186949223279953 0.044976748526096344 0.06399939954280853 -0.004242241382598877 0.04484303295612335 0.06398508697748184 -0.010018138214945793 0.043886154890060425 0.06400001049041748 -0.014333119615912437 0.042656343430280685 0.06400001049041748 -0.018501639366149902 0.04105271399021149 0.06400185823440552 -0.022473648190498352 0.03900666534900665 0.0639880895614624 -0.026518499478697777 0.03638511896133423 0.06400109827518463 -0.029777027666568756 0.03373914957046509 0.06400001049041748 -0.03299957513809204 0.030647195875644684 0.06398974359035492 -0.03587198257446289 0.027169877663254738 0.06400001049041748 -0.03846698999404907 0.023437723517417908 0.06398875266313553 -0.03121287375688553 -0.052643775939941406 0.3187786340713501 -0.031025802716612816 -0.05249790847301483 0.31859996914863586 -0.031000575050711632 -0.05248059332370758 0.31859996914863586 -0.03078114055097103 -0.05232997238636017 0.31859996914863586 -0.03073219396173954 -0.0523051992058754 0.31859996914863586 -0.03486979007720947 -0.05587249994277954 0.3174670934677124 -0.03354787826538086 -0.05489778518676758 0.3184030055999756 -0.036421775817871094 -0.056000396609306335 0.31319141387939453 -0.03565263748168945 -0.056003570556640625 0.3156852722167969 -0.03728377819061279 -0.05600022152066231 0.30890798568725586 -0.03607034683227539 -0.056002840399742126 0.2928314208984375 -0.03499096632003784 -0.055920422077178955 0.28988349437713623 -0.03765510022640228 -0.05600058659911156 0.303670197725296 -0.03728526830673218 -0.05600126460194588 0.2982821464538574 -0.037565022706985474 -0.05600067600607872 0.30110788345336914 -0.03681039810180664 -0.05600130558013916 0.2957172393798828 -0.03290814533829689 -0.05432165786623955 0.28862595558166504 -0.033637046813964844 -0.05495762825012207 0.28880369663238525 -0.03286975994706154 -0.05428454279899597 0.28862258791923523 -0.03083212673664093 -0.05235186219215393 0.2885608971118927 -0.029020262882113457 -0.052629102021455765 0.32243612408638 -0.015567779541015625 -0.0521625280380249 0.33392333984375 -0.007939338684082031 -0.05208393931388855 0.3365061283111572 -0.002587047405540943 -0.052061527967453 0.33710163831710815 0.0027070045471191406 -0.052080124616622925 0.3373293876647949 0.013705253601074219 -0.052131056785583496 0.33481311798095703 0.028123855590820312 -0.05208532512187958 0.32228660583496094 0.03320956230163574 -0.05206499248743057 0.30938100814819336 0.03211259841918945 -0.05206788331270218 0.2932920455932617 0.017822265625 -0.05202716588973999 0.2751655578613281 0.0008969306945800781 -0.052041441202163696 0.2699544429779053 -0.023013271391391754 -0.05262906849384308 0.27776986360549927 -0.025133132934570312 -0.05242133140563965 0.28009796142578125 -0.020166397094726562 -0.05235713720321655 0.27574920654296875 -0.021800290793180466 -0.05262906849384308 0.2767455279827118 -0.016389846801757812 -0.05222862958908081 0.2736072540283203 -0.01197052001953125 -0.05237412452697754 0.2713794708251953 -0.015200868248939514 -0.05262906104326248 0.27252084016799927 -0.005963325500488281 -0.05394744873046875 0.268280029296875 -0.00960540771484375 -0.05236339569091797 0.2706298828125 -0.006328335031867027 -0.05247914046049118 0.2697463631629944 -0.0021486282348632812 -0.05224144458770752 0.2693603038787842 0.0075511932373046875 -0.05221599340438843 0.27030324935913086 0.00847057718783617 -0.05262904614210129 0.27005553245544434 0.008341919630765915 -0.05262904614210129 0.27002671360969543 0.009965588338673115 -0.05262904614210129 0.2704763114452362 0.013330459594726562 -0.05225867033004761 0.2720632553100586 0.015610639937222004 -0.05255408585071564 0.27281832695007324 0.02044677734375 -0.05244159698486328 0.27581787109375 0.017916198819875717 -0.05376210808753967 0.27280157804489136 0.028609219938516617 -0.05262904241681099 0.2841673195362091 0.02703094482421875 -0.052349209785461426 0.2824859619140625 0.030113697052001953 -0.05228516459465027 0.2872295379638672 0.0312529057264328 -0.05262906104326248 0.3184153437614441 0.03253507614135742 -0.05251830816268921 0.3151540756225586 0.02971935272216797 -0.05249500274658203 0.32114601135253906 0.028201162815093994 -0.05249583721160889 0.32347583770751953 0.02688264101743698 -0.052479155361652374 0.32512760162353516 0.027176856994628906 -0.05457305908203125 0.32779693603515625 0.025379180908203125 -0.05241835117340088 0.3268241882324219 0.0238117016851902 -0.05376214534044266 0.3300999701023102 0.023338060826063156 -0.05251000076532364 0.3289409875869751 0.021942172199487686 -0.052629075944423676 0.3303278088569641 0.019014358520507812 -0.05235016345977783 0.33220958709716797 0.019812583923339844 -0.052959442138671875 0.33238792419433594 0.009154568426311016 -0.05262908712029457 0.33695188164711 0.010245999321341515 -0.05255413055419922 0.33656299114227295 0.007808685302734375 -0.05225503444671631 0.33689212799072266 0.0017747879028320312 -0.05247688293457031 0.3379983901977539 0.0021758079528808594 -0.05373382568359375 0.3392181396484375 0.0029473109170794487 -0.05262909084558487 0.3380715847015381 0.00560760498046875 -0.05263710021972656 0.33782958984375 -0.0069332122802734375 -0.053208351135253906 0.33819007873535156 -0.001968860626220703 -0.05231475830078125 0.33783483505249023 -0.007720947265625 -0.05249977111816406 0.3371906280517578 -0.009154428727924824 -0.052629098296165466 0.33695122599601746 -0.012495040893554688 -0.05243253707885742 0.33570289611816406 -0.020256996154785156 -0.05242180824279785 0.33156394958496094 -0.017655763775110245 -0.052629102021455765 0.3333384692668915 -0.02644824981689453 -0.052264317870140076 0.32543373107910156 -0.021589279174804688 -0.05226105451583862 0.3301734924316406 -0.02369324117898941 -0.05259162187576294 0.3287402093410492 0.02333354949951172 -0.052162230014801025 0.32830810546875 0.030515193939208984 -0.052155449986457825 0.31856250762939453 0.03373861312866211 -0.05230266973376274 0.30911582708358765 0.033171892166137695 -0.052346229553222656 0.312380313873291 0.034111976623535156 -0.05260191857814789 0.3092460632324219 0.03427539020776749 -0.052423443645238876 0.3064315915107727 0.03408534824848175 -0.0522194504737854 0.30408599972724915 0.03452986478805542 -0.052545301616191864 0.30343419313430786 0.034203678369522095 -0.0524214431643486 0.2998685836791992 0.03345894813537598 -0.0521579310297966 0.29779720306396484 0.03367471694946289 -0.05252104997634888 0.29610157012939453 0.03296947479248047 -0.05240345001220703 0.2939281463623047 0.024123501032590866 -0.05255408585071564 0.2789230942726135 0.019945461302995682 -0.05223335698246956 0.2759826183319092 0.0026683807373046875 -0.052321791648864746 0.2694077491760254 0.0043904781341552734 -0.052928924560546875 0.2689018249511719 -0.026988983154296875 -0.05223560333251953 0.28273773193359375 -0.027764111757278442 -0.05259159952402115 0.2830335199832916 -0.029511984437704086 -0.05252563953399658 0.28565382957458496 0.009134889580309391 -0.052090831100940704 0.27115094661712646 0.011758358217775822 -0.05211523920297623 0.2719184160232544 0.018353689461946487 -0.05216405540704727 0.27505728602409363 0.032076358795166016 -0.05249446630477905 0.2909812927246094 0.03172348439693451 -0.0521036759018898 0.3153420090675354 0.025895999744534492 -0.05216408520936966 0.32551109790802 -0.012364821508526802 -0.052139703184366226 0.3351123034954071 -0.02231542579829693 -0.05206647515296936 0.3287888467311859 0.02384628728032112 -0.05206644535064697 0.32734474539756775 -0.04355981945991516 0.013156890869140625 0.06799492239952087 -0.043360233306884766 0.013791441917419434 0.06785145401954651 -0.04311974346637726 0.014525234699249268 0.06731957197189331 -0.0429600328207016 0.014989422634243965 0.06639882177114487 -0.04474768787622452 0.00835752859711647 0.06799960881471634 -0.045450303703546524 0.002550884848460555 0.0679999440908432 -0.04542974382638931 -0.002970583038404584 0.0679999440908432 -0.04493502900004387 -0.007147942204028368 0.06799998134374619 -0.04439485818147659 -0.009967252612113953 0.06799997389316559 -0.04352959990501404 -0.01325225830078125 0.06799106299877167 -0.04295719787478447 -0.014997598715126514 0.06621600687503815 -0.043019793927669525 -0.014817818999290466 0.06687664985656738 -0.04315978288650513 -0.014404296875 0.06742668151855469 -0.04332900047302246 -0.013888239860534668 0.06780248880386353 -0.04296383261680603 -0.015000876039266586 0.06400031596422195 -0.04296104237437248 0.01500056404620409 0.06399999558925629 -0.04366642236709595 0.014999582432210445 0.06403522938489914 -0.017500650137662888 0.042296234518289566 0.06400887668132782 -0.03174373507499695 0.03347077965736389 0.06402359902858734 -0.02371247485280037 0.03910449892282486 0.06400591880083084 -0.03470146656036377 -0.030097246170043945 0.06401176750659943 -0.030291777104139328 -0.03427266329526901 0.06400586664676666 -0.04347878694534302 -0.01499997079372406 0.06402070075273514 -0.02251480147242546 -0.03966313600540161 0.0639999657869339 -0.025414157658815384 -0.03809390217065811 0.06401029229164124 -0.0383826419711113 0.025477679446339607 0.0640513002872467 -0.0026469677686691284 -0.0459417998790741 0.06400515139102936 0.015846682712435722 -0.04283468797802925 0.06400291621685028 0.008979558944702148 -0.04503750801086426 0.06400760263204575 0.025002777576446533 -0.0386698842048645 0.06401722133159637 0.029711484909057617 -0.03504323959350586 0.0640125423669815 0.04486251622438431 -0.01013326644897461 0.06401698291301727 0.045674681663513184 0.0055675506591796875 0.06400682032108307 0.04600495100021362 -0.0025572404265403748 0.06403142213821411 0.03653864189982414 -0.027531277388334274 0.06400587409734726 0.04153943061828613 0.019855618476867676 0.06401671469211578 0.028180599212646484 0.03635382652282715 0.0640132874250412 0.00519108772277832 0.04573950171470642 0.06400331854820251 -0.011409521102905273 0.04464198648929596 0.06402556598186493 0.040142521262168884 -0.02269408106803894 0.06402833014726639 0.037542760372161865 0.0265202634036541 0.06400813162326813 -0.002681434154510498 0.04611441493034363 0.06405507028102875 0.016457319259643555 0.04291751980781555 0.06400535255670547 -0.0008745181257836521 -0.05848701670765877 0.08191177248954773 -0.0018812315538525581 -0.05506419017910957 0.07443249225616455 3.530294634401798E-08 -0.05516815185546875 0.0745697021484375 -0.004484742879867554 -0.05468881130218506 0.0739738941192627 -0.0034960401244461536 -0.05802718549966812 0.08112670481204987 -0.006263843271881342 -0.05671845003962517 0.0788116455078125 -0.008176028728485107 -0.05435745418071747 0.07411843538284302 -0.007749013602733612 -0.05802552402019501 0.08226374536752701 -0.01127127930521965 -0.05682387948036194 0.08111294358968735 -0.01106234546750784 -0.0539933480322361 0.07449790835380554 -0.014240145683288574 -0.053281545639038086 0.0745851993560791 -0.01674063503742218 -0.05244791507720947 0.07437515258789062 -0.016309933736920357 -0.0553574338555336 0.0811355859041214 -0.0202254056930542 -0.05124795436859131 0.07451248168945312 -0.02179773524403572 -0.050658389925956726 0.07471586763858795 -0.019103864207863808 -0.05518949776887894 0.08349835872650146 -0.024285685271024704 -0.04949835687875748 0.07476174831390381 -0.0229603573679924 -0.050005413591861725 0.07443177700042725 -0.02169012650847435 -0.05420897901058197 0.08413967490196228 -0.025457017123699188 -0.05150904506444931 0.08244837820529938 -0.027249276638031006 -0.04786086082458496 0.0746300220489502 -0.02742878906428814 -0.048954665660858154 0.07831873744726181 -0.029524538666009903 -0.04680909588932991 0.07575593143701553 -0.033522214740514755 -0.043679848313331604 0.07492546737194061 -0.03202700614929199 -0.044774532318115234 0.0746910572052002 -0.03477802127599716 -0.04285094141960144 0.07573514431715012 -0.035977184772491455 -0.042317986488342285 0.07842913269996643 -0.03746052086353302 -0.040295958518981934 0.07495319843292236 -0.03930702805519104 -0.03840760886669159 0.07491594552993774 -0.03939240053296089 -0.038718290627002716 0.07848501205444336 -0.041114479303359985 -0.036469072103500366 0.07530069351196289 -0.042631350457668304 -0.034612178802490234 0.07526326179504395 -0.04363062605261803 -0.033310674130916595 0.07574515789747238 -0.04437390714883804 -0.03213667869567871 0.0767124742269516 -0.0461532399058342 -0.02951311692595482 0.0755605697631836 -0.040564633905887604 -0.03778844699263573 0.09026654064655304 -0.04362180083990097 -0.03262168914079666 0.08533264696598053 -0.042849428951740265 -0.034051112830638885 0.08438698947429657 -0.040955543518066406 -0.037072181701660156 0.09207725524902344 -0.04455994814634323 -0.03151729330420494 0.08021814376115799 -0.04504072666168213 -0.03035317361354828 0.0822134017944336 -0.04785773158073425 -0.026373475790023804 0.07597678899765015 -0.04293141886591911 -0.034132376313209534 0.07982924580574036 -0.040577232837677 -0.03743206337094307 0.08070233464241028 -0.03670308738946915 -0.04195048660039902 0.08058308809995651 -0.033312857151031494 -0.045317716896533966 0.08110351860523224 -0.03261624649167061 -0.04569907858967781 0.08017691969871521 -0.029956087470054626 -0.048276182264089584 0.08192554861307144 -0.02882307581603527 -0.048839934170246124 0.08100230991840363 -0.04204345494508743 -0.03541924059391022 0.08301424980163574 -0.03711283951997757 -0.04193463176488876 0.08339878916740417 -0.025082938373088837 -0.05568286404013634 0.09458516538143158 -0.029294561594724655 -0.049981944262981415 0.08616861701011658 -0.024357657879590988 -0.05536288768053055 0.09205947816371918 -0.0328531339764595 -0.04707198590040207 0.08696557581424713 -0.03367428854107857 -0.0466628260910511 0.08892388641834259 -0.02915782295167446 -0.051353756338357925 0.09073789417743683 -0.029269542545080185 -0.05268050357699394 0.09592052549123764 -0.040678903460502625 -0.03753969818353653 0.08754803240299225 -0.039550114423036575 -0.039103202521800995 0.08546549081802368 -0.03856299817562103 -0.04109717160463333 0.09275366365909576 -0.03763358294963837 -0.042131826281547546 0.08992311358451843 -0.03484540432691574 -0.0461437851190567 0.09294620156288147 -0.03771866485476494 -0.04139099270105362 0.08470441401004791 -0.035551492124795914 -0.044511828571558 0.08841845393180847 -0.036988213658332825 -0.04341666400432587 0.09321879595518112 -0.030986981466412544 -0.05122546851634979 0.09677337110042572 -0.025512252002954483 -0.05755889415740967 0.10161423683166504 -0.02301594242453575 -0.06061403453350067 0.10525902360677719 -0.022048383951187134 -0.060353707522153854 0.10248953104019165 -0.023519685491919518 -0.06303276121616364 0.11383861303329468 -0.018031176179647446 -0.06896499544382095 0.12052954733371735 -0.02078125812113285 -0.06559261679649353 0.11553452908992767 -0.02192426100373268 -0.0682763084769249 0.12621210515499115 -0.02684055268764496 -0.058675967156887054 0.10901521146297455 -0.025166157633066177 -0.06193690747022629 0.11473756283521652 -0.029826965183019638 -0.05530455335974693 0.10782091319561005 -0.02923591434955597 -0.055334486067295074 0.10558564960956573 -0.026949487626552582 -0.06072654575109482 0.1162383109331131 -0.033217594027519226 -0.04930924251675606 0.09911669790744781 -0.03369864821434021 -0.049216412007808685 0.10164642333984375 -0.036018386483192444 -0.0454506054520607 0.09807312488555908 -0.03146502375602722 -0.051477089524269104 0.09984247386455536 -0.03184543550014496 -0.05271320790052414 0.1068931370973587 -0.03915368393063545 -0.04026634991168976 0.09424406290054321 -0.02834239974617958 -0.05847594887018204 0.11344979703426361 -0.029788700863718987 -0.057502374053001404 0.11591704189777374 -0.03406442701816559 -0.049440015107393265 0.105303555727005 -0.03622419387102127 -0.04576277360320091 0.10223808884620667 -0.0380239337682724 -0.042618632316589355 0.10089999437332153 -0.03157149255275726 -0.05403105914592743 0.11095461249351501 -0.03341181203722954 -0.051238663494586945 0.10961879789829254 -0.031336937099695206 -0.05563564598560333 0.1162746325135231 -0.03454233705997467 -0.04960843175649643 0.11003227531909943 -0.034195661544799805 -0.05099962651729584 0.11464205384254456 -0.03265334293246269 -0.05425092577934265 0.11866139620542526 -0.03598642349243164 -0.0468902587890625 0.10784339904785156 -0.012163260020315647 -0.06371137499809265 0.09871849417686462 -0.012652019970119 -0.059840086847543716 0.08926986157894135 -0.009473621845245361 -0.06397388875484467 0.09745197743177414 -0.010190324857831001 -0.0609668605029583 0.09040535241365433 -0.006799696013331413 -0.06544429808855057 0.09977959096431732 -0.007087410427629948 -0.06159105896949768 0.09038820117712021 -0.005132685415446758 -0.064760223031044 0.09741070866584778 -0.003851640038192272 -0.06298983097076416 0.09272889792919159 -0.00353522808291018 -0.06634129583835602 0.10095036029815674 -0.000718025432433933 -0.06603577733039856 0.09980888664722443 -0.0007712467340752482 -0.06316818296909332 0.09276952594518661 0.000735076901037246 -0.06499931216239929 0.09720069169998169 -0.010826106183230877 -0.06639491021633148 0.104680635035038 -0.008943162858486176 -0.06640331447124481 0.1033940315246582 -0.0006688230787403882 -0.06858199834823608 0.10631085932254791 -0.0005778422928415239 -0.07058967649936676 0.1116521805524826 -0.0038326475769281387 -0.07040464878082275 0.11172038316726685 -0.003672676859423518 -0.06861899048089981 0.10688246786594391 -0.005260417237877846 -0.07026301324367523 0.11177260428667068 -0.0070442380383610725 -0.06953436136245728 0.11064398288726807 -0.008917473256587982 -0.06915970146656036 0.11075811833143234 -0.010152284055948257 -0.0693378895521164 0.11211365461349487 -0.012598935514688492 -0.06839323043823242 0.11173419654369354 -0.015021534636616707 -0.05976696312427521 0.0910768061876297 -0.014849039725959301 -0.06737070530653 0.11135292053222656 -0.014402953907847404 -0.06431785970926285 0.102432481944561 -0.015089669264853 -0.06225054711103439 0.09763272106647491 -0.017836321145296097 -0.058872323483228683 0.0917542427778244 -0.016679182648658752 -0.06611013412475586 0.11018694192171097 -0.017133796587586403 -0.062187761068344116 0.09987173974514008 -0.018850095570087433 -0.06510105729103088 0.11058373749256134 -0.021468350663781166 -0.05840105563402176 0.09566809237003326 -0.019326455891132355 -0.06125008314847946 0.10033652186393738 -0.004108849912881851 -0.060501787811517715 0.08690643310546875 -0.0008102137944661081 -0.061197616159915924 0.08810225129127502 0.0011764528462663293 -0.06231719255447388 0.09074963629245758 -0.001986830960959196 -0.08876637369394302 0.17333675920963287 -0.0020098895765841007 -0.08711028844118118 0.16622787714004517 5.674809600009212E-08 -0.08870245516300201 0.17290282249450684 0.0006067909998819232 -0.07312646508216858 0.11869615316390991 0.00029141156119294465 -0.07570341229438782 0.12621904909610748 -0.001747436006553471 -0.07540485262870789 0.12544025480747223 -0.02685544639825821 -0.0773315280675888 0.17155325412750244 -0.027418892830610275 -0.07511031627655029 0.16668164730072021 -0.02667432650923729 -0.07447502017021179 0.1612536758184433 -0.032810211181640625 -0.054752349853515625 0.122283935546875 -0.030073124915361404 -0.06293925642967224 0.1378343403339386 -0.02994910627603531 -0.06182938069105148 0.1329401433467865 -0.028696831315755844 -0.06433779001235962 0.13565710186958313 -0.030824795365333557 -0.06067126989364624 0.13391757011413574 -0.031480979174375534 -0.05817539244890213 0.12774300575256348 -0.027443166822195053 -0.06859055161476135 0.14474594593048096 -0.02859325334429741 -0.06857125461101532 0.1500101089477539 -0.025628309696912766 -0.07606560736894608 0.16261333227157593 -0.025362523272633553 -0.08069708943367004 0.17750215530395508 -0.02647649496793747 -0.08066072314977646 0.1813935935497284 -0.026242338120937347 -0.08349883556365967 0.19063319265842438 -0.02581857144832611 -0.08440108597278595 0.19233687222003937 -0.025747977197170258 -0.08915247768163681 0.21117711067199707 -0.02612646296620369 -0.0865974873304367 0.20206040143966675 -0.025962233543395996 -0.0856708362698555 0.19764642417430878 -0.026037216186523438 -0.09345817565917969 0.233612060546875 -0.025488898158073425 -0.09143339097499847 0.22104114294052124 -0.025736616924405098 -0.09239212423563004 0.22675380110740662 -0.024552272632718086 -0.0959434062242508 0.2477072775363922 -0.027669429779052734 -0.09596776962280273 0.2573432922363281 -0.026406288146972656 -0.09479331970214844 0.243743896484375 -0.03226637840270996 -0.09637513756752014 0.2879514694213867 -0.03114032745361328 -0.09642499685287476 0.28023529052734375 -0.0294952392578125 -0.09652161598205566 0.27179718017578125 -0.03154395520687103 -0.09599059820175171 0.3101910948753357 -0.034363746643066406 -0.09533405303955078 0.3093299865722656 -0.03398869186639786 -0.09548730403184891 0.30861735343933105 -0.034836605191230774 -0.09545737504959106 0.30415916442871094 -0.03290367126464844 -0.09537273645401001 0.31496429443359375 -0.01585981249809265 -0.09742441773414612 0.3268582224845886 -0.016583919525146484 -0.09663119912147522 0.33348894119262695 -0.01844024658203125 -0.09654337912797928 0.33226871490478516 -0.014629068784415722 -0.09683074802160263 0.33397623896598816 -0.00983333121985197 -0.09766603261232376 0.3302227258682251 -0.010596438311040401 -0.09700192511081696 0.3356558084487915 -0.01230621337890625 -0.09681534767150879 0.33580875396728516 -0.0073816608637571335 -0.09775861352682114 0.3308009207248688 -0.00655364990234375 -0.09712861478328705 0.3368072509765625 -0.00883244164288044 -0.09699583053588867 0.33646005392074585 -0.019098348915576935 -0.07001794129610062 0.12558713555335999 -0.017212877050042152 -0.07273311913013458 0.1305663287639618 -0.01999795064330101 -0.06984538584947586 0.12684588134288788 -0.02100086212158203 -0.07055100798606873 0.13118362426757812 -0.023187454789876938 -0.06682480871677399 0.12477412819862366 -0.024646904319524765 -0.06741203367710114 0.13074392080307007 -0.02325502410531044 -0.06903916597366333 0.1319783627986908 -0.027582038193941116 -0.06209782510995865 0.12305942922830582 -0.028622284531593323 -0.06052394211292267 0.12171174585819244 -0.029566718265414238 -0.06003762409090996 0.12418442964553833 -0.02787047252058983 -0.06400476396083832 0.1307688057422638 -0.026408780366182327 -0.06880025565624237 0.14127331972122192 -0.030576560646295547 -0.05931764468550682 0.12673205137252808 -0.018579592928290367 -0.07582567632198334 0.14289970695972443 -0.01652103289961815 -0.07768195122480392 0.14518627524375916 -0.01780346967279911 -0.07997691631317139 0.15524321794509888 -0.01589309796690941 -0.081531822681427 0.15730929374694824 -0.017436305060982704 -0.08244454115629196 0.1633031964302063 -0.015529878437519073 -0.08434727042913437 0.16708612442016602 -0.017954517155885696 -0.08464114367961884 0.1725945919752121 -0.01568041928112507 -0.08690673857927322 0.17755573987960815 -0.01509248185902834 -0.0890541523694992 0.18590860068798065 -0.017519552260637283 -0.08973534405231476 0.19332440197467804 -0.01665591076016426 -0.09090694785118103 0.19732914865016937 -0.014111589640378952 -0.09100198745727539 0.19365158677101135 -0.014063257724046707 -0.09232029318809509 0.2004694640636444 -0.016609232872724533 -0.09278959035873413 0.2072351574897766 -0.014036279171705246 -0.09366811811923981 0.20805425941944122 -0.017444005236029625 -0.09394523501396179 0.21563443541526794 -0.015348266810178757 -0.09469619393348694 0.2166859656572342 -0.022315239533782005 -0.07271789759397507 0.14131034910678864 -0.02024342305958271 -0.075465127825737 0.14524716138839722 -0.021201718598604202 -0.07806119322776794 0.15612056851387024 -0.019351419061422348 -0.08022606372833252 0.15928567945957184 -0.02070283144712448 -0.08110340684652328 0.16543476283550262 -0.020044786855578423 -0.08320685476064682 0.17158588767051697 -0.020203715190291405 -0.08508903533220291 0.17910200357437134 -0.01932689920067787 -0.08636565506458282 0.18230614066123962 -0.018384519964456558 -0.08868157863616943 0.1901930719614029 -0.019917678087949753 -0.08864100277423859 0.19328813254833221 -0.019434571266174316 -0.0913962870836258 0.2053789496421814 -0.020421452820301056 -0.09311647713184357 0.2170259654521942 -0.02037619613111019 -0.09475463628768921 0.2272927165031433 -0.01830507628619671 -0.0945495069026947 0.22121259570121765 -0.01603689417243004 -0.09573525935411453 0.2253042757511139 -0.024353381246328354 -0.08359337598085403 0.18456101417541504 -0.024195808917284012 -0.08572717010974884 0.19221539795398712 -0.023169483989477158 -0.08693847060203552 0.19415485858917236 -0.024104461073875427 -0.0887342169880867 0.20440292358398438 -0.02326999604701996 -0.09053743630647659 0.21039870381355286 -0.024287883192300797 -0.09221018850803375 0.2216922640800476 -0.017157919704914093 -0.09869104623794556 0.308391809463501 -0.020480265840888023 -0.09787017107009888 0.31400468945503235 -0.021689046174287796 -0.09809143841266632 0.30732548236846924 -0.018965354189276695 -0.09877285361289978 0.301586389541626 -0.017451414838433266 -0.09919538348913193 0.29542461037635803 -0.02121879905462265 -0.0986766368150711 0.2917494475841522 -0.01601158082485199 -0.09950859099626541 0.28910887241363525 -0.01771022379398346 -0.0993068665266037 0.2826475501060486 -0.014666160568594933 -0.09936697781085968 0.2649267315864563 -0.0159369595348835 -0.09947503358125687 0.2754669487476349 -0.017691336572170258 -0.09885191172361374 0.26387256383895874 -0.015574568882584572 -0.0988619476556778 0.2571581304073334 -0.018211930990219116 -0.09820464253425598 0.2546825408935547 -0.01445489190518856 -0.0986027717590332 0.25042831897735596 -0.016112446784973145 -0.09784151613712311 0.24461038410663605 -0.01416919007897377 -0.09721820056438446 0.2344069480895996 -0.01824112981557846 -0.09716323018074036 0.24234768748283386 -0.017621323466300964 -0.09633046388626099 0.23315425217151642 -0.022485733032226562 -0.09622254967689514 0.3297853469848633 -0.026580810546875 -0.09584617614746094 0.325927734375 -0.025169754400849342 -0.09674154222011566 0.31880128383636475 -0.023358892649412155 -0.0980980172753334 0.30067384243011475 -0.023226339370012283 -0.09833797812461853 0.28239285945892334 -0.02018832229077816 -0.09852191805839539 0.26729950308799744 -0.018642917275428772 -0.09235168248414993 0.2087673544883728 -0.030305862426757812 -0.09556925296783447 0.3203239440917969 -0.026723381131887436 -0.09700532257556915 0.31046217679977417 -0.024620063602924347 -0.0980677604675293 0.2912352383136749 -0.022238653153181076 -0.09844046831130981 0.2764328718185425 -0.02271852269768715 -0.09814159572124481 0.2704885005950928 -0.022345589473843575 -0.09755975008010864 0.2586989104747772 -0.021583013236522675 -0.09728192538022995 0.252576619386673 -0.020835481584072113 -0.09675800800323486 0.24488243460655212 -0.020125700160861015 -0.09580881893634796 0.2345171868801117 -0.027549173682928085 -0.09720989316701889 0.3026014566421509 -0.02510218881070614 -0.09782332181930542 0.2763851284980774 -0.02465328574180603 -0.097477987408638 0.26627951860427856 -0.02221200242638588 -0.0956171527504921 0.2383732795715332 -0.022600453346967697 -0.09357927739620209 0.22506318986415863 -0.021416926756501198 -0.09328051656484604 0.22024282813072205 -0.02170693874359131 -0.09184829890727997 0.21296903491020203 -0.02204836905002594 -0.08956438302993774 0.2025735229253769 -0.022078372538089752 -0.08852258324623108 0.19794799387454987 -0.021493729203939438 -0.08672643452882767 0.18883934617042542 -0.02236582525074482 -0.08438404649496078 0.18182341754436493 -0.021880242973566055 -0.08278074860572815 0.17447203397750854 -0.022372664883732796 -0.07930341362953186 0.16341516375541687 -0.02307969331741333 -0.0754232183098793 0.1522851586341858 -0.028814299032092094 -0.09705944359302521 0.2992667853832245 -0.023192260414361954 -0.09461542963981628 0.23344025015830994 -0.022866960614919662 -0.09255839139223099 0.21975308656692505 -0.023406295105814934 -0.08109904825687408 0.17264722287654877 -0.02391625940799713 -0.07769563049077988 0.16238316893577576 -0.024841811507940292 -0.07292415201663971 0.14941734075546265 -0.034008100628852844 -0.09585189819335938 0.29780060052871704 -0.027918267995119095 -0.09714575111865997 0.27626606822013855 -0.027282029390335083 -0.09705304354429245 0.270669162273407 -0.02670953795313835 -0.09686741232872009 0.2650863826274872 -0.0009749843156896532 -0.09819623827934265 0.23145946860313416 -0.0019433061825111508 -0.09705697000026703 0.22138671576976776 6.225653947922183E-08 -0.09731266647577286 0.22326034307479858 -0.000735161011107266 -0.09888552129268646 0.23894932866096497 0.0009882303420454264 -0.09944796562194824 0.24625316262245178 -0.0029598111286759377 -0.0994323119521141 0.2465759515762329 -0.0009982538176700473 -0.09994080662727356 0.25429123640060425 0.0014953362988308072 -0.09986018389463425 0.25319162011146545 -0.0026468464639037848 -0.1005772203207016 0.2819331884384155 0.0011569946072995663 -0.10050550848245621 0.270557701587677 0.002646974753588438 -0.10058099776506424 0.28146880865097046 0.0016200654208660126 -0.10052584111690521 0.28852081298828125 -0.0016199368983507156 -0.10051658749580383 0.28897231817245483 -0.0016539962962269783 -0.10039365291595459 0.293969988822937 6.415194775399868E-08 -0.10027536749839783 0.29801619052886963 -0.0022557636257261038 -0.10004355758428574 0.3032896816730499 0.0028734817169606686 -0.09974239021539688 0.30826711654663086 -0.0014479371020570397 -0.09943383187055588 0.31351134181022644 -0.0012060547014698386 -0.0985608696937561 0.32454681396484375 0.003012167988345027 -0.09852330386638641 0.3245474100112915 -0.0034821033477783203 -0.09726440906524658 0.33672332763671875 -0.002918243408203125 -0.09714239835739136 0.33762431144714355 -0.0027273092418909073 -0.07297477126121521 0.11856387555599213 -0.006338153034448624 -0.07260379195213318 0.11881010979413986 -0.002039330080151558 -0.08534248918294907 0.15912583470344543 -0.002581177745014429 -0.08396919071674347 0.15401168167591095 7.847847882658243E-08 -0.08308029174804688 0.150421142578125 5.41819566990398E-08 -0.0846913531422615 0.15646392107009888 1.6111880540847778E-07 -0.08509063720703125 0.157928466796875 0.001005028374493122 -0.08716070652008057 0.16633692383766174 -0.009010421112179756 -0.07212230563163757 0.11906656622886658 -0.008059235289692879 -0.0795401781797409 0.14119184017181396 -0.008293013088405132 -0.07746288180351257 0.13463449478149414 -0.005939211696386337 -0.07976524531841278 0.14057743549346924 -0.005308003164827824 -0.07753411680459976 0.13306978344917297 -0.0037927674129605293 -0.0798756331205368 0.1399974524974823 -0.0028031175024807453 -0.07767844200134277 0.1326102465391159 -0.0016288720071315765 -0.07987025380134583 0.13945230841636658 -8.847564458847046E-08 -0.0781402587890625 0.1336822509765625 -0.0019639511592686176 -0.09085993468761444 0.18313856422901154 0.0009909658692777157 -0.0894448310136795 0.17633846402168274 5.7883418946858E-08 -0.09047707915306091 0.18109655380249023 8.940696716308594E-08 -0.0908203125 0.18280029296875 -0.004357934929430485 -0.08449481427669525 0.15656998753547668 -0.004015544429421425 -0.086997389793396 0.16635170578956604 -0.003972109407186508 -0.08848439157009125 0.17263014614582062 -0.003935270011425018 -0.09005165100097656 0.17981410026550293 -0.00485697528347373 -0.09225210547447205 0.19119060039520264 -0.0009756152285262942 -0.09242816269397736 0.19108116626739502 0.0009729753364808857 -0.09329632669687271 0.19590723514556885 -0.0024263837840408087 -0.09354022145271301 0.19757671654224396 0.0009709259611554444 -0.0944918841123581 0.20303477346897125 -0.002906791865825653 -0.09463658928871155 0.20425058901309967 6.094964533076563E-08 -0.09526987373828888 0.20798201858997345 -0.0029052733443677425 -0.09570463746786118 0.21134382486343384 6.164167132283183E-08 -0.09635156393051147 0.21561308205127716 -0.005951304454356432 -0.09877300262451172 0.3206018805503845 -0.005869654007256031 -0.10000136494636536 0.3014082908630371 -0.007534831762313843 -0.1003066897392273 0.2892566919326782 -0.0073858811520040035 -0.1003914326429367 0.2823684811592102 -0.0051905447617173195 -0.10048390924930573 0.2752118706703186 -0.0015134764835238457 -0.1002369225025177 0.2612082064151764 -0.005106443073600531 -0.10036483407020569 0.26822584867477417 -0.00603497214615345 -0.10010650753974915 0.26149091124534607 -0.00398439122363925 -0.09985590726137161 0.2539680004119873 -0.00694163516163826 -0.09973572194576263 0.2548410892486572 -0.005898052826523781 -0.09937021881341934 0.2476085126399994 -0.004880308173596859 -0.09887140989303589 0.24027666449546814 -0.003890023799613118 -0.09825940430164337 0.232884019613266 -0.006770037114620209 -0.09819528460502625 0.234188511967659 -0.0038793215062469244 -0.09752950072288513 0.22593379020690918 -0.006749222055077553 -0.09749501198530197 0.22742554545402527 -0.004830310586839914 -0.09670101851224899 0.21950547397136688 -0.0067298077046871185 -0.09525071829557419 0.21019034087657928 -0.0067431009374558926 -0.09356721490621567 0.199582040309906 -0.006808712147176266 -0.09085962176322937 0.1851710081100464 -0.005918162874877453 -0.08892714977264404 0.17552754282951355 -0.005998347885906696 -0.08701853454113007 0.1673819124698639 -0.006887779105454683 -0.08431549370288849 0.15725862979888916 -0.0074708471074700356 -0.09947697818279266 0.309950590133667 -0.008765893056988716 -0.08944201469421387 0.17995157837867737 -0.007891187444329262 -0.08805219829082489 0.17299868166446686 -0.007994843646883965 -0.08628088235855103 0.16568459570407867 -0.011344283819198608 -0.07153736799955368 0.11934992671012878 -0.004069735296070576 -0.07529644668102264 0.125681072473526 -0.006374288350343704 -0.075053371489048 0.12596726417541504 -0.008651346899569035 -0.07467682659626007 0.12629839777946472 -0.011716993525624275 -0.07393694669008255 0.12682843208312988 -0.010832744650542736 -0.0761900395154953 0.13284218311309814 -0.013767089694738388 -0.07140198349952698 0.12156745046377182 -0.008020972833037376 -0.08121886104345322 0.14687903225421906 -0.010582692921161652 -0.07970064878463745 0.14393481612205505 5.1746255280704645E-08 -0.08088412880897522 0.14272357523441315 -0.0015848272014409304 -0.08194482326507568 0.14651232957839966 -0.004473955370485783 -0.08198902010917664 0.14749300479888916 -0.009834995493292809 -0.08181352913379669 0.15047717094421387 -0.009825203567743301 -0.08443358540534973 0.16007623076438904 -0.01569579541683197 -0.070660300552845 0.12191576510667801 -0.015146277844905853 -0.07311773300170898 0.12852083146572113 -0.009814144112169743 -0.08769701421260834 0.17318114638328552 -0.008652571588754654 -0.0922350287437439 0.19362285733222961 -0.010113967582583427 -0.09051844477653503 0.18632662296295166 -0.01246357336640358 -0.08908526599407196 0.18227873742580414 -0.011664707213640213 -0.08771403878927231 0.17522168159484863 -0.011815710924565792 -0.08587116003036499 0.1677868664264679 -0.012102562002837658 -0.08304281532764435 0.15735015273094177 -0.012555401772260666 -0.07954703271389008 0.1456410139799118 -0.013006269931793213 -0.07669533789157867 0.13682720065116882 -0.01349515002220869 -0.07403124868869781 0.1291094720363617 -0.010468323715031147 -0.09343138337135315 0.20204627513885498 -0.01141577772796154 -0.09221775084733963 0.19635826349258423 -0.013483865186572075 -0.08742980659008026 0.17635414004325867 -0.013656115159392357 -0.08554196357727051 0.16886460781097412 -0.013880223035812378 -0.08347292989492416 0.16124162077903748 -0.01431254856288433 -0.08025803416967392 0.15040323138237 -0.014971430413424969 -0.07636523246765137 0.1384439468383789 -0.01238018274307251 -0.0904923528432846 0.18875454366207123 -0.012076940387487411 -0.09802480041980743 0.32452598214149475 -0.01056848093867302 -0.09884336590766907 0.31636500358581543 -0.011471536010503769 -0.09924113005399704 0.3094368278980255 -0.012325489893555641 -0.09951898455619812 0.30259209871292114 -0.009877992793917656 -0.09997718036174774 0.2960585355758667 -0.011794071644544601 -0.0999779999256134 0.2892643213272095 -0.01206893753260374 -0.10000458359718323 0.28260093927383423 -0.009510181844234467 -0.10018064826726913 0.27406010031700134 -0.008575976826250553 -0.10005809366703033 0.2654753625392914 -0.012246167287230492 -0.0992332398891449 0.25547540187835693 -0.008797531947493553 -0.0992024838924408 0.24859212338924408 -0.010134377516806126 -0.09857778996229172 0.24233593046665192 -0.010540740564465523 -0.0979563444852829 0.2358834147453308 -0.010501542128622532 -0.09728745371103287 0.22938066720962524 -0.009079193696379662 -0.09615430980920792 0.21857255697250366 -0.009539107792079449 -0.09465596824884415 0.2085086554288864 -0.013172006234526634 -0.0931815654039383 0.2038983255624771 -0.01226511038839817 -0.09444122016429901 0.21032923460006714 -0.01523788645863533 -0.09847256541252136 0.3153872489929199 -0.013749669305980206 -0.09904997795820236 0.3090607523918152 -0.014306852594017982 -0.09951220452785492 0.2973816394805908 -0.012044943869113922 -0.09974648058414459 0.2661030888557434 -0.01339863520115614 -0.0982433632016182 0.24358800053596497 -0.012297696433961391 -0.09634944051504135 0.2238530069589615 -0.011374395340681076 -0.09555377811193466 0.21661525964736938 -0.013172626495361328 -0.09537393599748611 0.2177741974592209 -0.020355224609375 -0.09638023376464844 0.33135986328125 -0.028273073956370354 -0.06206969916820526 0.27194035053253174 -0.026909291744232178 -0.06200096756219864 0.27083486318588257 -0.025647610425949097 -0.062229037284851074 0.2696327567100525 -0.03880882263183594 -0.06256461143493652 0.28546142578125 -0.039226531982421875 -0.06273651123046875 0.286285400390625 -0.03902057558298111 -0.0621383860707283 0.28678494691848755 -0.035808563232421875 -0.06561279296875 0.27587890625 -0.036931127309799194 -0.06538152694702148 0.2780296206474304 -0.03843402862548828 -0.0631551742553711 0.28380393981933594 -0.0347137451171875 -0.06776618957519531 0.27060699462890625 -0.034688882529735565 -0.06760148704051971 0.2709229290485382 -0.033324096351861954 -0.06632478535175323 0.271652489900589 -0.03530797362327576 -0.06638310849666595 0.27402710914611816 -0.03255748748779297 -0.06828808784484863 0.2665214538574219 -0.03377676010131836 -0.06851863861083984 0.2675666809082031 -0.03180563822388649 -0.06869600713253021 0.2640012502670288 -0.033350586891174316 -0.06925833225250244 0.2644491195678711 -0.031985435634851456 -0.06902068853378296 0.26279503107070923 -0.032822370529174805 -0.06939101219177246 0.2626171112060547 -0.03278859704732895 -0.06919261813163757 0.263532817363739 -0.03159801661968231 -0.06922322511672974 0.2574896812438965 -0.02991446852684021 -0.06852605938911438 0.25590795278549194 -0.03124913200736046 -0.06892728060483932 0.2558000385761261 -0.028779618442058563 -0.06834321469068527 0.25749334692955017 -0.027386534959077835 -0.06776712089776993 0.25579988956451416 -0.0035948529839515686 -0.06424294412136078 0.2568104863166809 1.514563336968422E-07 -0.06412618607282639 0.25625115633010864 -0.006562650203704834 -0.0643300861120224 0.2561746835708618 -0.002427518367767334 -0.0620000995695591 0.26126959919929504 -0.002064129803329706 -0.0620000995695591 0.26125475764274597 -0.0016437893500551581 -0.0626060962677002 0.26072821021080017 -0.0017208318458870053 -0.0620000995695591 0.261240690946579 1.1175870895385742E-08 -0.0619964599609375 0.2611846923828125 -0.003629530081525445 -0.0620000958442688 0.26135846972465515 -8.293427526950836E-07 -0.0630483627319336 0.26019763946533203 -0.007534027099609375 -0.0627450942993164 0.26120758056640625 -0.0061893463134765625 -0.06354475021362305 0.25998926162719727 -0.012849854305386543 -0.06170172989368439 0.26344746351242065 -0.012233734130859375 -0.06348896026611328 0.26153564453125 -0.01567840576171875 -0.06324291229248047 0.2631378173828125 -0.018598634749650955 -0.0621754415333271 0.2653564512729645 -0.016495611518621445 -0.06020958721637726 0.26603177189826965 -0.02373584546148777 -0.060508254915475845 0.2698620557785034 -0.024251604452729225 -0.06200120598077774 0.268826961517334 -0.03270479664206505 -0.06200062111020088 0.2766271233558655 -0.030573680996894836 -0.06218782067298889 0.2740367650985718 -0.03133375942707062 -0.06237934157252312 0.2746269404888153 -0.032354481518268585 -0.06262198835611343 0.2755315899848938 -0.03471209853887558 -0.06285206973552704 0.27822059392929077 -0.03787330538034439 -0.061851050704717636 0.28480732440948486 -0.038234252482652664 -0.062159642577171326 0.285009503364563 -0.020298004150390625 -0.06510448455810547 0.2624931335449219 -0.02049177698791027 -0.0647507756948471 0.26331228017807007 -0.015520995482802391 -0.06466641277074814 0.26073724031448364 -0.008300065994262695 -0.06448221206665039 0.25765228271484375 -0.002861499786376953 -0.06417518854141235 0.25777339935302734 -0.004928112030029297 -0.06395125389099121 0.25900840759277344 4.5394699554890394E-08 -0.06418636441230774 0.2572127878665924 -5.980837158858776E-09 -0.0640249252319336 0.2583327293395996 -0.02046966552734375 -0.06367969512939453 0.2649040222167969 -0.012386798858642578 -0.0643809586763382 0.2599576711654663 -0.017068862915039062 -0.06533199548721313 0.25962352752685547 -0.013902232050895691 -0.0648595541715622 0.2592563033103943 -0.017097432166337967 -0.0637374296784401 0.2630215585231781 -4.516914486885071E-08 -0.06364154815673828 0.25933170318603516 -4.7963112592697144E-08 -0.06367874145507812 0.25925254821777344 -0.0318412110209465 -0.06532468646764755 0.2715718150138855 -0.03320342302322388 -0.06507508456707001 0.27348440885543823 -0.03333290293812752 -0.06303326785564423 0.27622681856155396 -0.030628204345703125 -0.064727783203125 0.2711143493652344 -0.02931387908756733 -0.06606785953044891 0.26780077815055847 -0.02795974537730217 -0.06429825723171234 0.26925188302993774 -0.02786518633365631 -0.06365704536437988 0.2699453830718994 -0.023943524807691574 -0.06531155109405518 0.2645937204360962 -0.021891579031944275 -0.06512650847434998 0.26347437500953674 -0.0240325927734375 -0.064453125 0.26609039306640625 -0.03633815422654152 -0.06346233189105988 0.27982574701309204 -0.030814409255981445 -0.06657177209854126 0.26838332414627075 -0.036665353924036026 -0.06276093423366547 0.2812715172767639 -0.035811617970466614 -0.06346512585878372 0.2790224254131317 -0.03726228326559067 -0.0634748563170433 0.2813078761100769 -0.03661346435546875 -0.0620269775390625 0.28216552734375 -0.036320414394140244 -0.06238659843802452 0.2811959385871887 -0.030286556109786034 -0.06356269866228104 0.2722526788711548 -0.03556331619620323 -0.06202098727226257 0.2805097699165344 -0.028329946100711823 -0.06281757354736328 0.2712381184101105 -0.02972414158284664 -0.06200079619884491 0.2733648121356964 -0.030990958213806152 -0.06903451681137085 0.25942444801330566 -0.024411991238594055 -0.06717103719711304 0.25834494829177856 -0.027815895155072212 -0.06795182824134827 0.2604779005050659 -0.03206348419189453 -0.06929950416088104 0.26106977462768555 -0.029416067525744438 -0.0681225061416626 0.26256442070007324 -0.027998391538858414 -0.06729403883218765 0.26371151208877563 -0.032215047627687454 -0.06712993234395981 0.2688511312007904 -0.019051946699619293 -0.0659194141626358 0.25657039880752563 -0.020029909908771515 -0.06616667658090591 0.2579815089702606 -0.01780730113387108 -0.06571327894926071 0.2581399083137512 -0.010467171669006348 -0.06461413204669952 0.25603747367858887 -0.015473688021302223 -0.06531177461147308 0.258152574300766 -0.011326730251312256 -0.06479275971651077 0.2573227286338806 -0.021004002541303635 -0.06620658189058304 0.2596059739589691 -0.015027966350317001 -0.06519810855388641 0.2560969293117523 -0.017879009246826172 -0.06561732292175293 0.255799263715744 -0.026947805657982826 -0.06597240269184113 0.2657744884490967 -0.028174884617328644 -0.06664709746837616 0.26552513241767883 -0.025165509432554245 -0.06613853573799133 0.26387888193130493 -0.02344822883605957 -0.06641095876693726 0.2614912986755371 -0.02340453863143921 -0.06680119037628174 0.2562206983566284 -0.021653512492775917 -0.0657409057021141 0.2619505524635315 -0.026491625234484673 -0.06521102786064148 0.2667328715324402 -0.024655446410179138 -0.0670938715338707 0.2600133717060089 -0.022367708384990692 -0.06218627840280533 0.26741981506347656 -0.023223748430609703 -0.06200137361884117 0.26813459396362305 -0.0031832719687372446 -0.02420184202492237 0.15722213685512543 5.471520125865936E-09 -0.0276031494140625 0.162445068359375 1.7510867422743104E-08 -0.027371086180210114 0.16208991408348083 -0.02532026916742325 -0.06663060188293457 0.25214970111846924 -0.016344750300049782 -0.0004296322586014867 0.12600591778755188 -0.018469344824552536 -0.0014967371243983507 0.12668049335479736 -0.0148455910384655 -0.0028593677561730146 0.1288633793592453 -0.026603206992149353 -0.0033468680921941996 0.12636500597000122 -0.027287211269140244 -0.0029861158691346645 0.12578687071800232 -0.02716105245053768 -0.005460213869810104 0.12837058305740356 -0.03796815872192383 -0.0072383880615234375 0.12578392028808594 -0.03592681884765625 -0.012309908866882324 0.13186383247375488 -0.03379064425826073 -0.009082778356969357 0.12950986623764038 -0.027820589020848274 -0.06492945551872253 0.2395937442779541 -0.02951175346970558 -0.06472977995872498 0.2363099455833435 -0.029917743057012558 -0.06597411632537842 0.24135923385620117 -0.029268139973282814 -0.06285730004310608 0.2289745807647705 -0.02876746654510498 -0.06348465383052826 0.23217831552028656 -0.028782427310943604 -0.060936927795410156 0.2227649688720703 -0.028543472290039062 -0.05286216735839844 0.20023727416992188 -0.02825784683227539 -0.05606110394001007 0.20871314406394958 -0.02661493420600891 -0.054596442729234695 0.20630159974098206 -0.025312479585409164 -0.04998595640063286 0.19610729813575745 -0.028505265712738037 -0.050417765974998474 0.19462431967258453 -0.02862447127699852 -0.04899897798895836 0.1913985162973404 -0.026399970054626465 -0.04685506969690323 0.18847458064556122 -0.029452968388795853 -0.04183841496706009 0.17662054300308228 -0.029380325227975845 -0.04506725072860718 0.1826411783695221 -0.02843700349330902 -0.045040957629680634 0.18339180946350098 -0.028835223987698555 -0.046925388276576996 0.18685707449913025 -0.027515076100826263 -0.04010678455233574 0.17482781410217285 -0.029495522379875183 -0.04066541790962219 0.1745365411043167 -0.02820056863129139 -0.037161439657211304 0.16935552656650543 -0.030168969184160233 -0.037179239094257355 0.16811418533325195 -0.02937357872724533 -0.029683414846658707 0.15704244375228882 -0.029169397428631783 -0.02750999480485916 0.15408183634281158 -0.03188939020037651 -0.027310866862535477 0.1522546112537384 -0.03231316804885864 -0.025276854634284973 0.14926153421401978 -0.03167380392551422 -0.02365918830037117 0.14749114215373993 -0.03372955322265625 -0.02149200439453125 0.1435699462890625 -0.03276032954454422 -0.023860320448875427 0.14712868630886078 -0.03155645728111267 -0.01955517753958702 0.1424005925655365 -0.03481072559952736 -0.016992716118693352 0.13759547472000122 -0.030847907066345215 -0.01690831035375595 0.13956765830516815 -0.0343594029545784 -0.006376918870955706 0.12650379538536072 -0.022609684616327286 -0.002561934757977724 0.1267555058002472 -0.005348063074052334 -0.00015032215742394328 0.12714841961860657 -0.007650961168110371 0.0006828267360106111 0.1260886788368225 -0.009781671687960625 -0.001701491535641253 0.12840525805950165 -0.011167645454406738 0.0017998218536376953 0.1247091293334961 7.683411240577698E-09 -0.06299185752868652 0.25001049041748047 -0.0072515299543738365 -0.06371189653873444 0.2523508071899414 -0.013972118496894836 -0.06470513343811035 0.25405699014663696 -0.017407435923814774 -0.06493213772773743 0.2522734999656677 -0.030610322952270508 -0.06764483451843262 0.24890995025634766 -0.017330918461084366 -0.061038583517074585 0.2343262881040573 -0.01531552616506815 -0.060052573680877686 0.23192286491394043 -0.015534238889813423 -0.05834085866808891 0.2256591022014618 -0.02138972468674183 -0.06570175290107727 0.25221848487854004 -0.022277824580669403 -0.06447328627109528 0.2446536421775818 -0.01711089164018631 -0.06396915018558502 0.24743139743804932 -0.020666152238845825 -0.06358446180820465 0.24216122925281525 -0.016810989007353783 -0.0628623217344284 0.24238421022891998 -0.019378043711185455 -0.06209215149283409 0.23687919974327087 -0.019311189651489258 -0.059268783777952194 0.22626790404319763 -0.02263106033205986 -0.06259725987911224 0.2358330935239792 -0.024894101545214653 -0.06563284993171692 0.24719539284706116 -0.01672293059527874 -0.05440908670425415 0.21290075778961182 -0.020521363243460655 -0.0549849197268486 0.21211639046669006 -0.01628628373146057 -0.05666367709636688 0.21980604529380798 -0.02063884027302265 -0.05693632736802101 0.21772468090057373 -0.018707897514104843 -0.05809085816144943 0.22275929152965546 -0.02045886218547821 -0.05167485773563385 0.2034170925617218 -0.015636447817087173 -0.050922852009534836 0.20424377918243408 -0.022744109854102135 -0.05234886705875397 0.203558087348938 -0.02390766516327858 -0.054763391613960266 0.20896819233894348 -0.025068553164601326 -0.057494133710861206 0.2157597541809082 -0.022964827716350555 -0.05970914661884308 0.2246929258108139 -0.02609514445066452 -0.059935469180345535 0.22244060039520264 -0.023605952039361 -0.060933325439691544 0.22839327156543732 -0.02609695866703987 -0.06336620450019836 0.23508822917938232 -0.02878868579864502 -0.05893135070800781 0.21637725830078125 -0.028506487607955933 -0.05761441960930824 0.21282170712947845 -0.020066767930984497 -0.0010579935042187572 0.12589336931705475 -0.017338827252388 -0.009334664791822433 0.13557268679141998 -0.021280808374285698 -0.009808892384171486 0.13504409790039062 -0.018678851425647736 -0.012064929120242596 0.13842713832855225 -0.014684748835861683 -0.024229630827903748 0.15538181364536285 -0.01850171759724617 -0.020092859864234924 0.1485643982887268 -0.017976047471165657 -0.02473098412156105 0.15510042011737823 -0.015347705222666264 -0.02813253551721573 0.1609259992837906 -0.01910020411014557 -0.028245002031326294 0.15983445942401886 -0.01520929578691721 -0.03244347497820854 0.16774728894233704 -0.02057364210486412 -0.03059622086584568 0.1628125011920929 -0.018738973885774612 -0.03376968950033188 0.16861115396022797 -0.015605962835252285 -0.0361374095082283 0.17381682991981506 -0.018218617886304855 -0.03645730018615723 0.1733669638633728 -0.012734737247228622 -0.03915277123451233 0.18019239604473114 -0.0142907053232193 -0.040540531277656555 0.18229436874389648 -0.018477998673915863 -0.04125995188951492 0.18197321891784668 -0.01602964662015438 -0.04249460995197296 0.18542221188545227 -0.014010792598128319 -0.04476768523454666 0.19087374210357666 -0.019156623631715775 -0.0444723516702652 0.1879434734582901 -0.01715930923819542 -0.046684641391038895 0.19360637664794922 -0.01334284245967865 -0.05294392257928848 0.21053940057754517 -0.023185625672340393 -0.008836939930915833 0.13334894180297852 -0.02274848148226738 -0.014742125757038593 0.1403677761554718 -0.01874861866235733 -0.015867047011852264 0.14303293824195862 -0.022681668400764465 -0.018629498779773712 0.1452067643404007 -0.0223471038043499 -0.023567605763673782 0.1519036889076233 -0.01427541859447956 -0.04989910125732422 0.2023927867412567 -0.019835010170936584 -0.04882814735174179 0.19698289036750793 -0.025749463587999344 -0.010624031536281109 0.134483203291893 -0.02483336627483368 -0.026595650240778923 0.15500397980213165 -0.024808667600154877 -0.03012571856379509 0.16015619039535522 -0.024216249585151672 -0.032635919749736786 0.16429780423641205 -0.021408449858427048 -0.035760488361120224 0.17074957489967346 -0.02281089313328266 -0.03708063066005707 0.1722916066646576 -0.020942848175764084 -0.04006534814834595 0.1785353124141693 -0.02307749167084694 -0.04222825914621353 0.18139995634555817 -0.020407957956194878 -0.04662085697054863 0.19180092215538025 -0.021161038428544998 -0.053862638771533966 0.20859453082084656 -0.021901249885559082 -0.058362070471048355 0.22116929292678833 -0.02187194675207138 -0.061163559556007385 0.2309073656797409 -0.02958487533032894 -0.01154167577624321 0.1339898407459259 -0.026974940672516823 -0.015740031376481056 0.13994264602661133 -0.02581353858113289 -0.019020237028598785 0.14445675909519196 -0.026763953268527985 -0.022515403106808662 0.14853793382644653 -0.025070402771234512 -0.023417556658387184 0.1505136340856552 -0.023771418258547783 -0.04002506285905838 0.17694048583507538 -0.02233896404504776 -0.045534051954746246 0.1884322464466095 -0.031219663098454475 -0.005165468901395798 0.12657499313354492 -0.030468221753835678 -0.008010451681911945 0.12981019914150238 -0.027100898325443268 -0.03270930051803589 0.16288326680660248 -0.02520040236413479 -0.04449150711297989 0.18451228737831116 -0.03258270397782326 -0.005540292244404554 0.12641775608062744 -0.026340587064623833 -0.04227925091981888 0.17953966557979584 -0.031055444851517677 -0.03112945519387722 0.15815964341163635 -0.030586812645196915 -0.03405417874455452 0.16285410523414612 -0.004436168819665909 -0.03636244311928749 0.1768137812614441 1.6670674085617065E-07 -0.0411529541015625 0.186126708984375 2.502652307612152E-08 -0.03911874443292618 0.1821935474872589 6.891787052154541E-08 -0.037357330322265625 0.17889404296875 0.001467844471335411 -0.03594609349966049 0.17629587650299072 -0.0030051874928176403 -0.033893126994371414 0.17258749902248383 0.0007474787416867912 -0.03331482410430908 0.1717022955417633 1.93444300577994E-08 -0.030237115919589996 0.16661837697029114 -0.0030913494993001223 -0.029185805469751358 0.16481508314609528 2.4121254682540894E-07 -0.02169036865234375 0.15366363525390625 2.60770320892334E-08 -0.017486572265625 0.1479644775390625 8.988718214197888E-09 -0.014050188474357128 0.1434938609600067 -0.003397525753825903 -0.013409161940217018 0.14258667826652527 8.823747954522787E-09 -0.013792324811220169 0.14317446947097778 -0.003763842862099409 -0.009794669225811958 0.13814400136470795 9.546056389808655E-09 -0.0113677978515625 0.140167236328125 5.0345811963836695E-09 -0.007869510911405087 0.13598285615444183 0.0011755714658647776 -0.007129819132387638 0.13507939875125885 1.0337680578231812E-07 -0.003177642822265625 0.13061904907226562 -0.003006722778081894 -0.06159396469593048 0.24309183657169342 2.835877239704132E-07 -0.06289196014404297 0.24949264526367188 3.946462001636064E-08 -0.06168681010603905 0.2437591701745987 7.631024345755577E-08 -0.06058824062347412 0.2390737533569336 -6.170012056827545E-09 -0.05940890312194824 0.2344493865966797 9.18807927519083E-08 -0.05902242660522461 0.2329864501953125 -7.412745617330074E-08 -0.05756330490112305 0.2278146743774414 2.4563632905483246E-08 -0.05580329895019531 0.22204017639160156 3.448919017046137E-08 -0.05390975996851921 0.2163633406162262 -0.003219031495973468 -0.053907036781311035 0.21613815426826477 3.562308847904205E-08 -0.05381584167480469 0.2160797119140625 -3.259629011154175E-09 -0.05191230773925781 0.2108306884765625 -0.0027565518394112587 -0.04926484078168869 0.20391124486923218 1.2433156371116638E-07 -0.04823875427246094 0.20153427124023438 -0.00047391251428052783 -0.042803309857845306 0.1894775927066803 -0.003284546546638012 -0.04446393996477127 0.19280065596103668 2.8832825904601123E-08 -0.04506834223866463 0.19429820775985718 -0.004350785166025162 0.001078628352843225 0.12591718137264252 -0.004795494489371777 -0.00459196837618947 0.1320449262857437 -0.007748523727059364 -0.005317254923284054 0.1326228380203247 -0.008559676818549633 -0.009281669743359089 0.13710372149944305 -0.00678890710696578 -0.013145902194082737 0.14200441539287567 -0.006155312526971102 -0.01527151558548212 0.14474831521511078 -0.004379511810839176 -0.018789401277899742 0.14954352378845215 -0.009377066045999527 -0.01706433668732643 0.14667901396751404 -0.0043101804330945015 -0.021437993273139 0.15319514274597168 -0.0075350673869252205 -0.021057309582829475 0.15232029557228088 -0.007612172048538923 -0.025090370327234268 0.15809747576713562 -0.00418150844052434 -0.026533227413892746 0.16063560545444489 -0.007210652343928814 -0.028442976996302605 0.16322103142738342 -0.005080457776784897 -0.03114558383822441 0.167799711227417 -0.007571406662464142 -0.03181867301464081 0.16859395802021027 -0.008356987498700619 -0.0361018069088459 0.17577001452445984 -0.005020219832658768 -0.04102379083633423 0.18554474413394928 -0.00649169459939003 -0.04672839492559433 0.19739055633544922 -0.006432109512388706 -0.0495850071310997 0.20412586629390717 -0.004579945933073759 -0.05163344740867615 0.2096889615058899 -0.006964047439396381 -0.05565333738923073 0.22067739069461823 -0.005252989009022713 -0.058630481362342834 0.23098593950271606 -0.00591451907530427 -0.06085461378097534 0.2393638789653778 -0.004083735402673483 -0.06262549757957458 0.24771863222122192 -0.008049806579947472 -0.062342558056116104 0.24523256719112396 -2.8870999813079834E-08 0.0017032623291015625 0.12542343139648438 -2.505257725715637E-07 -0.00310516357421875 0.13053512573242188 -1.0058283805847168E-07 -0.019744873046875 0.15106201171875 -0.01195225678384304 -0.004740964155644178 0.13142989575862885 -0.010089613497257233 -0.014381228014826775 0.14313627779483795 -0.013540461659431458 -0.019824277609586716 0.1495353877544403 -0.01163906417787075 -0.023197535425424576 0.15463018417358398 -0.010364485904574394 -0.026846198365092278 0.16025689244270325 -0.010806787759065628 -0.03186804801225662 0.1680300235748291 -0.012196836993098259 -0.03655913844704628 0.17562554776668549 -0.00856376625597477 -0.04135700687766075 0.18555620312690735 -0.007524694781750441 -0.043584294617176056 0.1903207004070282 -0.011777940206229687 -0.04294579103589058 0.1878628134727478 -0.010261702351272106 -0.0451812669634819 0.1930217146873474 -0.010182712227106094 -0.04719250649213791 0.19750258326530457 -0.01059086062014103 -0.0491337850689888 0.20189638435840607 -0.008721712976694107 -0.0512089729309082 0.20764043927192688 -0.0086573027074337 -0.059437014162540436 0.23292116820812225 -0.010751661844551563 -0.06088821217417717 0.23771852254867554 -0.010987463407218456 -0.06358559429645538 0.24995192885398865 -0.014480199664831161 -0.009088478051126003 0.1359286904335022 -0.014729263260960579 -0.01502875704318285 0.14304929971694946 -0.011862924322485924 -0.0344381108880043 0.17205499112606049 -0.012974212877452374 -0.04691349342465401 0.19593852758407593 -0.01134629175066948 -0.058158811181783676 0.22727897763252258 -0.012131769210100174 -0.05658560246229172 0.2217293083667755 -0.01247190311551094 -0.05973183363676071 0.23235268890857697 -0.01364844385534525 -0.061196569353342056 0.23744302988052368 -0.012912279926240444 -0.062299445271492004 0.24259795248508453 -0.008273639716207981 -0.053063035011291504 0.2127421498298645 -0.010214141570031643 -0.05564454570412636 0.21960100531578064 -0.008520188741385937 -0.058018893003463745 0.22788426280021667 0.0017491474281996489 -0.05812641233205795 0.08113802969455719 0.012246813625097275 -0.06781494617462158 0.10977879166603088 0.010366084054112434 -0.068357452750206 0.10960644483566284 0.01040000282227993 -0.06559021770954132 0.10223802924156189 0.044053420424461365 -0.03267408907413483 0.07564019411802292 0.04593338072299957 -0.02988457679748535 0.07567927241325378 0.043535053730010986 -0.03332054615020752 0.07795362174510956 0.03563329949975014 -0.047725167125463486 0.1095903068780899 0.033761829137802124 -0.05222912132740021 0.11754105985164642 0.03463663160800934 -0.049544382840394974 0.11048553884029388 0.04787132143974304 -0.026336878538131714 0.07599902153015137 0.045654296875 -0.029449462890625 0.08066558837890625 0.04263949394226074 -0.03460603952407837 0.07543176412582397 0.03897339105606079 -0.03877890110015869 0.07492148876190186 0.04098844528198242 -0.036634087562561035 0.07541370391845703 0.040528833866119385 -0.0373237319290638 0.0778954029083252 0.037868499755859375 -0.040396496653556824 0.07845872640609741 0.03673612326383591 -0.04101590812206268 0.07523833215236664 0.03235664963722229 -0.04470491409301758 0.07539963722229004 0.03392251208424568 -0.04337286949157715 0.07492256164550781 0.03531825542449951 -0.0422205924987793 0.07498431205749512 0.027188392356038094 -0.049756862223148346 0.08038044720888138 0.029622793197631836 -0.046529047191143036 0.07500076293945312 0.029044026508927345 -0.04900771379470825 0.08206729590892792 0.027956683188676834 -0.04779917746782303 0.075734943151474 0.0207307580858469 -0.05803384631872177 0.09340889751911163 0.022676825523376465 -0.05030369758605957 0.07477068901062012 0.026417432352900505 -0.04825979471206665 0.07439291477203369 0.018542680889368057 -0.05498166382312775 0.08232836425304413 0.02070717327296734 -0.05110624432563782 0.07465922832489014 0.017322391271591187 -0.05232098698616028 0.07457168400287628 0.01693081110715866 -0.05560725927352905 0.08231095969676971 0.015298196114599705 -0.05617678910493851 0.08229655027389526 0.014791667461395264 -0.05284544825553894 0.07398128509521484 0.013145914301276207 -0.05585990101099014 0.07996293157339096 0.011764049530029297 -0.053864359855651855 0.07449507713317871 0.005474055651575327 -0.054835960268974304 0.0744682103395462 0.006974983494728804 -0.05764616280794144 0.08111308515071869 0.00447970861569047 -0.05691151320934296 0.07881715148687363 0.008001208305358887 -0.05450332164764404 0.07441377639770508 0.008702576160430908 -0.057365093380212784 0.08111071586608887 0.0035886764526367188 -0.0549616813659668 0.07436800003051758 0.044449761509895325 -0.03170633316040039 0.08021193742752075 0.03831370174884796 -0.04043537378311157 0.08251853287220001 0.03525816649198532 -0.043339282274246216 0.08023542165756226 0.03362637758255005 -0.044827163219451904 0.08019685745239258 0.0306364968419075 -0.04776390641927719 0.08194682747125626 0.04382801055908203 -0.03224372863769531 0.08497810363769531 0.04328204318881035 -0.03331608697772026 0.08442077040672302 0.04189907759428024 -0.03559355437755585 0.08532603830099106 0.03516139090061188 -0.043959248811006546 0.08300650119781494 0.0315450057387352 -0.048084989190101624 0.08619560301303864 0.04137134552001953 -0.036376953125 0.09100341796875 0.0395672433078289 -0.03943208232522011 0.09116972982883453 0.039170943200588226 -0.039850156754255295 0.08840849250555038 0.03928274288773537 -0.03932354226708412 0.08351808786392212 0.03689439222216606 -0.043092235922813416 0.08985212445259094 0.035996973514556885 -0.04352547228336334 0.08556492626667023 0.035236481577157974 -0.04543941840529442 0.0916733592748642 0.03399590030312538 -0.04698459059000015 0.09220501780509949 0.0328313410282135 -0.04829898476600647 0.09241227805614471 0.0384674072265625 -0.04152187705039978 0.09625710546970367 0.03624283894896507 -0.044720519334077835 0.09516629576683044 0.029837850481271744 -0.052218493074178696 0.09615743160247803 0.02152729034423828 -0.06264136731624603 0.10824668407440186 0.022535964846611023 -0.06367811560630798 0.1135077103972435 0.019942358136177063 -0.06412392854690552 0.10965798050165176 0.027481604367494583 -0.06013268232345581 0.11603441089391708 0.025785960257053375 -0.061465680599212646 0.11499875038862228 0.02769189327955246 -0.05717583745718002 0.10666105151176453 0.023615211248397827 -0.06632699817419052 0.12436073273420334 0.022541288286447525 -0.06649479269981384 0.12214459478855133 0.03935366868972778 -0.04002368450164795 0.09679412841796875 0.037140846252441406 -0.044440269470214844 0.10386466979980469 0.0364142470061779 -0.045172229409217834 0.10011492669582367 0.03485175222158432 -0.04827464371919632 0.10518248379230499 0.029061071574687958 -0.06020498275756836 0.12245281040668488 0.030187051743268967 -0.05573742464184761 0.1109195202589035 0.0313340462744236 -0.05588249862194061 0.11730758845806122 0.02931794337928295 -0.05602553114295006 0.10842494666576385 0.028699059039354324 -0.058766771107912064 0.11579932272434235 0.0322258435189724 -0.052115410566329956 0.10633164644241333 0.03242794796824455 -0.05409616231918335 0.11630009859800339 0.030645448714494705 -0.05326447635889053 0.10344204306602478 0.026771079748868942 -0.05638022720813751 0.10113990306854248 0.025510665029287338 -0.055991604924201965 0.09655681252479553 0.023640889674425125 -0.056457675993442535 0.09390151500701904 0.033400263637304306 -0.050680212676525116 0.10684006661176682 0.03289257735013962 -0.05411872640252113 0.1197752133011818 0.005259227938950062 -0.06378855556249619 0.09506620466709137 0.008594552055001259 -0.06322737038135529 0.0950840413570404 0.007146167568862438 -0.06538881361484528 0.0997837483882904 0.002022005617618561 -0.06829714775085449 0.10569480061531067 0.03375939279794693 -0.04858613386750221 0.09887130558490753 0.03243490308523178 -0.049810975790023804 0.09730556607246399 0.031054504215717316 -0.051574595272541046 0.09844105690717697 0.028480075299739838 -0.0532827191054821 0.09553590416908264 0.02787274867296219 -0.05250152572989464 0.09104552119970322 0.004546832758933306 -0.06669177860021591 0.10212947428226471 0.007065346464514732 -0.0686168223619461 0.10817612707614899 0.00516629358753562 -0.0698157474398613 0.11055620014667511 0.0010402408661320806 -0.07058301568031311 0.11165463924407959 0.0030108497012406588 -0.06402820348739624 0.0950772687792778 0.00324237160384655 -0.0704595297574997 0.1117001548409462 0.009043611586093903 -0.06867412477731705 0.10951589792966843 0.008355042897164822 -0.06608191132545471 0.10217515379190445 0.011539479717612267 -0.06250611692667007 0.09513220191001892 0.012042636051774025 -0.059533197432756424 0.08808605372905731 0.014221368357539177 -0.06119808554649353 0.09401722997426987 0.013187643140554428 -0.06543607264757156 0.10421609878540039 0.014796405099332333 -0.06692357361316681 0.11003182083368301 0.015609962865710258 -0.06250189989805222 0.09887751936912537 0.016740456223487854 -0.06247984617948532 0.10014884173870087 0.01554782036691904 -0.06838548183441162 0.1151432991027832 0.018858984112739563 -0.06017320603132248 0.09664003551006317 0.018043152987957 -0.0662100613117218 0.11250277608633041 0.040828295052051544 -0.037165455520153046 0.08230423927307129 0.023792579770088196 -0.05369633436203003 0.08596818149089813 0.009901681914925575 -0.05910651385784149 0.08573807775974274 0.007262037135660648 -0.06059085577726364 0.088054358959198 0.004255180712789297 -0.05898264795541763 0.08342795073986053 0.004046278074383736 -0.06100904196500778 0.08806569874286652 0.013353251852095127 -0.08916592597961426 0.1837921440601349 0.014151221141219139 -0.09023623168468475 0.18996435403823853 0.011436892673373222 -0.09168602526187897 0.19362673163414001 0.016331151127815247 -0.07101993262767792 0.12393930554389954 0.0152202807366848 -0.07452370226383209 0.13301396369934082 0.013597032986581326 -0.07288528978824615 0.12577702105045319 0.029451264068484306 -0.06086794659495354 0.12670549750328064 0.029949184507131577 -0.0618293434381485 0.1329401433467865 0.028282808139920235 -0.06714488565921783 0.14351603388786316 0.02565765380859375 -0.09593963623046875 0.32680511474609375 0.02636900171637535 -0.0965554490685463 0.3183497190475464 0.028025103732943535 -0.09582584351301193 0.3231639862060547 0.028520461171865463 -0.09578445553779602 0.322456419467926 0.031761422753334045 -0.09554649144411087 0.31642913818359375 0.03071894869208336 -0.09560952335596085 0.31879550218582153 0.028771422803401947 -0.09614268690347672 0.3173867166042328 0.030149459838867188 -0.09551382064819336 0.3211936950683594 0.035021454095840454 -0.09533277153968811 0.30579376220703125 0.03399658203125 -0.09535060822963715 0.31076812744140625 0.0333804115653038 -0.09550720453262329 0.31102293729782104 0.03455597162246704 -0.09566208720207214 0.30004310607910156 0.03262054920196533 -0.09625200927257538 0.2912999987602234 0.03438618779182434 -0.09569957852363586 0.29777979850769043 0.03136291727423668 -0.0965481549501419 0.28706124424934387 0.032477185130119324 -0.09621697664260864 0.28736329078674316 0.030372142791748047 -0.09656310081481934 0.27771759033203125 0.026190098375082016 -0.09395715594291687 0.23735156655311584 0.026814505457878113 -0.09425860643386841 0.24148792028427124 0.026251792907714844 -0.09438683092594147 0.24037504196166992 0.02571457251906395 -0.09189515560865402 0.22406896948814392 0.026029882952570915 -0.09320133924484253 0.23221813142299652 0.025036871433258057 -0.0923052579164505 0.22431683540344238 0.025623038411140442 -0.08380500227212906 0.1894696205854416 0.026007376611232758 -0.08390618115663528 0.19115249812602997 0.025817707180976868 -0.08553671091794968 0.19663991034030914 0.02567863091826439 -0.08164641261100769 0.18188545107841492 0.026229606941342354 -0.08198358118534088 0.1851283609867096 0.0265889223664999 -0.07852862030267715 0.1745239943265915 0.026164822280406952 -0.07763651013374329 0.1698511838912964 0.027080059051513672 -0.07642920315265656 0.16952210664749146 0.026922546327114105 -0.07317113876342773 0.15792635083198547 0.027916621416807175 -0.07176842540502548 0.15762552618980408 0.028803491964936256 -0.06774440407752991 0.14821283519268036 0.029922792688012123 -0.0634629875421524 0.13890904188156128 0.030754685401916504 -0.060814857482910156 0.13382244110107422 0.03119923733174801 -0.05765143036842346 0.12368999421596527 0.03228186070919037 -0.0562061071395874 0.12487281113862991 0.01884418912231922 -0.06886571645736694 0.1216268390417099 0.020792502909898758 -0.06913331896066666 0.12630945444107056 0.02533545531332493 -0.06482352316379547 0.12446213513612747 0.026266001164913177 -0.06431585550308228 0.12582001090049744 0.017377782613039017 -0.07249286770820618 0.13008058071136475 0.019294587895274162 -0.07087551057338715 0.12859748303890228 0.018691442906856537 -0.07528631389141083 0.141363263130188 0.01672247238457203 -0.07664430141448975 0.14215025305747986 0.018027903512120247 -0.07864946871995926 0.15113526582717896 0.016023563221096992 -0.0806245282292366 0.15430641174316406 0.01769847795367241 -0.08062708377838135 0.15729156136512756 0.015660066157579422 -0.08326619863510132 0.16322357952594757 0.01743641123175621 -0.08244451880455017 0.1633031964302063 0.017161112278699875 -0.0846489816904068 0.17106808722019196 0.015317331999540329 -0.08635684102773666 0.17468015849590302 0.017697947099804878 -0.08722499012947083 0.1825399398803711 0.01592259481549263 -0.08908797800540924 0.1874496340751648 0.015827491879463196 -0.09069933742284775 0.1948796957731247 0.015780087560415268 -0.09196420013904572 0.2012643963098526 0.017455175518989563 -0.09109511971473694 0.19978263974189758 0.015125078149139881 -0.09335274994373322 0.20792053639888763 0.017426585778594017 -0.09294182062149048 0.20962083339691162 0.02132599800825119 -0.0708446204662323 0.13287411630153656 0.022715063765645027 -0.0710952877998352 0.13712915778160095 0.020030546933412552 -0.0764191597700119 0.14785079658031464 0.021695028990507126 -0.07547975331544876 0.1487136036157608 0.0195084810256958 -0.07924389094114304 0.15620169043540955 0.021131467074155807 -0.07843038439750671 0.15718001127243042 0.019929155707359314 -0.08130320906639099 0.1643945872783661 0.018849056214094162 -0.08380784094333649 0.17121398448944092 0.020226750522851944 -0.08493141084909439 0.17860719561576843 0.018590202555060387 -0.08615002036094666 0.17982299625873566 0.01954435557126999 -0.088441401720047 0.19158196449279785 0.018299397081136703 -0.09014521539211273 0.1967276930809021 0.020222608000040054 -0.08997984230518341 0.20011013746261597 0.018640313297510147 -0.09194923937320709 0.2065695822238922 0.019839081913232803 -0.09284413605928421 0.21403749287128448 0.01825813390314579 -0.09351150691509247 0.214551642537117 0.0190868116915226 -0.09399391710758209 0.2193160206079483 0.017468992620706558 -0.0945855900645256 0.2198108732700348 0.01753734052181244 -0.09558651596307755 0.2270255833864212 0.02767183817923069 -0.06508134305477142 0.13367959856987 0.025776172056794167 -0.07387132197618484 0.1558218002319336 0.024947358295321465 -0.07858765870332718 0.16873295605182648 0.024499965831637383 -0.082135871052742 0.17971649765968323 0.02426484413444996 -0.08468352258205414 0.1883888840675354 0.02414613589644432 -0.08672051876783371 0.1960250586271286 0.02410399727523327 -0.08811080455780029 0.20165938138961792 0.025767922401428223 -0.08731460571289062 0.2034454345703125 0.023429853841662407 -0.08943380415439606 0.20562851428985596 0.025623977184295654 -0.08892154693603516 0.20966720581054688 0.02415919303894043 -0.09083017706871033 0.21421337127685547 0.025669287890195847 -0.09082859754562378 0.21857431530952454 0.025638526305556297 -0.09129388630390167 0.2207537144422531 0.02414563111960888 -0.09362968802452087 0.22949637472629547 0.02314099669456482 -0.09635463356971741 0.3272545635700226 0.018781661987304688 -0.09644341468811035 0.3327369689941406 0.02233727090060711 -0.09727127850055695 0.3182353377342224 0.017987407743930817 -0.09767953306436539 0.3212394714355469 0.015820510685443878 -0.09840772300958633 0.31523674726486206 0.023835184052586555 -0.09765630960464478 0.30825042724609375 0.018292725086212158 -0.09855931997299194 0.30815139412879944 0.021986033767461777 -0.09830888360738754 0.3009590208530426 0.017863785848021507 -0.09892380237579346 0.301790326833725 0.02042144536972046 -0.09881193935871124 0.29188358783721924 0.017451539635658264 -0.09919536113739014 0.29542461037635803 0.014432890340685844 -0.09969334304332733 0.2891773581504822 0.020231645554304123 -0.09889344125986099 0.28256285190582275 0.015672586858272552 -0.09959365427494049 0.28266626596450806 0.019320283085107803 -0.09897832572460175 0.2763928771018982 0.014736581593751907 -0.09959980845451355 0.27294763922691345 0.01702922396361828 -0.09919656813144684 0.2700110673904419 0.01833678036928177 -0.09839750081300735 0.2578178644180298 0.01616070233285427 -0.09893198311328888 0.2604330778121948 0.01628696545958519 -0.09832548350095749 0.2509986162185669 0.01788143441081047 -0.09752936661243439 0.24527017772197723 0.014453843235969543 -0.0976538211107254 0.2392250895500183 0.018145736306905746 -0.09687121212482452 0.2392890900373459 0.017621446400880814 -0.0963304340839386 0.23315425217151642 0.013668841682374477 -0.0965755432844162 0.22784027457237244 0.014970453456044197 -0.09602333605289459 0.22545126080513 0.014930293895304203 -0.09514514356851578 0.218927264213562 0.0197296142578125 -0.09861364960670471 0.26723140478134155 0.021146003156900406 -0.09737323969602585 0.2524479031562805 0.02356376126408577 -0.09827099740505219 0.29144400358200073 0.023084769025444984 -0.09821509569883347 0.27492284774780273 0.022802352905273438 -0.09794193506240845 0.2667863965034485 0.021915700286626816 -0.09766654670238495 0.2586127519607544 0.020468464121222496 -0.09699877351522446 0.2462257444858551 0.020927947014570236 -0.09561116248369217 0.23496156930923462 0.01998305879533291 -0.0948585718870163 0.2270430624485016 0.02863771840929985 -0.09698796272277832 0.30230069160461426 0.027015138417482376 -0.09755495935678482 0.293792188167572 0.02633550763130188 -0.09773697704076767 0.28800061345100403 0.026114532724022865 -0.09765885770320892 0.279246985912323 0.023529740050435066 -0.09652094542980194 0.25020989775657654 0.02190152183175087 -0.09603554755449295 0.2409808337688446 0.022344078868627548 -0.09445931017398834 0.23009926080703735 0.021493740379810333 -0.09402038156986237 0.22502268850803375 0.02141704596579075 -0.09328048676252365 0.22024282813072205 0.02136325091123581 -0.09242680668830872 0.2152368426322937 0.02132769301533699 -0.09112422168254852 0.20827771723270416 0.02206958830356598 -0.08873637020587921 0.19888046383857727 0.02149384096264839 -0.08672640472650528 0.18883934617042542 0.021785397082567215 -0.08361925929784775 0.17737476527690887 0.022267956286668777 -0.0799778401851654 0.16547593474388123 0.022947363555431366 -0.07603083550930023 0.15389814972877502 0.023732393980026245 -0.07240486145019531 0.14423532783985138 0.02485530823469162 -0.0674610435962677 0.13154765963554382 0.030378151684999466 -0.09623576700687408 0.3106600046157837 0.027796506881713867 -0.0960303544998169 0.2583503723144531 0.026889801025390625 -0.09533977508544922 0.249298095703125 0.023281117901206017 -0.09498581290245056 0.23627865314483643 0.022856853902339935 -0.09240533411502838 0.21890996396541595 0.022763554006814957 -0.09064135700464249 0.20950259268283844 0.022821612656116486 -0.08733545243740082 0.19480283558368683 0.02295011654496193 -0.08536414802074432 0.18718639016151428 0.023152392357587814 -0.08320367336273193 0.179525226354599 0.02344251424074173 -0.08079858124256134 0.17166486382484436 0.023847103118896484 -0.07808133959770203 0.16346165537834167 0.02457045204937458 -0.0742562860250473 0.15295544266700745 0.026596715673804283 -0.06559181213378906 0.13123802840709686 0.02976095676422119 -0.0969548225402832 0.2902619242668152 0.029130935668945312 -0.0965266227722168 0.2701873779296875 0.002916189841926098 -0.09787873178720474 0.22893527150154114 0.0030271452851593494 -0.10020093619823456 0.260742723941803 0.0033081851433962584 -0.1003066748380661 0.29617297649383545 0.0023587134201079607 -0.09914647787809372 0.3175369203090668 0.003696660976856947 -0.09782208502292633 0.3315364122390747 0.003397703170776367 -0.09705677628517151 0.33791935443878174 0.003030437510460615 -0.0729641318321228 0.11857723444700241 0.005441086366772652 -0.07273463904857635 0.11873508989810944 0.0020665267948061228 -0.08394501358270645 0.153798907995224 0.002031163778156042 -0.08579858392477036 0.16090093553066254 0.007828599773347378 -0.07236195355653763 0.11894352734088898 0.0095992311835289 -0.07199361175298691 0.11913120746612549 0.0038593625649809837 -0.08412444591522217 0.1550009846687317 0.0055163041688501835 -0.08195719122886658 0.1478630006313324 0.007413454353809357 -0.08391629159450531 0.15610572695732117 0.006100816652178764 -0.08496521413326263 0.15920138359069824 0.007660831790417433 -0.07957880944013596 0.14107771217823029 0.007866495288908482 -0.08151495456695557 0.14777514338493347 0.001992014702409506 -0.08836596459150314 0.1715574860572815 5.806473879488294E-08 -0.0907604992389679 0.18242524564266205 0.002944039413705468 -0.09056410193443298 0.18193581700325012 0.001955169951543212 -0.0919172540307045 0.18848982453346252 0.0038952711038291454 -0.09222298115491867 0.19058556854724884 0.0016289742197841406 -0.07987025380134583 0.13945230841636658 0.002639025915414095 -0.08198646456003189 0.14686176180839539 0.0050292550586164 -0.08645740151405334 0.1646091341972351 0.003962058573961258 -0.08888670802116394 0.17442496120929718 0.0029073082841932774 -0.09666070342063904 0.21840107440948486 0.002905395580455661 -0.09570463001728058 0.21134382486343384 0.008865833282470703 -0.09701842069625854 0.3366429805755615 0.009314440190792084 -0.09833529591560364 0.32343053817749023 0.005884390790015459 -0.09906826913356781 0.3171159029006958 0.008044460788369179 -0.09945604205131531 0.30989596247673035 0.005626622587442398 -0.09994562715291977 0.3031620383262634 0.007695706561207771 -0.10012248158454895 0.2961410880088806 0.008067412301898003 -0.10026557743549347 0.28925764560699463 0.006794808432459831 -0.10041607171297073 0.2788877487182617 0.004157734103500843 -0.10052832216024399 0.27506890892982483 0.006122303195297718 -0.10032305866479874 0.2684195339679718 0.004090839996933937 -0.10040660202503204 0.26803213357925415 0.006035100668668747 -0.10010650008916855 0.26149091124534607 0.006941762752830982 -0.09973571449518204 0.2548410892486572 0.0049208300188183784 -0.09939801692962646 0.24726755917072296 0.007066631224006414 -0.09891629219055176 0.2428344339132309 0.0039115771651268005 -0.09889284521341324 0.23989027738571167 0.005816131364554167 -0.09823217988014221 0.23375806212425232 0.0072186412289738655 -0.09746897220611572 0.22766996920108795 0.006735648028552532 -0.0966891422867775 0.22060319781303406 0.006729103624820709 -0.0957704484462738 0.21369615197181702 0.006730755791068077 -0.09473096579313278 0.20668452978134155 0.003872034139931202 -0.09468971937894821 0.20485919713974 0.004838328342884779 -0.09354270994663239 0.1983536183834076 0.00581891555339098 -0.09228121489286423 0.19179564714431763 0.006808828562498093 -0.09085962176322937 0.1851710081100464 0.005926894955337048 -0.0887170135974884 0.1746234893798828 0.003792869858443737 -0.0798756331205368 0.1399974524974823 0.008011473342776299 -0.086041659116745 0.16476264595985413 0.007891301065683365 -0.0880521833896637 0.17299868166446686 0.00781101081520319 -0.0896950513124466 0.18029280006885529 0.01220494881272316 -0.07127463817596436 0.119471475481987 5.103786904214758E-08 -0.07977685332298279 0.13907040655612946 0.002803216688334942 -0.07767844200134277 0.1326102465391159 0.005032186396420002 -0.07756400108337402 0.13301429152488708 0.007627917919307947 -0.07740887999534607 0.13401857018470764 0.010891315527260303 -0.07416821271181107 0.12667396664619446 0.008651441894471645 -0.07467681914567947 0.12629839777946472 0.005511514376848936 -0.07515290379524231 0.12585711479187012 0.0029102908447384834 -0.07536755502223969 0.12555494904518127 0.009835101664066315 -0.0818135216832161 0.15047717094421387 0.009623830206692219 -0.08396364748477936 0.15808555483818054 0.010707288980484009 -0.07878722995519638 0.1410461962223053 0.01053827628493309 -0.0764143094420433 0.13324789702892303 0.016948353499174118 -0.06947791576385498 0.12026877701282501 0.01295516174286604 -0.07701458036899567 0.13780714571475983 0.014508926309645176 -0.079000324010849 0.14641320705413818 0.01242217980325222 -0.0804675742983818 0.14858606457710266 0.012194247916340828 -0.08222556859254837 0.1544596254825592 0.014017734676599503 -0.08235658705234528 0.1573466807603836 0.011986823752522469 -0.0841110497713089 0.16118301451206207 0.013736393302679062 -0.08477875590324402 0.1660175323486328 0.011683622375130653 -0.08748382329940796 0.17429272830486298 0.009798314422369003 -0.0879223644733429 0.17410287261009216 0.009926329366862774 -0.08611837774515152 0.16672652959823608 0.013483976945281029 -0.08742978423833847 0.17635414004325867 0.011549226939678192 -0.08941347151994705 0.18261529505252838 0.009690575301647186 -0.08978307247161865 0.18236494064331055 0.009132198058068752 -0.09186600148677826 0.1921125054359436 0.008621814660727978 -0.09352962672710419 0.20081309974193573 0.013240035623311996 -0.09113848954439163 0.19303853809833527 0.009539228864014149 -0.09465595334768295 0.2085086554288864 0.010457431897521019 -0.09561830013990402 0.2160331904888153 0.010950177907943726 -0.09686192870140076 0.2263208031654358 0.00866733118891716 -0.09809847176074982 0.2350427508354187 0.011133329942822456 -0.09874860942363739 0.24602839350700378 0.012263305485248566 -0.09928275644779205 0.2563070058822632 0.00857610534876585 -0.10005808621644974 0.2654753625392914 0.010741867125034332 -0.1000475138425827 0.27251261472702026 0.011033104732632637 -0.10010433197021484 0.282563716173172 0.014110622927546501 -0.09946795552968979 0.29905128479003906 0.010785415768623352 -0.0994689017534256 0.3061336278915405 0.010568607598543167 -0.09884335100650787 0.3163650333881378 0.014736175537109375 -0.09679479897022247 0.3342552185058594 0.013198602944612503 -0.09219858050346375 0.19850270450115204 0.011383073404431343 -0.0933673083782196 0.20266328752040863 0.013167871162295341 -0.09348361194133759 0.20566976070404053 0.01226523146033287 -0.09444120526313782 0.21032923460006714 0.012529004365205765 -0.09968927502632141 0.2661990523338318 0.013531473465263844 -0.09873207658529282 0.2501378059387207 0.011471260339021683 -0.09787409007549286 0.2363002896308899 0.013172749429941177 -0.09537392109632492 0.2177741974592209 0.014886582270264626 -0.09893634915351868 0.30884650349617004 -0.02801787480711937 -0.09527978301048279 0.32529255747795105 -0.03108692169189453 -0.09420263767242432 0.32236671447753906 -0.029510967433452606 -0.09496402740478516 0.3236836791038513 -0.029841182753443718 -0.09510017931461334 0.3228641748428345 -0.03391456604003906 -0.09495055675506592 0.3141670227050781 -0.03240013122558594 -0.09463673830032349 0.3192100524902344 -0.03464221954345703 -0.0940788984298706 0.3146190643310547 -0.006345811765640974 -0.09693807363510132 0.33743345737457275 -0.0031518936157226562 -0.0963602066040039 0.3388936519622803 -0.036477718502283096 -0.09350640326738358 0.30288243293762207 -0.03650009632110596 -0.0934523195028305 0.3033965229988098 -0.03649243712425232 -0.09345757961273193 0.3024787902832031 -0.03641021251678467 -0.09363704919815063 0.305694580078125 -0.03612565994262695 -0.09351873397827148 0.30881786346435547 -0.036616481840610504 -0.09201551973819733 0.30777835845947266 -0.0328897163271904 -0.09345722198486328 0.3194204866886139 -0.033411189913749695 -0.09271076321601868 0.3187301754951477 -0.029934775084257126 -0.09364712238311768 0.3243873119354248 -0.029937744140625 -0.09422087669372559 0.324127197265625 -0.024831190705299377 -0.09403771907091141 0.33013609051704407 -0.02550112083554268 -0.09397415071725845 0.3295247554779053 -0.025623321533203125 -0.09457015991210938 0.3291645050048828 -0.017303466796875 -0.0952749252319336 0.33513641357421875 -0.0161895751953125 -0.09491729736328125 0.33588409423828125 -0.018693923950195312 -0.0949784517288208 0.33446788787841797 9.076116214146168E-08 -0.0953790694475174 0.33957579731941223 -5.5789947509765625E-05 -0.09479904174804688 0.33978939056396484 -0.00030993157997727394 -0.09541332721710205 0.3395580053329468 -0.0008016533101908863 -0.09502346068620682 0.33968406915664673 -0.0021648406982421875 -0.09519672393798828 0.33965396881103516 3.1907759989735496E-08 -0.09572445601224899 0.33941128849983215 0.0017452239990234375 -0.0961599349975586 0.3391437530517578 -0.0012607574462890625 -0.09670114517211914 0.33857154846191406 -0.010441780090332031 -0.09560322761535645 0.3380098342895508 -0.017923355102539062 -0.09623515605926514 0.3336467742919922 -0.019069671630859375 -0.09599590301513672 0.33319950103759766 -0.021554652601480484 -0.09601392596960068 0.3311024606227875 -0.023506086319684982 -0.0959649533033371 0.3292935788631439 -0.022914886474609375 -0.09569573402404785 0.33051300048828125 -0.02565765380859375 -0.09549880027770996 0.3278656005859375 -0.015757601708173752 -0.09630168974399567 0.33481642603874207 -0.008838653564453125 -0.09669089317321777 0.33735179901123047 -0.007292104419320822 -0.09691299498081207 0.33725282549858093 -0.028027744963765144 -0.09509459137916565 0.32562971115112305 -0.027308568358421326 -0.09527581185102463 0.3262927830219269 -0.02843475341796875 -0.0946664810180664 0.3257560729980469 -0.02646823786199093 -0.09516054391860962 0.32752349972724915 -0.025623321533203125 -0.09517908096313477 0.3283653259277344 -0.017505235970020294 -0.0959964245557785 0.33425313234329224 -0.0162811279296875 -0.09595441818237305 0.3350944519042969 -0.0152435302734375 -0.09589385986328125 0.33560943603515625 -0.013263702392578125 -0.09620988368988037 0.33629798889160156 -0.03475572168827057 -0.09550388902425766 0.2978466749191284 -0.03576217219233513 -0.09482372552156448 0.3018770217895508 -0.03529393672943115 -0.09494918584823608 0.2975583076477051 -0.0356791615486145 -0.0946359634399414 0.2986636161804199 -0.0352974459528923 -0.09489317983388901 0.30781587958335876 -0.035643815994262695 -0.09451016783714294 0.3084383010864258 -0.035265401005744934 -0.09515585005283356 0.3048853278160095 -0.036047980189323425 -0.09440961480140686 0.30511951446533203 -0.03465759754180908 -0.09510207176208496 0.3099994659423828 -0.031768798828125 -0.0952296257019043 0.3186492919921875 -0.030015945434570312 -0.09533548355102539 0.3220939636230469 -0.03601348400115967 -0.09393739700317383 0.2984347343444824 -0.03627121448516846 -0.09393274784088135 0.30081892013549805 -0.03633039444684982 -0.09392867982387543 0.30290406942367554 -0.036011360585689545 -0.09399405121803284 0.3078806400299072 -0.026038210839033127 -0.09471723437309265 0.32851922512054443 -0.023538805544376373 -0.09474551677703857 0.3309527635574341 -0.023509979248046875 -0.0952615737915039 0.33056068420410156 -0.022857666015625 -0.09426689147949219 0.33176422119140625 -0.021971313282847404 -0.09487728029489517 0.33217716217041016 -0.0211334228515625 -0.09531211853027344 0.33252716064453125 -0.022405624389648438 -0.09421634674072266 0.332275390625 -0.02176547423005104 -0.0954439640045166 0.33184298872947693 -0.02803802490234375 -0.09403324127197266 0.32672119140625 -0.029124977067112923 -0.09371109306812286 0.32548239827156067 -0.03556749224662781 -0.09335899353027344 0.3120858669281006 0.035030484199523926 -0.09519165754318237 0.2972688674926758 0.033744774758815765 -0.09520883858203888 0.3130853772163391 0.032090939581394196 -0.09543988108634949 0.31656569242477417 0.0057373046875 -0.09668296575546265 0.3382396697998047 0.003139495849609375 -0.09472084045410156 0.33971405029296875 0.0065460205078125 -0.0923919677734375 0.3398933410644531 0.00337982177734375 -0.0955190658569336 0.3393850326538086 0.005584716796875 -0.09551048278808594 0.3390827178955078 0.010637283325195312 -0.09551715850830078 0.3379983901977539 0.0146636962890625 -0.09239959716796875 0.33745765686035156 0.015164426527917385 -0.09496518969535828 0.3363477885723114 0.016510983929038048 -0.09472827613353729 0.3357648551464081 0.01740897446870804 -0.09482135623693466 0.3352537751197815 0.018443426117300987 -0.09422692656517029 0.33485740423202515 0.018586505204439163 -0.09459477663040161 0.33465713262557983 0.019538316875696182 -0.09487111866474152 0.33393046259880066 0.019680023193359375 -0.0945138931274414 0.3339500427246094 0.021177807822823524 -0.09462395310401917 0.33289802074432373 0.022014427930116653 -0.09467620402574539 0.33225512504577637 0.022090131416916847 -0.09422320127487183 0.33240267634391785 0.02518463134765625 -0.0905303955078125 0.33118438720703125 0.02410122938454151 -0.09434191882610321 0.33065634965896606 0.024665385484695435 -0.09403730928897858 0.33029240369796753 0.024193059653043747 -0.09407240152359009 0.33071058988571167 0.027362823486328125 -0.09404417872428894 0.3276023864746094 0.030401229858398438 -0.09427618980407715 0.3234596252441406 0.0292036309838295 -0.0936874970793724 0.3253845274448395 0.03250705823302269 -0.09363549947738647 0.3200572729110718 0.0328216552734375 -0.09142017364501953 0.320709228515625 0.033312615007162094 -0.09346802532672882 0.31850162148475647 0.03344765305519104 -0.09338061511516571 0.31824493408203125 0.034377098083496094 -0.09376662969589233 0.3156776428222656 0.033731263130903244 -0.09336412698030472 0.3175905644893646 0.035968951880931854 -0.09459653496742249 0.30231165885925293 0.03561896085739136 -0.09464457631111145 0.2980201244354248 0.03607499599456787 -0.09388047456741333 0.29879140853881836 0.03625577688217163 -0.09406931698322296 0.30196237564086914 0.0353853702545166 -0.09430313110351562 0.31078529357910156 0.034711599349975586 -0.09484893083572388 0.31139087677001953 0.03541237860918045 -0.09472698718309402 0.30825626850128174 0.03522968292236328 -0.0952528715133667 0.3005809783935547 0.03604756295681 -0.09428516030311584 0.30640268325805664 0.03324127197265625 -0.0948418378829956 0.31661224365234375 0.010761260986328125 -0.09646224975585938 0.3369874954223633 0.013112593442201614 -0.09611190110445023 0.33644527196884155 0.014835357666015625 -0.0962224006652832 0.33544921875 0.015071868896484375 -0.09568095207214355 0.3359823226928711 0.02030818536877632 -0.09564662724733353 0.3327522277832031 0.020709000527858734 -0.09585855901241302 0.33212190866470337 0.022388458251953125 -0.09531033039093018 0.3314933776855469 0.0241851806640625 -0.09572029113769531 0.3292350769042969 0.024696802720427513 -0.09536616504192352 0.3292125165462494 0.0257247406989336 -0.09531283378601074 0.328161358833313 0.026098251342773438 -0.0949917882680893 0.32822227478027344 0.0280303955078125 -0.0953361988067627 0.32525634765625 0.02852630615234375 -0.09528589248657227 0.324462890625 0.03055756911635399 -0.09509795904159546 0.32158994674682617 0.030883800238370895 -0.09481249749660492 0.32165858149528503 0.03257560729980469 -0.09454536437988281 0.31879425048828125 0.031708814203739166 -0.09489727020263672 0.3198722004890442 0.023375865072011948 -0.09576262533664703 0.3299001455307007 0.029543312266469002 -0.09521996974945068 0.323098748922348 0.01483917236328125 -0.09654438495635986 0.33495330810546875 0.03122112527489662 -0.09530831128358841 0.3195996582508087 0.0169677734375 -0.09557509422302246 0.3350334167480469 0.01600758731365204 -0.09531641006469727 0.3357474207878113 0.01733947917819023 -0.09522929787635803 0.33507561683654785 0.019439697265625 -0.09534931182861328 0.33367919921875 0.018646081909537315 -0.09513848274946213 0.3343561291694641 0.020338019356131554 -0.0950121209025383 0.3333110511302948 0.02110464498400688 -0.0951450988650322 0.3326519727706909 0.03231147676706314 -0.0941576212644577 0.3199367821216583 0.033367156982421875 -0.0939779281616211 0.31797027587890625 0.03556418418884277 -0.09341549873352051 0.3120155334472656 0.036191701889038086 -0.09364612400531769 0.30807018280029297 0.01221331488341093 -0.09607633948326111 0.33686181902885437 0.036419838666915894 -0.09370613098144531 0.30490875244140625 0.03643330931663513 -0.09343825280666351 0.3011341094970703 0.03651811182498932 -0.09347710758447647 0.3033328652381897 0.041940413415431976 -0.06278053671121597 0.29819050431251526 0.04153263568878174 -0.06289033591747284 0.2956552505493164 0.04142427444458008 -0.06220817565917969 0.29537200927734375 0.038936614990234375 -0.06288495659828186 0.3200798034667969 0.03809165954589844 -0.062254101037979126 0.3219261169433594 0.037977349013090134 -0.06320197135210037 0.32211533188819885 0.037053823471069336 -0.06289239972829819 0.32394856214523315 0.0370335690677166 -0.06320197135210037 0.32393741607666016 0.03644371032714844 -0.06213659048080444 0.3249931335449219 0.03600243851542473 -0.06320197135210037 0.32571154832839966 0.034427642822265625 -0.06262063980102539 0.3281707763671875 0.031055966392159462 -0.06320197880268097 0.3322465121746063 0.03192901611328125 -0.06270909309387207 0.33133697509765625 0.027597427368164062 -0.06222212314605713 0.335756778717041 0.023540496826171875 -0.06322741508483887 0.33875465393066406 0.021310806274414062 -0.061917901039123535 0.3400764465332031 0.018810272216796875 -0.06333160400390625 0.3414478302001953 0.012239456176757812 -0.0618821382522583 0.34427332878112793 0.0031147003173828125 -0.06320768594741821 0.3458249568939209 0.0023965835571289062 -0.06236886978149414 0.3458248972892761 4.043731394176575E-08 -0.06320200860500336 0.3458503484725952 -0.002875804901123047 -0.06321519613265991 0.34592562913894653 -0.007564544677734375 -0.0626152753829956 0.34531450271606445 -0.01285552978515625 -0.06261110305786133 0.3438835144042969 -0.01213963981717825 -0.06320201605558395 0.3440687358379364 -0.016071319580078125 -0.06361961364746094 0.3427419662475586 -0.015630722045898438 -0.06232348084449768 0.34291982650756836 -0.022310733795166016 -0.06249602138996124 0.3395857810974121 -0.04083748906850815 -0.06320201605558395 0.3144347071647644 -0.03986501693725586 -0.06280824542045593 0.3178997039794922 -0.041455745697021484 -0.06276106834411621 0.3119621276855469 -0.04169583320617676 -0.06320201605558395 0.3104226887226105 -0.04200088232755661 -0.06289244443178177 0.30839279294013977 -0.04197792336344719 -0.06320200860500336 0.30839017033576965 -0.0421464741230011 -0.06272149085998535 0.3071937561035156 -0.04186013340950012 -0.06205572932958603 0.29830002784729004 -0.04153239727020264 -0.06204557418823242 0.29628944396972656 -0.04132962226867676 -0.06268228590488434 0.2944498062133789 -0.04136693477630615 -0.06142234802246094 0.29662418365478516 -0.041248321533203125 -0.061317626386880875 0.31090497970581055 -0.040596961975097656 -0.06172078847885132 0.31480979919433594 -0.039643459022045135 -0.06031596660614014 0.31455308198928833 -0.04013080894947052 -0.06031596660614014 0.3125461935997009 -0.03458404541015625 -0.061339497566223145 0.3272552490234375 -0.0336340069770813 -0.06114204600453377 0.3283194899559021 -0.03565017879009247 -0.061264753341674805 0.32549524307250977 -0.0350203663110733 -0.06101933866739273 0.3261609673500061 -0.036053285002708435 -0.0610806941986084 0.3245532512664795 -0.028839111328125 -0.06156754493713379 0.3342609405517578 -0.030660057440400124 -0.06093141809105873 0.33168745040893555 -0.031829833984375 -0.06167083978652954 0.3311004638671875 -0.03196539729833603 -0.06101933866739273 0.3303329050540924 -0.02469680830836296 -0.061264753341674805 0.3373698890209198 -0.025029506534337997 -0.06101933866739273 0.3369039297103882 -0.02054595947265625 -0.06090903282165527 0.33989524841308594 -0.010107040405273438 -0.06140172481536865 0.3443613052368164 -0.011489513330161572 -0.06031596660614014 0.34307944774627686 -0.013952389359474182 -0.061264749616384506 0.34304195642471313 -0.014631582424044609 -0.0610806867480278 0.3426493704319 -0.010020996443927288 -0.06101933494210243 0.3440476655960083 -0.005567430518567562 -0.06114203855395317 0.3449717164039612 -0.006050631869584322 -0.061019331216812134 0.34482893347740173 0.00406738743185997 -0.0614544153213501 0.3453369736671448 0.003520965576171875 -0.060802459716796875 0.34503173828125 -0.0012805461883544922 -0.06161904335021973 0.345660924911499 0.02469688653945923 -0.06126472353935242 0.3373698890209198 0.02565765380859375 -0.06140327453613281 0.33678436279296875 0.02470351755619049 -0.06031593680381775 0.3364816904067993 0.0311279296875 -0.06138885021209717 0.3316497802734375 0.028518719598650932 -0.06031593307852745 0.333234965801239 0.03460121154785156 -0.061156630516052246 0.32698822021484375 0.03311263769865036 -0.06049177050590515 0.3281969428062439 0.03454877436161041 -0.05888557434082031 0.323760986328125 0.037769027054309845 -0.06114199757575989 0.32137787342071533 0.037252455949783325 -0.06101929023861885 0.32225459814071655 0.03637433797121048 -0.06114199757575989 0.3240838050842285 0.03652536869049072 -0.06101929023861885 0.3236583471298218 0.039728641510009766 -0.061292052268981934 0.31689453125 0.03827429562807083 -0.060667604207992554 0.31935009360313416 0.03888225555419922 -0.06150197982788086 0.31946563720703125 0.04068875312805176 -0.06116229295730591 0.3131294250488281 0.03971141576766968 -0.06031591445207596 0.3142696022987366 -0.041836343705654144 -0.06307655572891235 0.29761093854904175 -0.04209886118769646 -0.06229666247963905 0.3001817464828491 -0.0422254242002964 -0.06298674643039703 0.30138248205184937 -0.042206987738609314 -0.06226440519094467 0.3022131323814392 -0.04228007420897484 -0.06277800351381302 0.3044247627258301 -0.04159426689147949 -0.06219330430030823 0.31086063385009766 -0.030363082885742188 -0.06314921379089355 0.3331108093261719 -0.025634765625 -0.06209850311279297 0.337158203125 -0.026042938232421875 -0.06345009803771973 0.3369026184082031 -0.01970680058002472 -0.06225679814815521 0.34092992544174194 0.0399322509765625 -0.06224775314331055 0.3173675537109375 0.040180206298828125 -0.06304717063903809 0.3168182373046875 0.04115486145019531 -0.06292665004730225 0.31339263916015625 0.0412745475769043 -0.06198767572641373 0.3122406005859375 0.041698332875967026 -0.06246620789170265 0.3104230761528015 0.04194819927215576 -0.06280535459518433 0.30899810791015625 0.04220999777317047 -0.06227857992053032 0.3022034168243408 0.04228174686431885 -0.06276381015777588 0.3042781352996826 0.042198486626148224 -0.06303199380636215 0.30097293853759766 0.042075157165527344 -0.06225673109292984 0.30019843578338623 -0.04216616973280907 -0.0620473176240921 0.30429473519325256 -0.04198595881462097 -0.06188666820526123 0.30712270736694336 -0.039173126220703125 -0.06179523468017578 0.3190650939941406 -0.03778648376464844 -0.06190675497055054 0.3222846984863281 -0.038486480712890625 -0.06295788288116455 0.3211822509765625 -0.03610038757324219 -0.06264340877532959 0.3256988525390625 -0.033908843994140625 -0.06248244643211365 0.3288917541503906 0.03284454345703125 -0.06188654899597168 0.330047607421875 0.04069431126117706 -0.06184566020965576 0.3143966794013977 0.04177248477935791 -0.06184843182563782 0.30902862548828125 0.04210137575864792 -0.06189728528261185 0.3055388927459717 0.042190611362457275 -0.06278932094573975 0.3064842224121094 0.04164886474609375 -0.06187126040458679 0.29719066619873047 -0.041895683854818344 -0.061644092202186584 0.30021291971206665 -0.04189910739660263 -0.0613846480846405 0.30231815576553345 -0.04190175235271454 -0.0613580048084259 0.30427807569503784 -0.04183301329612732 -0.06138810142874718 0.3063209056854248 -0.036329519003629684 -0.06164410337805748 0.3247149884700775 -0.033514149487018585 -0.06164410337805748 0.3289676904678345 0.03411031514406204 -0.0616440623998642 0.32813912630081177 0.0419120118021965 -0.061384543776512146 0.30439692735671997 0.041906267404556274 -0.061428822576999664 0.3016078472137451 0.04110002517700195 -0.06137704849243164 0.2952919006347656 0.041556552052497864 -0.06119611859321594 0.2990267276763916 0.04166558384895325 -0.061141982674598694 0.30631405115127563 0.0413203239440918 -0.061144083738327026 0.30979299545288086 0.01949281059205532 -0.06114201992750168 0.3405244052410126 -0.03778362274169922 -0.0607142448425293 0.32078075408935547 -0.03934887796640396 -0.0610806867480278 0.3174055516719818 -0.04142969846725464 -0.061137855052948 0.308929443359375 -0.04157392680644989 -0.061143212020397186 0.29955387115478516 0.008418083190917969 -0.06282758712768555 0.2612428665161133 5.60772605240345E-07 -0.06285476684570312 0.2604198455810547 0.0019858775194734335 -0.06057159602642059 0.2623246908187866 -0.032599374651908875 -0.054895222187042236 0.28683942556381226 -0.03802194446325302 -0.05722380429506302 0.3106229603290558 -0.038582026958465576 -0.05722380056977272 0.30595189332962036 -0.03833966702222824 -0.058418188244104385 0.2935766577720642 -0.03594297543168068 -0.05722380802035332 0.31785106658935547 -0.03772241622209549 -0.05961257964372635 0.2886433005332947 -0.0396728515625 -0.06200695037841797 0.2885856628417969 -0.0338423028588295 -0.05901537463068962 0.28209176659584045 -0.03181401267647743 -0.059612568467855453 0.2784096598625183 -0.02901339903473854 -0.059015367180109024 0.2759377360343933 -0.025577137246727943 -0.057820968329906464 0.27397868037223816 -0.019095852971076965 -0.05901535600423813 0.26834893226623535 -0.0020599365234375 -0.05742645263671875 0.2647705078125 0.005769960582256317 -0.058418139815330505 0.26439398527145386 0.008548388257622719 -0.06200019270181656 0.2620737552642822 0.007858420722186565 -0.05961253494024277 0.2637764811515808 0.010563704185187817 -0.060657136142253876 0.2636154294013977 0.016481399536132812 -0.06339311599731445 0.26325225830078125 0.02126312255859375 -0.06407737731933594 0.26483154296875 0.021339967846870422 -0.06244892627000809 0.26658302545547485 0.022918563336133957 -0.06110486388206482 0.2687556743621826 0.025459695607423782 -0.060507796704769135 0.2711638808250427 0.02830042503774166 -0.06200025975704193 0.27202823758125305 0.02771759033203125 -0.0642232894897461 0.26920318603515625 0.02852720580995083 -0.05961252748966217 0.27472326159477234 0.030006464570760727 -0.062000252306461334 0.2736506462097168 0.028919890522956848 -0.062185004353523254 0.2724117040634155 0.030549902468919754 -0.05961252748966217 0.2768905758857727 0.031818144023418427 -0.06201201677322388 0.275577187538147 0.03294403851032257 -0.06200022995471954 0.2769125699996948 0.03467369079589844 -0.06216144561767578 0.2789115905761719 0.03411325812339783 -0.05961252748966217 0.28162330389022827 0.03737640380859375 -0.06224513053894043 0.28310585021972656 0.038465820252895355 -0.06200013682246208 0.28577640652656555 0.03694955259561539 -0.05961253121495247 0.28682443499565125 0.039557456970214844 -0.06236553192138672 0.2876243591308594 0.03808680549263954 -0.05961253121495247 0.2895621657371521 0.04017353057861328 -0.06191825866699219 0.290313720703125 0.04022098705172539 -0.06134228780865669 0.2918281555175781 0.039363473653793335 -0.06051360443234444 0.29117926955223083 0.03985191509127617 -0.06038728356361389 0.2932114601135254 0.04088926315307617 -0.061483144760131836 0.2940025329589844 0.03834933042526245 -0.0578991174697876 0.29528069496154785 0.04008392244577408 -0.05961253494024277 0.2972012460231781 0.04084096848964691 -0.061038583517074585 0.29527056217193604 0.040432073175907135 -0.05961253494024277 0.3001452684402466 0.04057638719677925 -0.059612538665533066 0.3040940463542938 0.040444064885377884 -0.059612542390823364 0.30705565214157104 0.03927335888147354 -0.0584181472659111 0.30889207124710083 0.03007885068655014 -0.060017332434654236 0.3312908709049225 0.02037990838289261 -0.059313975274562836 0.3383987247943878 0.02266395464539528 -0.05841817706823349 0.3361075818538666 -0.002685546875 -0.056915283203125 0.3419952392578125 -0.01361567061394453 -0.058119602501392365 0.3405498266220093 -0.02533441223204136 -0.05841820687055588 0.3340606689453125 -0.027815494686365128 -0.05961260199546814 0.33316272497177124 -0.032417990267276764 -0.05961260199546814 0.3280080556869507 -0.030558889731764793 -0.05961260199546814 0.3303172290325165 -0.03412330150604248 -0.05961260199546814 0.3255831003189087 -0.035615213215351105 -0.06031596660614014 0.32416239380836487 -0.0384172722697258 -0.05961259827017784 0.316706120967865 -0.04050413519144058 -0.05961259454488754 0.306069016456604 -0.040552251040935516 -0.059612587094306946 0.30211788415908813 -0.04021584987640381 -0.059612587094306946 0.29818081855773926 -0.04101991653442383 -0.061435699462890625 0.29468727111816406 -0.039724770933389664 -0.05961258336901665 0.29525724053382874 -0.04036194831132889 -0.061204973608255386 0.29273849725723267 -0.038725029677152634 -0.05961258336901665 0.2914331555366516 -0.040173470973968506 -0.0616602897644043 0.2908449172973633 0.007751543074846268 -0.05605946481227875 0.2667490839958191 0.009702606126666069 -0.05489518120884895 0.2682517468929291 0.01186709851026535 -0.0566416010260582 0.26733821630477905 0.015366751700639725 -0.0554773211479187 0.26976829767227173 0.017161337658762932 -0.054895177483558655 0.27119743824005127 0.02176358923316002 -0.055768389254808426 0.2731749713420868 0.02495807781815529 -0.05605945736169815 0.2754107117652893 0.027595963329076767 -0.054895177483558655 0.2794731855392456 0.030090507119894028 -0.05605945736169815 0.280944287776947 0.031399644911289215 -0.05605945736169815 0.2828115224838257 0.032191187143325806 -0.054895177483558655 0.2860453724861145 0.033007699996232986 -0.05489518120884895 0.2876335084438324 0.03500370308756828 -0.05605946108698845 0.28972128033638 0.03522748872637749 -0.05489518120884895 0.2934677004814148 0.03604593873023987 -0.05489518493413925 0.29694193601608276 0.036522604525089264 -0.05489518493413925 0.30047932267189026 0.03665295988321304 -0.05489518865942955 0.30404627323150635 0.03653343394398689 -0.05489518865942955 0.3067215085029602 0.03619737923145294 -0.05489519238471985 0.3093782365322113 0.03568961098790169 -0.05489519238471985 0.3120075464248657 0.03373591601848602 -0.054895199835300446 0.31793615221977234 0.032609112560749054 -0.054895199835300446 0.32036542892456055 0.02302040532231331 -0.056059494614601135 0.3334123194217682 0.01794528402388096 -0.05489521846175194 0.3355749845504761 0.016367215663194656 -0.054895222187042236 0.3364107608795166 0.013924386352300644 -0.054895222187042236 0.3375079035758972 0.010560493916273117 -0.054895225912332535 0.33870142698287964 -0.012256905436515808 -0.05489524081349373 0.3381456434726715 -0.016367144882678986 -0.05489524081349373 0.3364107608795166 -0.01922297105193138 -0.05605952441692352 0.3359782099723816 -0.02512594871222973 -0.05489524453878403 0.33030423521995544 -0.027434127405285835 -0.05605952441692352 0.3293960690498352 -0.030322153121232986 -0.05489524453878403 0.32419610023498535 -0.029811624437570572 -0.05489521473646164 0.28227153420448303 -0.027595892548561096 -0.05489521473646164 0.2794731855392456 -0.025118499994277954 -0.05489520728588104 0.27690359950065613 -0.02299424633383751 -0.05605948716402054 0.27378153800964355 -0.021239493042230606 -0.05547734722495079 0.27311408519744873 -0.016751602292060852 -0.054895199835300446 0.2710173726081848 -0.013928445987403393 -0.054895199835300446 0.2696819603443146 -0.033484965562820435 -0.05722380802035332 0.32293254137039185 -0.032503996044397354 -0.05722380802035332 0.3245398998260498 -0.031445931643247604 -0.05722380802035332 0.32609760761260986 -0.03031328320503235 -0.05722380802035332 0.32760196924209595 -0.026495523750782013 -0.05722380802035332 0.33175984025001526 -0.023631086573004723 -0.05722380802035332 0.3342032730579376 -0.015554266981780529 -0.05722380802035332 0.3389984965324402 0.0028224114794284105 -0.05722379684448242 0.34216195344924927 0.01725936494767666 -0.057223785668611526 0.3381992280483246 0.020542655140161514 -0.05722378194332123 0.3363565504550934 0.025794368237257004 -0.05722377449274063 0.33238816261291504 0.030313357710838318 -0.05722377076745033 0.32760196924209595 0.03197503834962845 -0.057223767042160034 0.32531875371932983 0.0347965806722641 -0.057223763316869736 0.3204317092895508 0.03626866266131401 -0.05722375959157944 0.31696760654449463 0.037158701568841934 -0.05722375586628914 0.3142876923084259 0.03782850503921509 -0.05722375586628914 0.31154441833496094 0.038582101464271545 -0.05722375214099884 0.30595189332962036 0.03862793743610382 -0.05722374841570854 0.3021882474422455 0.03830749914050102 -0.05722374469041824 0.29843801259994507 0.03688742592930794 -0.05722374469041824 0.2920105457305908 0.034376390278339386 -0.057223740965127945 0.28592586517333984 0.03300434350967407 -0.057223740965127945 0.2834577262401581 0.029719894751906395 -0.057223740965127945 0.2788669168949127 0.027826959267258644 -0.057223740965127945 0.2767714262008667 0.018917839974164963 -0.057223740965127945 0.26989203691482544 0.01468773651868105 -0.057223740965127945 0.2678331434726715 0.0037605988327413797 -0.05722374841570854 0.2651181221008301 -0.007485430222004652 -0.05722375586628914 0.26566630601882935 -0.01023140549659729 -0.05722375959157944 0.2663249671459198 -0.013808254152536392 -0.05722375959157944 0.267496794462204 -0.027173388749361038 -0.05722377449274063 0.27609360218048096 -0.030888767912983894 -0.05722377821803093 0.280343234539032 -0.007858344353735447 -0.059612542390823364 0.2637764811515808 0.022186279296875 -0.06603813171386719 0.2616539001464844 0.025225535035133362 -0.06552093476057053 0.26518601179122925 0.02774989604949951 -0.06622451543807983 0.2660275399684906 0.026574114337563515 -0.06757324934005737 0.26052379608154297 0.025900281965732574 -0.06753666698932648 0.2589171528816223 0.021472454071044922 -0.06643879413604736 0.25864624977111816 0.0030908584594726562 -0.06396299600601196 0.25882434844970703 -8.195638656616211E-08 -0.06374645233154297 0.25915098190307617 1.3737007975578308E-07 -0.06319808959960938 0.2600250244140625 0.03893895447254181 -0.06215663254261017 0.28654059767723083 0.032520294189453125 -0.06236553192138672 0.2760200500488281 0.0258165430277586 -0.06252558529376984 0.26947256922721863 0.004957087337970734 -0.06429227441549301 0.25688791275024414 0.004793260246515274 -0.06422971189022064 0.2561475932598114 0.014662021771073341 -0.06521325558423996 0.2569618225097656 0.016985952854156494 -0.06554314494132996 0.25648999214172363 0.010823454707860947 -0.06467735767364502 0.2561325132846832 0.022918255999684334 -0.06679557263851166 0.25729113817214966 0.022011766210198402 -0.06644916534423828 0.25591039657592773 0.02749534323811531 -0.06793516874313354 0.2570454478263855 0.03132915496826172 -0.06905221939086914 0.2557699680328369 0.02610158920288086 -0.06740977615118027 0.25579634308815 0.032430171966552734 -0.06930005550384521 0.2620735168457031 0.03204166889190674 -0.06933342665433884 0.2605403661727905 0.029300382360816002 -0.06840530037879944 0.26059043407440186 0.03164886683225632 -0.06878842413425446 0.26334136724472046 0.03313636779785156 -0.06903553009033203 0.264892578125 0.03262869641184807 -0.06919021159410477 0.2632250189781189 0.03602618724107742 -0.06627684086561203 0.2752138376235962 0.03509506583213806 -0.06698064506053925 0.27269887924194336 0.03509370610117912 -0.0661793202161789 0.2741267681121826 0.03623545542359352 -0.06507278978824615 0.27739399671554565 0.03595094010233879 -0.06625431776046753 0.27515143156051636 0.03800678253173828 -0.06352615356445312 0.2825431823730469 0.036928556859493256 -0.06542421132326126 0.27796342968940735 0.039394378662109375 -0.06250858306884766 0.2869758605957031 0.03891944885253906 -0.06371498107910156 0.28415679931640625 0.014295578002929688 -0.06450428813695908 0.26052379608154297 0.018174346536397934 -0.06482718884944916 0.2617999315261841 0.018607094883918762 -0.06519444286823273 0.2611943781375885 0.02231597900390625 -0.06545305252075195 0.263031005859375 0.009589672088623047 -0.06444266438484192 0.25867176055908203 0.00968170166015625 -0.06396627426147461 0.26002025604248047 0.003013788489624858 -0.06337880343198776 0.25990208983421326 0.03418491780757904 -0.06513422727584839 0.27458029985427856 0.03090866282582283 -0.06568773090839386 0.27002209424972534 0.029853161424398422 -0.06500426679849625 0.2700061798095703 0.03258667141199112 -0.06331608444452286 0.27499160170555115 0.03737400099635124 -0.06305748224258423 0.28205570578575134 0.03535884618759155 -0.06320866197347641 0.2786938548088074 0.03696640208363533 -0.06317590922117233 0.2812160849571228 0.032725077122449875 -0.06524869054555893 0.2726590633392334 0.03396586328744888 -0.06377574801445007 0.2761162519454956 0.03548542410135269 -0.06250841915607452 0.2797471582889557 0.034732818603515625 -0.06273651123046875 0.2783203125 0.030227163806557655 -0.06375651061534882 0.2719854712486267 0.023479461669921875 -0.06439590454101562 0.26576995849609375 0.03195536136627197 -0.06936822831630707 0.2596152424812317 0.026375455781817436 -0.06766493618488312 0.25780394673347473 0.030658721923828125 -0.06760668754577637 0.2659263610839844 0.033690452575683594 -0.06851768493652344 0.2674064636230469 0.02913142926990986 -0.06796063482761383 0.26284706592559814 0.03439140319824219 -0.06788253784179688 0.26998138427734375 0.0268096923828125 -0.06681370735168457 0.2636451721191406 0.02633165754377842 -0.06725399196147919 0.26176536083221436 0.035048484802246094 -0.06805038452148438 0.2705116271972656 0.03281663358211517 -0.06631987541913986 0.2710246443748474 0.023226182907819748 -0.06643356382846832 0.2612178921699524 0.009039223194122314 -0.06457095593214035 0.2572634220123291 0.011995394714176655 -0.0648728609085083 0.2573801279067993 0.018326107412576675 -0.06580601632595062 0.2582361102104187 0.01522904634475708 -0.06520837545394897 0.25856947898864746 0.0188197772949934 -0.06555140763521194 0.2602744698524475 0.017892148345708847 -0.06563635170459747 0.25894224643707275 4.2963074520230293E-07 -0.06414352357387543 0.25773656368255615 0.022022953256964684 -0.06438808888196945 0.2647751569747925 0.002305803820490837 -0.047997862100601196 0.2008865475654602 0.003261566162109375 -0.04544679820537567 0.19494964182376862 2.8958808684365067E-08 -0.04526526480913162 0.19474270939826965 0.004052860662341118 -0.06213352084159851 0.24539613723754883 0.003438656684011221 -0.060508012771606445 0.23838932812213898 0.03448486328125 -0.0172882080078125 0.1381683349609375 0.03642354905605316 -0.011350009590387344 0.13065305352210999 0.032352522015571594 -0.014077728614211082 0.1355821192264557 0.007763408124446869 -0.0637577623128891 0.25234824419021606 0.025320356711745262 -0.06663057208061218 0.25214970111846924 0.02237909846007824 -0.0659140944480896 0.2522030174732208 0.019404888153076172 -0.06529691815376282 0.25224775075912476 0.005786941386759281 0.0006715665804222226 0.1262373924255371 0.03392791748046875 -0.0049364566802978516 0.1253185272216797 0.029004789888858795 -0.003996744751930237 0.12621989846229553 0.02883601002395153 -0.004931438714265823 0.12722912430763245 0.03807258605957031 -0.0077056884765625 0.12614822387695312 0.03355377912521362 -0.010854044929146767 0.1314896047115326 0.03243466839194298 -0.018104981631040573 0.14019544422626495 0.033172607421875 -0.02392578125 0.14688873291015625 0.03131614625453949 -0.02059013396501541 0.14380007982254028 0.0289754755795002 -0.02443953976035118 0.14998948574066162 0.030124323442578316 -0.029068738222122192 0.1557493805885315 0.03147140145301819 -0.029179848730564117 0.15511605143547058 0.027416199445724487 -0.032972946763038635 0.1630970537662506 0.03102133423089981 -0.03165372088551521 0.15896371006965637 0.03038722462952137 -0.035651449114084244 0.16549614071846008 0.029017210006713867 -0.03586902096867561 0.16672052443027496 0.029783248901367188 -0.0397796630859375 0.1727447509765625 0.028732281178236008 -0.04230908304452896 0.17800165712833405 0.02704710140824318 -0.04009651392698288 0.17509189248085022 0.029255276545882225 -0.044979166239500046 0.18262434005737305 0.029237497597932816 -0.043811310082674026 0.18044382333755493 0.027153892442584038 -0.04345850273966789 0.1812402606010437 0.028722340241074562 -0.047029197216033936 0.18715700507164001 0.028764743357896805 -0.04937455803155899 0.1920749694108963 0.024889148771762848 -0.04906491935253143 0.1943046897649765 0.025280430912971497 -0.05085914582014084 0.19813349843025208 0.02848086878657341 -0.05094072222709656 0.1958579123020172 0.027227574959397316 -0.05815255269408226 0.21567054092884064 0.02861309051513672 -0.05791664123535156 0.21353912353515625 0.024598106741905212 -0.05517496541142464 0.2094947248697281 0.028387198224663734 -0.05669724941253662 0.21038734912872314 0.02846074104309082 -0.05550384521484375 0.207000732421875 0.02864253520965576 -0.059963226318359375 0.2197856903076172 0.026905164122581482 -0.05939638614654541 0.21983179450035095 0.029077470302581787 -0.06184345483779907 0.22562897205352783 0.027760818600654602 -0.062172092497348785 0.22840818762779236 0.029231786727905273 -0.06305313110351562 0.2298297882080078 0.025882266461849213 -0.06248312443494797 0.23177558183670044 0.029256701469421387 -0.06437790393829346 0.23520255088806152 0.029515370726585388 -0.064258873462677 0.23428571224212646 0.029563460499048233 -0.06606245785951614 0.242413729429245 0.029974639415740967 -0.06603467464447021 0.24143195152282715 0.014776637777686119 -0.0640680268406868 0.24990899860858917 0.017110973596572876 -0.06396912783384323 0.2474314123392105 0.014608319848775864 -0.06132594496011734 0.2373499870300293 0.01842815801501274 -0.06192302331328392 0.2369740903377533 0.016258154064416885 -0.060185953974723816 0.23177869617938995 0.016267620027065277 -0.056428052484989166 0.2190946638584137 0.014159651473164558 -0.05839813873171806 0.2266714721918106 0.017983749508857727 -0.05870363861322403 0.22529003024101257 0.02063768357038498 -0.06053295359015465 0.22966089844703674 0.022586669772863388 -0.062412116676568985 0.23512372374534607 0.02965093031525612 -0.06698723882436752 0.2470252513885498 0.026561275124549866 -0.06423883140087128 0.23827755451202393 0.02102797105908394 -0.06472175568342209 0.2473190724849701 0.022300273180007935 -0.06448490172624588 0.24469448626041412 0.016811072826385498 -0.06286230683326721 0.24238422513008118 0.02469095028936863 -0.06505250930786133 0.24457566440105438 0.013869390822947025 -0.05487341061234474 0.2157239317893982 0.017072120681405067 -0.054560452699661255 0.2131287008523941 0.014263710007071495 -0.05295261740684509 0.21013963222503662 0.017937742173671722 -0.0520445853471756 0.2058686912059784 0.013793108984827995 -0.05094277113676071 0.20514720678329468 0.02098613977432251 -0.05534360557794571 0.21277084946632385 0.019163085147738457 -0.05692855268716812 0.2187618464231491 0.02274731919169426 -0.052074264734983444 0.20290014147758484 0.019085146486759186 -0.05126180499792099 0.20323267579078674 0.022755693644285202 -0.05789996311068535 0.2190188318490982 0.02328243851661682 -0.06032963842153549 0.22655439376831055 0.025699857622385025 -0.05327335000038147 0.20367293059825897 0.028374075889587402 -0.053050994873046875 0.20088958740234375 0.01983507350087166 -0.048828125 0.19698289036750793 0.015679921954870224 -0.0488356351852417 0.1991862952709198 0.023426350206136703 -0.001875293324701488 0.12583419680595398 0.017504192888736725 -0.001138077350333333 0.12651827931404114 0.02388388104736805 -0.0027471533976495266 0.1265842616558075 0.022266820073127747 -0.007348385639488697 0.13198263943195343 0.0183396153151989 -0.006067137699574232 0.1316320300102234 0.024492908269166946 -0.01254662312567234 0.13712438941001892 0.02080342546105385 -0.012941321358084679 0.138845294713974 0.01724066585302353 -0.009971708059310913 0.13633035123348236 0.017967315390706062 -0.013287785463035107 0.1400863081216812 0.02134297788143158 -0.01669941283762455 0.14323784410953522 0.017525702714920044 -0.01701408624649048 0.14486023783683777 0.021988388150930405 -0.02060607820749283 0.14801964163780212 0.01751125231385231 -0.02183401584625244 0.1512216180562973 0.020069386810064316 -0.030579211190342903 0.16298826038837433 0.017854947596788406 -0.025837231427431107 0.15673673152923584 0.01620561070740223 -0.029691703617572784 0.16305041313171387 0.016992833465337753 -0.0317680723965168 0.1660359799861908 0.01783936657011509 -0.03542012721300125 0.17173443734645844 0.014233941212296486 -0.03521614894270897 0.172698974609375 0.018720638006925583 -0.03857218474149704 0.17685572803020477 0.016758672893047333 -0.03924960643053055 0.17892344295978546 0.014290757477283478 -0.04054051265120506 0.18229436874389648 0.01602970063686371 -0.04249459505081177 0.18542221188545227 0.017222575843334198 -0.04561023414134979 0.19130939245224 0.014423144981265068 -0.045774247497320175 0.19288673996925354 0.025371674448251724 -0.0066977012902498245 0.13026291131973267 0.020856201648712158 -0.02420874685049057 0.15335839986801147 0.022943682968616486 -0.029285550117492676 0.15979833900928497 0.02104809880256653 -0.03472067788243294 0.1691931039094925 0.021108560264110565 -0.04334961250424385 0.1846802532672882 0.02001611888408661 -0.04553591459989548 0.18973924219608307 0.026453709229826927 -0.003164173336699605 0.12623004615306854 0.026620186865329742 -0.010487517341971397 0.133993461728096 0.025592796504497528 -0.01725013181567192 0.1423453837633133 0.023395340889692307 -0.024360839277505875 0.15253952145576477 0.02199961245059967 -0.038963306695222855 0.1760064959526062 0.025429625064134598 -0.0212375670671463 0.14746475219726562 0.025575902312994003 -0.02663513273000717 0.1547173261642456 0.026032377034425735 -0.035102151334285736 0.16725093126296997 0.025433843955397606 -0.03787635266780853 0.17219597101211548 0.024373315274715424 -0.04335638880729675 0.1828225702047348 0.023181408643722534 -0.04667744040489197 0.19026175141334534 0.034611888229846954 -0.006493077613413334 0.12651120126247406 0.030163899064064026 -0.009183692745864391 0.1311931014060974 0.02945578470826149 -0.015670735388994217 0.13876955211162567 0.027670428156852722 -0.020437415689229965 0.14543235301971436 0.027147378772497177 -0.029265178367495537 0.15768712759017944 0.02594366855919361 -0.046810735017061234 0.1887284219264984 0.002637130208313465 -0.025563959032297134 0.1592913568019867 0.0025470713153481483 -0.031084934249520302 0.16792017221450806 0.003233003430068493 -0.021602783352136612 0.1534883975982666 0.0033033592626452446 -0.017561743035912514 0.1479700803756714 1.0645933024022725E-08 -0.016640566289424896 0.14686080813407898 0.003418116131797433 -0.011967821046710014 0.1408049315214157 0.0028448491357266903 -0.057998739182949066 0.22908902168273926 3.632854017610043E-08 -0.05678483471274376 0.22522521018981934 1.7601996660232544E-07 -0.053615570068359375 0.21553802490234375 0.0032540117390453815 -0.05583539605140686 0.22195692360401154 0.003207283327355981 -0.05266205593943596 0.21267658472061157 0.0027494584210217 -0.05016349256038666 0.20611794292926788 0.0076446025632321835 6.705377018079162E-06 0.12680819630622864 0.004899308551102877 -0.0015658630291000009 0.12870173156261444 0.005955816712230444 -0.005313067231327295 0.13277682662010193 0.004699893295764923 -0.007557494565844536 0.13544222712516785 0.0060127126052975655 -0.011092724278569221 0.1395404189825058 0.005563065409660339 -0.015978388488292694 0.1457163393497467 0.007313912734389305 -0.020114094018936157 0.15106481313705444 0.006363203749060631 -0.023715021088719368 0.15624454617500305 0.004912945441901684 -0.028228595852851868 0.16318053007125854 0.00609670951962471 -0.03094496950507164 0.1673627644777298 0.005010354332625866 -0.03344371169805527 0.1716393381357193 0.007361778058111668 -0.03627274930477142 0.1762574464082718 0.004900658503174782 -0.03678838163614273 0.17753542959690094 0.007196984253823757 -0.04004369303584099 0.18328487873077393 0.004481308162212372 -0.04343120753765106 0.19052688777446747 0.005538569297641516 -0.04784518480300903 0.20012295246124268 0.0071150269359350204 -0.050662100315093994 0.20668670535087585 0.005509806331247091 -0.05325361713767052 0.2139466553926468 0.0064715174958109856 -0.05487774312496185 0.21841755509376526 0.007939115166664124 -0.05647972971200943 0.2229393869638443 0.006631461903452873 -0.057972151786088943 0.2282867431640625 0.004819974303245544 -0.05930217728018761 0.2334841638803482 0.008067583665251732 -0.062349818646907806 0.24526166915893555 0.014085769653320312 0.0003986358642578125 0.12558746337890625 0.008594512939453125 0.0007724761962890625 0.12592029571533203 0.011426564306020737 -0.004017901606857777 0.13069507479667664 0.013237915933132172 -0.009661810472607613 0.1368422508239746 0.010126856155693531 -0.009241056628525257 0.13687178492546082 0.011098872870206833 -0.015664856880903244 0.14459052681922913 0.009904639795422554 -0.016998527571558952 0.1465175747871399 0.011634468100965023 -0.02317066863179207 0.1546194851398468 0.008416984230279922 -0.024686366319656372 0.15739582479000092 0.012838611379265785 -0.02773866429924965 0.161024272441864 0.009266125038266182 -0.02814953401684761 0.16242924332618713 0.011087402701377869 -0.031271085143089294 0.16698938608169556 0.009710523299872875 -0.033397428691387177 0.17080435156822205 0.012339229695498943 -0.03786718100309372 0.17795075476169586 0.01050214096903801 -0.04051259160041809 0.1834397315979004 0.008469591848552227 -0.04342615231871605 0.18977300822734833 0.011578521691262722 -0.04705298691987991 0.19672057032585144 0.008856924250721931 -0.04538737237453461 0.19383150339126587 0.00876113772392273 -0.04835905879735947 0.2006077617406845 0.010173231363296509 -0.054796505719423294 0.21707022190093994 0.008273707702755928 -0.05306302383542061 0.2127421498298645 0.010405061766505241 -0.05810551717877388 0.22748088836669922 0.008657379075884819 -0.05943700671195984 0.23292116820812225 0.010948175564408302 -0.062077999114990234 0.24270136654376984 0.00881130900233984 -0.06072929501533508 0.237900048494339 0.014034666121006012 -0.007685772143304348 0.1343897432088852 0.014680460095405579 -0.02420620620250702 0.15536370873451233 0.013762673363089561 -0.019744273275136948 0.14940324425697327 0.013096216134727001 -0.03103049099445343 0.16609324514865875 0.012250704690814018 -0.042877160012722015 0.18758992850780487 0.012904197908937931 -0.048951536417007446 0.2006617784500122 0.011026391759514809 -0.0510413758456707 0.2065052092075348 0.011039327830076218 -0.05295151099562645 0.21153953671455383 0.012131841853260994 -0.056585587561130524 0.2217293232679367 0.012471980415284634 -0.05973181873559952 0.23235270380973816 0.012806087732315063 -0.06169891357421875 0.24008651077747345 0.01337742991745472 -0.06432303786277771 0.2523147761821747 0.013903507962822914 -0.01500732358545065 0.14320845901966095 0.04785418510437012 -0.026433054357767105 0.07496017217636108 0.047894950956106186 -0.02638767473399639 0.07534158229827881 0.04787854105234146 -0.026395902037620544 0.07561343908309937 5.532638169825077E-08 -0.054911255836486816 0.07406604290008545 3.510790946847919E-08 -0.054854296147823334 0.07397371530532837 0.00191565603017807 -0.05445515364408493 0.07341663539409637 0.04220914840698242 -0.03368741273880005 0.07279369235038757 0.04475885257124901 -0.030271336436271667 0.07283397018909454 0.043618638068437576 -0.032190244644880295 0.07316277921199799 0.047144751995801926 -0.027759099379181862 0.07561317086219788 0.04758179187774658 -0.026350483298301697 0.07364451885223389 0.04769418388605118 -0.026405122131109238 0.07408407330513 0.04690033197402954 -0.028126299381256104 0.07474598288536072 0.03606484830379486 -0.04089587926864624 0.07357418537139893 0.03476516157388687 -0.04135593771934509 0.07280129194259644 0.038130760192871094 -0.03882706165313721 0.07338285446166992 -9.615177987143397E-09 -0.05469813942909241 0.07371261715888977 2.2101448848843575E-07 -0.05501508712768555 0.07422876358032227 0.029917657375335693 -0.04603949189186096 0.07428085803985596 0.045552678406238556 -0.03005078434944153 0.07402485609054565 0.0430946946144104 -0.033892035484313965 0.07466757297515869 0.044232144951820374 -0.03200608491897583 0.07403481006622314 0.04055904224514961 -0.0367673859000206 0.07426432520151138 0.03672381862998009 -0.040773674845695496 0.0744423046708107 0.042727041989564896 -0.03379560261964798 0.07367078959941864 0.04110860824584961 -0.035843610763549805 0.07368040084838867 0.03862747550010681 -0.03876771405339241 0.07411526888608932 0.034596361219882965 -0.04256550222635269 0.07428605854511261 0.031699392944574356 -0.044859498739242554 0.07439207285642624 0.04705406725406647 -0.02613634616136551 0.07254841923713684 0.046188440173864365 -0.028373684734106064 0.07322397828102112 0.04588039591908455 -0.028028983622789383 0.07250028848648071 0.03998122364282608 -0.03621509671211243 0.07270081341266632 0.03845106065273285 -0.038036979734897614 0.07292114198207855 0.033391084522008896 -0.042533040046691895 0.0728609710931778 0.033035293221473694 -0.04359184205532074 0.0738799199461937 0.03159379959106445 -0.04440218210220337 0.07342898845672607 0.028616905212402344 -0.04621972143650055 0.07323311269283295 0.02532847970724106 -0.04831939935684204 0.07353192567825317 0.023789525032043457 -0.049345552921295166 0.07386082410812378 0.02205446921288967 -0.05030009150505066 0.07418940961360931 0.01983340084552765 -0.05088980495929718 0.07361584901809692 0.016273558139801025 -0.052198439836502075 0.073691725730896 0.011278122663497925 -0.0535740852355957 0.07379132509231567 0.007581248879432678 -0.054125577211380005 0.07365638017654419 0.004484456963837147 -0.05455869436264038 0.07381759583950043 -0.04730033874511719 -0.026697121560573578 0.07346963882446289 -0.04692290723323822 -0.026211246848106384 0.07243484258651733 -0.04654066264629364 -0.027525577694177628 0.0729774609208107 -0.04788694530725479 -0.026398390531539917 0.07520604133605957 -0.04664812982082367 -0.02849563956260681 0.07448709011077881 -0.047759637236595154 -0.026373188942670822 0.07420897483825684 -0.040666308254003525 -0.03683806583285332 0.07474978268146515 -0.03589653968811035 -0.04159870743751526 0.07454109191894531 -0.029886722564697266 -0.04592902213335037 0.07397139072418213 -0.03253304958343506 -0.04371589422225952 0.07346570491790771 -0.034749217331409454 -0.041692204773426056 0.07317948341369629 -0.031218141317367554 -0.044493287801742554 0.07324546575546265 -0.0377923846244812 -0.03942447900772095 0.07377427816390991 -0.03856533765792847 -0.03800826892256737 0.0730137825012207 -0.03654646873474121 -0.040250081568956375 0.07329809665679932 -0.04327744245529175 -0.03274768590927124 0.07321739196777344 -0.04446228966116905 -0.03017616644501686 0.07241915166378021 -0.04295983910560608 -0.03266014903783798 0.07273826003074646 -0.0331677608191967 -0.04373724386096001 0.07433991134166718 -0.03918811306357384 -0.03803939372301102 0.07385602593421936 -0.041046030819416046 -0.03598709776997566 0.07387903332710266 -0.04253941774368286 -0.0344012975692749 0.0742260217666626 -0.04533505439758301 -0.030311286449432373 0.0738750696182251 -0.006989188026636839 -0.054256461560726166 0.07375651597976685 -0.010588507167994976 -0.05365331470966339 0.07373044639825821 -0.013536408543586731 -0.053034231066703796 0.07377317547798157 -0.0179658941924572 -0.05171942710876465 0.07379606366157532 -0.020902037620544434 -0.05041462928056717 0.07358233630657196 -0.023214101791381836 -0.049593329429626465 0.07381102442741394 -0.02558222785592079 -0.048041295260190964 0.07338036596775055 -0.027045071125030518 -0.04752923548221588 0.07373028993606567 -0.02891898900270462 -0.045903757214546204 0.07311329245567322 -0.03445836156606674 -0.042424846440553665 0.07382623851299286 -0.039988551288843155 -0.036716580390930176 0.07320302724838257 -0.04523847624659538 -0.029948821291327477 0.07328563928604126 -0.04396187514066696 -0.032391101121902466 0.07407689094543457 -0.044685762375593185 -0.03173533082008362 0.07503187656402588 -0.04447454214096069 0.014997183345258236 0.06446540355682373 -0.04621577262878418 0.014991950243711472 0.0662388801574707 -0.04836755990982056 0.013194799423217773 0.06799449026584625 -0.04803597927093506 0.013824224472045898 0.06783121824264526 -0.04747509956359863 0.014430522918701172 0.06740999221801758 -0.04674100875854492 0.014856517314910889 0.0667581558227539 -0.04937354475259781 -0.00882716104388237 0.06799987703561783 -0.048367440700531006 -0.013225376605987549 0.06799596548080444 -0.04902930557727814 0.01058601401746273 0.06800220906734467 -0.05016222596168518 0.0007876507588662207 0.06800061464309692 -0.049746084958314896 0.006413847208023071 0.06800084561109543 -0.049955353140830994 -0.004445832222700119 0.06800050288438797 -0.0462946891784668 -0.01498093456029892 0.06632339954376221 -0.04728883504867554 -0.014584213495254517 0.06725752353668213 -0.04802429676055908 -0.013839960098266602 0.06782394647598267 -0.04432457685470581 -0.015000361949205399 0.06432969868183136 -0.04097673296928406 0.02093040943145752 0.06402979791164398 -0.007016785442829132 0.04549248889088631 0.06404589116573334 0.02438187599182129 0.039307355880737305 0.06407709419727325 0.034013986587524414 0.03128296136856079 0.06405778229236603 0.04236770048737526 -0.017516974359750748 0.06401178240776062 0.034534454345703125 -0.030583739280700684 0.0640411302447319 0.014663134701550007 -0.043450843542814255 0.06401176750659943 -0.013488173484802246 -0.043958425521850586 0.06401799619197845 -0.019812410697340965 -0.041320428252220154 0.06401176750659943 -0.03721785545349121 -0.027375519275665283 0.0640711784362793 -0.041581541299819946 -0.01986217498779297 0.06402908265590668 -0.03863133490085602 -0.026911329478025436 0.06462891399860382 -0.03945547342300415 -0.025266170501708984 0.06439453363418579 -0.03580194711685181 -0.030093073844909668 0.06430663168430328 -0.03723006695508957 -0.028834067285060883 0.06462890654802322 -0.008469285443425179 -0.04604707658290863 0.06439074873924255 -0.0071086883544921875 -0.04655703902244568 0.06461501121520996 -0.010690107941627502 -0.04583235830068588 0.06461016088724136 -0.0031361496075987816 -0.04693244770169258 0.06458035111427307 -0.005151182413101196 -0.04654115438461304 0.06437215209007263 0.024057745933532715 -0.04000699520111084 0.06427624821662903 0.026637041941285133 -0.03874552994966507 0.06455394625663757 0.023140892386436462 -0.04095494747161865 0.06454777717590332 0.03866599500179291 -0.02686084434390068 0.06462891399860382 0.03656880557537079 -0.029312551021575928 0.06440931558609009 0.03854775428771973 -0.0264158695936203 0.06430920958518982 0.04083409905433655 -0.023124516010284424 0.06443744897842407 0.04558145999908447 0.011343240737915039 0.06450676918029785 0.04471919685602188 0.01382363773882389 0.06439079344272614 0.04428505897521973 0.016155242919921875 0.0646442174911499 0.04275989532470703 0.019679725170135498 0.06457757949829102 0.04176276922225952 0.020898759365081787 0.06428182125091553 0.040627241134643555 0.02371343970298767 0.06456124782562256 -0.043415069580078125 0.017714083194732666 0.06442373991012573 -0.036803364753723145 0.028421401977539062 0.06417807936668396 -0.038170188665390015 0.027354836463928223 0.06447124481201172 -0.035092055797576904 0.03133875131607056 0.064572274684906 -0.033779144287109375 0.03214836120605469 0.06424504518508911 -0.032125234603881836 0.0343858003616333 0.06455159187316895 -0.03042316436767578 0.03559345006942749 0.06436702609062195 -0.026363015174865723 0.038224272429943085 0.06415069103240967 -0.02745920419692993 0.038040339946746826 0.06444120407104492 -0.02364027500152588 0.040490537881851196 0.0644107460975647 -0.016049981117248535 0.04355740547180176 0.06414070725440979 -0.017735958099365234 0.043423160910606384 0.06443166732788086 -0.015031486749649048 0.044432759284973145 0.0644492506980896 -0.011781573295593262 0.045098066329956055 0.0642351508140564 -0.012557953596115112 0.04534740000963211 0.06459148228168488 -0.010288634337484837 0.04587233439087868 0.06455400586128235 -0.007140755653381348 0.0463409423828125 0.06441605091094971 -0.0070343017578125 0.04601144790649414 0.06420457363128662 -0.004058480262756348 0.04671970009803772 0.06442824006080627 0.0006562223425135016 0.04655279219150543 0.06423327326774597 -0.0013776421546936035 0.04688099026679993 0.06442418694496155 0.002168029546737671 0.04684382677078247 0.06442603468894958 0.004620671272277832 0.04660704731941223 0.06437546014785767 0.007657632231712341 0.046427249908447266 0.06456726789474487 0.009662389755249023 0.045372724533081055 0.06411820650100708 0.013345472514629364 0.04503875970840454 0.06447875499725342 0.01408475637435913 0.04432535171508789 0.06417691707611084 0.017402298748493195 0.04318278282880783 0.06423327326774597 0.018317699432373047 0.0432734489440918 0.06451326608657837 0.019411683082580566 0.04224503040313721 0.064165860414505 0.020728427916765213 0.04219276085495949 0.06455399096012115 0.02495381236076355 0.03967386484146118 0.06439337134361267 0.023036468774080276 0.041031964123249054 0.06459146738052368 0.028500080108642578 0.03675049543380737 0.06420707702636719 0.028365733101963997 0.03749765455722809 0.06455399096012115 0.030074357986450195 0.03611278533935547 0.06451797485351562 0.032008592039346695 0.033861517906188965 0.06422752141952515 0.032065026462078094 0.03437720611691475 0.06455399096012115 0.03391643613576889 0.03254672884941101 0.06455399096012115 0.0352703332901001 0.03090536594390869 0.06442058086395264 0.03690528869628906 0.028417110443115234 0.06421107053756714 0.03798562288284302 0.027482233941555023 0.06441470980644226 0.0396142303943634 0.024477902799844742 0.06423325836658478 0.04360055923461914 0.01630234718322754 0.06420579552650452 0.04483786225318909 0.011712908744812012 0.06411202251911163 0.04599493741989136 0.0077037811279296875 0.06425267457962036 0.04619850963354111 0.008731169626116753 0.06455397605895996 0.04667204990983009 0.005569168832153082 0.06455397605895996 0.046398699283599854 0.003722645342350006 0.06419789791107178 0.04706674814224243 0.0010011792182922363 0.06458461284637451 0.04685556888580322 -0.0012804865837097168 0.06440359354019165 0.045896828174591064 -0.008212625980377197 0.06423833966255188 0.0466458797454834 -0.004948556423187256 0.06443595886230469 0.04607534408569336 -0.009314894676208496 0.06454217433929443 0.04535573720932007 -0.012025266885757446 0.06445971131324768 0.043768465518951416 -0.015556812286376953 0.06413793563842773 0.04417061805725098 -0.016033470630645752 0.06450796127319336 0.04213416576385498 -0.020378172397613525 0.0643351674079895 0.037191033363342285 -0.028022844344377518 0.06423322856426239 0.027972280979156494 -0.037335216999053955 0.06425714492797852 0.0323299914598465 -0.03403320908546448 0.0644446313381195 0.029450103640556335 -0.03661465644836426 0.06452327966690063 0.02003157138824463 -0.04188787192106247 0.06414496898651123 0.01827794313430786 -0.043286919593811035 0.064491868019104 0.016902804374694824 -0.0431976318359375 0.06412509083747864 0.013953804969787598 -0.044449448585510254 0.06422394514083862 0.014186069369316101 -0.044785141944885254 0.06448924541473389 0.010644353926181793 -0.04566413164138794 0.06441926956176758 0.006542800460010767 -0.04610470309853554 0.0642332136631012 0.007910162210464478 -0.04623764753341675 0.064435213804245 0.004523634910583496 -0.04664924740791321 0.0644102692604065 0.002006053924560547 -0.046440690755844116 0.06415513157844543 0.001349806785583496 -0.04696744680404663 0.0645061731338501 -0.0020260969176888466 -0.04652253910899162 0.0642332136631012 -0.010810285806655884 -0.045156240463256836 0.06413745880126953 -0.012728884816169739 -0.045262906700372696 0.06455394625663757 -0.015430688858032227 -0.044314295053482056 0.06444096565246582 -0.020511865615844727 -0.04163655638694763 0.06413164734840393 -0.019803352653980255 -0.042575180530548096 0.06446456909179688 -0.022899389266967773 -0.04076892137527466 0.06431493163108826 -0.02469620108604431 -0.0400080531835556 0.06455394625663757 -0.027473658323287964 -0.03801774978637695 0.06443649530410767 -0.027146458625793457 -0.037589073181152344 0.06411659717559814 -0.029614519327878952 -0.03593650460243225 0.0642332211136818 -0.029914356768131256 -0.036325663328170776 0.0645914226770401 -0.031239952892065048 -0.03453284874558449 0.0642332211136818 -0.031502388417720795 -0.03495527803897858 0.0645914226770401 -0.03292125463485718 -0.033410947769880295 0.06442877650260925 -0.034487564116716385 -0.032009556889534 0.0645914226770401 -0.039580464363098145 -0.024245858192443848 0.06413736939430237 -0.04118669033050537 -0.021817713975906372 0.06423938274383545 -0.04160571098327637 -0.02178391069173813 0.06446444988250732 -0.04299062490463257 -0.01803520880639553 0.06426788121461868 -0.04326772689819336 -0.01843714714050293 0.06455981731414795 -0.04210665822029114 0.020381681621074677 0.06433162093162537 -0.03992076218128204 0.023692533373832703 0.06416395306587219 -0.0404287725687027 0.023805856704711914 0.06442418694496155 -0.022197723388671875 0.04063892364501953 0.0641002357006073 -0.021016359329223633 0.04189585894346237 0.0644024908542633 -0.018559496849775314 0.042409978806972504 0.06411514431238174 0.00439749751240015 0.04622567445039749 0.06416396796703339 0.04641234874725342 -0.001903533935546875 0.06415975093841553 0.03458079695701599 -0.031573593616485596 0.064393550157547 0.03209450840950012 -0.03351879119873047 0.0641319751739502 0.0112135149538517 -0.044905029237270355 0.06411509215831757 0.008085747249424458 -0.0455721952021122 0.06411509215831757 -0.005221083760261536 -0.04612743854522705 0.06416390836238861 -0.014618327841162682 -0.04407324641942978 0.06416390836238861 -0.017076579853892326 -0.04301854223012924 0.06411509215831757 -0.03150177001953125 -0.03394150733947754 0.06410142779350281 0.04553985223174095 0.007416177541017532 0.06406630575656891 0.03748055547475815 -0.026908809319138527 0.06406627595424652 -0.03455066680908203 -0.05031442642211914 0.11448955535888672 -0.036088977009058 -0.04672277718782425 0.10840260982513428 -0.04193427786231041 -0.035342440009117126 0.08993250131607056 -0.027202606201171875 -0.09483861923217773 0.246734619140625 -0.02609521895647049 -0.09129670262336731 0.22233062982559204 -0.030392521992325783 -0.062250155955553055 0.13761822879314423 -0.03172715753316879 -0.057989612221717834 0.12970468401908875 -0.028980933129787445 -0.06783074140548706 0.15015816688537598 -0.02736973762512207 -0.09063832461833954 0.22808383405208588 -0.026912430301308632 -0.08817918598651886 0.21425996720790863 -0.02695585787296295 -0.08947034925222397 0.21946898102760315 -0.02855398692190647 -0.0936688482761383 0.24869149923324585 -0.02882249280810356 -0.09321217983961105 0.24960985779762268 -0.028441259637475014 -0.09248175472021103 0.24451881647109985 -0.02946912869811058 -0.09377656131982803 0.25626131892204285 -0.033875398337841034 -0.09422240406274796 0.2864205837249756 -0.032254353165626526 -0.09453064203262329 0.2771967649459839 -0.03351330757141113 -0.09490454941987991 0.28585439920425415 -0.03367031738162041 -0.09555083513259888 0.28992462158203125 -0.03249825909733772 -0.09552943706512451 0.2820730209350586 -0.032026052474975586 -0.09596394002437592 0.28160619735717773 -0.031159747391939163 -0.09595346450805664 0.2761211395263672 -0.03105863928794861 -0.0956428200006485 0.27352598309516907 -0.029444757848978043 -0.0959942489862442 0.2662840783596039 -0.0295046828687191 -0.09570012986660004 0.26442283391952515 -0.028046607971191406 -0.09511280059814453 0.25244140625 -0.027994055300951004 -0.09413391351699829 0.2467970997095108 -0.027032312005758286 -0.09311012178659439 0.2358604073524475 -0.026555001735687256 -0.09299018234014511 0.23291528224945068 -0.026515647768974304 -0.09152114391326904 0.22527988255023956 -0.026295965537428856 -0.08871623128652573 0.21151763200759888 -0.02897357940673828 -0.09537529945373535 0.259185791015625 -0.027905719354748726 -0.09554683417081833 0.2549263536930084 -0.030464349314570427 -0.09518850594758987 0.2675953805446625 -0.029137082397937775 -0.0944124087691307 0.25561830401420593 -0.026770539581775665 -0.0909423679113388 0.22410345077514648 -0.026535216718912125 -0.08512721955776215 0.19853575527668 -0.026824045926332474 -0.0799141526222229 0.1805671602487564 -0.030692337080836296 -0.09427101910114288 0.266345351934433 -0.02777903340756893 -0.09173260629177094 0.23576535284519196 -0.026771308854222298 -0.08582110702991486 0.20361870527267456 -0.02680308371782303 -0.08333337306976318 0.19408689439296722 -0.026940740644931793 -0.08059440553188324 0.18431688845157623 -0.027524186298251152 -0.07572436332702637 0.17019076645374298 -0.028103701770305634 -0.07210112363100052 0.1605571210384369 -0.04056739807128906 -0.06322193145751953 0.29058837890625 -0.03964710235595703 -0.06369209289550781 0.28643798828125 -0.039659738540649414 -0.06454277038574219 0.28649330139160156 -0.04033684730529785 -0.062491416931152344 0.28998374938964844 -0.039490923285484314 -0.06306499242782593 0.28658610582351685 -0.040643204003572464 -0.06199941411614418 0.29203498363494873 -0.03255032002925873 -0.06973638385534286 0.255502313375473 -0.0328369140625 -0.070098876953125 0.25539398193359375 -0.03263673931360245 -0.06981759518384933 0.2583845257759094 -0.03155517578125 -0.069061279296875 0.25576019287109375 -0.03630645200610161 -0.06629125028848648 0.2756281793117523 -0.03836274892091751 -0.0636654943227768 0.28306853771209717 -0.03885841369628906 -0.06408309936523438 0.2837371826171875 -0.036449432373046875 -0.06842803955078125 0.2733001708984375 -0.03579139709472656 -0.06779289245605469 0.27236175537109375 -0.03581428527832031 -0.07052206993103027 0.26987123489379883 -0.03844928741455078 -0.06636238098144531 0.2812461853027344 -0.035424232482910156 -0.07024769484996796 0.2683830261230469 -0.03538227081298828 -0.06949377059936523 0.2690773010253906 -0.03470611572265625 -0.07129383087158203 0.2645149230957031 -0.034679412841796875 -0.06995010375976562 0.26617431640625 -0.034537315368652344 -0.07060432434082031 0.2646064758300781 -0.033908069133758545 -0.07012379169464111 0.26331520080566406 -0.03410840034484863 -0.07103180885314941 0.2619800567626953 -0.03353869915008545 -0.07109509408473969 0.25826358795166016 -0.033499836921691895 -0.0704336166381836 0.26043128967285156 -0.03374692052602768 -0.07154808193445206 0.2588811218738556 -0.033188119530677795 -0.07265186309814453 0.25490090250968933 -0.033075809478759766 -0.07058334350585938 0.25528860092163086 -0.033298492431640625 -0.07141876220703125 0.2551097869873047 -0.03322601318359375 -0.07105255126953125 0.25517845153808594 -0.034768104553222656 -0.07204246520996094 0.2647705078125 -0.0345458984375 -0.069244384765625 0.26727867126464844 -0.032461196184158325 -0.06953832507133484 0.26049548387527466 -0.0315399169921875 -0.0691070556640625 0.2557353973388672 -0.03145749866962433 -0.06900275498628616 0.25576210021972656 -0.03312353789806366 -0.07008862495422363 0.25991058349609375 -0.033163029700517654 -0.06961938738822937 0.26255181431770325 -0.03413165733218193 -0.06909883767366409 0.26661741733551025 -0.034756001085042953 -0.06827417016029358 0.26964130997657776 -0.032440185546875 -0.069610595703125 0.255523681640625 -0.032196044921875 -0.06941986083984375 0.2555961608886719 -0.03199687972664833 -0.06871731579303741 0.24958598613739014 -0.03905153274536133 -0.0075321197509765625 0.1252450942993164 -0.03039993904531002 -0.057112377136945724 0.20444680750370026 -0.030449043959379196 -0.05596688389778137 0.20046892762184143 -0.030425943434238434 -0.05882197618484497 0.20787978172302246 -0.030413605272769928 -0.05510493367910385 0.19964733719825745 -0.030523503199219704 -0.05302504077553749 0.19428162276744843 -0.031148433685302734 -0.04547882080078125 0.17862701416015625 -0.030967848375439644 -0.04848676174879074 0.1827789545059204 -0.03069404885172844 -0.050968874245882034 0.18907587230205536 -0.03658485412597656 -0.017547607421875 0.1356658935546875 -0.03798866271972656 -0.01351165771484375 0.1304168701171875 -0.03770638257265091 -0.014942328445613384 0.13152554631233215 -0.028874682262539864 -0.04987616837024689 0.1930733621120453 -0.03136757016181946 -0.06896544992923737 0.25577932596206665 -0.030680932104587555 -0.06328980624675751 0.22034990787506104 -0.030981898307800293 -0.06520557403564453 0.227294921875 -0.030583713203668594 -0.06192339211702347 0.21806223690509796 -0.030537180602550507 -0.06149739772081375 0.21511556208133698 -0.031766004860401154 -0.06793439388275146 0.24268364906311035 -0.03165388107299805 -0.06928539276123047 0.2556886672973633 -0.031241677701473236 -0.06631073355674744 0.2359878420829773 -0.03108835220336914 -0.06635936349630356 0.23836548626422882 -0.030599001795053482 -0.06457013636827469 0.23171791434288025 -0.03064536303281784 -0.06377619504928589 0.22714877128601074 -0.030329091474413872 -0.06279202550649643 0.22505153715610504 -0.030446548014879227 -0.06195820868015289 0.22048065066337585 -0.03019971400499344 -0.06089026480913162 0.21840955317020416 -0.029902338981628418 -0.060634613037109375 0.21903228759765625 -0.03024490922689438 -0.058291807770729065 0.20955298840999603 -0.029947126284241676 -0.05850409343838692 0.2119297981262207 -0.030013583600521088 -0.05709594860672951 0.20754000544548035 -0.030176565051078796 -0.055731821805238724 0.20312625169754028 -0.02973201870918274 -0.05590466409921646 0.20552830398082733 -0.0302591435611248 -0.053620778024196625 0.19776058197021484 -0.029950927942991257 -0.05260995775461197 0.19693109393119812 -0.030344558879733086 -0.051286038011312485 0.19248715043067932 -0.030551910400390625 -0.0476226806640625 0.18488311767578125 -0.03036433644592762 -0.04691886901855469 0.18434664607048035 -0.03099675104022026 -0.044340312480926514 0.17792943120002747 -0.030732886865735054 -0.043900541961193085 0.17814059555530548 -0.03125094622373581 -0.04148269444704056 0.17292319238185883 -0.03192615881562233 -0.03772404417395592 0.16580995917320251 -0.031191926449537277 -0.04071588069200516 0.17202168703079224 -0.03166663646697998 -0.037290435284376144 0.16603851318359375 -0.03228716552257538 -0.03533410653471947 0.16188108921051025 -0.034618377685546875 -0.025325775146484375 0.14568328857421875 -0.03321462869644165 -0.03047560527920723 0.15409840643405914 -0.033491894602775574 -0.02753438614308834 0.15052229166030884 -0.03467997536063194 -0.023676570504903793 0.14438238739967346 -0.03482269495725632 -0.02205425128340721 0.14271004498004913 -0.035356875509023666 -0.021346809342503548 0.1409873068332672 -0.03714568912982941 -0.014510592445731163 0.13265642523765564 -0.03791236877441406 -0.01120758056640625 0.12921142578125 -0.03938484191894531 -0.0093536376953125 0.12583160400390625 -0.0390213243663311 -0.00934421643614769 0.12644138932228088 -0.03207235783338547 -0.0686747282743454 0.24485988914966583 -0.031770676374435425 -0.06797245144844055 0.24030065536499023 -0.031137559562921524 -0.06570246815681458 0.23137712478637695 -0.030842170119285583 -0.064266137778759 0.2269970178604126 -0.030879177153110504 -0.04735449701547623 0.18287494778633118 -0.031809329986572266 -0.039920806884765625 0.168548583984375 -0.032596588134765625 -0.035247802734375 0.16062164306640625 -0.033470507711172104 -0.030842823907732964 0.15342074632644653 -0.03405671566724777 -0.027820631861686707 0.14915528893470764 -0.03863878920674324 -0.012513061054050922 0.12833356857299805 -0.03942108154296875 -0.010395050048828125 0.1259002685546875 -0.030392691493034363 -0.06007833778858185 0.21381300687789917 -0.030254848301410675 -0.05006938800215721 0.19050416350364685 -0.032604239881038666 -0.03271932154893875 0.15808850526809692 -0.0352630615234375 -0.0227813720703125 0.142059326171875 -0.0359799861907959 -0.020502805709838867 0.1386570930480957 -0.0323852114379406 -0.0695502758026123 0.24701187014579773 -0.03135725110769272 -0.06707146763801575 0.23385977745056152 -0.03317832946777344 -0.07088470458984375 0.2552204132080078 -0.0316934734582901 -0.04153405874967575 0.17081406712532043 -0.03398853912949562 -0.02851155400276184 0.14980176091194153 -0.03042547032237053 -0.0651923418045044 0.235870361328125 -0.0299699567258358 -0.06398148834705353 0.23191484808921814 -0.029564382508397102 -0.06205963343381882 0.22530394792556763 -0.029223602265119553 -0.06060951203107834 0.2209499627351761 -0.029218632727861404 -0.05373436212539673 0.20143622159957886 -0.029246807098388672 -0.05538749694824219 0.2055511474609375 -0.0294342041015625 -0.050487518310546875 0.1935882568359375 -0.02927675098180771 -0.04911760240793228 0.19090420007705688 -0.029611054807901382 -0.04781658202409744 0.1877148449420929 -0.0298491008579731 -0.042539894580841064 0.17749358713626862 -0.030453404411673546 -0.038777921348810196 0.1704009771347046 -0.031140992417931557 -0.03543458133935928 0.16440005600452423 -0.03208310157060623 -0.030678309500217438 0.15657895803451538 -0.03109494410455227 -0.03411291539669037 0.16249549388885498 -0.032143786549568176 -0.029319917783141136 0.15470963716506958 -0.032578244805336 -0.026736244559288025 0.15092508494853973 -0.035715095698833466 -0.016089653596282005 0.13589441776275635 -0.036447055637836456 -0.013814827427268028 0.13302478194236755 -0.03725190460681915 -0.011520429514348507 0.130189448595047 -0.029013318940997124 -0.05768194794654846 0.21223430335521698 -0.033378928899765015 -0.023806698620319366 0.14655542373657227 -0.03487396240234375 -0.0192108154296875 0.139892578125 -0.029978057369589806 -0.06238798797130585 0.22518765926361084 -0.029611017554998398 -0.05883398652076721 0.21425804495811462 -0.029687412083148956 -0.05231320485472679 0.19705116748809814 -0.030102495104074478 -0.04662521928548813 0.1844775378704071 -0.030042018741369247 -0.04435698315501213 0.1804560422897339 -0.030904781073331833 -0.04036655277013779 0.17219233512878418 -0.030935611575841904 -0.03849731385707855 0.1692749261856079 -0.031625352799892426 -0.03448128327727318 0.16232800483703613 -0.03278528153896332 -0.029858026653528214 0.15444397926330566 -0.03348926454782486 -0.02591714635491371 0.14881648123264313 -0.03386738896369934 -0.023876933380961418 0.14605693519115448 -0.033504266291856766 -0.024368342012166977 0.14706891775131226 -0.034758709371089935 -0.021006081253290176 0.141841858625412 -0.036813169717788696 -0.014126642607152462 0.13287323713302612 -0.03821202367544174 -0.009261518716812134 0.12737594544887543 -0.029895387589931488 -0.04960157349705696 0.19070467352867126 -0.032078228890895844 -0.03351037949323654 0.16026172041893005 -0.0360693484544754 -0.017068199813365936 0.13633102178573608 -0.03859297186136246 -0.00961336586624384 0.12720730900764465 -0.03233855217695236 -0.06953436136245728 0.2555634379386902 -0.040053367614746094 -0.008428812026977539 0.12413811683654785 -0.040650248527526855 -0.0034074783325195312 0.12189602851867676 -0.04135322570800781 -0.001373291015625 0.12078857421875 -0.04149790108203888 -0.0024238803889602423 0.12076306343078613 -0.03964071348309517 -0.006942400708794594 0.12432665377855301 -0.0398406982421875 -0.0052700042724609375 0.12331867218017578 -0.04115009307861328 -0.00476837158203125 0.12153053283691406 -0.03988870978355408 -0.007202738896012306 0.12413100153207779 -0.03967750072479248 -0.0032339096069335938 0.1224522590637207 -0.039175987243652344 -0.003093719482421875 0.12257957458496094 -0.04035913944244385 -0.0007121562957763672 0.12125694751739502 -0.039099693298339844 -0.0044803619384765625 0.12332725524902344 -0.038680076599121094 -0.00585174560546875 0.12437820434570312 -0.038696371018886566 -0.004972101654857397 0.12380283325910568 -0.02353699877858162 0.007221689447760582 0.12071377784013748 -0.01799573376774788 0.007059562020003796 0.12113034725189209 -0.016887865960597992 0.008570481091737747 0.12073475122451782 -0.03713732957839966 -0.0037643490359187126 0.12348191440105438 -0.009068622253835201 0.01476910151541233 0.12000364810228348 -0.016105681657791138 0.013326706364750862 0.12003014236688614 -0.014108369126915932 0.013190203346312046 0.12004382908344269 -0.0031251912005245686 0.014311712235212326 0.12003888189792633 -3.5011908039450645E-08 0.013358116149902344 0.12009879946708679 -7.683411240577698E-09 0.01513528823852539 0.12000136077404022 -0.00219118595123291 0.015364558435976505 0.11999999731779099 -0.02377808280289173 -0.0024804144632071257 0.12634220719337463 -0.031449079513549805 -0.004394488409161568 0.12574359774589539 -0.033733729273080826 -0.0053258016705513 0.12576353549957275 -0.036142170429229736 -0.005980192683637142 0.12543167173862457 -0.040331631898880005 0.003116607666015625 0.12030375003814697 -0.03178596496582031 0.0068912506103515625 0.12025606632232666 -0.03959012031555176 0.006428718566894531 0.12002450227737427 -0.02179155871272087 0.009502341039478779 0.12030833959579468 -0.019089987501502037 0.00919131189584732 0.12048336118459702 -0.022170647978782654 0.00444416468963027 0.12181906402111053 -0.014039363712072372 0.005008198320865631 0.12231229245662689 -0.009697437286376953 0.007049560546875 0.12160348892211914 -0.008909225463867188 0.009357452392578125 0.12080049514770508 -0.0052947900258004665 0.0074531338177621365 0.1215786337852478 9.080395102500916E-09 0.007294654846191406 0.12170791625976562 5.459878593683243E-08 0.008825302124023438 0.12111568450927734 -1.3387762010097504E-08 0.01084136962890625 0.1205282211303711 -0.012627181597054005 0.011348225176334381 0.12026562541723251 -0.005521012470126152 0.01306651160120964 0.12012253701686859 -1.4132820069789886E-07 0.011791706085205078 0.12031936645507812 -0.03661959245800972 -0.004917159676551819 0.1244097426533699 -0.03279809281229973 -0.003492234740406275 0.12454776465892792 -0.03189295157790184 -0.002381599508225918 0.12398289144039154 -0.025596793740987778 -0.001359031070023775 0.12482822686433792 -0.03297781944274902 -0.0008582915761508048 0.12278448790311813 -0.026307951658964157 -8.228188380599022E-05 0.12370464205741882 -0.01987457275390625 0.0014777183532714844 0.12381839752197266 -0.005022469907999039 0.0025376174598932266 0.12456756830215454 -0.02725505828857422 0.0017538070678710938 0.12245368957519531 -2.2817403078079224E-07 0.0039768218994140625 0.12357330322265625 -0.005090999882668257 0.0037746229209005833 0.12361741065979004 -0.0070018768310546875 0.0050945281982421875 0.12269973754882812 -0.015062789432704449 0.001782699371688068 0.12426911294460297 -0.016272656619548798 0.003174522425979376 0.1231415644288063 -0.02932935580611229 0.0030548979993909597 0.12154737114906311 -0.03360145911574364 0.0012461801525205374 0.12166513502597809 -0.03238105773925781 0.00395965576171875 0.12087297439575195 -0.0298306941986084 0.009942054748535156 0.12001556158065796 -0.010361308231949806 0.0051073795184493065 0.12251316010951996 -0.01931062340736389 0.0036052209325134754 0.12254247069358826 -0.02213554084300995 0.0015569607494398952 0.1233876496553421 -0.025091446936130524 0.005128381308168173 0.12123569846153259 -0.03693199157714844 0.01692366600036621 0.1199629008769989 -0.02156166359782219 0.012911789119243622 0.12000363320112228 -1.6007106751203537E-09 0.006137847900390625 0.1222686767578125 -0.03930141031742096 0.00836324691772461 0.11999593675136566 -0.028456807136535645 0.028807997703552246 0.1199946179986 -0.01480838656425476 0.03763175010681152 0.119997039437294 0.02993917465209961 0.026936471462249756 0.11999545246362686 0.025784486904740334 0.012114630080759525 0.11999998986721039 0.02802717499434948 0.011504270136356354 0.11999998986721039 0.03970843553543091 0.006557464599609375 0.12001609057188034 0.011096298694610596 0.03919577598571777 0.11998578906059265 0.009113650768995285 0.01457221433520317 0.12001046538352966 0.019776729866862297 0.013475307263433933 0.11999999731779099 0.021583493798971176 0.01310824230313301 0.11999999731779099 0.024252858012914658 0.012390614487230778 0.12000180780887604 -2.478191163390875E-08 0.015042781829833984 0.12000301480293274 0.03812624141573906 -0.0067749712616205215 0.12531587481498718 0.03888893127441406 -0.0057239532470703125 0.1242218017578125 0.03944587707519531 -0.00403594970703125 0.12298011779785156 0.039170850068330765 -0.0032432093285024166 0.12265720218420029 0.03521530702710152 -0.001225738786160946 0.1225055605173111 -5.1158632885517363E-11 0.005712328478693962 0.1225135549902916 0.0068988800048828125 0.005440711975097656 0.12248849868774414 3.139618565128899E-09 0.003089474979788065 0.12424283474683762 0.0029163137078285217 0.0025263838469982147 0.12464722245931625 0.0025130235590040684 0.011602733284235 0.12035533785820007 4.470348358154297E-08 0.010370254516601562 0.12065315246582031 0.004318739287555218 0.009241927415132523 0.12093199044466019 6.891787052154541E-08 0.00768280029296875 0.12154960632324219 -1.2922100722789764E-08 0.0127716064453125 0.12018632888793945 0.02080424129962921 0.011813322082161903 0.12006168067455292 0.030324432998895645 0.007772975601255894 0.1202026754617691 0.04031181335449219 0.0043506622314453125 0.12011909484863281 0.03097057342529297 0.00572967529296875 0.1205451488494873 0.03989558666944504 0.0022905529476702213 0.12054857611656189 0.037246815860271454 0.0014665606431663036 0.12106455862522125 0.040463924407958984 0.001155853271484375 0.12070322036743164 0.040287017822265625 -0.000823974609375 0.12132644653320312 0.03990751504898071 0.0006075549172237515 0.12097421288490295 0.03943586349487305 -0.0023355484008789062 0.12214040756225586 0.0359753854572773 -0.006315656937658787 0.12578356266021729 0.0225067138671875 -0.000720977783203125 0.12506103515625 0.0216049887239933 0.007707423530519009 0.12070908397436142 0.020127449184656143 0.009731346741318703 0.12034064531326294 0.028204161673784256 0.004177548922598362 0.1212465763092041 0.019300706684589386 0.006233533378690481 0.12134020030498505 0.028893548995256424 0.0015684833051636815 0.12227899581193924 0.03496132045984268 0.0012189710978418589 0.12147221714258194 0.021197766065597534 0.0036537644919008017 0.12230392545461655 0.007434844970703125 0.0029649734497070312 0.1240854263305664 0.011196177452802658 0.0027795168571174145 0.12394319474697113 0.016018671914935112 0.0007902660290710628 0.124935582280159 0.031675346195697784 -0.0036765385884791613 0.12504136562347412 0.03118523396551609 -0.0023081861436367035 0.1241355687379837 0.017406605184078217 0.0013426977675408125 0.1242801770567894 0.012011975049972534 0.004197374451905489 0.12293167412281036 0.008931275457143784 0.011318165808916092 0.1203373372554779 0.030157089233398438 -0.00038814544677734375 0.12309074401855469 0.0214709285646677 0.0006179671036079526 0.12414589524269104 0.02084393799304962 0.0021108421497046947 0.1232454776763916 0.01461312361061573 0.004032357595860958 0.12280012667179108 0.012469768524169922 0.0068454742431640625 0.12154197692871094 0.01214742660522461 0.009283065795898438 0.1207280158996582 0.024005088955163956 0.0015048589557409286 0.1231047660112381 0.015099435113370419 0.011469530873000622 0.12019267678260803 0.013854572549462318 0.012708458118140697 0.12007508426904678 0.039558373391628265 -0.03940273076295853 0.09779508411884308 0.03428506851196289 -0.05095100402832031 0.11606597900390625 0.030061407014727592 -0.06343027949333191 0.1400378942489624 0.026052145287394524 -0.09111365675926208 0.22123660147190094 0.025817593559622765 -0.09001890569925308 0.21525081992149353 0.02629035897552967 -0.09342727065086365 0.23436680436134338 0.03181981295347214 -0.09474506974220276 0.27487868070602417 0.02929404191672802 -0.09439677000045776 0.2567138671875 0.029184818267822266 -0.09377408027648926 0.25412750244140625 0.031124042347073555 -0.09434854984283447 0.2694527506828308 0.028499390929937363 -0.09379561245441437 0.24868717789649963 0.028020232915878296 -0.0916631892323494 0.23825573921203613 0.026789963245391846 -0.08715438842773438 0.20882606506347656 0.026795433834195137 -0.08302120119333267 0.192630797624588 0.02680317498743534 -0.08502435684204102 0.20090323686599731 0.031394995748996735 -0.059012360870838165 0.13142241537570953 0.026200920343399048 -0.08973321318626404 0.21546970307826996 0.02666604518890381 -0.09225177764892578 0.22946739196777344 0.02790641412138939 -0.09541317820549011 0.2540018558502197 0.028033826500177383 -0.09457570314407349 0.24940051138401031 0.02964853309094906 -0.09511329233646393 0.2619669437408447 0.02947896346449852 -0.09595265984535217 0.2660985291004181 0.029749564826488495 -0.09559646248817444 0.26514187455177307 0.030387919396162033 -0.09618213772773743 0.27324989438056946 0.030471842736005783 -0.09557822346687317 0.2695133090019226 0.030930044129490852 -0.09595261514186859 0.27466392517089844 0.03207015246152878 -0.09599579125642776 0.28233975172042847 0.03327858820557594 -0.09562630951404572 0.28774523735046387 0.026831626892089844 -0.09324073791503906 0.23540496826171875 0.0272219255566597 -0.09493787586688995 0.24757827818393707 0.02700839564204216 -0.07829535007476807 0.17576520144939423 0.026380524039268494 -0.08289456367492676 0.18900549411773682 0.026578254997730255 -0.08335854113101959 0.19194795191287994 0.026305779814720154 -0.08565114438533783 0.1991613209247589 0.02648737281560898 -0.08800967782735825 0.20979222655296326 0.02704542875289917 -0.09147238731384277 0.22818756103515625 0.02760963886976242 -0.09329894930124283 0.2402687966823578 0.031884703785181046 -0.09527194499969482 0.27698928117752075 0.029041312634944916 -0.06753919273614883 0.14943575859069824 0.028360310941934586 -0.07079152762889862 0.1573660522699356 0.027263840660452843 -0.07787719368934631 0.17655861377716064 0.027333930134773254 -0.09081550687551498 0.22817113995552063 0.04131142422556877 -0.06544824689626694 0.29631567001342773 0.03629974275827408 -0.09012387692928314 0.29454219341278076 0.03734219819307327 -0.0883953869342804 0.29832202196121216 0.03682117164134979 -0.0906941294670105 0.3087102770805359 0.03472272306680679 -0.08891937136650085 0.3179766833782196 0.035940028727054596 -0.08842412382364273 0.3150297701358795 0.029649216681718826 -0.09069414436817169 0.32604214549064636 0.02282249554991722 -0.0895591527223587 0.3332775831222534 -0.0074634552001953125 -0.09328460693359375 0.3394737243652344 -0.01859182119369507 -0.08671694248914719 0.3368303179740906 -0.026583697646856308 -0.09061681479215622 0.3295747637748718 -0.027332589030265808 -0.09069418162107468 0.3288120627403259 -0.028930040076375008 -0.08842417597770691 0.3277943730354309 -0.03007064387202263 -0.08842417597770691 0.32636120915412903 -0.030915379524230957 -0.08916084468364716 0.32487550377845764 -0.034661855548620224 -0.08842417597770691 0.3184617757797241 -0.035944290459156036 -0.0895591676235199 0.3140704035758972 -0.03770852088928223 -0.08842416852712631 0.3042212724685669 -0.03687483072280884 -0.09069416671991348 0.29880744218826294 -0.037905219942331314 -0.08562275767326355 0.2977953851222992 -0.03966484218835831 -0.07681864500045776 0.29752784967422485 -0.038727059960365295 -0.08083181828260422 0.296525239944458 -0.03888780623674393 -0.08159521967172623 0.29854583740234375 -0.04097812622785568 -0.06673306226730347 0.2954358160495758 -0.04028867185115814 -0.07135121524333954 0.2955424189567566 -0.040667030960321426 -0.0724269226193428 0.2993159890174866 -0.04137900471687317 -0.06782074272632599 0.29924097657203674 0.04045291244983673 -0.07083754986524582 0.2959902882575989 0.04091813415288925 -0.07012377679347992 0.2982819676399231 0.03995019942522049 -0.07428992539644241 0.2964951694011688 0.03932788968086243 -0.07930703461170197 0.29848867654800415 0.03861479088664055 -0.08076435327529907 0.2958064675331116 0.03752148896455765 -0.08470624685287476 0.29436928033828735 -0.04124092310667038 -0.0701238363981247 0.30227580666542053 -0.0416145846247673 -0.06782074272632599 0.3042856454849243 -0.041532211005687714 -0.06782074272632599 0.3063053786754608 -0.04099611937999725 -0.0701238363981247 0.3082781434059143 -0.041073985397815704 -0.06782075017690659 0.3103209435939789 -0.040463827550411224 -0.06782075017690659 0.31329020857810974 -0.03966277837753296 -0.06782075017690659 0.3162137567996979 -0.0371529757976532 -0.0706978440284729 0.3213019073009491 -0.03648117557168007 -0.06782075017690659 0.3236341178417206 -0.03385169059038162 -0.06954807043075562 0.3273332715034485 -0.03129204362630844 -0.06897230446338654 0.3307519555091858 -0.022908689454197884 -0.06782075017690659 0.3383481502532959 -0.01943036913871765 -0.06782075017690659 0.34040626883506775 0.007063149008899927 -0.07558304071426392 0.343313068151474 0.01844966784119606 -0.06897227466106415 0.3406940698623657 0.027025308459997177 -0.07069958001375198 0.3346171975135803 0.02898406982421875 -0.073974609375 0.33208465576171875 0.032281577587127686 -0.07012380659580231 0.3292800784111023 0.03460029512643814 -0.07127534598112106 0.32572948932647705 0.03648126497864723 -0.067820705473423 0.3236341178417206 0.03721720725297928 -0.07069956511259079 0.3211875259876251 0.038824260234832764 -0.07127533853054047 0.3169981837272644 0.039882443845272064 -0.07012379169464111 0.31418129801750183 0.04107407480478287 -0.06782069802284241 0.3103209435939789 0.041351959109306335 -0.06782069057226181 0.30831873416900635 0.04153230041265488 -0.06782069057226181 0.3063053786754608 0.04161467403173447 -0.06782069057226181 0.3042856454849243 0.041598886251449585 -0.06782069057226181 0.3022643029689789 0.04112807661294937 -0.07012377679347992 0.30027496814727783 -0.04089856147766113 -0.0724269226193428 0.3042738437652588 -0.04041750729084015 -0.07472293078899384 0.306232750415802 -0.03997158259153366 -0.07472293823957443 0.31014055013656616 -0.03960686922073364 -0.07472294569015503 0.31207358837127686 -0.03953626751899719 -0.0724269300699234 0.31408947706222534 -0.03865639492869377 -0.0724269300699234 0.3169357180595398 -0.035354338586330414 -0.0724269300699234 0.3241482079029083 -0.026344168931245804 -0.07357493788003922 0.33461275696754456 -0.023303985595703125 -0.0774688720703125 0.336181640625 -0.020625673234462738 -0.07472294569015503 0.3384580910205841 -0.01811303198337555 -0.07357493788003922 0.3400379419326782 -0.014185506850481033 -0.07472294569015503 0.3415132761001587 -0.012357756495475769 -0.07815909385681152 0.34148257970809937 0.012309551239013672 -0.07697868347167969 0.34188318252563477 0.02032470703125 -0.0765533447265625 0.3383636474609375 0.02251460775732994 -0.07242690026760101 0.33775025606155396 0.024146169424057007 -0.07242690026760101 0.3366168141365051 0.031207328662276268 -0.07587090879678726 0.32905158400535583 0.035774312913417816 -0.07587090134620667 0.32213521003723145 0.03999903053045273 -0.07242687791585922 0.3121574819087982 0.04036734998226166 -0.07242687791585922 0.31020528078079224 0.0406404547393322 -0.07242687046527863 0.3082375228404999 0.04081769287586212 -0.07242687046527863 0.30625882744789124 0.0408908948302269 -0.07242687046527863 0.3032805919647217 -0.039529576897621155 -0.07930708676576614 0.3004041910171509 -0.03963811695575714 -0.07930708676576614 0.3023272752761841 -0.03965315967798233 -0.07930708676576614 0.30425333976745605 -0.03984364867210388 -0.07701894640922546 0.3081466257572174 -0.0387611985206604 -0.07701895385980606 0.31388384103775024 -0.03821616247296333 -0.07701895385980606 0.315753698348999 -0.03698824346065521 -0.07930709421634674 0.31788209080696106 -0.03471147641539574 -0.0781630277633667 0.32321763038635254 -0.03250601887702942 -0.0781630277633667 0.3266851305961609 -0.0307623203843832 -0.07701895385980606 0.3293267488479614 -0.028643878176808357 -0.0781630277633667 0.3313314616680145 -0.008269540965557098 -0.08159089088439941 0.3419000804424286 -0.005822896026074886 -0.07701894640922546 0.3432772159576416 0.0002689361572265625 -0.07973480224609375 0.34323883056640625 0.003889660583809018 -0.07701894640922546 0.3435131311416626 0.02480374090373516 -0.07873503118753433 0.33465003967285156 0.03362654149532318 -0.07873501628637314 0.3248172700405121 0.03583884239196777 -0.08048057556152344 0.32013893127441406 0.03821625933051109 -0.07701890170574188 0.315753698348999 0.03898809850215912 -0.07701890170574188 0.31293678283691406 0.03957599774003029 -0.07701890170574188 0.3100757896900177 0.03984374552965164 -0.07701889425516129 0.3081466257572174 0.039574772119522095 -0.07930703461170197 0.30617785453796387 0.04009687900543213 -0.07701889425516129 0.30426064133644104 0.04008166864514351 -0.07701889425516129 0.30231302976608276 0.03952967748045921 -0.07930703461170197 0.3004041910171509 -0.039046965539455414 -0.08159522712230682 0.30709749460220337 -0.03870018199086189 -0.08159522712230682 0.30993250012397766 -0.03812528774142265 -0.08159522712230682 0.31273016333580017 -0.03675570338964462 -0.08387470245361328 0.3157762885093689 -0.0352487750351429 -0.08159523457288742 0.3207850754261017 -0.03300139307975769 -0.08387470245361328 0.32386845350265503 -0.02945314347743988 -0.08159523457288742 0.3294728994369507 -0.024816039949655533 -0.0844445675611496 0.33316075801849365 -0.016602031886577606 -0.08159523457288742 0.3391270935535431 -0.013378143310546875 -0.083953857421875 0.3400421142578125 -0.004689881578087807 -0.08387469500303268 0.3420320451259613 0.019193043932318687 -0.08501441776752472 0.3369482755661011 0.02158481813967228 -0.08159520477056503 0.33633992075920105 0.028824765235185623 -0.08159519731998444 0.3301883637905121 0.029402267187833786 -0.0838746652007103 0.32879436016082764 0.031151182949543 -0.0838746652007103 0.32659682631492615 0.033480025827884674 -0.0838746577501297 0.32304510474205017 0.036293819546699524 -0.0838746577501297 0.3171154856681824 0.037637121975421906 -0.08159518241882324 0.31457048654556274 0.03783997893333435 -0.08444451540708542 0.311214804649353 0.03896211087703705 -0.08159518241882324 0.30804598331451416 0.03920220583677292 -0.08159517496824265 0.30329376459121704 -0.03817029669880867 -0.08615416288375854 0.30144548416137695 -0.038161445409059525 -0.08615416288375854 0.3060857951641083 -0.03786807507276535 -0.08615416288375854 0.3088555932044983 -0.03739605471491814 -0.08615416288375854 0.31160059571266174 -0.033947475254535675 -0.08615417033433914 0.3211835026741028 0.021049518138170242 -0.08615414053201675 0.3355279564857483 0.036963604390621185 -0.08615411818027496 0.3134068548679352 0.037995852530002594 -0.08615411818027496 0.3079357445240021 0.03819940239191055 -0.08615411072969437 0.3051578998565674 0.038170408457517624 -0.08615411072969437 0.30144548416137695 0.039718009531497955 -0.06480210274457932 0.28698068857192993 0.04076428338885307 -0.06301043927669525 0.2916596531867981 0.039594173431396484 -0.06424427032470703 0.28598976135253906 0.04017066955566406 -0.06257057189941406 0.28936004638671875 0.039487361907958984 -0.06382179260253906 0.2858009338378906 0.04081457108259201 -0.06216059997677803 0.2925516963005066 0.03809066116809845 -0.06425265222787857 0.281691312789917 0.03300187736749649 -0.07039599865674973 0.25533080101013184 0.03299699351191521 -0.07038582861423492 0.25533321499824524 0.03307342529296875 -0.07053375244140625 0.2552986145019531 0.034541402012109756 -0.06810847669839859 0.2696365416049957 0.03331589698791504 -0.07164764404296875 0.25506591796875 0.033237457275390625 -0.0710296630859375 0.25518798828125 0.03352930396795273 -0.07154920697212219 0.2571062743663788 0.033057842403650284 -0.07164391875267029 0.2529070973396301 0.033302582800388336 -0.07191162556409836 0.2550228536128998 0.03330264985561371 -0.07191015779972076 0.2550230920314789 0.03399459272623062 -0.07231532037258148 0.26016587018966675 0.03867022320628166 -0.06609010696411133 0.28224682807922363 0.0324094295501709 -0.06955301761627197 0.2599501609802246 0.03314208984375 -0.06971907615661621 0.26206111907958984 0.03343230485916138 -0.06937722861766815 0.264211505651474 0.034070491790771484 -0.06872129440307617 0.2675018310546875 0.03183317184448242 -0.06943297386169434 0.2556433081626892 0.03271675109863281 -0.06993675231933594 0.2554473876953125 0.0322265625 -0.06939697265625 0.255584716796875 0.032524943351745605 -0.06980204582214355 0.2554960548877716 0.033553700894117355 -0.06966786831617355 0.26355886459350586 0.034102439880371094 -0.06963467597961426 0.26526451110839844 0.0363008975982666 -0.06800490617752075 0.27330470085144043 0.03535276651382446 -0.06926669180393219 0.2692398428916931 0.03476905822753906 -0.06971549987792969 0.26696014404296875 0.03419303894042969 -0.07011890411376953 0.26432037353515625 0.03344988822937012 -0.07094210386276245 0.25795769691467285 0.03368020057678223 -0.07142210006713867 0.2585020065307617 0.034117698669433594 -0.07170815765857697 0.26102328300476074 0.03558349609375 -0.07038688659667969 0.2689247131347656 0.03473043441772461 -0.07113015651702881 0.2647371292114258 0.03515246510505676 -0.0702262818813324 0.26738792657852173 0.036005936563014984 -0.06930670142173767 0.2711246609687805 0.036762237548828125 -0.06836700439453125 0.274322509765625 0.03722025826573372 -0.06611700356006622 0.27761930227279663 0.03854852914810181 -0.06420612335205078 0.2827901244163513 0.0346452035009861 -0.07052411139011383 0.2651461958885193 0.03621673583984375 -0.07012510299682617 0.2718238830566406 0.03484773635864258 -0.07175248861312866 0.2651071548461914 0.0316859632730484 -0.04157208651304245 0.17086033523082733 0.03215085715055466 -0.03849627077579498 0.16537542641162872 0.032680511474609375 -0.03508567810058594 0.1599273681640625 0.030536865815520287 -0.05361085757613182 0.19478946924209595 0.030597329139709473 -0.05154991149902344 0.19126510620117188 0.030440598726272583 -0.056179046630859375 0.20119667053222656 0.032895173877477646 -0.0708509236574173 0.2514316737651825 0.0332956537604332 -0.07140299677848816 0.25511521100997925 0.0327477902173996 -0.07008415460586548 0.2515963017940521 0.03231997787952423 -0.028015147894620895 0.15281999111175537 0.0377718023955822 -0.008792510256171227 0.127337247133255 0.039035871624946594 -0.010227655060589314 0.12683826684951782 0.03953361511230469 -0.0095367431640625 0.12557220458984375 0.03933936730027199 -0.008873024955391884 0.12569543719291687 0.037835121154785156 -0.014293670654296875 0.1309661865234375 0.03865797817707062 -0.010415516793727875 0.1276206225156784 0.03762039914727211 -0.013619961217045784 0.13124386966228485 0.036609649658203125 -0.0168304443359375 0.13519287109375 0.037601470947265625 -0.012664794921875 0.13065338134765625 0.035736083984375 -0.0185089111328125 0.1379852294921875 0.03482155501842499 -0.02207096293568611 0.1426977813243866 0.03458404541015625 -0.0255126953125 0.14591217041015625 0.03432705998420715 -0.024841943755745888 0.14616680145263672 0.03379135951399803 -0.028016624972224236 0.15024127066135406 0.03361324220895767 -0.02684944123029709 0.14960390329360962 0.033136460930109024 -0.03032085672020912 0.1541888415813446 0.031189586967229843 -0.044162996113300323 0.1767326295375824 0.03127514570951462 -0.04083005338907242 0.17196598649024963 0.030805587768554688 -0.045345306396484375 0.18026351928710938 0.03037269227206707 -0.04692956060171127 0.18434181809425354 0.030456310138106346 -0.048199184238910675 0.18629465997219086 0.03026275336742401 -0.05687236785888672 0.20547866821289062 0.030059901997447014 -0.05551023781299591 0.20321285724639893 0.030006954446434975 -0.05783785879611969 0.20972217619419098 0.03035905957221985 -0.06119966506958008 0.21834564208984375 0.029911981895565987 -0.05986233055591583 0.21633264422416687 0.030671291053295135 -0.06344716995954514 0.22484080493450165 0.03016483783721924 -0.06197929382324219 0.22272300720214844 0.03084179013967514 -0.06460757553577423 0.22930100560188293 0.03043074905872345 -0.06392736732959747 0.2295142114162445 0.03105473704636097 -0.06569544970989227 0.23377543687820435 0.03652763366699219 -0.0186767578125 0.13619232177734375 0.03557872772216797 -0.021373748779296875 0.140380859375 0.03397756814956665 -0.02833375334739685 0.14976981282234192 0.03334088623523712 -0.030759595334529877 0.15393000841140747 0.031385645270347595 -0.04371729865670204 0.17494580149650574 0.031750816851854324 -0.039634644985198975 0.16870009899139404 0.030594488605856895 -0.04962630569934845 0.18818023800849915 0.03024541586637497 -0.05057457089424133 0.19154158234596252 0.030319062992930412 -0.0542554035782814 0.1987479329109192 0.030381957069039345 -0.0597405880689621 0.21271014213562012 0.030709587037563324 -0.06320204585790634 0.22250165045261383 0.03141573816537857 -0.06681828200817108 0.23584672808647156 0.03168436139822006 -0.06766273081302643 0.24038121104240417 0.031526945531368256 -0.06729600578546524 0.24048051238059998 0.032608360052108765 -0.0699797049164772 0.24926841259002686 0.03246903419494629 -0.06981039047241211 0.25549787282943726 0.03263465315103531 -0.0344216525554657 0.159761443734169 0.03264766186475754 -0.03278026357293129 0.15805530548095703 0.032055966556072235 -0.035682935267686844 0.16299813985824585 0.03003460355103016 -0.052253998816013336 0.195832759141922 0.033314529806375504 -0.07165424525737762 0.25506776571273804 0.03221249580383301 -0.06938286125659943 0.2446942925453186 0.03202056512236595 -0.06929229199886322 0.24234738945960999 0.031184595078229904 -0.06602449715137482 0.23128843307495117 0.03133843466639519 -0.06719784438610077 0.2335314303636551 0.030959738418459892 -0.06517556309700012 0.2267877161502838 0.030970454216003418 -0.047303199768066406 0.18197250366210938 0.030413798987865448 -0.057938575744628906 0.20587259531021118 0.03049360029399395 -0.06068360432982445 0.21296867728233337 0.030662238597869873 -0.06292533874511719 0.21973323822021484 0.033687468618154526 -0.029924077913165092 0.15190893411636353 0.03179931640625 -0.06918716430664062 0.25568580627441406 0.028870239853858948 -0.056831274181604385 0.21009857952594757 0.038324590772390366 -0.008483253419399261 0.12662562727928162 0.03708117827773094 -0.01140625961124897 0.13023284077644348 0.036022771149873734 -0.015239676460623741 0.13477686047554016 0.036083243787288666 -0.01378687098622322 0.13332363963127136 0.03538881242275238 -0.018398258835077286 0.13846591114997864 0.034957244992256165 -0.017752818763256073 0.1383097767829895 0.03394961357116699 -0.022765129804611206 0.14472347497940063 0.03432087227702141 -0.019856184720993042 0.14115437865257263 0.03187623992562294 -0.033325035125017166 0.16035377979278564 0.031224006786942482 -0.03352353721857071 0.1615157574415207 0.03082539141178131 -0.036519505083560944 0.16640979051589966 0.030577626079320908 -0.03885997459292412 0.17036503553390503 0.03021836280822754 -0.04180908203125 0.17565155029296875 0.029756717383861542 -0.04526805505156517 0.1825607568025589 0.029427267611026764 -0.04819820076227188 0.18879953026771545 0.02933737263083458 -0.05157075077295303 0.19611066579818726 0.029133915901184082 -0.05368804931640625 0.20148468017578125 0.02904936671257019 -0.05614358186721802 0.20790043473243713 0.02995719015598297 -0.06346745043992996 0.22966906428337097 0.030068257823586464 -0.06455326080322266 0.23413994908332825 0.02918708510696888 -0.0605834424495697 0.22095945477485657 0.03896808624267578 -0.007843017578125 0.125579833984375 0.03759765625 -0.0121612548828125 0.1303253173828125 0.036789920181035995 -0.01433514803647995 0.13307586312294006 0.03469805419445038 -0.02052827551960945 0.14145848155021667 0.03263472765684128 -0.030812961980700493 0.15587502717971802 0.0330166220664978 -0.027038639411330223 0.1507861614227295 0.03144512698054314 -0.037694066762924194 0.16711974143981934 0.03153745085000992 -0.034411340951919556 0.16236108541488647 0.03103911690413952 -0.03666342422366142 0.16634570062160492 0.0309588722884655 -0.04042636975646019 0.17216496169567108 0.030018838122487068 -0.04654648154973984 0.18451184034347534 0.03022991120815277 -0.04451613128185272 0.18038691580295563 0.0296523105353117 -0.05036767199635506 0.19287735223770142 0.02951199933886528 -0.05802411586046219 0.21210604906082153 0.02936919406056404 -0.05636826902627945 0.2078149914741516 0.029491880908608437 -0.05944238603115082 0.21648357808589935 0.030561327934265137 -0.06502246856689453 0.2343916893005371 0.029906395822763443 -0.04961281269788742 0.190699964761734 0.029880469664931297 -0.05346338823437691 0.19906896352767944 0.02975192852318287 -0.05508407950401306 0.20337897539138794 0.029727090150117874 -0.05746962130069733 0.20985841751098633 0.029732942581176758 -0.06163167953491211 0.22315216064453125 0.03422814980149269 -0.023835301399230957 0.14543762803077698 0.0309763140976429 -0.06620940566062927 0.23841077089309692 0.04105257987976074 -0.0044403076171875 0.12165260314941406 0.04032120853662491 -0.007977152243256569 0.12347228080034256 0.04120159149169922 -0.004913330078125 0.12139511108398438 0.04013991355895996 -0.002521514892578125 0.1219778060913086 0.04104762524366379 -0.0013455105945467949 0.12103735655546188 0.040482521057128906 -0.004116058349609375 0.12225341796875 0.03995339944958687 -0.007882256992161274 0.12426092475652695 0.03985023498535156 -0.00664520263671875 0.12390899658203125 -0.04849191755056381 -0.02445320226252079 0.0735548660159111 -0.048342734575271606 -0.02382078766822815 0.0726827085018158 -0.04945922642946243 -0.02319154143333435 0.0750998854637146 -0.049522221088409424 -0.02282857894897461 0.07427471876144409 -0.04929518699645996 -0.023493587970733643 0.07584929466247559 0.049095720052719116 -0.022239908576011658 0.07264121621847153 0.048954516649246216 -0.023638248443603516 0.07367300987243652 0.04952246695756912 -0.023034751415252686 0.07479798793792725 0.049380749464035034 -0.02325170300900936 0.07589302957057953 0.025096554309129715 -0.04650001600384712 0.07130782306194305 -0.04671435430645943 -0.022673629224300385 0.07016664743423462 -0.04080090671777725 -0.033576399087905884 0.07130783051252365 -0.03855889290571213 -0.03614683449268341 0.07130783051252365 -0.03632015734910965 -0.03711023926734924 0.07016663253307343 -0.03468995913863182 -0.03863845765590668 0.07016663253307343 -0.03299552947282791 -0.040095120668411255 0.07016663253307343 -0.030874423682689667 -0.04288191348314285 0.07130782306194305 -0.02609722502529621 -0.045959945768117905 0.07130782306194305 -0.02307272143661976 -0.047536700963974 0.07130782306194305 -0.019962765276432037 -0.04893740266561508 0.07130782306194305 -0.016760429367423058 -0.05011163651943207 0.07130782306194305 -0.01239054650068283 -0.05136694014072418 0.07130782306194305 -0.00792892836034298 -0.052241940051317215 0.07130782306194305 -0.0034086075611412525 -0.05273015797138214 0.07130782306194305 3.381277480229983E-08 -0.05285244807600975 0.07130782306194305 0.00454348511993885 -0.05265679210424423 0.07130782306194305 0.007928995415568352 -0.05224192887544632 0.07130782306194305 0.011285139247775078 -0.05163358151912689 0.07130782306194305 0.014589060097932816 -0.05078629404306412 0.07130782306194305 0.01783894933760166 -0.0497509129345417 0.07130782306194305 0.021006284281611443 -0.048485297709703445 0.07130782306194305 0.029951613396406174 -0.04354632645845413 0.07130782306194305 0.03613848239183426 -0.03854994848370552 0.07130782306194305 0.04007835313677788 -0.03445442393422127 0.07130783051252365 0.04214011877775192 -0.03034031018614769 0.07016663253307343 0.045387811958789825 -0.027080046012997627 0.07130783796310425 0.04754772409796715 -0.02307804673910141 0.07130783796310425 0.050798092037439346 -0.014592355117201805 0.07130784541368484 0.05184046924114227 -0.014032959938049316 0.07238659262657166 0.05057200416922569 -0.016566794365644455 0.07178308814764023 0.052598029375076294 0.008115358650684357 0.07178309559822083 0.05316819250583649 0.006687795277684927 0.07225833833217621 0.053463660180568695 0.00445675291121006 0.07231276482343674 0.04990776255726814 0.014336705207824707 0.07016666233539581 0.05160781741142273 0.015001863241195679 0.07245621085166931 0.052384600043296814 0.012688003480434418 0.07265785336494446 0.050300586968660355 0.01877317577600479 0.07237773388624191 0.049244754016399384 0.016470573842525482 0.07016666978597641 0.047646574676036835 0.020642917603254318 0.07016666978597641 0.0492657870054245 0.021618694067001343 0.07252931594848633 0.04671435430645943 0.02267366647720337 0.070166677236557 0.047033362090587616 0.02490309439599514 0.07178311049938202 0.045527383685112 0.027557406574487686 0.07178311049938202 0.04674422740936279 0.026449380442500114 0.07242880761623383 0.04289182275533676 0.030881647020578384 0.07130787521600723 0.042563773691654205 0.03281225636601448 0.07244670391082764 0.04487428069114685 0.02965487167239189 0.0725003182888031 0.03855889290571213 0.036146871745586395 0.07130787521600723 0.037714868783950806 0.03754314035177231 0.07178311049938202 0.040627479553222656 0.03534241393208504 0.07261717319488525 0.027558742091059685 0.04400957375764847 0.0701666846871376 0.028316140174865723 0.04565778374671936 0.07240055501461029 0.029426615685224533 0.042783189564943314 0.0701666846871376 0.03201878070831299 0.04302546754479408 0.07228495180606842 0.025363970547914505 0.047116950154304504 0.07211993634700775 0.017526235431432724 0.04887901619076729 0.0701666921377182 0.014940597116947174 0.051528200507164 0.07231442630290985 0.01713719591498375 0.05090440437197685 0.07242881506681442 0.019526615738868713 0.04995977133512497 0.07231377065181732 0.00792892836034298 0.0522419735789299 0.07130788266658783 0.00805211067199707 0.05334065109491348 0.07275041937828064 0.010435938835144043 0.05290861427783966 0.07272189855575562 0.011900346726179123 0.05234237015247345 0.07235507667064667 0.0044637881219387054 0.05173395201563835 0.0701666921377182 0.005906851030886173 0.0533820241689682 0.07242880761623383 0.0028508082032203674 0.05364039167761803 0.07241056859493256 -0.00481366366147995 0.05377526581287384 0.07281440496444702 -0.00454348511993885 0.05265682935714722 0.07130788266658783 -0.006944730412214994 0.052949208766222 0.07202072441577911 -0.0005308687686920166 0.053778186440467834 0.07249492406845093 -0.009114839136600494 0.05303429067134857 0.07253885269165039 -0.00889462698251009 0.05115870386362076 0.0701666921377182 -0.01266336441040039 0.05212530493736267 0.0723053440451622 -0.014984354376792908 0.05183829367160797 0.07277926802635193 -0.0156820360571146 0.050472356379032135 0.07130788266658783 -0.017086833715438843 0.051168859004974365 0.0727522075176239 -0.018799573183059692 0.05029360204935074 0.07237525284290314 -0.019612953066825867 0.048079714179039 0.0701666921377182 -0.023006178438663483 0.048582710325717926 0.07247484475374222 -0.02737469971179962 0.04622899740934372 0.07243168354034424 -0.025518424808979034 0.04719376191496849 0.07234357297420502 -0.024095822125673294 0.04704015702009201 0.07130788266658783 -0.031797342002391815 0.04221745580434799 0.07130788266658783 -0.03270349279046059 0.04252682626247406 0.07234357297420502 -0.0298684760928154 0.04465775936841965 0.07240019738674164 -0.03299558162689209 0.040095120668411255 0.0701666846871376 -0.035091497004032135 0.04051690548658371 0.07225100696086884 -0.044169265776872635 0.030445551499724388 0.07230739295482635 -0.04111060872673988 0.03459197282791138 0.07242067903280258 -0.04152355343103409 0.03269830346107483 0.07130787521600723 -0.04849058389663696 0.018573880195617676 0.07016666978597641 -0.05057075619697571 0.017806164920330048 0.0722714215517044 -0.04909372329711914 0.021703198552131653 0.07235731929540634 -0.05364909768104553 0.0033693714067339897 0.07245245575904846 -0.052840232849121094 0.0011371633736416698 0.07130785286426544 -0.053605251014232635 -0.0020709875971078873 0.07229752093553543 -0.050798069685697556 -0.014592420309782028 0.07130784541368484 -0.051367610692977905 -0.016378186643123627 0.07267321646213531 -0.0522674024105072 -0.013174086809158325 0.07266460359096527 -0.04849056154489517 -0.018573906272649765 0.07016664743423462 -0.05039773881435394 -0.018893418833613396 0.07255369424819946 -0.04871302843093872 -0.021431593224406242 0.07178308814764023 -0.046190015971660614 -0.01656210795044899 0.06679850071668625 -0.04836627468466759 -0.01617671549320221 0.0690254494547844 -0.04836629703640938 0.01617669314146042 0.06902547180652618 0.0021116023417562246 -0.0490354560315609 0.06679847836494446 -0.0010557540226727724 -0.049058180302381516 0.06679847836494446 0.005269186571240425 -0.04878581315279007 0.06679847836494446 0.008407256565988064 -0.04835548624396324 0.06679847836494446 0.011506420560181141 -0.047701381146907806 0.06679847836494446 0.014562969096004963 -0.04687061905860901 0.06679847836494446 0.017552126199007034 -0.04582294821739197 0.06679847836494446 0.021426312625408173 -0.04414445906877518 0.06679847836494446 0.025141868740320206 -0.04213913530111313 0.06679848581552505 0.028671279549598694 -0.03982182592153549 0.06679848581552505 0.031797297298908234 -0.038638968020677567 0.06791196018457413 0.033559650182724 -0.03579902648925781 0.06679849326610565 0.03651287406682968 -0.032781556248664856 0.06679849326610565 0.03856043890118599 -0.03036491759121418 0.06679849326610565 0.04042955860495567 -0.02780776098370552 0.06679849326610565 0.04214894399046898 -0.025147613137960434 0.06679849326610565 0.04367327690124512 -0.022371090948581696 0.06679849326610565 0.04503586143255234 -0.019511718302965164 0.06679850071668625 0.046190038323402405 -0.016562050208449364 0.06679850071668625 0.047442808747291565 -0.012530023232102394 0.06679850816726685 0.04834432527422905 -0.008405227214097977 0.06679850816726685 0.04888791963458061 -0.0042182025499641895 0.06679850816726685 0.04906956106424332 5.2619725465774536E-08 0.06679850816726685 0.048887912184000015 0.004218307789415121 0.06679851561784744 0.048344314098358154 0.008405331522226334 0.06679852306842804 0.047712452709674835 0.011509106494486332 0.06679852306842804 0.04685979336500168 0.014559619128704071 0.06679852306842804 0.04583358392119408 0.017556210979819298 0.06679852306842804 0.04459527134895325 0.02047155797481537 0.06679852306842804 0.0426703542470932 0.024229397997260094 0.06679852306842804 0.04042952135205269 0.027807854115962982 0.06679853051900864 0.03931419923901558 0.030958596616983414 0.0679120123386383 0.0365128368139267 0.03278164565563202 0.06679853796958923 0.034330036491155624 0.03507687523961067 0.06679853796958923 0.03198837488889694 0.03720977157354355 0.06679853796958923 0.028671229258179665 0.03982190415263176 0.06679853796958923 0.02514181286096573 0.0421392098069191 0.06679853796958923 0.021426256746053696 0.04414452612400055 0.06679853796958923 0.01755206659436226 0.04582301527261734 0.06679853796958923 0.014562909491360188 0.046870678663253784 0.06679853796958923 0.011506359092891216 0.04770144075155258 0.06679853796958923 0.007363121956586838 0.048514001071453094 0.06679853796958923 0.0031653698533773422 0.048967376351356506 0.06679853796958923 -0.001055816886946559 0.0490582212805748 0.06679853796958923 -0.004219262860715389 0.04889925196766853 0.06679853796958923 -0.007363183423876762 0.0485139936208725 0.06679853796958923 -0.011506420560181141 0.04770142585039139 0.06679853796958923 -0.015564467757940292 0.04653569683432579 0.06679853796958923 -0.019507281482219696 0.04502543807029724 0.06679853796958923 -0.02330566942691803 0.04318182170391083 0.06679853796958923 -0.026931509375572205 0.04101850092411041 0.06679853796958923 -0.030357956886291504 0.03855149447917938 0.06679853796958923 -0.033559650182724 0.035799071192741394 0.06679853796958923 -0.03651287406682968 0.03278159722685814 0.06679853796958923 -0.039195772260427475 0.02952142432332039 0.06679853051900864 -0.04158847779035568 0.02604268491268158 0.06679852306842804 -0.04367327690124512 0.022371135652065277 0.06679852306842804 -0.04543473571538925 0.01853395625948906 0.06679852306842804 -0.04503583908081055 -0.01951177604496479 0.06679850071668625 -0.04367324709892273 -0.022371146827936172 0.06679849326610565 -0.04214891418814659 -0.02514766715466976 0.06679849326610565 -0.04042952135205269 -0.02780781127512455 0.06679849326610565 -0.03788936883211136 -0.03118038736283779 0.06679849326610565 -0.03506868705153465 -0.034322112798690796 0.06679849326610565 -0.03198837488889694 -0.037209734320640564 0.06679849326610565 -0.028671229258179665 -0.03982186317443848 0.06679848581552505 -0.026048695668578148 -0.041598089039325714 0.06679848581552505 -0.023305613547563553 -0.043181806802749634 0.06679847836494446 -0.01950722187757492 -0.04502541571855545 0.06679847836494446 -0.015564408153295517 -0.046535674482584 0.06679847836494446 -0.012532944791018963 -0.04745376855134964 0.06679847836494446 -0.009443484246730804 -0.04815226048231125 0.06679847836494446 -0.005269124172627926 -0.04878581687808037 0.06679847836494446 -0.0448804646730423 -0.024222437292337418 0.0690254494547844 -0.04679660499095917 -0.020274627953767776 0.0690254494547844 -0.04633883386850357 0.021271871402859688 0.06902547180652618 -0.044338665902614594 0.0251766350120306 0.06902547925710678 -0.04201023280620575 0.028894999995827675 0.06902547925710678 -0.03937076777219772 0.032399438321590424 0.06902548670768738 -0.036439813673496246 0.03566399961709976 0.06902548670768738 -0.0340711735188961 0.037949178367853165 0.06902548670768738 -0.029792239889502525 0.04137878119945526 0.06902548670768738 -0.02706717513501644 0.043224453926086426 0.06902548670768738 -0.024216849356889725 0.04487009346485138 0.06902548670768738 -0.02127683535218239 0.04634955897927284 0.06902549415826797 -0.016172990202903748 0.0483550988137722 0.06902549415826797 -0.011956285685300827 0.04956640303134918 0.06902549415826797 -0.006566168274730444 0.05057539790868759 0.06902549415826797 -0.0032891915179789066 0.050881847739219666 0.06902549415826797 0.0010970308212563396 0.05097624659538269 0.06902549415826797 0.0065661040134727955 0.05057540535926819 0.06902549415826797 0.009812695905566216 0.050034910440444946 0.06902549415826797 0.014077610336244106 0.0490061454474926 0.06902549415826797 0.02026989683508873 0.04678581655025482 0.06902549415826797 0.0242167916148901 0.04487012326717377 0.06902548670768738 0.03154481202363968 0.04005878046154976 0.06902548670768738 0.03487168252468109 0.0371987447142601 0.06902548670768738 0.0379403755068779 0.03406330943107605 0.06902548670768738 0.042010195553302765 0.028895054012537003 0.06902547925710678 0.044338636100292206 0.025176692754030228 0.06902547925710678 0.04762553796172142 0.018242603167891502 0.06902547180652618 0.04957786202430725 0.011959074065089226 0.06902547180652618 0.05023442953824997 0.008733952417969704 0.06902547180652618 0.050799280405044556 0.004383228253573179 0.06902546435594559 0.050988033413887024 5.2386894822120667E-08 0.06902546435594559 0.05079928785562515 -0.004383123479783535 0.06902545690536499 0.050234436988830566 -0.008733848109841347 0.06902545690536499 0.049297675490379333 -0.013019910082221031 0.06902545690536499 0.04836629703640938 -0.016176654025912285 0.0690254494547844 0.047211095690727234 -0.019258536398410797 0.0690254494547844 0.04538077116012573 -0.023245736956596375 0.0690254494547844 0.04321446269750595 -0.02706083282828331 0.0690254420042038 0.03937076777219772 -0.03239939734339714 0.0690254420042038 0.03720733895897865 -0.034879736602306366 0.0690254420042038 0.03487172722816467 -0.037198662757873535 0.0690254420042038 0.029792239889502525 -0.04137874022126198 0.0690254345536232 0.02612483873963356 -0.04378664493560791 0.0690254345536232 0.022264016792178154 -0.04587037116289139 0.0690254345536232 0.019263075664639473 -0.04722198098897934 0.0690254345536232 0.016172990202903748 -0.04835505783557892 0.0690254271030426 0.011956285685300827 -0.0495663657784462 0.0690254271030426 0.008735955692827702 -0.050246041268110275 0.0690254271030426 0.005475196056067944 -0.05069319158792496 0.0690254271030426 0.0010970960138365626 -0.050976209342479706 0.0690254271030426 -0.0032891263253986835 -0.05088181048631668 0.0690254271030426 -0.007650997489690781 -0.05041071027517319 0.0690254271030426 -0.011956222355365753 -0.04956638067960739 0.0690254271030426 -0.01513227540999651 -0.048703137785196304 0.0690254271030426 -0.01823829859495163 -0.04761451482772827 0.0690254345536232 -0.02226395718753338 -0.045870400965213776 0.0690254345536232 -0.026124782860279083 -0.043786682188510895 0.0690254345536232 -0.029792187735438347 -0.04137878119945526 0.0690254345536232 -0.0379403755068779 -0.03406326472759247 0.0690254420042038 -0.040728166699409485 -0.030675634741783142 0.0690254420042038 -0.043214425444602966 -0.027060888707637787 0.0690254420042038 -0.052986592054367065 -0.009964749217033386 0.07268282771110535 -0.05261782556772232 -0.007986040785908699 0.07178309559822083 -0.05341407656669617 -0.005566626787185669 0.0723828375339508 -0.052873432636260986 0.00601976178586483 0.07178309559822083 -0.05302668362855911 0.008539378643035889 0.07239541411399841 -0.05228795111179352 0.012249797582626343 0.07239340245723724 -0.05108797550201416 0.014896947890520096 0.07178309559822083 -0.04785061627626419 0.024347638711333275 0.07237575948238373 -0.0462617352604866 0.027173520997166634 0.07231029123067856 -0.038737278431653976 0.03649366647005081 0.07178311049938202 -0.03728548064827919 0.03797348961234093 0.07178311049938202 0.00016727502224966884 0.05321560055017471 0.07178311049938202 0.022628281265497208 0.048640064895153046 0.07231811434030533 0.03381740301847458 0.04109390079975128 0.07178311049938202 0.03608499467372894 0.03985375165939331 0.07245606184005737 0.05298369377851486 0.010004624724388123 0.07269705832004547 0.053701721131801605 0.0006645210087299347 0.07239854335784912 0.053481753915548325 -0.002310182899236679 0.07216125726699829 0.053428709506988525 -0.005931518040597439 0.07248761504888535 0.0526169016957283 -0.007985826581716537 0.07178309559822083 0.052821315824985504 -0.00995519757270813 0.0724470317363739 0.04985541105270386 -0.020191162824630737 0.07250675559043884 -0.0328596755862236 -0.05420631170272827 0.13530120253562927 -0.03223743289709091 -0.05645163729786873 0.13247640430927277 -0.03156887739896774 -0.05862803757190704 0.14087320864200592 -0.033166565001010895 -0.05376899242401123 0.124741330742836 -0.034303564578294754 -0.049330934882164 0.13071750104427338 -0.03557244688272476 -0.04565506428480148 0.12488365173339844 -0.035138875246047974 -0.04785469174385071 0.12172403186559677 -0.03864293918013573 -0.030969928950071335 0.12325163930654526 -0.03980690613389015 -0.029617980122566223 0.11763222515583038 -0.040191568434238434 -0.03164989873766899 0.11286044120788574 -0.04198329150676727 -0.002146175131201744 0.11989442259073257 -0.04257233440876007 -0.003797501791268587 0.1181633248925209 -0.039138324558734894 -0.014643953181803226 0.1266520619392395 -0.03786780685186386 -0.015895428135991096 0.13102078437805176 -0.036878716200590134 -0.019260505214333534 0.13491368293762207 -0.038380593061447144 -0.017670899629592896 0.12916646897792816 -0.036728568375110626 -0.023191319778561592 0.13579058647155762 -0.03434634208679199 -0.028017360717058182 0.1478012502193451 -0.03375113010406494 -0.03331558033823967 0.15240798890590668 -0.03499748557806015 -0.030203115195035934 0.14464306831359863 -0.03208320215344429 -0.04435433819890022 0.16743668913841248 -0.03259358927607536 -0.04062971472740173 0.1622546911239624 -0.031544893980026245 -0.04698812589049339 0.17396096885204315 -0.03116924874484539 -0.06932313740253448 0.2335551381111145 -0.034521378576755524 -0.0756530687212944 0.2666535973548889 -0.03642813116312027 -0.07315602153539658 0.27558696269989014 -0.03933873772621155 -0.07040388882160187 0.2893737554550171 -0.03651022911071777 -0.08347563445568085 0.28708380460739136 -0.03568653762340546 -0.08842310309410095 0.2887083888053894 -0.034516625106334686 -0.09155985713005066 0.28624463081359863 -0.0319615937769413 -0.09030377119779587 0.26862868666648865 -0.031212344765663147 -0.0912761390209198 0.2650042474269867 -0.030269600450992584 -0.09112444519996643 0.2577708065509796 -0.029609058052301407 -0.08837995678186417 0.24696817994117737 -0.027829406782984734 -0.08744402974843979 0.22483009099960327 -0.028420202434062958 -0.08847419917583466 0.23502306640148163 -0.027546213939785957 -0.08378730714321136 0.20861861109733582 -0.027645293623209 -0.07732528448104858 0.18124395608901978 -0.028336111456155777 -0.07264474779367447 0.16953012347221375 -0.028867613524198532 -0.06961199641227722 0.16171087324619293 -0.02979171648621559 -0.06519424915313721 0.14996767044067383 -0.030859671533107758 -0.060907915234565735 0.1382106989622116 -0.039284735918045044 -0.03939176723361015 0.10107529163360596 -0.04340065270662308 -0.032384999096393585 0.08800283819437027 -0.047778867185115814 -0.025764713063836098 0.07824806869029999 -0.04875677078962326 -0.02297464944422245 0.0799148753285408 -0.04893489181995392 -0.020677760243415833 0.08380460739135742 -0.04952250048518181 -0.02083827555179596 0.0807412713766098 -0.04902291297912598 -0.018055345863103867 0.08785735070705414 -0.04800670966506004 -0.02013355866074562 0.08892325311899185 -0.04563412815332413 -0.009940783493220806 0.10751716792583466 -0.045134205371141434 -0.008010719902813435 0.10999450087547302 -0.04558272659778595 -0.008118009194731712 0.10866165906190872 -0.031496867537498474 -0.08589950203895569 0.25853872299194336 -0.0304429829120636 -0.08655543625354767 0.2511325776576996 -0.029746998101472855 -0.08238242566585541 0.2368617057800293 -0.03084084391593933 -0.07632873207330704 0.2386941760778427 -0.02988208830356598 -0.07658076286315918 0.22694402933120728 -0.030599184334278107 -0.07365919649600983 0.23198294639587402 -0.030416417866945267 -0.07096806913614273 0.22526873648166656 -0.029626483097672462 -0.07365024089813232 0.2158907949924469 -0.030297718942165375 -0.06826037913560867 0.21855291724205017 -0.030007220804691315 -0.06814368814229965 0.21036678552627563 -0.029983414337038994 -0.06660820543766022 0.20270119607448578 -0.030273213982582092 -0.06281538307666779 0.20512183010578156 -0.03004901483654976 -0.06502203643321991 0.19488900899887085 -0.030377760529518127 -0.060088127851486206 0.19840934872627258 -0.030491717159748077 -0.05976918339729309 0.18979650735855103 -0.029094841331243515 -0.08238515257835388 0.2288198322057724 -0.029119834303855896 -0.07936474680900574 0.2216898500919342 -0.029529480263590813 -0.07206828892230988 0.20815366506576538 -0.029512619599699974 -0.07043313980102539 0.20026910305023193 -0.030301449820399284 -0.06317179650068283 0.1823611855506897 -0.03074253909289837 -0.06033140420913696 0.17521122097969055 -0.0335066020488739 -0.04490015655755997 0.15214350819587708 -0.034918125718832016 -0.042131610214710236 0.14046935737133026 -0.03488698974251747 -0.044344283640384674 0.1374681144952774 -0.033875446766614914 -0.04248621687293053 0.1501920521259308 -0.034815963357686996 -0.03992187976837158 0.14346691966056824 -0.03588055446743965 -0.03740282356739044 0.13675519824028015 -0.028693418949842453 -0.07909335941076279 0.21321430802345276 -0.028880257159471512 -0.07515957951545715 0.2018810510635376 -0.029487911611795425 -0.06914668530225754 0.1872245967388153 -0.029949957504868507 -0.06583235412836075 0.18501532077789307 -0.030828360468149185 -0.06103779375553131 0.16466262936592102 -0.03005286306142807 -0.06508756428956985 0.17093022167682648 -0.028265420347452164 -0.08360658586025238 0.2198909968137741 -0.03081798553466797 -0.05700632184743881 0.18294434249401093 -0.031220681965351105 -0.05194757878780365 0.17830035090446472 -0.03143521398305893 -0.05520850419998169 0.17035146057605743 -0.03174864500761032 -0.05154900252819061 0.16925451159477234 -0.03259243816137314 -0.05204659700393677 0.15376988053321838 -0.032114408910274506 -0.054540883749723434 0.15611930191516876 -0.03218996152281761 -0.05545825511217117 0.149908185005188 -0.03333857282996178 -0.05196486413478851 0.1381334811449051 -0.032730646431446075 -0.04753167927265167 0.15896636247634888 -0.033917658030986786 -0.04693664237856865 0.1445195972919464 -0.03471842780709267 -0.04655938968062401 0.13446618616580963 -0.0359719879925251 -0.04180336371064186 0.1304244101047516 -0.035853832960128784 -0.04345424845814705 0.128048837184906 -0.03598931431770325 -0.039877668023109436 0.13319548964500427 -0.0385100394487381 -0.03688831627368927 0.11636462062597275 -0.038538090884685516 -0.035250965505838394 0.11899559199810028 -0.03970906138420105 -0.034280724823474884 0.11179426312446594 -0.038487669080495834 -0.0336121991276741 0.12162547558546066 -0.04674488678574562 -0.02597055211663246 0.083717942237854 -0.04732495918869972 -0.02304035611450672 0.08694873750209808 -0.04151124879717827 -0.03242737054824829 0.10233842581510544 -0.039959851652383804 -0.0363989919424057 0.10477150231599808 -0.04079452529549599 -0.032274600118398666 0.10773421823978424 -0.040929220616817474 -0.02954191341996193 0.11113467812538147 -0.04589500650763512 -0.02513774484395981 0.09023891389369965 -0.04567117244005203 -0.02297532744705677 0.09519313275814056 -0.04378131777048111 -0.02592216059565544 0.1002601683139801 -0.044914163649082184 -0.02861797995865345 0.08821190893650055 -0.04301581531763077 -0.02972203493118286 0.09791119396686554 -0.04372765123844147 -0.02754930779337883 0.09787243604660034 -0.04271216690540314 -0.03215064853429794 0.0941094234585762 -0.041650086641311646 -0.03461804240942001 0.09522739052772522 -0.042355410754680634 -0.027022914960980415 0.1062595546245575 -0.04118053615093231 -0.02733919769525528 0.11233223229646683 -0.04161335900425911 -0.030047163367271423 0.10621030628681183 -0.032719723880290985 -0.04978557303547859 0.1563696265220642 -0.03374616429209709 -0.049168676137924194 0.14168021082878113 -0.02790655568242073 -0.07976315915584564 0.199138343334198 -0.02823743224143982 -0.07661172747612 0.1915605217218399 -0.028617477044463158 -0.07351474463939667 0.1839761734008789 -0.029332086443901062 -0.06925702095031738 0.17741861939430237 -0.030691754072904587 -0.06194748356938362 0.15860746800899506 -0.03137274831533432 -0.059122905135154724 0.1510767638683319 -0.032139215618371964 -0.05635518953204155 0.1435435563325882 -0.033810507506132126 -0.05154959484934807 0.12772494554519653 -0.034716345369815826 -0.04950319975614548 0.1193595826625824 -0.031267836689949036 -0.05752856284379959 0.1680620014667511 -0.029003813862800598 -0.07019482553005219 0.1715933084487915 -0.029837649315595627 -0.06575089693069458 0.16008234024047852 -0.0308133065700531 -0.06142817810177803 0.14856070280075073 -0.038382068276405334 -0.03852318972349167 0.11373413354158401 -0.038075387477874756 -0.04069860279560089 0.11023034900426865 -0.03760204091668129 -0.04286736994981766 0.1067342609167099 -0.037276774644851685 -0.03517807275056839 0.12838968634605408 -0.037191055715084076 -0.03849528729915619 0.1246405765414238 -0.037056297063827515 -0.04095929116010666 0.12088768184185028 -0.036856912076473236 -0.04260021448135376 0.11838732659816742 -0.03655843436717987 -0.04423888027667999 0.11589056253433228 -0.03602543845772743 -0.046419866383075714 0.1125689372420311 -0.03552061319351196 -0.03239293769001961 0.14146775007247925 -0.034228336066007614 -0.03551334887742996 0.14943921566009521 -0.033347420394420624 -0.03805519640445709 0.1558382660150528 -0.043213121592998505 -0.007276818621903658 0.11562010645866394 -0.043884068727493286 -0.005856730975210667 0.11426819860935211 -0.04261480271816254 -0.009497841820120811 0.11662955582141876 -0.04124697297811508 -0.012366367504000664 0.12006007134914398 -0.04308093711733818 -0.011097058653831482 0.11470241099596024 -0.044318072497844696 -0.01247577928006649 0.11019188165664673 -0.04206492751836777 -0.01469697430729866 0.1166524589061737 -0.04014866054058075 -0.016405925154685974 0.12289842218160629 -0.038047634065151215 -0.020589318126440048 0.13027900457382202 -0.046453263610601425 -0.009493034332990646 0.10532616823911667 -0.04628923907876015 -0.011041292920708656 0.10483427345752716 -0.04202854633331299 -0.017532246187329292 0.11560142785310745 -0.03952578827738762 -0.0205263402312994 0.12423045188188553 -0.03853157162666321 -0.0243120975792408 0.12747012078762054 -0.03711023926734924 -0.025962145999073982 0.133832648396492 -0.03615187108516693 -0.027761615812778473 0.1384568214416504 -0.03562748804688454 -0.0352051705121994 0.13991212844848633 -0.0371236726641655 -0.03213629126548767 0.13175541162490845 -0.036873333156108856 -0.02964847907423973 0.13432174921035767 -0.0473085418343544 -0.012532340362668037 0.10044558346271515 -0.04544999450445175 -0.0138546759262681 0.10559095442295074 -0.04765000194311142 -0.014597498811781406 0.09738925099372864 -0.04460703954100609 -0.01648060232400894 0.10664449632167816 -0.041595470160245895 -0.019803639501333237 0.11613854020833969 -0.0383889377117157 -0.026964150369167328 0.1272008717060089 -0.04314323887228966 -0.02001914009451866 0.10973870754241943 -0.0399983748793602 -0.02340317890048027 0.1211327314376831 -0.04754575341939926 -0.01623021438717842 0.09607428312301636 -0.04593394324183464 -0.018949374556541443 0.09921793639659882 -0.042401038110256195 -0.022529147565364838 0.11081749200820923 -0.03925071656703949 -0.026343146339058876 0.12313227355480194 -0.044517070055007935 -0.021052852272987366 0.1028975397348404 -0.04159161448478699 -0.024313058704137802 0.11312633752822876 -0.04006229341030121 -0.026571059599518776 0.11889679729938507 -0.038552165031433105 -0.02889830619096756 0.12532274425029755 -0.04779239743947983 -0.01866644248366356 0.09206068515777588 -0.04658927768468857 -0.020858919247984886 0.09408262372016907 -0.043587617576122284 -0.024020511656999588 0.10383141040802002 -0.03863086178898811 -0.07503978163003922 0.28977009654045105 -0.037311602383852005 -0.0788469910621643 0.28631097078323364 -0.0344722643494606 -0.08140942454338074 0.27267980575561523 -0.03298656642436981 -0.08820854872465134 0.2722209095954895 -0.034699078649282455 -0.08545250445604324 0.2790200710296631 -0.033094294369220734 -0.0830172747373581 0.26586830615997314 -0.030352652072906494 -0.06424254924058914 0.21257057785987854 -0.030584853142499924 -0.05616464465856552 0.19265124201774597 -0.030839063227176666 -0.05347315967082977 0.1860221028327942 -0.03287855535745621 -0.04285746067762375 0.15959641337394714 -0.03367007523775101 -0.0402681902050972 0.1530197709798813 -0.0345846563577652 -0.037715621292591095 0.14645786583423615 -0.04237079620361328 0.003757476806640625 0.11871576309204102 -0.0424467958509922 0.0013854496646672487 0.11885202676057816 -0.04233074188232422 0.00086212158203125 0.119171142578125 -0.04232645034790039 -0.000540614128112793 0.11920976638793945 -0.042156219482421875 0.000457763671875 0.1195526123046875 -0.04204392433166504 0.0064694881439208984 0.11861276626586914 -0.04153919219970703 0.008031249046325684 0.11892986297607422 -0.041812896728515625 0.00808405876159668 0.11849117279052734 -0.039653241634368896 0.010848462581634521 0.11984072625637054 -0.041141510009765625 0.007954120635986328 0.11931419372558594 -0.0413663350045681 0.006704597268253565 0.11932028830051422 -0.04113950580358505 0.007953873835504055 0.11930850148200989 -0.04171466827392578 0.0034825801849365234 0.11955797672271729 -0.04005694389343262 0.007140159606933594 0.11992216110229492 -0.041919708251953125 -0.000732421875 0.120025634765625 -0.04171562194824219 0.001209259033203125 0.1199502944946289 -0.04130518436431885 0.0006650184514001012 0.1203923225402832 -0.0412815660238266 0.0032804012298583984 0.11993154883384705 -0.0420985221862793 0.0019845962524414062 0.11938762664794922 -0.04195976257324219 0.008112549781799316 0.11823368072509766 -0.040334463119506836 0.005615234375 0.11997276544570923 0.040968894958496094 0.004454135894775391 0.11987912654876709 0.04072761535644531 0.007874488830566406 0.11960649490356445 0.03951221704483032 0.010459423065185547 0.11988699436187744 0.03884589672088623 0.010407447814941406 0.11998674273490906 0.03646814823150635 0.01858431100845337 0.11987781524658203 0.03629227727651596 0.017211291939020157 0.1199917197227478 0.03270089626312256 0.024365127086639404 0.11993911862373352 0.02149532362818718 0.03398297354578972 0.11998897790908813 0.022618770599365234 0.03402799367904663 0.11991918087005615 -0.0004827524535357952 0.04020768776535988 0.11998897790908813 -0.004816178232431412 0.039941541850566864 0.11998897790908813 -0.04096412658691406 0.00994873046875 0.11911869049072266 -0.04163756221532822 0.008050155825912952 0.11876862496137619 -0.04192638397216797 0.008106350898742676 0.11832857131958008 -0.04102182388305664 0.011973977088928223 0.1183023452758789 -0.039412498474121094 0.01643669605255127 0.11827301979064941 -0.037343740463256836 0.02067631483078003 0.11839079856872559 -0.03894279524683952 0.01766461692750454 0.11812107264995575 -0.035404570400714874 0.024544473737478256 0.11733260750770569 -0.0361270010471344 0.022790467366576195 0.11823822557926178 -0.03494832292199135 0.02446717955172062 0.11835537105798721 -0.0330810546875 0.026966631412506104 0.11838436126708984 -0.029011428356170654 0.03129220008850098 0.11837983131408691 -0.02638864517211914 0.03349605202674866 0.11842465400695801 -0.0288374163210392 0.031775690615177155 0.11772684752941132 -0.0005788803100585938 0.043431997299194336 0.11650323867797852 -0.0022590160369873047 0.04252195358276367 0.11852431297302246 -0.0002841651439666748 0.04258537292480469 0.11851644515991211 0.025325778871774673 0.034435197710990906 0.11813966929912567 0.02356485277414322 0.036064714193344116 0.11733260750770569 0.02219247817993164 0.03638744354248047 0.11843371391296387 0.029668321833014488 0.03123634308576584 0.11733260750770569 0.029181957244873047 0.031248807907104492 0.11818504333496094 0.03097034990787506 0.029452472925186157 0.11815036088228226 0.039617061614990234 0.01729045808315277 0.11693836748600006 0.03868579864501953 0.017582178115844727 0.11869072914123535 0.039682820439338684 0.015427593141794205 0.11848325282335281 0.042360611259937286 0.007842876017093658 0.1173325926065445 0.04140448570251465 0.010528564453125 0.11823666095733643 0.0419001579284668 0.00810086727142334 0.11835384368896484 0.04070979356765747 0.012630701065063477 0.11845597624778748 0.040808796882629395 0.010863304138183594 0.11903762817382812 0.041573166847229004 0.008037775754928589 0.11885249614715576 0.04163551330566406 0.00805044174194336 0.11876678466796875 0.0411376953125 0.007946014404296875 0.119293212890625 0.041389692574739456 0.008002293296158314 0.11907069385051727 0.04137611389160156 0.007999897003173828 0.11908721923828125 -0.03331843018531799 0.023326097056269646 0.11992034316062927 -0.03216082602739334 0.02489790879189968 0.11992034316062927 -0.02965378761291504 0.028532058000564575 0.1198161244392395 -0.023460932075977325 0.033437974750995636 0.11985531449317932 -0.02005189284682274 0.03534865379333496 0.11992035061120987 -0.007803678512573242 0.040099382400512695 0.11988312005996704 -0.002239227294921875 0.04082489013671875 0.11988592147827148 0.0050067901611328125 0.04073953628540039 0.1198420524597168 0.02872467041015625 0.02942049503326416 0.11980152130126953 -0.036915123462677 0.018743693828582764 0.11970967054367065 -0.03415882587432861 0.02360856533050537 0.11963117122650146 -0.025484085083007812 0.032705068588256836 0.11963188648223877 -0.02130812406539917 0.03558611869812012 0.1196446418762207 -0.01680094003677368 0.037706851959228516 0.11971306800842285 -0.013611804693937302 0.038974881172180176 0.11969588696956635 -0.01167035847902298 0.039395153522491455 0.11979028582572937 -0.009766664355993271 0.03990974277257919 0.11979028582572937 0.017731798812747 0.037271544337272644 0.11969588696956635 0.024845123291015625 0.033607155084609985 0.11944925785064697 0.03881620615720749 0.014022987335920334 0.11969587206840515 0.039444345980882645 0.012144362553954124 0.11969587206840515 -0.039425015449523926 0.014539837837219238 0.11923885345458984 -0.016079425811767578 0.03865981101989746 0.11937904357910156 -0.010451793670654297 0.040477752685546875 0.11943161487579346 -0.007513999938964844 0.041147708892822266 0.11937248706817627 -0.0023336410522460938 0.041486263275146484 0.11958932876586914 0.0027129650115966797 0.04154682159423828 0.11952328681945801 0.008469581604003906 0.041056156158447266 0.1193392276763916 0.014989674091339111 0.039128661155700684 0.11936461925506592 0.020897725597023964 0.035830605775117874 0.11960150301456451 0.032974034547805786 0.02583599090576172 0.11933434009552002 0.03563570976257324 0.02231651544570923 0.11926901340484619 0.03786931186914444 0.01669764518737793 0.11967653036117554 -0.03967926651239395 0.013272209092974663 0.11935798078775406 -0.031140804290771484 0.028290361166000366 0.11917495727539062 -0.02906639501452446 0.03009551391005516 0.11935798823833466 -0.026938438415527344 0.032228708267211914 0.11924600601196289 -0.01939527690410614 0.037254538387060165 0.11921143531799316 -0.013795346952974796 0.03950042277574539 0.11935799568891525 -2.6766887373241843E-08 0.04184011369943619 0.11935799568891525 0.005845546722412109 0.04181981086730957 0.11901569366455078 0.01970076560974121 0.037177085876464844 0.11918783187866211 0.0284576416015625 0.03078293800354004 0.11931705474853516 0.030476918444037437 0.028666231781244278 0.11935798823833466 0.03922677040100098 0.014552474021911621 0.11938583850860596 -0.03834271430969238 0.017905712127685547 0.11890220642089844 -0.036376237869262695 0.021574079990386963 0.11893105506896973 -0.034651655703783035 0.024259483441710472 0.11889658123254776 -0.033338677138090134 0.025809766724705696 0.11906486749649048 -0.024634649977087975 0.034216154366731644 0.11906486749649048 -0.02296452224254608 0.03535876423120499 0.11906486749649048 -0.02124149352312088 0.03641991689801216 0.11906487494707108 -0.01765272207558155 0.038288284093141556 0.11906487494707108 -0.014245420694351196 0.0401233434677124 0.11859869956970215 -0.010022034868597984 0.040953267365694046 0.11906487494707108 -0.008045477792620659 0.04138696938753128 0.11906487494707108 -0.0050458749756217 0.041846465319395065 0.11906487494707108 -0.0020230242516845465 0.04211316257715225 0.11906487494707108 -2.6972635680522217E-08 0.042161725461483 0.11906487494707108 0.0020229702349752188 0.04211316630244255 0.11906487494707108 0.010494410991668701 0.04127347469329834 0.11858558654785156 0.027021169662475586 0.03261229395866394 0.11885285377502441 0.03148917853832245 0.028225179761648178 0.11889658868312836 -0.03291420638561249 0.02676871046423912 0.11872830241918564 -0.030912136659026146 0.029075518250465393 0.11872830241918564 -0.02395528554916382 0.0350150428712368 0.11872830986976624 -0.021729707717895508 0.036692798137664795 0.11837530136108398 -0.018607020378112793 0.03838449716567993 0.11839818954467773 -0.012053849175572395 0.04068968817591667 0.11872830986976624 -0.01008759904652834 0.04122118651866913 0.11872830986976624 -0.008135318756103516 0.04180264472961426 0.11850333213806152 -0.005257844924926758 0.042308807373046875 0.11848008632659912 0.002036204794421792 0.0423886738717556 0.11872830986976624 0.005810260772705078 0.04221940040588379 0.11850786209106445 0.014790952205657959 0.03991281986236572 0.11854374408721924 0.018820464611053467 0.038281917572021484 0.1184237003326416 0.02311471290886402 0.03559011220932007 0.11872830986976624 0.024795766919851303 0.03444003313779831 0.11872830986976624 0.029481397941708565 0.030525289475917816 0.11872830241918564 0.033165693283081055 0.02674555778503418 0.11846923828125 0.037646591663360596 0.02002882957458496 0.1184689998626709 -0.031114183366298676 0.02926556020975113 0.11823822557926178 -0.02494565024971962 0.03467347472906113 0.11823822557926178 -0.023345153778791428 0.03580062836408615 0.11817964911460876 -0.011615276336669922 0.041170358657836914 0.11813068389892578 -0.008406400680541992 0.041817426681518555 0.11845064163208008 0.0026884078979492188 0.04263162612915039 0.11825752258300781 0.027123332023620605 0.0329742431640625 0.11830425262451172 0.03490614891052246 0.0247117280960083 0.1181950569152832 0.036132801324129105 0.022780757397413254 0.11823822557926178 0.042351074516773224 0.006368601694703102 0.11796195805072784 0.042294859886169434 0.004670143127441406 0.11868119239807129 0.04249768704175949 0.0037605944089591503 0.11837521195411682 0.042345523834228516 0.001178741455078125 0.11913776397705078 0.04174184799194336 0.0029087066650390625 0.11962699890136719 0.04162922501564026 0.008048598654568195 0.11878018826246262 0.0418323278427124 0.008087859489023685 0.11845850944519043 0.04102189838886261 0.0022613275796175003 0.12022665143013 0.04127645492553711 -0.000133514404296875 0.12058830261230469 0.04214763641357422 -0.001255035400390625 0.11961746215820312 0.04194673150777817 0.0020351512357592583 0.1195676177740097 0.04237031936645508 0.0002384185791015625 0.11911487579345703 0.03598716855049133 -0.04125303030014038 0.13121633231639862 0.035976432263851166 -0.03905241936445236 0.13438279926776886 0.034918177872896194 -0.042131539434194565 0.14046938717365265 0.034887053072452545 -0.044344209134578705 0.137468159198761 0.03391771763563156 -0.04693657159805298 0.1445196270942688 0.033746227622032166 -0.04916859790682793 0.14168024063110352 0.046923138201236725 -0.012598425149917603 0.10166652500629425 0.047331467270851135 -0.01077420823276043 0.10175497829914093 0.04587871581315994 -0.010888967663049698 0.10622061789035797 0.046410731971263885 -0.015042614191770554 0.10134904086589813 0.04759589582681656 -0.014165285974740982 0.09798978269100189 0.04927276074886322 -0.020327001810073853 0.08291013538837433 0.049438685178756714 -0.01811809465289116 0.08599231392145157 0.04802389070391655 -0.017738841474056244 0.09232638776302338 0.04787605255842209 -0.023249551653862 0.0838056355714798 0.04435845464468002 -0.030297905206680298 0.08738631755113602 0.043807029724121094 -0.03210169076919556 0.08567319065332413 0.04246558994054794 -0.03322983905673027 0.09280752390623093 0.037602100521326065 -0.04286728799343109 0.10673432052135468 0.0360255092382431 -0.04641978442668915 0.11256898939609528 0.032237522304058075 -0.05645155534148216 0.13247644901275635 0.03085976466536522 -0.06090782955288887 0.13821075856685638 0.03012268804013729 -0.0637434870004654 0.14605098962783813 0.02946094051003456 -0.06664484739303589 0.15388445556163788 0.0295029915869236 -0.06695076823234558 0.1589772254228592 0.028336217626929283 -0.0726446732878685 0.16953015327453613 0.027645405381917953 -0.07732520252466202 0.18124398589134216 0.02727612294256687 -0.08435642719268799 0.2060367465019226 0.0277729295194149 -0.0840398371219635 0.2130707949399948 0.02820522151887417 -0.08519697189331055 0.22356097400188446 0.028801213949918747 -0.09006327390670776 0.24266758561134338 0.03069845400750637 -0.08938251435756683 0.25802600383758545 0.03130333125591278 -0.09194835275411606 0.26670578122138977 0.0336998775601387 -0.09200236201286316 0.28215542435646057 0.03220095485448837 -0.08933592587709427 0.2686915993690491 0.035226985812187195 -0.07468473166227341 0.2699694037437439 0.03325571119785309 -0.07436961680650711 0.2569059729576111 0.031169341877102852 -0.06932307779788971 0.2335551381111145 0.03173349052667618 -0.07301952689886093 0.2433169037103653 0.031445957720279694 -0.045851774513721466 0.17513367533683777 0.03196157142519951 -0.04323061183094978 0.16868698596954346 0.03259363770484924 -0.04062965512275696 0.1622547060251236 0.033751171082258224 -0.033315520733594894 0.15240800380706787 0.034997522830963135 -0.03020305745303631 0.14464309811592102 0.03546082228422165 -0.025579223409295082 0.14178210496902466 0.036728594452142715 -0.023191262036561966 0.13579058647155762 0.0415574312210083 -0.008404135704040527 0.11994102597236633 0.03271016478538513 -0.04979709908366203 0.1564485728740692 0.03238079324364662 -0.04999374970793724 0.16116154193878174 0.031257301568984985 -0.0575464591383934 0.16813835501670837 0.03142113611102104 -0.055225666612386703 0.17042799293994904 0.03148318827152252 -0.05291517823934555 0.17271387577056885 0.030428700149059296 -0.06197862699627876 0.18339326977729797 0.030782470479607582 -0.058187335729599 0.18191637098789215 0.030301930382847786 -0.062378279864788055 0.1923072636127472 0.029811754822731018 -0.067707359790802 0.19754375517368317 0.0299270860850811 -0.06802785396575928 0.2061658650636673 0.029478393495082855 -0.07353585958480835 0.21168847382068634 0.02983507513999939 -0.07372443377971649 0.22002089023590088 0.0293864868581295 -0.079439178109169 0.22581876814365387 0.029984496533870697 -0.07943713665008545 0.23386265337467194 0.029493898153305054 -0.08539237082004547 0.23992595076560974 0.03033396415412426 -0.08513511717319489 0.24768148362636566 0.029758494347333908 -0.09137050062417984 0.2540013790130615 0.028782621026039124 -0.08694517612457275 0.2354833483695984 0.028828412294387817 -0.08231057226657867 0.22469094395637512 0.029039416462183 -0.07621406763792038 0.21027907729148865 0.029468365013599396 -0.07023400068283081 0.19584739208221436 0.030158698558807373 -0.0643896758556366 0.18140341341495514 0.030987627804279327 -0.05987846106290817 0.16584669053554535 0.032586634159088135 -0.05205903202295303 0.1538485586643219 0.03257492929697037 -0.05408913642168045 0.146219402551651 0.0328800342977047 -0.051829904317855835 0.14889827370643616 0.03124849498271942 -0.05938731133937836 0.1561022698879242 0.030608057975769043 -0.06222257763147354 0.16355475783348083 0.02979447692632675 -0.06681530177593231 0.17941142618656158 0.02904282696545124 -0.07277700304985046 0.19414827227592468 0.028528179973363876 -0.07890886813402176 0.2088668942451477 0.033959418535232544 -0.04470902681350708 0.1473577916622162 0.03711507469415665 -0.03548160567879677 0.12922535836696625 0.03588059917092323 -0.03740275651216507 0.13675522804260254 0.034816015511751175 -0.03992181271314621 0.14346694946289062 0.03720424324274063 -0.03767349570989609 0.12589165568351746 0.038530170917510986 -0.03552371263504028 0.11855711787939072 0.03714387118816376 -0.03986445814371109 0.12255554646253586 0.03585389256477356 -0.04345417395234108 0.1280488818883896 0.03471849113702774 -0.04655931517481804 0.1344662308692932 0.033338647335767746 -0.051964789628982544 0.13813352584838867 0.04484126344323158 -0.02619655802845955 0.09397836029529572 0.04674709588289261 -0.022478125989437103 0.09081143140792847 0.04457879811525345 -0.023217810317873955 0.10004840791225433 0.04302763193845749 -0.02823498658835888 0.1006966084241867 0.04307222366333008 -0.026472307741642 0.10328558087348938 0.04196797311306 -0.02812749333679676 0.10696437954902649 0.040887460112571716 -0.02790158987045288 0.11332530528306961 0.03970111906528473 -0.032445602118968964 0.11487992852926254 0.03988134115934372 -0.028379026800394058 0.11844204366207123 0.03838212043046951 -0.0385231152176857 0.1137341782450676 0.03969570994377136 -0.037231698632240295 0.10474944114685059 0.04011435806751251 -0.0349079966545105 0.1073078066110611 0.03655850142240524 -0.044238798320293427 0.11589061468839645 0.03807544335722923 -0.040698520839214325 0.11023040115833282 0.03692995011806488 -0.04205328971147537 0.11922066658735275 0.0355183482170105 -0.04592994600534439 0.1244887262582779 0.04217039793729782 -0.03191139176487923 0.09875042736530304 0.04139495640993118 -0.03182473033666611 0.10442493855953217 0.04379147291183472 -0.02916329726576805 0.09412125498056412 0.04127444699406624 -0.0349159836769104 0.09752514958381653 0.046097252517938614 -0.027825552970170975 0.08274346590042114 0.04598863795399666 -0.026484385132789612 0.08685562014579773 0.03940926492214203 -0.03885288164019585 0.10199271142482758 0.034303635358810425 -0.049330856651067734 0.13071754574775696 0.03156896308064461 -0.058627959340810776 0.1408732533454895 0.030813395977020264 -0.061428092420101166 0.14856074750423431 0.029270566999912262 -0.06870338320732117 0.16775727272033691 0.028323553502559662 -0.07478814572095871 0.18308937549591064 0.027746915817260742 -0.07949954271316528 0.19457213580608368 0.028531566262245178 -0.07533816248178482 0.19244739413261414 0.029332183301448822 -0.06925694644451141 0.17741864919662476 0.031372833997011185 -0.05912282317876816 0.1510768085718155 0.03213929757475853 -0.05635511130094528 0.14354360103607178 0.03285975009202957 -0.054206229746341705 0.13530126214027405 0.033810585737228394 -0.0515495128929615 0.12772499024868011 0.033346813172101974 -0.05321400985121727 0.12548594176769257 0.03486381471157074 -0.04895371198654175 0.12014737725257874 0.03804141283035278 -0.018167024478316307 0.13043203949928284 0.036151908338069916 -0.027761556208133698 0.13845685124397278 0.0333474725484848 -0.03805513679981232 0.155838280916214 0.0342283770442009 -0.03551328927278519 0.1494392454624176 0.035668909549713135 -0.03208715468645096 0.1406734585762024 0.03680381178855896 -0.03274219110608101 0.13338395953178406 0.03829124942421913 -0.030038340017199516 0.1260683834552765 0.03735406696796417 -0.028744297102093697 0.13194432854652405 0.03756283223628998 -0.020891807973384857 0.13221649825572968 0.03745508939027786 -0.02537158504128456 0.1322956085205078 0.03562752902507782 -0.03520510718226433 0.13991214334964752 0.03861824423074722 -0.025835009291768074 0.126536026597023 0.038823485374450684 -0.022767696529626846 0.12661463022232056 0.03976358845829964 -0.025209249928593636 0.12123320251703262 0.03937723487615585 -0.019295427948236465 0.1251554787158966 0.04010513424873352 -0.0213321540504694 0.12157733738422394 0.0406375415623188 -0.02022376097738743 0.11978913843631744 0.041671011596918106 -0.024721495807170868 0.1123892217874527 0.0403759740293026 -0.016949363052845 0.12193188071250916 0.04143540561199188 -0.021850842982530594 0.1156003326177597 0.04008517786860466 -0.013693621382117271 0.12357603013515472 0.0417480394244194 -0.01533229649066925 0.11755155026912689 0.04412255436182022 -0.021315068006515503 0.10435131192207336 0.04286344349384308 -0.021368354558944702 0.10976745188236237 0.04262463003396988 -0.024840764701366425 0.10759654641151428 0.04214300960302353 -0.017631297931075096 0.11511440575122833 0.042316995561122894 -0.011862761341035366 0.11681428551673889 0.043863385915756226 -0.015852050855755806 0.10976101458072662 0.04468094930052757 -0.016759008169174194 0.10615601390600204 0.04302697628736496 -0.00951684545725584 0.11542518436908722 0.04387596249580383 -0.01192605122923851 0.11188497394323349 0.04620043560862541 -0.018694959580898285 0.09844311326742172 0.04355626553297043 -0.00430598109960556 0.11555375158786774 0.044420160353183746 -0.006581367924809456 0.11253605782985687 0.045249540358781815 -0.008811639621853828 0.10926619172096252 0.04803955927491188 -0.015993332490324974 0.09444722533226013 0.04650670289993286 -0.02031862363219261 0.0951828882098198 0.03731170669198036 -0.07884691655635834 0.28631097078323364 0.037556786090135574 -0.07354772090911865 0.2823326587677002 0.038569048047065735 -0.06967359781265259 0.28450822830200195 0.0352400541305542 -0.08034554123878479 0.2759841978549957 0.03502487763762474 -0.08645796030759811 0.28225159645080566 0.038083262741565704 -0.03339237719774246 0.12460849434137344 0.033875495195388794 -0.04248615354299545 0.15019208192825317 0.0333620123565197 -0.04267963767051697 0.1549745351076126 0.032612334936857224 -0.045294784009456635 0.1616368293762207 0.031052369624376297 -0.05446449667215347 0.18058621883392334 0.030441224575042725 -0.059939973056316376 0.19414108991622925 0.03017181158065796 -0.06545780599117279 0.20770993828773499 0.030202917754650116 -0.0709809958934784 0.2212822288274765 0.030493328347802162 -0.07647253572940826 0.23484741151332855 0.030850665643811226 -0.08055116981267929 0.24501106142997742 0.031324997544288635 -0.0845695436000824 0.2551587224006653 0.03266581892967224 -0.07777136564254761 0.25632211565971375 0.033777110278606415 -0.08226746320724487 0.2693043351173401 0.03458469733595848 -0.03771555796265602 0.14645789563655853 0.032204944640398026 -0.04547794908285141 0.1661863923072815 0.03164394199848175 -0.04812436178326607 0.17278829216957092 0.031190402805805206 -0.050791215151548386 0.17940066754817963 0.030712027102708817 -0.05481883883476257 0.18933670222759247 0.03038475662469864 -0.06020747870206833 0.20260679721832275 0.030393779277801514 -0.065580353140831 0.2158934473991394 0.03069751337170601 -0.07089409977197647 0.2291853427886963 0.03125437721610069 -0.07610538601875305 0.24247120320796967 0.03202278912067413 -0.08117084950208664 0.255739688873291 0.032961174845695496 -0.08604714274406433 0.2689794898033142 -0.03840498626232147 0.037721678614616394 0.07259927690029144 0.049767088145017624 -0.021299870684742928 0.0731651559472084 0.05279093235731125 0.014098376035690308 0.07548433542251587 0.05213404446840286 0.016347914934158325 0.07531968504190445 0.05205618962645531 0.01633666269481182 0.07612290233373642 0.05053287744522095 0.020770907402038574 0.07612974941730499 0.012765555642545223 0.05304502695798874 0.07612292468547821 0.014069585129618645 0.05281071737408638 0.075410857796669 0.01049494743347168 0.05362408608198166 0.0754835307598114 -0.004959339275956154 0.05442404747009277 0.07551281154155731 -0.009516477584838867 0.0537884347140789 0.0757681131362915 -0.008168774656951427 0.05394446849822998 0.07612292468547821 -0.04738056659698486 0.027052095159888268 0.07612290978431702 -0.046638961881399155 0.028419047594070435 0.07571220397949219 -0.04900761693716049 0.024146288633346558 0.07558411359786987 -0.05086672306060791 0.020032644271850586 0.07612518966197968 -0.052764199674129486 0.014101590029895306 0.07536093145608902 -0.05310964584350586 0.012563705444335938 0.07611771672964096 -0.0506078377366066 -0.020385747775435448 0.07612287998199463 -0.05122441053390503 -0.018962696194648743 0.07574975490570068 -0.054058849811553955 -0.000760197639465332 0.07296121120452881 -0.0517500638961792 0.015418038703501225 0.07284259796142578 -0.049790166318416595 0.020464777946472168 0.07259926199913025 -0.0430578738451004 0.03257036954164505 0.07288223505020142 -0.0395636260509491 0.036827534437179565 0.0729207992553711 -0.03685762360692024 0.03945028781890869 0.07288223505020142 0.022175878286361694 0.04929974675178528 0.07295024394989014 0.03840493783354759 0.03772173076868057 0.07259927690029144 0.04799099266529083 0.024732045829296112 0.07288222014904022 0.049440085887908936 0.021899878978729248 0.07299381494522095 0.053516898304224014 0.007123924326151609 0.07288221269845963 0.053947024047374725 -0.0021276394836604595 0.07288220524787903 0.0508984737098217 -0.018004249781370163 0.07288219779729843 -0.05066376179456711 -0.020408274605870247 0.07503727078437805 -0.05117272585630417 -0.019046366214752197 0.07462191581726074 -0.05219101905822754 -0.015976320952177048 0.07471588253974915 -0.05219519883394241 -0.01597760245203972 0.07590371370315552 -0.05282871052622795 -0.013721248134970665 0.07471588253974915 -0.0528329461812973 -0.01372234895825386 0.07590371370315552 -0.05336901545524597 -0.011440880596637726 0.07471588253974915 -0.05369121581315994 -0.00996553897857666 0.07586455345153809 -0.053848572075366974 -0.009145814925432205 0.07503727823495865 -0.05421683192253113 -0.00679934024810791 0.07548117637634277 -0.05443459004163742 -0.004493373446166515 0.07503728568553925 -0.05440089851617813 -0.004490592982620001 0.07590372860431671 -0.0545772984623909 -0.002152577508240938 0.07503728568553925 -0.05454351752996445 -0.002151245716959238 0.07590372860431671 -0.05458121374249458 0.00019205264106858522 0.07471588253974915 -0.054585590958595276 0.00019206728029530495 0.07590372860431671 -0.054497163742780685 0.0041350871324539185 0.07539692521095276 -0.054527029395103455 0.0025350262876600027 0.07590372860431671 -0.05396252125501633 0.008365804329514503 0.07503728568553925 -0.053969353437423706 0.008386313915252686 0.07580971717834473 -0.05328718572854996 0.011816168203949928 0.07471589744091034 -0.05211373791098595 0.016354640945792198 0.07503730058670044 -0.051363661885261536 0.018576594069600105 0.07503730058670044 -0.050131916999816895 0.021653741598129272 0.07470852136611938 -0.04855171591043472 0.02502092346549034 0.07503730058670044 -0.04743292182683945 0.027081986889243126 0.07503730058670044 -0.046226680278778076 0.029093127697706223 0.07503730058670044 -0.044960156083106995 0.03105109930038452 0.07546952366828918 -0.04265359044075012 0.034089814871549606 0.07460945844650269 -0.043579429388046265 0.032968997955322266 0.07547348737716675 -0.042080268263816833 0.03476888686418533 0.0759037435054779 -0.04057411104440689 0.03656579926609993 0.07503730803728104 -0.04054899886250496 0.036543168127536774 0.0759037509560585 -0.03833422064781189 0.03890994191169739 0.07478958368301392 -0.03894297778606415 0.038250088691711426 0.0759037509560585 -0.03726515918970108 0.03988649696111679 0.0759037584066391 -0.034844815731048584 0.042070887982845306 0.07481759786605835 -0.03489840030670166 0.04201006889343262 0.07587242126464844 -0.03180643916130066 0.04442735016345978 0.0754784345626831 -0.02587032876908779 0.04806113988161087 0.07471591234207153 -0.027937978506088257 0.046957701444625854 0.07548564672470093 -0.02485102415084839 0.04863571375608444 0.07583165168762207 -0.02380005270242691 0.04916171357035637 0.07503731548786163 -0.021667804569005966 0.050138041377067566 0.07503731548786163 -0.021654393523931503 0.05010700598359108 0.0759037584066391 -0.01947706937789917 0.051049694418907166 0.07548105716705322 -0.01728747971355915 0.05181177332997322 0.07503731548786163 -0.017276780679821968 0.05177970230579376 0.0759037584066391 -0.01504747848957777 0.05250609666109085 0.07503731548786163 -0.015038165263831615 0.05247360095381737 0.0759037584066391 -0.012779736891388893 0.053103625774383545 0.07503731548786163 -0.012771828100085258 0.053070761263370514 0.0759037584066391 -0.010488437488675117 0.05360325798392296 0.07503731548786163 -0.008172085508704185 0.053966328501701355 0.07471592724323273 -0.002530306577682495 0.054561782628297806 0.07478323578834534 -5.513429641723633E-06 0.05461457371711731 0.07585442066192627 0.001171712065115571 0.05456899106502533 0.07471592724323273 0.003515512216836214 0.05450649559497833 0.07503732293844223 0.0035133364144712687 0.05447275936603546 0.0759037584066391 0.007248520851135254 0.05414062738418579 0.0748094916343689 0.00584839005023241 0.05427173525094986 0.0759037584066391 0.008172662928700447 0.053970664739608765 0.0759037584066391 0.01727532036602497 0.051775578409433365 0.07471591979265213 0.017276706174016 0.05177973210811615 0.0759037584066391 0.01956576108932495 0.05101904273033142 0.07547742128372192 0.02484416961669922 0.048628274351358414 0.07503731548786163 0.021698087453842163 0.05014759302139282 0.07548898458480835 0.02378525212407112 0.04913131892681122 0.0759037584066391 0.026892026886343956 0.04748758673667908 0.0759037584066391 0.02792900614440441 0.0469391867518425 0.07503731548786163 0.029918169602751732 0.04569704085588455 0.07503731548786163 0.029899653047323227 0.04566875845193863 0.0759037584066391 0.03182991221547127 0.04433964192867279 0.07471591234207153 0.031832464039325714 0.04434319585561752 0.0759037584066391 0.033741146326065063 0.04297889769077301 0.07548016309738159 0.035515740513801575 0.04144609719514847 0.07471591234207153 0.0361502468585968 0.04093581438064575 0.07579779624938965 0.037288181483745575 0.03991125151515007 0.07503731548786163 0.03993844985961914 0.037262141704559326 0.07483270764350891 0.040005385875701904 0.037176698446273804 0.07590651512145996 0.04213958978652954 0.03478294610977173 0.07548773288726807 0.04356088116765022 0.03295096009969711 0.07503730803728104 0.04443606734275818 0.031738102436065674 0.07585430145263672 0.04440801963210106 0.03176864981651306 0.07463705539703369 0.0462498813867569 0.029094398021697998 0.07550114393234253 0.047399722039699554 0.027063123881816864 0.07471590489149094 0.047403521835803986 0.027065293863415718 0.0759037435054779 0.048536501824855804 0.025095075368881226 0.07551649212837219 0.05425940454006195 0.0062873512506484985 0.07479795813560486 0.053473565727472305 0.011258810758590698 0.07547527551651001 0.05400853604078293 0.008020401000976562 0.07593488693237305 0.05436794459819794 0.004873390309512615 0.07590372860431671 0.05458478629589081 0.0024699270725250244 0.07548236846923828 0.05458121374249458 0.00019213135237805545 0.07471588253974915 0.054585590958595276 0.0001921459916047752 0.07590372860431671 0.0545986071228981 -0.0021558403968811035 0.07548379898071289 0.0540875568985939 -0.007875055074691772 0.07543018460273743 0.05381526052951813 -0.009140077978372574 0.07590372115373611 0.053369030356407166 -0.011440804228186607 0.07471588253974915 0.0533733069896698 -0.011441722512245178 0.07590371370315552 0.05282872915267944 -0.013721171766519547 0.07471588253974915 0.052832964807748795 -0.013722272589802742 0.07590371370315552 0.05222637206315994 -0.01605968177318573 0.07547926902770996 0.05176514387130737 -0.017366923391819 0.0746302604675293 0.05146126449108124 -0.018203329294919968 0.07590371370315552 0.05062837898731232 -0.020393935963511467 0.07471587508916855 0.05063243582844734 -0.020395569503307343 0.07590371370315552 -0.05369502305984497 -0.009119736030697823 0.0740807056427002 -0.054115768522024155 -0.00681634247303009 0.07439448684453964 -0.05420836806297302 -0.005362659692764282 0.07399344444274902 -0.05446314811706543 -0.0012372732162475586 0.07400906085968018 -0.05440521985292435 0.0025293645448982716 0.07408072054386139 -0.05420926213264465 0.005759373307228088 0.07415628433227539 -0.05370769277215004 0.009511218406260014 0.07439449429512024 -0.052846044301986694 0.013209998607635498 0.07398909330368042 -0.0519651398062706 0.016308005899190903 0.07408072799444199 -0.051217202097177505 0.018523624166846275 0.07408072799444199 -0.04943963140249252 0.022848397493362427 0.07408073544502258 -0.04841327294707298 0.0249495767056942 0.07408073544502258 -0.046890586614608765 0.027804121375083923 0.07416301965713501 -0.04480709135532379 0.03096209466457367 0.07408073544502258 -0.04104912281036377 0.035794831812381744 0.07397228479385376 -0.037236105650663376 0.03985539823770523 0.07439451664686203 -0.032960355281829834 0.0434226468205452 0.07412320375442505 -0.029832925647497177 0.04556669667363167 0.07408075034618378 -0.029926598072052002 0.04571869969367981 0.0754862129688263 -0.027849435806274414 0.046805303543806076 0.07408075034618378 -0.024529755115509033 0.048644810914993286 0.0739869475364685 -0.021606020629405975 0.04999507591128349 0.07408075034618378 -0.018365833908319473 0.051344968378543854 0.07439452409744263 -0.01500457152724266 0.052356377243995667 0.07408075034618378 -0.01276187039911747 0.0530293844640255 0.07439452409744263 -0.011320993304252625 0.05328299105167389 0.07399207353591919 -0.005843908991664648 0.05422941595315933 0.07439452409744263 -0.001169266877695918 0.05445145070552826 0.07408075034618378 0.004677213728427887 0.05432985723018646 0.07439452409744263 0.010473696514964104 0.05352833494544029 0.07439452409744263 0.013648197054862976 0.05278441309928894 0.07418221235275269 0.020292088389396667 0.05059671401977539 0.07416874170303345 0.02373211830854416 0.04902156442403793 0.07408075034618378 0.025814538821578026 0.047957658767700195 0.07408075034618378 0.028643688187003136 0.0463792085647583 0.0741417407989502 0.033631302416324615 0.04283996671438217 0.07408074289560318 0.037865445017814636 0.03922516107559204 0.07416528463363647 0.0420474149286747 0.0347418412566185 0.07439450919628143 0.046162012964487076 0.02905252017080784 0.07439450919628143 0.04902731627225876 0.023956432938575745 0.07442182302474976 0.050441592931747437 0.020730383694171906 0.07424992322921753 0.05184486508369446 0.016885876655578613 0.07421875 0.05297192186117172 0.012945437803864479 0.07439449429512024 0.053707677870988846 0.009511294774711132 0.07439449429512024 0.0541691929101944 0.0057404786348342896 0.07399219274520874 0.05440521985292435 0.0025294427759945393 0.07408072054386139 0.05442167818546295 -0.0021463604643940926 0.07408071309328079 0.05435849353671074 -0.004487012512981892 0.07439448684453964 0.05443757027387619 -0.004725515842437744 0.07550379633903503 0.053961560130119324 -0.0077423155307769775 0.07415813207626343 -0.04996828734874725 -0.021155595779418945 0.07337135076522827 -0.05147936940193176 -0.017394721508026123 0.07359933853149414 -0.052638087421655655 -0.013671737164258957 0.07376693189144135 -0.053059834986925125 -0.011374600231647491 0.07346604764461517 -0.053717970848083496 0.00806531310081482 0.07351630926132202 -0.05019112676382065 0.020629581063985825 0.07346606254577637 -0.04592675343155861 0.02890436351299286 0.07346607744693756 -0.043373409658670425 0.032809048891067505 0.07376696169376373 -0.03879934549331665 0.03810901939868927 0.07376696914434433 -0.037127718329429626 0.03973938897252083 0.07376696914434433 -0.035310048609972 0.04120594263076782 0.07346607744693756 -0.03171512484550476 0.04417960345745087 0.07376696914434433 -0.020194679498672485 0.050355032086372375 0.07335227727890015 -0.017213061451911926 0.05158873647451401 0.07376697659492493 -0.007119044661521912 0.053850769996643066 0.07351595163345337 -0.0035004569217562675 0.05427185073494911 0.07376697659492493 0.00017392635345458984 0.0542621910572052 0.07337445020675659 0.0034927031956613064 0.054152846336364746 0.07346609234809875 0.005814042873680592 0.053953006863594055 0.07346609234809875 0.009292864240705967 0.05357206612825394 0.07376697659492493 0.014112502336502075 0.05239388346672058 0.07337838411331177 0.01717524044215679 0.051475632935762405 0.07346609234809875 0.021574456244707108 0.04992223531007767 0.07376697659492493 0.029789377003908157 0.04550032690167427 0.07376697659492493 0.03171505779027939 0.04417965188622475 0.07376696914434433 0.03530999273061752 0.041205994784832 0.07346607744693756 0.0387142077088356 0.03802550584077835 0.07346607744693756 0.040948957204818726 0.03570184111595154 0.07356029748916626 0.04337335750460625 0.03280911222100258 0.07376696169376373 0.04464363306760788 0.030849235132336617 0.07346607744693756 0.045926712453365326 0.02890443056821823 0.07346607744693756 0.04761664569377899 0.026152998208999634 0.0735289454460144 0.04936753958463669 0.022815166041254997 0.07376696169376373 0.05114252492785454 0.01849670149385929 0.07376695424318314 0.05242535099387169 0.014011112041771412 0.07346606254577637 0.05309489369392395 0.01177360862493515 0.07376694679260254 0.05355134233832359 0.009483610279858112 0.07376694679260254 0.05424228310585022 0.001096576452255249 0.07335329055786133 0.05408141762018204 -0.00446414016187191 0.07346604764461517 0.05363711714744568 -0.008211836218833923 0.07337993383407593 0.05290728062391281 -0.012535590678453445 0.07376693189144135 0.05213001370429993 -0.01503080129623413 0.07334756851196289 0.0512714646756649 -0.01813618838787079 0.07376693189144135 0.050445690751075745 -0.02032034657895565 0.07376693189144135 -0.053721606731414795 -0.006766693666577339 0.073165163397789 -0.05396255478262901 -0.004454407375305891 0.073165163397789 -0.05400877445936203 0.0036743241362273693 0.0731651708483696 -0.05308927968144417 0.01058191992342472 0.0731651782989502 -0.05231015756726265 0.013980246149003506 0.0731651782989502 -0.05091825872659683 0.018415508791804314 0.0731651782989502 -0.049151066690683365 0.022715037688612938 0.07316518574953079 -0.04757615178823471 0.02582554891705513 0.07316518574953079 -0.04454556480050087 0.030781375244259834 0.07316519320011139 -0.041741203516721725 0.0344887301325798 0.07316519320011139 -0.03343506157398224 0.04258987680077553 0.07316519320011139 -0.03061741776764393 0.04464329406619072 0.07316519320011139 -0.027686884626746178 0.04653211310505867 0.07316520065069199 -0.02462880127131939 0.04820656031370163 0.07316520065069199 -0.011533201672136784 0.05289078503847122 0.07316520065069199 0.019326481968164444 0.05057952553033829 0.07316520065069199 0.025663865730166435 0.047677744179964066 0.07316520065069199 0.028672773391008377 0.045916467905044556 0.07316520065069199 0.03250548616051674 0.043287910521030426 0.07316519320011139 0.03696483373641968 0.03956516087055206 0.07316519320011139 0.042462147772312164 0.03357701003551483 0.07316519320011139 0.05129002034664154 0.017314238473773003 0.0731651782989502 0.05392986908555031 0.004834124352782965 0.0731651708483696 0.05294324457645416 -0.011349526233971119 0.073165163397789 0.04947417229413986 -0.012849905528128147 0.09256588667631149 0.04236651957035065 0.00939460564404726 0.11654412746429443 0.041511885821819305 0.015013568103313446 0.11458120495080948 0.03833506628870964 0.021887587383389473 0.11458121240139008 0.037360187619924545 0.023512981832027435 0.11458121240139008 0.031597886234521866 0.029730219393968582 0.11654414236545563 0.026796631515026093 0.03413386642932892 0.11654414236545563 0.022189727053046227 0.03729338198900223 0.11654414236545563 0.01721511408686638 0.03983490914106369 0.11654414236545563 0.013734924606978893 0.04116469621658325 0.11654414236545563 0.008333051577210426 0.04258803278207779 0.11654414981603622 -0.01548935566097498 0.040537141263484955 0.11654414236545563 -0.017215173691511154 0.0398348830640316 0.11654414236545563 -0.023770177736878395 0.03630645573139191 0.11654414236545563 -0.02574285678565502 0.035860128700733185 0.11458121985197067 -0.03149304538965225 0.03093269281089306 0.11458121240139008 -0.03341100364923477 0.028834883123636246 0.11458121240139008 -0.03520577400922775 0.026630761101841927 0.11458121240139008 -0.039392344653606415 0.01820504665374756 0.11654412746429443 -0.040808673948049545 0.014759168028831482 0.11654412746429443 -0.04375747963786125 0.005824707448482513 0.11458119750022888 -0.043646909296512604 0.008708000183105469 0.1135997325181961 -0.04339536279439926 0.0001526700216345489 0.11654412001371384 -0.04660061374306679 -0.005869762971997261 0.10666926950216293 -0.04982386901974678 -0.015251715667545795 0.08848316967487335 0.05025624856352806 -0.015383990481495857 0.08643186092376709 0.046961039304733276 -0.007975961081683636 0.10467666387557983 0.04594111815094948 -0.005786627531051636 0.10866186767816544 -0.050746917724609375 -0.01795072853565216 0.08025985211133957 -0.05178514122962952 -0.014643849804997444 0.08025985956192017 -0.05263243243098259 -0.011282981373369694 0.08025985956192017 -0.05306825041770935 -0.009013285860419273 0.08025985956192017 -0.0534062422811985 -0.006726974621415138 0.08025985956192017 -0.053238190710544586 -0.0043946197256445885 0.0823202133178711 -0.05378641560673714 -0.002121387515217066 0.08025985956192017 -0.05379902571439743 0.0013446171069517732 0.08025986701250076 -0.0532059520483017 0.004769151099026203 0.0823202133178711 -0.05335758253931999 0.0071026342920959 0.08025986701250076 -0.05300351604819298 0.009386509656906128 0.08025987446308136 -0.05255173519253731 0.011653081513941288 0.08025987446308136 -0.05259549617767334 0.014658927917480469 0.07612816989421844 -0.04784815013408661 0.024658340960741043 0.08025988191366196 -0.04674556851387024 0.02668953873217106 0.08025988191366196 -0.04521068185567856 0.02845369279384613 0.08232022821903229 -0.04394760727882385 0.030368177220225334 0.08232024312019348 -0.04221292585134506 0.03337983042001724 0.08025988936424255 -0.03998614847660065 0.0360359251499176 0.08025988936424255 -0.0381106436252594 0.03743256628513336 0.08232024312019348 -0.03646869584918022 0.039034001529216766 0.08232024312019348 -0.034759506583213806 0.040563471615314484 0.08232024312019348 -0.032986246049404144 0.04201816767454147 0.08232024312019348 -0.03139067441225052 0.043727632611989975 0.08025988936424255 -0.029484687373042107 0.045034799724817276 0.08025988936424255 -0.027315231040120125 0.045907482504844666 0.08232024312019348 -0.025319432839751244 0.047037698328495026 0.08232024312019348 -0.023455165326595306 0.048449303954839706 0.08025989681482315 -0.02028345689177513 0.04984702914953232 0.08025989681482315 -0.01703696697950363 0.051060959696769714 0.08025989681482315 -0.014829425141215324 0.0517452247440815 0.08025989681482315 -0.011465497314929962 0.05258029326796532 0.08025989681482315 -0.006913292221724987 0.05336994677782059 0.08025989681482315 -0.0034383228048682213 0.05330850929021835 0.08232024312019348 -0.0011556181125342846 0.05381584167480469 0.08025989681482315 0.001155540463514626 0.053815845400094986 0.08025989681482315 0.004615889396518469 0.05361752212047577 0.08025989681482315 0.00805921945720911 0.05322151258587837 0.08025989681482315 0.010336373001337051 0.05282650515437126 0.08025989681482315 0.012594470754265785 0.05233411490917206 0.08025989681482315 0.015933120623230934 0.051403116434812546 0.08025989681482315 0.019067052751779556 0.04990056902170181 0.08232024312019348 0.02119150385260582 0.04903610050678253 0.08232024312019348 0.024484150111675262 0.04792359471321106 0.08025989681482315 0.02850445546209812 0.04564691334962845 0.08025988936424255 0.031390607357025146 0.043727677315473557 0.08025988936424255 0.03413214534521103 0.04160698503255844 0.08025988936424255 0.03674783557653427 0.03933289274573326 0.08025988936424255 0.03811059519648552 0.03743262588977814 0.08232024312019348 0.03998609632253647 0.03603597730398178 0.08025988936424255 0.041496116667985916 0.03428632766008377 0.08025988936424255 0.042603470385074615 0.03222673758864403 0.08232024312019348 0.04492039233446121 0.029636166989803314 0.08025988936424255 0.04639036953449249 0.026486825197935104 0.08232022821903229 0.04748458415269852 0.024471063166856766 0.08232022821903229 0.05096915364265442 0.019565127789974213 0.07612790167331696 0.051358528435230255 0.01611771434545517 0.08025987446308136 0.05200305953621864 0.013898246921598911 0.08025987446308136 0.052551716566085815 0.011653157882392406 0.08025987446308136 0.053003501147031784 0.009386586025357246 0.08025987446308136 0.053357575088739395 0.007102710660547018 0.08025986701250076 0.0532059408724308 0.004769227933138609 0.0823202133178711 0.05377015471458435 0.0024999133311212063 0.08025986701250076 0.05341893434524536 0.00018803548300638795 0.0823202133178711 0.053786419332027435 -0.002121309982612729 0.08025985956192017 0.0536457821726799 -0.004428185522556305 0.08025985956192017 0.05323725938796997 -0.007870053872466087 0.08025985956192017 0.05236602574586868 -0.012407353147864342 0.08025985956192017 0.051470719277858734 -0.015755752101540565 0.08025985956192017 0.050746943801641464 -0.01795065589249134 0.08025985211133957 -0.05033218860626221 -0.016597187146544456 0.08438055217266083 -0.05087027698755264 -0.013212589547038078 0.08643186092376709 -0.051390551030635834 -0.011016758158802986 0.08643186092376709 -0.05181608349084854 -0.00880061648786068 0.08643186837434769 -0.052146099507808685 -0.006568253040313721 0.08643186837434769 -0.05251730605959892 -0.002071336144581437 0.08643187582492828 -0.053009964525699615 0.0001865182421170175 0.08438056707382202 -0.052953097969293594 0.002461847150698304 0.08438056707382202 -0.0520985871553421 0.006935040932148695 0.08643187582492828 -0.052198104560375214 0.009243875741958618 0.08438057452440262 -0.05131175369024277 0.011378118768334389 0.08643187582492828 -0.051212869584560394 0.013686981983482838 0.08438057452440262 -0.05057813972234726 0.01587272435426712 0.08438057452440262 -0.04857517033815384 0.02119550108909607 0.08438058197498322 -0.046578168869018555 0.02528381161391735 0.08438058197498322 -0.04227735102176666 0.03197995200753212 0.08438058942556381 -0.040865615010261536 0.0337652713060379 0.08438058942556381 -0.03904265910387039 0.03518563508987427 0.08643189072608948 -0.03091367706656456 0.04306316748261452 0.08438059687614441 -0.028788987547159195 0.04397217929363251 0.08643190562725067 -0.02309875376522541 0.04771309718489647 0.08438059687614441 -0.019975243136286736 0.04908958077430725 0.08438059687614441 -0.01677808165550232 0.05028507113456726 0.08438059687614441 -0.013503625988960266 0.05124889314174652 0.08438059687614441 -0.010179382748901844 0.05202376842498779 0.08438059687614441 -0.006808241829276085 0.05255896598100662 0.08438059687614441 -0.0011380580253899097 0.05299808457493782 0.08438059687614441 0.0011379816569387913 0.05299808830022812 0.08438059687614441 0.003382821101695299 0.052449166774749756 0.08643190562725067 0.006808166392147541 0.05255897715687752 0.08438059687614441 0.0101793073117733 0.05202377960085869 0.08438059687614441 0.01229729875922203 0.0510992668569088 0.08643190562725067 0.014479446224868298 0.05052429437637329 0.08643190562725067 0.016634900122880936 0.04985617846250534 0.08643190562725067 0.022901663556694984 0.047306157648563385 0.08643190562725067 0.024911213666200638 0.04627947509288788 0.08643190562725067 0.026874840259552002 0.045167483389377594 0.08643190562725067 0.029036594554781914 0.044350516051054 0.08438059687614441 0.030649933964014053 0.04269590228796005 0.08643190562725067 0.032733649015426636 0.04169652611017227 0.08438059687614441 0.034493338316679 0.04025297239422798 0.08438059687614441 0.03588075563311577 0.03840481489896774 0.08643189817667007 0.03904261067509651 0.03518569469451904 0.08643189072608948 0.04051699861884117 0.03347732126712799 0.08643189072608948 0.04323912411928177 0.02987869642674923 0.08643189072608948 0.04448183625936508 0.027995076030492783 0.08643189072608948 0.04770956560969353 0.02204892784357071 0.08643189072608948 0.048612065613269806 0.019980628043413162 0.08643189072608948 0.04985014349222183 0.01802927814424038 0.08438058197498322 0.05057811364531517 0.01587279699742794 0.08438057452440262 0.0512128509581089 0.013687055557966232 0.08438057452440262 0.051753174513578415 0.011476080864667892 0.08438057452440262 0.051752857863903046 0.009165102615952492 0.08643187582492828 0.05254678428173065 0.0069947801530361176 0.08438057452440262 0.052953094244003296 0.0024619235191494226 0.08438056707382202 0.05251730605959892 -0.0020712604746222496 0.08643187582492828 0.05237998813390732 -0.004323704168200493 0.08643187582492828 0.05214610695838928 -0.006568177603185177 0.08643186837434769 0.051816098392009735 -0.00880054198205471 0.08643186837434769 0.05139056593179703 -0.011016683652997017 0.08643186092376709 0.051307931542396545 -0.013326182030141354 0.08438055962324142 -0.05143589526414871 -0.0042458511888980865 0.09052453935146332 -0.05210565775632858 0.00018333393381908536 0.08848318457603455 -0.05204975977540016 0.0024198477622121572 0.08848318457603455 -0.05189790949225426 0.0046519008465111256 0.08848318457603455 -0.050712838768959045 0.009537925012409687 0.09052453935146332 -0.049860864877700806 0.0133256446570158 0.09052454680204391 -0.0497153177857399 0.015601946040987968 0.08848319202661514 -0.048999764025211334 0.017721639946103096 0.08848319202661514 -0.04773591086268425 0.01962042786180973 0.09052455425262451 -0.04729915410280228 0.021859172731637955 0.08848319202661514 -0.04578357934951782 0.024852486327290535 0.08848319947719574 -0.04409920051693916 0.027754170820116997 0.08848319947719574 -0.042867179960012436 0.029621586203575134 0.08848319947719574 -0.0408623069524765 0.032311826944351196 0.08848319947719574 -0.036372922360897064 0.037293337285518646 0.08848320692777634 -0.033904965966939926 0.03956623747944832 0.08848320692777634 -0.031869545578956604 0.04059569910168648 0.0905245691537857 -0.030386315658688545 0.042328543961048126 0.08848320692777634 -0.026643699035048485 0.044778864830732346 0.08848320692777634 -0.02446228265762329 0.04544530436396599 0.0905245691537857 -0.022704707458615303 0.04689914733171463 0.08848321437835693 -0.020474165678024292 0.04737602174282074 0.0905245691537857 -0.018421635031700134 0.048211224377155304 0.0905245691537857 -0.016335146501660347 0.048957549035549164 0.0905245691537857 -0.014354951679706573 0.05008961260318756 0.08848321437835693 -0.012075725942850113 0.05017824098467827 0.0905245691537857 -0.009910648688673973 0.050650350749492645 0.0905245691537857 -0.007801436353474855 0.051518652588129044 0.08848321437835693 -0.00558276055380702 0.051806047558784485 0.08848321437835693 -0.003353793639689684 0.051997940987348557 0.08848321437835693 -0.0011186435585841537 0.052093978971242905 0.08848321437835693 0.0011079392861574888 0.05159894749522209 0.0905245691537857 0.005582686048001051 0.05180605500936508 0.08848321437835693 0.007801361847668886 0.05151866003870964 0.08848321437835693 0.010005656629800797 0.05113629624247551 0.08848321437835693 0.019634410738945007 0.048252176493406296 0.08848321437835693 0.02854125201702118 0.04359392821788788 0.08848320692777634 0.03217523917555809 0.040985215455293655 0.08848320692777634 0.033582720905542374 0.039190299808979034 0.09052456170320511 0.0368204191327095 0.03616539388895035 0.09052456170320511 0.041556090116500854 0.03143445774912834 0.08848319947719574 0.04578354209661484 0.024852551519870758 0.08848319947719574 0.048999737948179245 0.017721710726618767 0.08848319202661514 0.04971529170870781 0.015602017752826214 0.08848319202661514 0.05060475319623947 0.01236693374812603 0.08848318457603455 0.05177413672208786 0.005763713736087084 0.08848318457603455 0.051555149257183075 0.0023969258181750774 0.09052453935146332 0.05210565775632858 0.0001834090508054942 0.08848318457603455 0.050432655960321426 -0.013098849914968014 0.08848316967487335 -0.04947415366768837 -0.012849977239966393 0.09256588667631149 -0.049980148673057556 -0.010714409872889519 0.09256588667631149 -0.05039400979876518 -0.0085590910166502 0.09256588667631149 -0.05071496218442917 -0.006387992296367884 0.09256589412689209 -0.05107598379254341 -0.0020144926384091377 0.09256589412689209 -0.05108795687556267 0.001276851282455027 0.09256589412689209 -0.050375815480947495 0.004515462554991245 0.09459640085697174 -0.050668757408857346 0.006744707003235817 0.09256590157747269 -0.048419490456581116 0.016345128417015076 0.09256590902805328 -0.046400222927331924 0.02144373208284378 0.09256590902805328 -0.04495881125330925 0.023169321939349174 0.09459641575813293 -0.04392280429601669 0.02507786452770233 0.09459641575813293 -0.0432610847055912 0.02722669392824173 0.09256590902805328 -0.04160994291305542 0.028752822428941727 0.09459641575813293 -0.040337346494197845 0.030512463301420212 0.09459642320871353 -0.03899039328098297 0.03221585601568222 0.09459642320871353 -0.037971146404743195 0.03421997278928757 0.09256591647863388 -0.03646722063422203 0.035818375647068024 0.09256591647863388 -0.03407833352684975 0.038082510232925415 0.09256591647863388 -0.029495123773813248 0.04108709841966629 0.09459643065929413 -0.027704237028956413 0.04231533408164978 0.09459643065929413 -0.026137329638004303 0.04392783343791962 0.09256592392921448 -0.022273199632763863 0.04600781202316284 0.09256592392921448 -0.014082132838666439 0.04913764446973801 0.09256592392921448 -0.00656491331756115 0.0506804883480072 0.09256592392921448 -0.003255431307479739 0.05047290772199631 0.09459643065929413 -0.0010973835596814752 0.05110391601920128 0.09256592392921448 0.0032553584314882755 0.050472915172576904 0.09459643065929413 0.00656484067440033 0.050680503249168396 0.09256592392921448 0.009712204337120056 0.04963653162121773 0.09459643065929413 0.01195980329066515 0.04969685524702072 0.09256592392921448 0.014082061126828194 0.0491376668214798 0.09256592392921448 0.01617836020886898 0.048487886786460876 0.09256592392921448 0.018052836880087852 0.047246240079402924 0.09459643065929413 0.02027767524123192 0.046921536326408386 0.09256592392921448 0.022038742899894714 0.04552368447184563 0.09459643065929413 0.024227531626820564 0.045009344816207886 0.09256592392921448 0.02613726630806923 0.0439278706908226 0.09256592392921448 0.02770417556166649 0.042315371334552765 0.09459643065929413 0.029495064169168472 0.04108714312314987 0.09459643065929413 0.031231582164764404 0.03978317230939865 0.09459643065929413 0.03489601984620094 0.03735079988837242 0.09256591647863388 0.0386880561709404 0.03338928520679474 0.09256591647863388 0.04140937328338623 0.029947858303785324 0.09256591647863388 0.04382547363638878 0.026285698637366295 0.09256590902805328 0.044958777725696564 0.023169387131929398 0.09459641575813293 0.04640018939971924 0.021443797275424004 0.09256590902805328 0.04767320305109024 0.018408581614494324 0.09256590902805328 0.049076467752456665 0.01425168290734291 0.09256590157747269 0.0499035008251667 0.011065918020904064 0.09256590157747269 0.05050063133239746 0.007829172536730766 0.09256590157747269 0.050911568105220795 0.004563560709357262 0.09256589412689209 0.05111537501215935 0.00017992085486184806 0.09256589412689209 0.05053848773241043 -0.0019932216964662075 0.09459640085697174 0.05040634796023369 -0.004160795360803604 0.09459640085697174 0.050714973360300064 -0.006387919653207064 0.09256589412689209 0.05039401724934578 -0.008559017442166805 0.09256588667631149 0.04998016729950905 -0.010714338161051273 0.09256588667631149 -0.048432882875204086 -0.012579528614878654 0.0966269001364708 -0.04892822355031967 -0.010488907806575298 0.0966269001364708 -0.04949047416448593 -0.00731625035405159 0.0966269001364708 -0.04987024888396263 -0.004116616677492857 0.09662690758705139 -0.05000099539756775 -0.0019720965065062046 0.09662690758705139 -0.05001271888613701 0.0012499750591814518 0.09662690758705139 -0.049602340906858444 0.006602749228477478 0.09662691503763199 -0.04927318915724754 0.008725889027118683 0.09662691503763199 -0.048853207379579544 0.01083294302225113 0.09662691503763199 -0.04804358258843422 0.013951659202575684 0.09662691503763199 -0.04705682024359703 0.017018934711813927 0.09662691503763199 -0.04585326835513115 0.020007804036140442 0.09662692248821259 -0.04235057905316353 0.026653656736016273 0.09662692248821259 -0.03643583878874779 0.034282125532627106 0.09662692993879318 -0.03416161984205246 0.03656463325023651 0.09662692993879318 -0.03218287229537964 0.037556588649749756 0.09864568710327148 -0.030541058629751205 0.03890345245599747 0.09864568710327148 -0.02558722347021103 0.04300328716635704 0.09662693738937378 -0.02371768280863762 0.04406200721859932 0.09662693738937378 -0.02180441841483116 0.04503949359059334 0.09662693738937378 -0.01985096000134945 0.045933954417705536 0.09662693738937378 -0.017860906198620796 0.046743735671043396 0.09662693738937378 -0.014811836183071136 0.04778539761900902 0.09662693738937378 -0.011708157137036324 0.04865087941288948 0.09662693738937378 -0.009497521445155144 0.04853897541761398 0.09864570200443268 -0.006426743231713772 0.0496138259768486 0.09662693738937378 -3.608874976634979E-08 0.05002833902835846 0.09662693738937378 0.005299132317304611 0.04917473345994949 0.09864570200443268 0.007405117619782686 0.048901937901973724 0.09864570200443268 0.012746883556246758 0.048377182334661484 0.09662693738937378 0.015837857499718666 0.047467365860939026 0.09662693738937378 0.019850892946124077 0.045933980494737625 0.09662693738937378 0.023442503064870834 0.04355093836784363 0.09864569455385208 0.025290358811616898 0.042504504323005676 0.09864569455385208 0.0333610363304615 0.037281036376953125 0.09662692993879318 0.03569965064525604 0.035064563155174255 0.09662692993879318 0.037171922624111176 0.03349980339407921 0.09662692993879318 0.0385756716132164 0.03187328577041626 0.09662692993879318 0.039445385336875916 0.02983783930540085 0.09864568710327148 0.0417589507997036 0.02755040116608143 0.09662692248821259 0.043455637991428375 0.024811213836073875 0.09662692248821259 0.04489671438932419 0.020748965442180634 0.09864567965269089 0.04666983336210251 0.01802113652229309 0.09662692248821259 0.047190167009830475 0.014809558168053627 0.09864567220211029 0.04778238385915756 0.01277022622525692 0.09864567220211029 0.04885319247841835 0.010833012871444225 0.09662691503763199 0.049273181706666946 0.008725959807634354 0.09662691503763199 0.04960233345627785 0.006602821405977011 0.09662691503763199 0.049840040504932404 0.004467509686946869 0.09662690758705139 0.05001271888613701 0.0012500472366809845 0.09662690758705139 0.04907169193029404 -0.006180940195918083 0.0986456573009491 0.04913081228733063 -0.009433858096599579 0.0966269001364708 -0.047793127596378326 -0.010245575569570065 0.100664421916008 -0.04818888008594513 -0.008184568956494331 0.100664421916008 -0.04849579185247421 -0.0061084735207259655 0.100664421916008 -0.04809269309043884 -0.003969889599829912 0.10267055034637451 -0.0488598458468914 -0.0008771877037361264 0.10066442936658859 -0.04882624372839928 0.0022699758410453796 0.10066442936658859 -0.04806356877088547 0.00430819857865572 0.10267055034637451 -0.048451606184244156 0.006449569016695023 0.10066442936658859 -0.04792497307062149 0.009552538394927979 0.10066443681716919 -0.0469290092587471 0.01362798921763897 0.10066443681716919 -0.04537954926490784 0.016412315890192986 0.1026705652475357 -0.04478950798511505 0.019543636590242386 0.10066443681716919 -0.04294813796877861 0.023313332349061966 0.10066444426774979 -0.040790215134620667 0.026911191642284393 0.10066444426774979 -0.03898250684142113 0.02948761358857155 0.10066444426774979 -0.037680789828300476 0.03113379329442978 0.10066444426774979 -0.036309614777565 0.032722581177949905 0.10066445171833038 -0.03487149998545647 0.03425104171037674 0.10066445171833038 -0.033369097858667374 0.035716358572244644 0.10066445171833038 -0.028504448011517525 0.03970707207918167 0.10066445171833038 -0.026432614773511887 0.0403730608522892 0.1026705801486969 -0.024993618950247765 0.042005643248558044 0.10066445171833038 -0.02287229895591736 0.042491473257541656 0.1026705801486969 -0.020344503223896027 0.04443146288394928 0.10066445171833038 -0.016458522528409958 0.04601272568106651 0.10066445916891098 -0.012451233342289925 0.04725485295057297 0.10066445916891098 -0.00627764780074358 0.048462823033332825 0.10066445916891098 -0.0020977265667170286 0.04882267490029335 0.10066445916891098 0.0020976560190320015 0.04882267862558365 0.10066445916891098 0.009385991841554642 0.04796934500336647 0.10066445916891098 0.012451165355741978 0.04725486785173416 0.10066445916891098 0.015470431186258793 0.04636616259813309 0.10066445916891098 0.01722421497106552 0.04507764056324959 0.1026705801486969 0.019390368834137917 0.0448683463037014 0.10066445916891098 0.02129851095378399 0.04399464279413223 0.10066445171833038 0.02677365392446518 0.04089408740401268 0.10066445171833038 0.029343485832214355 0.0390770249068737 0.10066445171833038 0.0318051315844059 0.03711588308215141 0.10066445171833038 0.03412024676799774 0.03498375043272972 0.10066445171833038 0.03584698215126991 0.03230574354529381 0.1026705726981163 0.037200696766376495 0.030737202614545822 0.1026705652475357 0.04021231457591057 0.027787134051322937 0.10066444426774979 0.04084101319313049 0.025703679770231247 0.1026705652475357 0.04190672188997269 0.02392684854567051 0.1026705652475357 0.043448708951473236 0.022391175851225853 0.10066444426774979 0.04558712989091873 0.017603058367967606 0.10066443681716919 0.04771983623504639 0.010581692680716515 0.10066443681716919 0.048130083829164505 0.00852352287620306 0.10066442936658859 0.04783432558178902 0.00636746920645237 0.10267055034637451 0.04868379235267639 0.0043638646602630615 0.10066442936658859 0.04885246232151985 0.0012210445711389184 0.10066442936658859 0.04877715930342674 -0.0029736619908362627 0.100664421916008 0.048188887536525726 -0.008184499107301235 0.100664421916008 -0.04761490225791931 -0.0008548396290279925 0.10467667132616043 -0.04691815376281738 0.0021812631748616695 0.10666927695274353 -0.04721706360578537 0.006285231560468674 0.10467667877674103 -0.046903740614652634 0.008306274190545082 0.10467667877674103 -0.046503953635692596 0.010312003083527088 0.10467667877674103 -0.045376256108284 0.012127093970775604 0.10666927695274353 -0.04544808343052864 0.014262769371271133 0.10467667877674103 -0.04405723884701729 0.018108410760760307 0.10467668622732162 -0.0427904911339283 0.020901750773191452 0.10467668622732162 -0.04136597365140915 0.023618025705218315 0.10467668622732162 -0.03975088149309158 0.026225494220852852 0.10467669367790222 -0.037459101527929306 0.02833525836467743 0.10666929185390472 -0.03620825707912445 0.02991710603237152 0.10666929185390472 -0.034890659153461456 0.031443800777196884 0.10666929185390472 -0.03398297354578972 0.033378321677446365 0.10467669367790222 -0.031756822019815445 0.03548821806907654 0.10467669367790222 -0.029003124684095383 0.03694441542029381 0.10666929185390472 -0.02739051729440689 0.03815534710884094 0.10666929185390472 -0.024016888812184334 0.0403640940785408 0.10666929930448532 -0.019826127216219902 0.0432993546128273 0.10467670112848282 -0.016764748841524124 0.04387498274445534 0.10666930675506592 -0.015076310373842716 0.04518473148345947 0.10467670112848282 -0.013122818432748318 0.04579024389386177 0.10467670112848282 -0.011145135387778282 0.04631134495139122 0.10467670112848282 -0.009146904572844505 0.046747077256441116 0.10467670112848282 -0.006117694079875946 0.04722798615694046 0.10467670112848282 -0.0020442765671759844 0.04757867380976677 0.10467670112848282 0.0010225580772385001 0.047622568905353546 0.10467670112848282 0.0030658578034490347 0.04753478243947029 0.10467670112848282 0.0050322869792580605 0.046698469668626785 0.10666930675506592 0.007131745107471943 0.04709663242101669 0.10467670112848282 0.009146837517619133 0.04674708843231201 0.10467670112848282 0.011470163241028786 0.04553845524787903 0.10666930675506592 0.014099499210715294 0.04548750817775726 0.10467670112848282 0.018896304070949554 0.04372509941458702 0.10467670112848282 0.020466182380914688 0.042275361716747284 0.10666929930448532 0.02346690557897091 0.041439276188611984 0.10467670112848282 0.026934780180454254 0.03927374258637428 0.10467669367790222 0.030204134061932564 0.036818742752075195 0.10467669367790222 0.0320650115609169 0.034320637583732605 0.10666929185390472 0.03384929150342941 0.032550595700740814 0.10666929185390472 0.038588449358940125 0.02790771797299385 0.10467669367790222 0.04279046133160591 0.020901812240481377 0.10467668622732162 0.0440572164952755 0.01810847595334053 0.10467668622732162 0.04479392617940903 0.016200587153434753 0.10467668622732162 0.045733243227005005 0.013280810788273811 0.10467667877674103 0.0465039387345314 0.01031207013875246 0.10467667877674103 0.04690372943878174 0.008306341245770454 0.10467667877674103 0.04744333401322365 0.004252671264111996 0.10467667877674103 0.04758215323090553 0.0022122031077742577 0.10467667132616043 0.04761490225791931 -0.0008547709439881146 0.10467667132616043 0.04680963233113289 -0.003863911610096693 0.10666926950216293 0.04726012796163559 -0.005952763836830854 0.10467667132616043 -0.04620765149593353 -0.0028170861769467592 0.10866187512874603 -0.04630383104085922 0.00016290807980112731 0.10866187512874603 -0.046119216829538345 0.004133911803364754 0.10866187512874603 -0.04589925333857536 0.006109810434281826 0.10866187512874603 -0.04559467360377312 0.008074445649981499 0.10866187512874603 -0.04520604759454727 0.010024196468293667 0.10866188257932663 -0.043505631387233734 0.013653174974024296 0.11064007878303528 -0.04354377090930939 0.015748370438814163 0.10866188257932663 -0.04243006929755211 0.018514104187488556 0.10866188257932663 -0.04115993157029152 0.02121157944202423 0.10866189002990723 -0.04021146520972252 0.022958854213356972 0.10866189002990723 -0.039188869297504425 0.024663805961608887 0.10866189002990723 -0.038094036281108856 0.026323290541768074 0.10866189002990723 -0.03303452581167221 0.03244674578309059 0.10866189002990723 -0.03161126747727394 0.033834874629974365 0.10866189748048782 -0.03012973628938198 0.03516062721610069 0.10866189748048782 -0.024976368993520737 0.03814879059791565 0.11064009368419647 -0.021061811596155167 0.04122478514909744 0.10866189748048782 -0.01808873564004898 0.04185625910758972 0.11064009368419647 -0.013706051744520664 0.04421794414520264 0.10866190493106842 -0.010668791830539703 0.04433199763298035 0.11064010113477707 -0.008891618810594082 0.045442380011081696 0.10866190493106842 -0.005946950986981392 0.04590987041592598 0.10866190493106842 -0.002980357501655817 0.04620809480547905 0.10866190493106842 -0.0009940855670720339 0.046293437480926514 0.10866190493106842 0.0019871550612151623 0.04625077173113823 0.10866190493106842 0.006826934404671192 0.045083723962306976 0.11064010113477707 0.008755901828408241 0.04474911093711853 0.11064010113477707 0.01465547364205122 0.04392365738749504 0.10866190493106842 0.01652742736041546 0.043254073709249496 0.10866190493106842 0.0183689147233963 0.042504750192165375 0.10866189748048782 0.022811952978372574 0.0402827188372612 0.10866189748048782 0.0253632590174675 0.038739848881959915 0.10866189748048782 0.027797717601060867 0.03701850026845932 0.10866189748048782 0.029670022428035736 0.03462425619363785 0.11064009368419647 0.03631235659122467 0.028714030981063843 0.10866189002990723 0.038641415536403656 0.025493603199720383 0.10866189002990723 0.04021143168210983 0.022958911955356598 0.10866189002990723 0.040531955659389496 0.02088802680373192 0.11064008623361588 0.04203249141573906 0.01942525990307331 0.10866188257932663 0.04318566992878914 0.016675753518939018 0.10866188257932663 0.044179629534482956 0.013864761218428612 0.10866188257932663 0.04497004672884941 0.010989896953105927 0.10866188257932663 0.04489906504750252 0.007951323874294758 0.11064007878303528 0.04600922763347626 0.005121927242726088 0.10866187512874603 0.04627899080514908 0.0011567167239263654 0.10866187512874603 0.046268146485090256 -0.0018248093547299504 0.10866187512874603 -0.04473910108208656 -0.0036930684000253677 0.11261826753616333 -0.044873692095279694 -0.0008056313963606954 0.11261826753616333 -0.04477742314338684 0.0030462746508419514 0.11261827498674393 -0.04336913675069809 0.011590675450861454 0.11261828243732452 -0.041868001222610474 0.016166873276233673 0.11261828243732452 -0.04075000807642937 0.018832487985491753 0.11261828243732452 -0.03944428265094757 0.021411340683698654 0.11261828243732452 -0.03746240958571434 0.02471567690372467 0.11261828243732452 -0.030646732077002525 0.03280249238014221 0.11261828988790512 -0.02846532128751278 0.03469902276992798 0.11261829733848572 -0.022115962579846382 0.03905356302857399 0.11261829733848572 -0.01956096477806568 0.04040537029504776 0.11261829733848572 -0.016023198142647743 0.041934262961149216 0.11261829733848572 -0.014208361506462097 0.04258342087268829 0.11261829733848572 -0.01236733328551054 0.04315407946705818 0.11261829733848572 -0.007670773193240166 0.044220536947250366 0.11261829733848572 -0.0048097590915858746 0.04463285207748413 0.11261829733848572 -0.0019265868468210101 0.04483954608440399 0.11261829733848572 0.0009636890608817339 0.04488091543316841 0.11261829733848572 0.003849525237455964 0.0447155237197876 0.11261829733848572 0.010503442026674747 0.04364519566297531 0.11261829733848572 0.01236727088689804 0.043154098093509674 0.11261829733848572 0.014208300970494747 0.042583443224430084 0.11261829733848572 0.016915787011384964 0.041571058332920074 0.11261829733848572 0.019560905173420906 0.04040540009737015 0.11261829733848572 0.022115906700491905 0.039053596556186676 0.11261829733848572 0.02458936721086502 0.037557803094387054 0.11261829733848572 0.02694954350590706 0.035888977348804474 0.11261829733848572 0.031336601823568344 0.032129645347595215 0.11261828988790512 0.03334730863571167 0.030052999034523964 0.11261828988790512 0.03520438075065613 0.02783789485692978 0.11261828988790512 0.036931660026311874 0.02552015520632267 0.11261828988790512 0.04113540053367615 0.01794925332069397 0.11261828243732452 0.042831603437662125 0.013441713526844978 0.11261828243732452 0.043369121849536896 0.011590737849473953 0.11261828243732452 0.04382668808102608 0.009718394838273525 0.11261827498674393 0.0444987490773201 0.005923447199165821 0.11261827498674393 0.044777415692806244 0.003046339377760887 0.11261827498674393 0.044873692095279694 -0.0008055667276494205 0.11261826753616333 </float_array>
          <technique_common>
            <accessor source="#mesh_1-position-array" count="9236" stride="3">
              <param name="X" type="float" />
              <param name="Y" type="float" />
              <param name="Z" type="float" />
            </accessor>
          </technique_common>
        </source>
        <source id="mesh_1-normal" name="normal">
          <float_array id="mesh_1-normal-array" count="3">0 0 0 </float_array>
          <technique_common>
            <accessor source="#mesh_1-normal-array" count="1" stride="3">
              <param name="X" type="float" />
              <param name="Y" type="float" />
              <param name="Z" type="float" />
            </accessor>
          </technique_common>
        </source>
        <vertices id="mesh_1-vertices">
          <input semantic="POSITION" source="#mesh_1-position" />
        </vertices>
        <triangles material="default" count="18409">
          <input semantic="VERTEX" source="#mesh_1-vertices" offset="0" />
          <input semantic="NORMAL" source="#mesh_1-normal" offset="1" />
          <p>0 0 1 0 2 0 0 0 2 0 3 0 4 0 5 0 6 0 6 0 7 0 8 0 8 0 7 0 9 0 10 0 7 0 11 0 6 0 5 0 12 0 6 0 12 0 7 0 11 0 13 0 10 0 10 0 13 0 14 0 10 0 14 0 15 0 15 0 16 0 10 0 10 0 16 0 17 0 10 0 17 0 18 0 19 0 20 0 7 0 7 0 20 0 21 0 21 0 22 0 7 0 7 0 22 0 23 0 7 0 23 0 9 0 4 0 6 0 24 0 24 0 6 0 25 0 7 0 10 0 19 0 25 0 26 0 24 0 24 0 26 0 27 0 24 0 27 0 28 0 29 0 30 0 31 0 31 0 30 0 32 0 31 0 32 0 33 0 33 0 34 0 31 0 31 0 34 0 35 0 31 0 35 0 36 0 37 0 38 0 39 0 39 0 38 0 31 0 28 0 38 0 24 0 24 0 38 0 40 0 40 0 38 0 41 0 31 0 38 0 42 0 31 0 42 0 29 0 37 0 43 0 38 0 38 0 43 0 44 0 38 0 44 0 41 0 45 0 18 0 46 0 46 0 18 0 47 0 45 0 48 0 18 0 18 0 48 0 49 0 49 0 50 0 18 0 18 0 50 0 10 0 47 0 51 0 46 0 46 0 51 0 52 0 46 0 52 0 53 0 54 0 55 0 56 0 54 0 56 0 57 0 54 0 58 0 59 0 57 0 60 0 54 0 54 0 60 0 61 0 54 0 61 0 58 0 62 0 63 0 64 0 64 0 65 0 62 0 62 0 65 0 66 0 54 0 59 0 62 0 54 0 62 0 66 0 54 0 67 0 55 0 55 0 67 0 68 0 69 0 70 0 71 0 72 0 73 0 74 0 75 0 76 0 77 0 75 0 77 0 78 0 68 0 79 0 55 0 55 0 79 0 80 0 55 0 80 0 81 0 55 0 81 0 82 0 82 0 83 0 55 0 55 0 83 0 84 0 55 0 84 0 85 0 86 0 87 0 88 0 88 0 87 0 89 0 63 0 62 0 72 0 72 0 62 0 90 0 72 0 90 0 73 0 74 0 91 0 72 0 72 0 91 0 75 0 72 0 75 0 78 0 85 0 92 0 55 0 55 0 92 0 93 0 86 0 88 0 71 0 71 0 88 0 69 0 76 0 75 0 94 0 94 0 75 0 95 0 95 0 96 0 94 0 94 0 96 0 97 0 70 0 98 0 71 0 71 0 98 0 55 0 71 0 55 0 93 0 99 0 1 0 100 0 101 0 102 0 103 0 101 0 104 0 102 0 102 0 104 0 105 0 106 0 107 0 108 0 107 0 106 0 109 0 110 0 111 0 112 0 108 0 107 0 102 0 102 0 107 0 113 0 102 0 113 0 103 0 110 0 112 0 114 0 114 0 112 0 115 0 114 0 115 0 116 0 107 0 109 0 114 0 107 0 114 0 117 0 117 0 114 0 116 0 118 0 119 0 120 0 120 0 119 0 121 0 120 0 121 0 122 0 123 0 104 0 120 0 120 0 104 0 118 0 124 0 125 0 104 0 104 0 125 0 105 0 104 0 123 0 126 0 126 0 127 0 104 0 104 0 127 0 124 0 122 0 128 0 120 0 120 0 128 0 129 0 130 0 131 0 120 0 120 0 131 0 132 0 120 0 132 0 133 0 112 0 111 0 134 0 112 0 134 0 135 0 135 0 136 0 112 0 112 0 136 0 137 0 112 0 137 0 138 0 112 0 138 0 139 0 112 0 139 0 140 0 129 0 141 0 120 0 120 0 141 0 142 0 120 0 142 0 130 0 140 0 143 0 112 0 112 0 143 0 144 0 145 0 144 0 146 0 144 0 145 0 112 0 147 0 148 0 149 0 149 0 148 0 150 0 149 0 150 0 151 0 149 0 152 0 153 0 149 0 153 0 154 0 149 0 154 0 147 0 155 0 156 0 157 0 157 0 156 0 158 0 157 0 158 0 159 0 157 0 160 0 161 0 157 0 162 0 163 0 157 0 163 0 160 0 157 0 161 0 164 0 157 0 164 0 155 0 158 0 147 0 159 0 159 0 147 0 154 0 165 0 166 0 2 0 167 0 168 0 165 0 165 0 168 0 166 0 2 0 1 0 165 0 1 0 169 0 165 0 3 0 2 0 166 0 170 0 171 0 172 0 173 0 174 0 175 0 176 0 177 0 170 0 176 0 170 0 172 0 178 0 173 0 179 0 175 0 180 0 173 0 173 0 180 0 179 0 181 0 174 0 173 0 170 0 182 0 171 0 173 0 182 0 183 0 173 0 178 0 182 0 184 0 185 0 186 0 183 0 182 0 170 0 187 0 184 0 188 0 188 0 184 0 189 0 186 0 189 0 184 0 190 0 181 0 191 0 184 0 190 0 191 0 184 0 187 0 190 0 186 0 185 0 192 0 192 0 185 0 193 0 190 0 194 0 181 0 181 0 194 0 174 0 195 0 48 0 45 0 195 0 45 0 196 0 196 0 45 0 46 0 196 0 46 0 53 0 196 0 53 0 197 0 197 0 53 0 198 0 198 0 53 0 52 0 198 0 52 0 199 0 199 0 52 0 51 0 199 0 51 0 47 0 199 0 47 0 200 0 200 0 47 0 201 0 201 0 47 0 18 0 201 0 18 0 17 0 201 0 17 0 202 0 202 0 17 0 16 0 202 0 16 0 15 0 202 0 15 0 203 0 203 0 15 0 14 0 203 0 14 0 13 0 203 0 13 0 204 0 204 0 13 0 11 0 204 0 11 0 205 0 205 0 11 0 7 0 205 0 7 0 206 0 206 0 7 0 12 0 206 0 12 0 207 0 207 0 12 0 5 0 207 0 5 0 208 0 208 0 5 0 209 0 209 0 5 0 4 0 209 0 4 0 210 0 210 0 4 0 24 0 210 0 24 0 211 0 211 0 24 0 40 0 211 0 40 0 212 0 212 0 40 0 41 0 212 0 41 0 213 0 213 0 41 0 44 0 213 0 44 0 214 0 214 0 44 0 43 0 214 0 43 0 215 0 215 0 43 0 37 0 215 0 37 0 216 0 216 0 37 0 39 0 216 0 39 0 31 0 216 0 31 0 217 0 217 0 31 0 36 0 217 0 36 0 218 0 218 0 36 0 35 0 218 0 35 0 219 0 219 0 35 0 34 0 219 0 34 0 220 0 220 0 34 0 33 0 220 0 33 0 221 0 221 0 33 0 32 0 221 0 32 0 222 0 222 0 32 0 30 0 222 0 30 0 223 0 223 0 30 0 29 0 223 0 29 0 224 0 224 0 29 0 42 0 224 0 42 0 225 0 225 0 42 0 38 0 225 0 38 0 226 0 226 0 38 0 28 0 226 0 28 0 227 0 227 0 28 0 228 0 228 0 28 0 27 0 228 0 27 0 229 0 229 0 27 0 26 0 229 0 26 0 230 0 230 0 26 0 231 0 231 0 26 0 25 0 231 0 25 0 232 0 232 0 25 0 6 0 232 0 6 0 8 0 232 0 8 0 233 0 233 0 8 0 9 0 233 0 9 0 234 0 234 0 9 0 23 0 234 0 23 0 22 0 234 0 22 0 235 0 235 0 22 0 21 0 235 0 21 0 20 0 235 0 20 0 236 0 236 0 20 0 19 0 236 0 19 0 237 0 237 0 19 0 238 0 238 0 19 0 10 0 238 0 10 0 50 0 238 0 50 0 239 0 239 0 50 0 240 0 240 0 50 0 49 0 240 0 49 0 48 0 240 0 48 0 195 0 241 0 242 0 243 0 242 0 244 0 245 0 246 0 247 0 245 0 248 0 249 0 245 0 250 0 251 0 252 0 251 0 253 0 252 0 253 0 254 0 252 0 255 0 256 0 257 0 258 0 193 0 259 0 260 0 261 0 262 0 263 0 260 0 264 0 265 0 266 0 267 0 268 0 257 0 265 0 255 0 257 0 268 0 269 0 270 0 271 0 272 0 269 0 271 0 272 0 273 0 274 0 275 0 276 0 277 0 276 0 254 0 278 0 276 0 278 0 277 0 184 0 279 0 280 0 181 0 279 0 184 0 184 0 191 0 181 0 252 0 254 0 276 0 249 0 250 0 245 0 245 0 250 0 252 0 245 0 252 0 281 0 247 0 248 0 245 0 245 0 281 0 282 0 281 0 283 0 284 0 244 0 246 0 245 0 285 0 245 0 282 0 282 0 281 0 284 0 264 0 260 0 262 0 262 0 261 0 258 0 263 0 264 0 286 0 286 0 264 0 262 0 286 0 262 0 287 0 286 0 287 0 288 0 289 0 288 0 290 0 290 0 288 0 287 0 290 0 287 0 262 0 259 0 262 0 258 0 284 0 289 0 290 0 291 0 290 0 262 0 291 0 262 0 259 0 259 0 292 0 291 0 284 0 290 0 282 0 285 0 282 0 293 0 285 0 293 0 245 0 245 0 293 0 243 0 245 0 243 0 242 0 259 0 193 0 294 0 259 0 294 0 292 0 290 0 291 0 295 0 290 0 295 0 282 0 282 0 295 0 296 0 282 0 296 0 297 0 243 0 293 0 298 0 243 0 298 0 241 0 295 0 294 0 184 0 295 0 184 0 299 0 295 0 299 0 297 0 297 0 300 0 293 0 293 0 300 0 301 0 193 0 185 0 184 0 184 0 280 0 302 0 193 0 184 0 294 0 299 0 184 0 297 0 297 0 184 0 300 0 300 0 184 0 302 0 292 0 294 0 291 0 291 0 294 0 295 0 295 0 297 0 296 0 282 0 297 0 293 0 303 0 304 0 305 0 305 0 272 0 306 0 271 0 270 0 307 0 307 0 270 0 308 0 304 0 273 0 305 0 305 0 273 0 272 0 306 0 272 0 271 0 270 0 268 0 308 0 308 0 268 0 265 0 309 0 310 0 305 0 309 0 305 0 311 0 284 0 283 0 307 0 284 0 307 0 312 0 312 0 307 0 313 0 312 0 313 0 314 0 314 0 313 0 267 0 314 0 267 0 266 0 276 0 315 0 316 0 276 0 316 0 283 0 289 0 284 0 312 0 288 0 312 0 314 0 288 0 314 0 317 0 317 0 314 0 266 0 317 0 266 0 263 0 315 0 303 0 316 0 316 0 303 0 310 0 316 0 310 0 309 0 316 0 309 0 283 0 283 0 309 0 311 0 310 0 303 0 305 0 311 0 305 0 306 0 311 0 306 0 283 0 283 0 306 0 271 0 283 0 271 0 307 0 307 0 308 0 313 0 313 0 308 0 265 0 313 0 265 0 267 0 276 0 283 0 252 0 252 0 283 0 281 0 289 0 312 0 288 0 286 0 288 0 317 0 286 0 317 0 263 0 74 0 318 0 91 0 91 0 318 0 319 0 91 0 319 0 75 0 75 0 319 0 320 0 75 0 320 0 95 0 95 0 320 0 321 0 95 0 321 0 96 0 96 0 321 0 322 0 96 0 322 0 97 0 97 0 322 0 94 0 94 0 322 0 323 0 94 0 323 0 76 0 76 0 323 0 324 0 76 0 324 0 77 0 77 0 324 0 78 0 78 0 324 0 325 0 78 0 325 0 72 0 72 0 325 0 326 0 72 0 326 0 63 0 63 0 326 0 327 0 63 0 327 0 328 0 63 0 328 0 64 0 64 0 328 0 329 0 64 0 329 0 65 0 65 0 329 0 330 0 65 0 330 0 66 0 66 0 330 0 331 0 66 0 331 0 332 0 66 0 332 0 54 0 54 0 332 0 333 0 54 0 333 0 67 0 67 0 333 0 68 0 68 0 333 0 334 0 68 0 334 0 335 0 68 0 335 0 79 0 79 0 335 0 336 0 79 0 336 0 337 0 79 0 337 0 80 0 80 0 337 0 338 0 80 0 338 0 81 0 81 0 338 0 339 0 81 0 339 0 82 0 82 0 339 0 340 0 82 0 340 0 83 0 83 0 340 0 341 0 83 0 341 0 84 0 84 0 341 0 342 0 84 0 342 0 85 0 85 0 342 0 343 0 85 0 343 0 92 0 92 0 343 0 344 0 92 0 344 0 93 0 93 0 344 0 345 0 93 0 345 0 71 0 71 0 345 0 346 0 71 0 346 0 86 0 86 0 346 0 87 0 87 0 346 0 347 0 87 0 347 0 348 0 87 0 348 0 89 0 89 0 348 0 349 0 89 0 349 0 88 0 88 0 349 0 350 0 88 0 350 0 69 0 69 0 350 0 351 0 69 0 351 0 70 0 70 0 351 0 352 0 70 0 352 0 98 0 98 0 352 0 55 0 55 0 352 0 353 0 55 0 353 0 56 0 56 0 353 0 354 0 56 0 354 0 57 0 57 0 354 0 355 0 57 0 355 0 60 0 60 0 355 0 61 0 61 0 355 0 356 0 61 0 356 0 58 0 58 0 356 0 357 0 58 0 357 0 358 0 58 0 358 0 59 0 59 0 358 0 359 0 59 0 359 0 62 0 62 0 359 0 360 0 62 0 360 0 90 0 90 0 360 0 73 0 73 0 360 0 361 0 73 0 361 0 362 0 73 0 362 0 74 0 74 0 362 0 318 0 363 0 364 0 365 0 365 0 364 0 366 0 365 0 366 0 367 0 367 0 366 0 368 0 367 0 368 0 369 0 369 0 368 0 370 0 369 0 370 0 371 0 371 0 370 0 372 0 371 0 372 0 373 0 373 0 372 0 374 0 373 0 374 0 375 0 375 0 374 0 376 0 375 0 376 0 377 0 377 0 376 0 378 0 378 0 376 0 379 0 378 0 379 0 380 0 378 0 380 0 381 0 381 0 380 0 382 0 381 0 382 0 383 0 383 0 382 0 384 0 383 0 384 0 385 0 385 0 384 0 386 0 385 0 386 0 387 0 385 0 387 0 388 0 388 0 387 0 389 0 388 0 389 0 390 0 390 0 389 0 391 0 390 0 391 0 363 0 363 0 391 0 364 0 254 0 392 0 393 0 394 0 395 0 396 0 183 0 170 0 173 0 173 0 170 0 397 0 181 0 173 0 280 0 398 0 399 0 300 0 398 0 400 0 301 0 401 0 248 0 242 0 242 0 248 0 246 0 254 0 393 0 402 0 254 0 402 0 277 0 403 0 404 0 405 0 406 0 407 0 408 0 409 0 410 0 407 0 409 0 407 0 406 0 409 0 406 0 411 0 411 0 406 0 412 0 413 0 412 0 414 0 413 0 415 0 412 0 412 0 415 0 416 0 412 0 416 0 411 0 409 0 417 0 410 0 395 0 418 0 419 0 419 0 418 0 417 0 419 0 417 0 396 0 396 0 417 0 409 0 396 0 409 0 411 0 396 0 411 0 420 0 420 0 411 0 416 0 415 0 421 0 416 0 416 0 421 0 422 0 416 0 422 0 420 0 419 0 396 0 395 0 423 0 394 0 396 0 423 0 396 0 424 0 424 0 396 0 425 0 425 0 396 0 420 0 425 0 420 0 422 0 421 0 426 0 422 0 422 0 426 0 425 0 424 0 425 0 427 0 424 0 427 0 423 0 427 0 425 0 428 0 428 0 425 0 426 0 429 0 397 0 170 0 429 0 170 0 177 0 427 0 430 0 423 0 423 0 430 0 431 0 428 0 432 0 427 0 427 0 432 0 430 0 430 0 432 0 433 0 430 0 433 0 431 0 434 0 435 0 436 0 436 0 435 0 432 0 432 0 435 0 429 0 432 0 429 0 437 0 173 0 397 0 435 0 435 0 397 0 429 0 437 0 429 0 177 0 398 0 173 0 434 0 434 0 173 0 435 0 428 0 434 0 436 0 428 0 436 0 432 0 432 0 437 0 433 0 438 0 393 0 439 0 439 0 393 0 440 0 439 0 440 0 441 0 441 0 440 0 251 0 441 0 251 0 442 0 442 0 251 0 401 0 442 0 401 0 443 0 443 0 401 0 242 0 443 0 242 0 444 0 443 0 444 0 293 0 293 0 444 0 241 0 393 0 392 0 440 0 440 0 392 0 251 0 251 0 248 0 401 0 403 0 402 0 445 0 445 0 402 0 446 0 446 0 447 0 448 0 448 0 447 0 441 0 448 0 441 0 442 0 448 0 442 0 449 0 449 0 442 0 443 0 398 0 443 0 450 0 398 0 301 0 399 0 451 0 404 0 452 0 415 0 445 0 421 0 421 0 445 0 446 0 426 0 448 0 449 0 426 0 449 0 428 0 428 0 449 0 434 0 452 0 404 0 403 0 452 0 403 0 415 0 415 0 403 0 445 0 449 0 443 0 434 0 434 0 443 0 398 0 453 0 398 0 300 0 405 0 454 0 403 0 403 0 454 0 402 0 402 0 393 0 446 0 446 0 393 0 438 0 446 0 438 0 447 0 447 0 438 0 439 0 447 0 439 0 441 0 450 0 443 0 293 0 450 0 293 0 398 0 398 0 293 0 400 0 414 0 451 0 413 0 413 0 451 0 452 0 413 0 452 0 415 0 421 0 446 0 426 0 426 0 446 0 448 0 173 0 398 0 453 0 173 0 453 0 280 0 455 0 456 0 457 0 458 0 459 0 460 0 461 0 462 0 460 0 460 0 462 0 463 0 457 0 456 0 460 0 460 0 456 0 458 0 460 0 463 0 464 0 465 0 466 0 467 0 467 0 466 0 468 0 465 0 467 0 469 0 465 0 469 0 460 0 455 0 470 0 471 0 460 0 459 0 472 0 472 0 473 0 460 0 460 0 473 0 474 0 475 0 476 0 460 0 464 0 477 0 460 0 460 0 477 0 465 0 455 0 471 0 478 0 455 0 478 0 456 0 474 0 479 0 460 0 460 0 479 0 475 0 476 0 480 0 460 0 460 0 480 0 481 0 460 0 481 0 482 0 483 0 484 0 455 0 455 0 484 0 485 0 455 0 485 0 470 0 482 0 486 0 460 0 460 0 486 0 487 0 460 0 487 0 461 0 488 0 489 0 455 0 455 0 489 0 490 0 455 0 490 0 491 0 492 0 455 0 493 0 455 0 492 0 494 0 455 0 494 0 488 0 455 0 491 0 483 0 169 0 495 0 496 0 497 0 498 0 499 0 1 0 500 0 501 0 501 0 500 0 502 0 496 0 503 0 504 0 496 0 1 0 505 0 506 0 496 0 507 0 508 0 509 0 498 0 508 0 498 0 510 0 498 0 511 0 512 0 496 0 495 0 507 0 496 0 506 0 1 0 513 0 514 0 496 0 496 0 505 0 503 0 502 0 496 0 501 0 501 0 496 0 504 0 501 0 504 0 1 0 508 0 510 0 497 0 508 0 497 0 515 0 511 0 498 0 502 0 502 0 498 0 516 0 516 0 498 0 496 0 496 0 498 0 509 0 496 0 509 0 508 0 496 0 508 0 513 0 516 0 496 0 502 0 510 0 498 0 497 0 517 0 511 0 99 0 495 0 169 0 1 0 1 0 506 0 518 0 1 0 518 0 507 0 1 0 507 0 495 0 505 0 1 0 504 0 502 0 519 0 1 0 1 0 519 0 500 0 502 0 1 0 520 0 520 0 1 0 511 0 99 0 512 0 517 0 1 0 99 0 511 0 102 0 521 0 108 0 108 0 521 0 522 0 108 0 522 0 523 0 108 0 523 0 106 0 106 0 523 0 524 0 106 0 524 0 525 0 106 0 525 0 109 0 109 0 525 0 526 0 109 0 526 0 114 0 114 0 526 0 527 0 114 0 527 0 110 0 110 0 527 0 528 0 110 0 528 0 111 0 111 0 528 0 529 0 111 0 529 0 530 0 111 0 530 0 134 0 134 0 530 0 135 0 135 0 530 0 531 0 135 0 531 0 532 0 135 0 532 0 136 0 136 0 532 0 137 0 137 0 532 0 533 0 137 0 533 0 138 0 138 0 533 0 534 0 138 0 534 0 139 0 139 0 534 0 535 0 139 0 535 0 140 0 140 0 535 0 536 0 140 0 536 0 143 0 143 0 536 0 144 0 144 0 536 0 537 0 144 0 537 0 538 0 144 0 538 0 146 0 146 0 538 0 145 0 145 0 538 0 539 0 145 0 539 0 540 0 145 0 540 0 112 0 112 0 540 0 541 0 112 0 541 0 115 0 115 0 541 0 116 0 116 0 541 0 542 0 116 0 542 0 117 0 117 0 542 0 543 0 117 0 543 0 107 0 107 0 543 0 113 0 113 0 543 0 544 0 113 0 544 0 103 0 103 0 544 0 101 0 101 0 544 0 545 0 101 0 545 0 546 0 101 0 546 0 104 0 104 0 546 0 547 0 104 0 547 0 118 0 118 0 547 0 548 0 118 0 548 0 119 0 119 0 548 0 549 0 119 0 549 0 121 0 121 0 549 0 550 0 121 0 550 0 122 0 122 0 550 0 551 0 122 0 551 0 128 0 128 0 551 0 552 0 128 0 552 0 129 0 129 0 552 0 141 0 141 0 552 0 553 0 141 0 553 0 142 0 142 0 553 0 554 0 142 0 554 0 130 0 130 0 554 0 555 0 130 0 555 0 131 0 131 0 555 0 556 0 131 0 556 0 132 0 132 0 556 0 133 0 133 0 556 0 557 0 133 0 557 0 120 0 120 0 557 0 558 0 120 0 558 0 123 0 123 0 558 0 559 0 123 0 559 0 126 0 126 0 559 0 560 0 126 0 560 0 127 0 127 0 560 0 124 0 124 0 560 0 561 0 124 0 561 0 125 0 125 0 561 0 562 0 125 0 562 0 105 0 105 0 562 0 563 0 105 0 563 0 102 0 102 0 563 0 521 0 564 0 565 0 566 0 566 0 565 0 567 0 567 0 565 0 568 0 569 0 570 0 568 0 568 0 570 0 571 0 568 0 571 0 567 0 570 0 569 0 572 0 570 0 572 0 573 0 573 0 572 0 574 0 574 0 575 0 573 0 575 0 576 0 573 0 577 0 578 0 575 0 575 0 578 0 576 0 572 0 569 0 579 0 580 0 581 0 582 0 583 0 584 0 580 0 580 0 584 0 581 0 585 0 583 0 580 0 586 0 587 0 585 0 587 0 583 0 585 0 588 0 589 0 590 0 590 0 589 0 586 0 590 0 586 0 585 0 589 0 588 0 591 0 589 0 591 0 592 0 593 0 592 0 591 0 594 0 593 0 591 0 595 0 593 0 594 0 596 0 593 0 595 0 597 0 598 0 599 0 600 0 601 0 597 0 597 0 601 0 598 0 602 0 601 0 603 0 603 0 601 0 600 0 604 0 605 0 603 0 603 0 605 0 602 0 606 0 607 0 604 0 604 0 607 0 605 0 608 0 607 0 606 0 608 0 609 0 607 0 610 0 609 0 611 0 611 0 609 0 608 0 611 0 612 0 610 0 613 0 614 0 615 0 615 0 614 0 611 0 611 0 614 0 612 0 616 0 617 0 618 0 616 0 618 0 615 0 615 0 618 0 613 0 619 0 617 0 616 0 619 0 620 0 617 0 621 0 622 0 619 0 619 0 622 0 620 0 623 0 624 0 621 0 621 0 624 0 622 0 625 0 626 0 623 0 625 0 623 0 621 0 627 0 628 0 629 0 628 0 627 0 626 0 628 0 626 0 625 0 629 0 628 0 630 0 629 0 630 0 631 0 631 0 630 0 632 0 632 0 630 0 633 0 634 0 635 0 633 0 633 0 635 0 632 0 636 0 637 0 634 0 634 0 637 0 635 0 637 0 636 0 638 0 638 0 636 0 639 0 639 0 640 0 638 0 641 0 642 0 640 0 641 0 640 0 639 0 154 0 642 0 159 0 159 0 642 0 641 0 159 0 641 0 157 0 642 0 154 0 643 0 643 0 154 0 153 0 643 0 153 0 644 0 644 0 153 0 152 0 644 0 152 0 645 0 645 0 152 0 149 0 645 0 149 0 646 0 646 0 149 0 647 0 647 0 149 0 151 0 647 0 151 0 648 0 648 0 151 0 150 0 648 0 150 0 148 0 648 0 148 0 649 0 649 0 148 0 147 0 649 0 147 0 650 0 651 0 652 0 158 0 158 0 652 0 650 0 158 0 650 0 147 0 653 0 564 0 654 0 654 0 564 0 655 0 654 0 655 0 652 0 652 0 655 0 650 0 656 0 568 0 657 0 568 0 565 0 657 0 657 0 565 0 653 0 653 0 565 0 564 0 579 0 569 0 658 0 658 0 569 0 656 0 656 0 569 0 568 0 659 0 660 0 574 0 659 0 574 0 579 0 579 0 574 0 572 0 577 0 661 0 662 0 577 0 575 0 661 0 661 0 575 0 660 0 660 0 575 0 574 0 663 0 664 0 662 0 662 0 664 0 577 0 663 0 665 0 664 0 666 0 667 0 668 0 668 0 667 0 663 0 663 0 667 0 665 0 666 0 668 0 669 0 670 0 669 0 671 0 670 0 671 0 582 0 671 0 669 0 668 0 582 0 581 0 670 0 158 0 156 0 651 0 651 0 156 0 155 0 651 0 155 0 672 0 672 0 155 0 164 0 672 0 164 0 673 0 673 0 164 0 161 0 673 0 161 0 674 0 674 0 161 0 675 0 675 0 161 0 160 0 675 0 160 0 676 0 676 0 160 0 163 0 676 0 163 0 677 0 677 0 163 0 162 0 677 0 162 0 157 0 677 0 157 0 678 0 678 0 157 0 641 0 679 0 637 0 638 0 680 0 681 0 635 0 635 0 681 0 632 0 679 0 682 0 637 0 637 0 682 0 680 0 637 0 680 0 635 0 683 0 629 0 631 0 632 0 681 0 631 0 631 0 681 0 683 0 629 0 683 0 627 0 627 0 683 0 684 0 685 0 686 0 687 0 688 0 689 0 686 0 686 0 689 0 687 0 690 0 691 0 687 0 687 0 691 0 685 0 692 0 693 0 694 0 695 0 693 0 692 0 695 0 696 0 697 0 695 0 697 0 693 0 696 0 695 0 698 0 696 0 698 0 699 0 700 0 701 0 698 0 698 0 701 0 702 0 698 0 702 0 699 0 703 0 701 0 704 0 704 0 701 0 700 0 703 0 0 0 705 0 703 0 705 0 701 0 100 0 0 0 703 0 0 0 100 0 1 0 706 0 707 0 708 0 709 0 710 0 711 0 712 0 713 0 714 0 715 0 716 0 717 0 718 0 719 0 720 0 721 0 722 0 723 0 724 0 725 0 726 0 726 0 725 0 727 0 728 0 729 0 727 0 728 0 727 0 730 0 731 0 732 0 733 0 733 0 732 0 734 0 735 0 736 0 731 0 731 0 736 0 732 0 737 0 738 0 739 0 740 0 741 0 742 0 743 0 744 0 745 0 746 0 744 0 743 0 747 0 748 0 746 0 747 0 749 0 748 0 750 0 751 0 747 0 747 0 751 0 749 0 751 0 750 0 407 0 751 0 407 0 752 0 406 0 408 0 412 0 412 0 753 0 414 0 754 0 404 0 451 0 755 0 756 0 757 0 757 0 756 0 758 0 757 0 758 0 759 0 757 0 759 0 760 0 760 0 759 0 761 0 760 0 761 0 762 0 762 0 761 0 763 0 762 0 763 0 764 0 762 0 764 0 765 0 765 0 766 0 767 0 765 0 767 0 762 0 762 0 767 0 768 0 762 0 768 0 760 0 765 0 769 0 770 0 770 0 769 0 771 0 760 0 768 0 757 0 757 0 768 0 772 0 757 0 772 0 773 0 757 0 773 0 755 0 755 0 773 0 774 0 755 0 774 0 693 0 775 0 776 0 777 0 766 0 722 0 767 0 767 0 722 0 778 0 767 0 778 0 779 0 767 0 779 0 768 0 768 0 779 0 780 0 768 0 780 0 781 0 768 0 781 0 772 0 772 0 781 0 718 0 772 0 718 0 773 0 773 0 718 0 720 0 773 0 720 0 774 0 774 0 720 0 776 0 774 0 776 0 775 0 766 0 765 0 782 0 782 0 765 0 770 0 782 0 770 0 783 0 783 0 770 0 771 0 783 0 771 0 784 0 785 0 786 0 787 0 787 0 786 0 788 0 722 0 766 0 723 0 723 0 766 0 782 0 723 0 782 0 783 0 723 0 783 0 789 0 789 0 783 0 784 0 789 0 784 0 790 0 724 0 791 0 725 0 725 0 791 0 792 0 725 0 792 0 727 0 727 0 792 0 793 0 727 0 793 0 730 0 791 0 785 0 792 0 792 0 785 0 787 0 792 0 787 0 793 0 793 0 787 0 788 0 793 0 788 0 794 0 793 0 794 0 730 0 730 0 794 0 795 0 451 0 414 0 753 0 753 0 796 0 797 0 797 0 796 0 798 0 798 0 796 0 799 0 800 0 798 0 801 0 802 0 803 0 804 0 805 0 804 0 806 0 805 0 806 0 807 0 753 0 412 0 796 0 799 0 808 0 798 0 801 0 798 0 809 0 801 0 809 0 803 0 803 0 809 0 810 0 803 0 810 0 804 0 806 0 811 0 807 0 807 0 812 0 813 0 796 0 412 0 814 0 796 0 814 0 408 0 796 0 408 0 799 0 808 0 799 0 815 0 808 0 815 0 798 0 798 0 815 0 809 0 804 0 816 0 806 0 806 0 816 0 811 0 807 0 811 0 817 0 807 0 817 0 812 0 814 0 412 0 408 0 799 0 408 0 815 0 804 0 810 0 816 0 816 0 818 0 811 0 811 0 818 0 817 0 819 0 820 0 733 0 739 0 731 0 737 0 821 0 740 0 742 0 821 0 742 0 817 0 817 0 742 0 737 0 817 0 737 0 812 0 812 0 822 0 823 0 823 0 822 0 824 0 733 0 825 0 731 0 731 0 825 0 737 0 826 0 824 0 827 0 827 0 824 0 820 0 820 0 824 0 822 0 820 0 822 0 825 0 825 0 822 0 812 0 825 0 812 0 737 0 737 0 742 0 828 0 828 0 742 0 738 0 815 0 747 0 809 0 809 0 747 0 810 0 810 0 747 0 829 0 810 0 829 0 743 0 810 0 743 0 816 0 815 0 408 0 750 0 815 0 750 0 747 0 829 0 747 0 746 0 829 0 746 0 743 0 816 0 743 0 818 0 408 0 407 0 750 0 830 0 831 0 832 0 832 0 831 0 833 0 833 0 834 0 716 0 715 0 717 0 835 0 835 0 836 0 837 0 838 0 839 0 840 0 713 0 840 0 714 0 714 0 841 0 712 0 402 0 454 0 842 0 842 0 454 0 405 0 842 0 405 0 843 0 844 0 845 0 846 0 846 0 845 0 847 0 848 0 847 0 849 0 850 0 851 0 852 0 853 0 850 0 854 0 853 0 854 0 855 0 845 0 800 0 847 0 847 0 800 0 849 0 849 0 856 0 857 0 857 0 856 0 802 0 857 0 802 0 858 0 859 0 860 0 854 0 861 0 852 0 858 0 861 0 858 0 805 0 805 0 858 0 802 0 856 0 849 0 801 0 801 0 849 0 800 0 862 0 800 0 845 0 862 0 845 0 797 0 797 0 845 0 863 0 797 0 863 0 864 0 864 0 863 0 754 0 864 0 754 0 451 0 451 0 753 0 864 0 864 0 753 0 797 0 797 0 798 0 862 0 862 0 798 0 800 0 856 0 801 0 803 0 856 0 803 0 802 0 802 0 804 0 805 0 861 0 805 0 807 0 861 0 807 0 852 0 852 0 807 0 854 0 854 0 807 0 813 0 854 0 813 0 823 0 854 0 823 0 859 0 865 0 701 0 866 0 866 0 701 0 3 0 866 0 3 0 867 0 868 0 869 0 870 0 871 0 872 0 873 0 868 0 870 0 872 0 872 0 870 0 873 0 867 0 874 0 866 0 866 0 874 0 875 0 875 0 874 0 869 0 869 0 874 0 870 0 699 0 865 0 876 0 871 0 873 0 877 0 871 0 877 0 878 0 878 0 877 0 879 0 878 0 879 0 880 0 878 0 880 0 881 0 881 0 880 0 882 0 883 0 884 0 885 0 886 0 887 0 888 0 883 0 885 0 889 0 883 0 889 0 887 0 887 0 889 0 888 0 880 0 890 0 882 0 882 0 890 0 884 0 884 0 890 0 885 0 886 0 888 0 891 0 891 0 892 0 886 0 756 0 697 0 893 0 893 0 697 0 696 0 755 0 693 0 756 0 894 0 764 0 895 0 895 0 764 0 896 0 896 0 764 0 763 0 896 0 763 0 897 0 897 0 763 0 761 0 897 0 761 0 898 0 898 0 761 0 759 0 759 0 758 0 893 0 893 0 758 0 756 0 707 0 706 0 899 0 710 0 900 0 711 0 711 0 900 0 901 0 711 0 901 0 902 0 902 0 901 0 903 0 903 0 708 0 904 0 904 0 708 0 819 0 904 0 819 0 734 0 734 0 819 0 733 0 905 0 906 0 907 0 907 0 906 0 908 0 907 0 908 0 771 0 771 0 908 0 785 0 771 0 785 0 791 0 696 0 699 0 893 0 893 0 699 0 876 0 893 0 876 0 759 0 759 0 876 0 909 0 759 0 909 0 898 0 898 0 909 0 910 0 898 0 910 0 897 0 897 0 910 0 911 0 897 0 911 0 896 0 896 0 911 0 895 0 895 0 911 0 868 0 895 0 868 0 894 0 894 0 868 0 872 0 894 0 872 0 905 0 905 0 872 0 912 0 905 0 912 0 906 0 906 0 912 0 709 0 906 0 709 0 908 0 827 0 708 0 826 0 826 0 708 0 707 0 826 0 707 0 913 0 913 0 707 0 855 0 900 0 899 0 901 0 901 0 899 0 706 0 901 0 706 0 903 0 903 0 706 0 708 0 708 0 827 0 819 0 819 0 827 0 820 0 820 0 825 0 733 0 737 0 828 0 738 0 785 0 908 0 786 0 786 0 908 0 709 0 786 0 709 0 711 0 786 0 711 0 902 0 786 0 902 0 788 0 788 0 902 0 903 0 788 0 903 0 794 0 794 0 903 0 904 0 794 0 904 0 795 0 795 0 904 0 734 0 795 0 734 0 732 0 724 0 790 0 791 0 791 0 790 0 784 0 791 0 784 0 771 0 907 0 771 0 769 0 907 0 769 0 905 0 905 0 769 0 894 0 894 0 769 0 764 0 764 0 769 0 765 0 277 0 402 0 914 0 914 0 402 0 842 0 914 0 842 0 712 0 840 0 713 0 915 0 840 0 915 0 838 0 838 0 915 0 837 0 837 0 846 0 835 0 835 0 846 0 916 0 835 0 916 0 715 0 716 0 715 0 833 0 833 0 851 0 832 0 832 0 851 0 850 0 832 0 850 0 830 0 830 0 850 0 892 0 892 0 850 0 853 0 886 0 892 0 855 0 886 0 855 0 887 0 887 0 855 0 707 0 887 0 707 0 883 0 883 0 707 0 884 0 884 0 707 0 899 0 884 0 899 0 882 0 882 0 899 0 900 0 882 0 900 0 881 0 881 0 900 0 710 0 881 0 710 0 878 0 878 0 710 0 709 0 878 0 709 0 912 0 878 0 912 0 871 0 871 0 912 0 872 0 868 0 911 0 869 0 869 0 911 0 875 0 875 0 911 0 910 0 875 0 910 0 866 0 866 0 910 0 909 0 866 0 909 0 876 0 866 0 876 0 865 0 712 0 842 0 843 0 712 0 843 0 713 0 713 0 843 0 915 0 915 0 844 0 837 0 837 0 844 0 846 0 916 0 846 0 847 0 916 0 847 0 715 0 715 0 847 0 848 0 715 0 848 0 833 0 833 0 848 0 857 0 833 0 857 0 851 0 892 0 853 0 855 0 405 0 404 0 754 0 405 0 754 0 843 0 843 0 754 0 863 0 843 0 863 0 915 0 915 0 863 0 844 0 844 0 863 0 845 0 848 0 849 0 857 0 857 0 858 0 851 0 851 0 858 0 852 0 850 0 852 0 854 0 855 0 854 0 860 0 855 0 860 0 913 0 913 0 860 0 826 0 826 0 860 0 859 0 826 0 859 0 824 0 824 0 859 0 823 0 823 0 813 0 812 0 817 0 818 0 821 0 821 0 818 0 743 0 821 0 743 0 740 0 740 0 743 0 745 0 917 0 515 0 918 0 513 0 508 0 917 0 513 0 919 0 514 0 167 0 165 0 920 0 167 0 920 0 168 0 168 0 920 0 166 0 165 0 169 0 920 0 921 0 166 0 917 0 514 0 919 0 922 0 508 0 515 0 917 0 169 0 923 0 920 0 169 0 496 0 924 0 924 0 514 0 923 0 920 0 919 0 166 0 166 0 919 0 917 0 496 0 514 0 924 0 923 0 514 0 920 0 169 0 924 0 923 0 513 0 917 0 919 0 919 0 920 0 922 0 922 0 920 0 514 0 891 0 888 0 925 0 926 0 927 0 885 0 928 0 929 0 930 0 930 0 929 0 931 0 932 0 933 0 934 0 315 0 276 0 275 0 166 0 935 0 3 0 269 0 272 0 274 0 268 0 256 0 255 0 936 0 937 0 268 0 268 0 937 0 256 0 936 0 938 0 937 0 938 0 939 0 940 0 939 0 938 0 936 0 941 0 942 0 940 0 943 0 941 0 944 0 945 0 946 0 944 0 944 0 946 0 943 0 945 0 947 0 946 0 948 0 947 0 949 0 950 0 951 0 952 0 950 0 952 0 953 0 954 0 953 0 955 0 955 0 953 0 952 0 955 0 956 0 954 0 957 0 958 0 959 0 960 0 958 0 957 0 961 0 962 0 963 0 964 0 965 0 966 0 967 0 968 0 917 0 967 0 917 0 969 0 967 0 969 0 970 0 970 0 969 0 971 0 970 0 971 0 972 0 972 0 971 0 973 0 972 0 973 0 974 0 975 0 976 0 977 0 978 0 977 0 979 0 974 0 973 0 979 0 979 0 973 0 978 0 980 0 975 0 981 0 981 0 975 0 977 0 981 0 977 0 982 0 969 0 983 0 971 0 971 0 983 0 984 0 971 0 984 0 985 0 971 0 985 0 973 0 973 0 985 0 978 0 969 0 917 0 986 0 969 0 986 0 983 0 986 0 964 0 983 0 983 0 964 0 966 0 983 0 966 0 984 0 984 0 966 0 985 0 985 0 966 0 987 0 985 0 987 0 978 0 978 0 987 0 988 0 978 0 988 0 962 0 989 0 980 0 981 0 989 0 981 0 963 0 963 0 981 0 982 0 963 0 982 0 961 0 961 0 982 0 962 0 955 0 990 0 991 0 991 0 990 0 992 0 991 0 992 0 993 0 991 0 993 0 994 0 994 0 993 0 995 0 996 0 934 0 997 0 997 0 995 0 998 0 998 0 995 0 993 0 998 0 993 0 992 0 931 0 992 0 990 0 931 0 990 0 930 0 934 0 933 0 997 0 997 0 933 0 999 0 997 0 999 0 995 0 995 0 999 0 994 0 980 0 1000 0 932 0 980 0 932 0 1001 0 1002 0 1001 0 1003 0 274 0 273 0 1004 0 274 0 1004 0 1005 0 1006 0 1007 0 1008 0 1008 0 1007 0 1009 0 1009 0 1007 0 1010 0 1009 0 1010 0 1011 0 1011 0 1010 0 1012 0 1013 0 1014 0 1015 0 1013 0 1015 0 1016 0 1017 0 274 0 1005 0 1017 0 1005 0 1018 0 1018 0 1005 0 1006 0 1019 0 1008 0 1009 0 1011 0 1012 0 1020 0 1020 0 1012 0 1021 0 1021 0 1012 0 1014 0 269 0 274 0 1022 0 1022 0 274 0 1017 0 1023 0 1017 0 1018 0 1018 0 1006 0 1008 0 1009 0 1011 0 1020 0 1021 0 1014 0 1024 0 1024 0 1014 0 1013 0 1024 0 1013 0 1016 0 1025 0 1016 0 1026 0 1025 0 1026 0 1027 0 270 0 269 0 1028 0 1028 0 269 0 1022 0 1028 0 1022 0 1029 0 1029 0 1022 0 1017 0 1029 0 1017 0 1023 0 1029 0 1023 0 1030 0 1030 0 1023 0 1018 0 1018 0 1008 0 1031 0 1031 0 1008 0 1019 0 1031 0 1019 0 1032 0 1032 0 1019 0 1009 0 1033 0 1020 0 1021 0 1033 0 1021 0 1024 0 1024 0 1016 0 1025 0 939 0 1030 0 1018 0 939 0 1018 0 1031 0 1009 0 1020 0 1034 0 1034 0 1020 0 1033 0 1033 0 1024 0 1035 0 1035 0 1024 0 1025 0 1035 0 1025 0 951 0 951 0 1025 0 955 0 955 0 1025 0 1027 0 955 0 1027 0 990 0 990 0 1027 0 930 0 930 0 1027 0 1026 0 930 0 1026 0 928 0 928 0 1026 0 1016 0 268 0 270 0 936 0 936 0 270 0 1028 0 1028 0 1029 0 939 0 939 0 1029 0 1030 0 941 0 939 0 1031 0 941 0 1031 0 1032 0 945 0 1032 0 1009 0 945 0 1009 0 1036 0 1036 0 1009 0 1034 0 1037 0 1035 0 951 0 952 0 951 0 955 0 955 0 991 0 956 0 956 0 991 0 959 0 959 0 991 0 994 0 959 0 994 0 999 0 959 0 999 0 957 0 957 0 999 0 933 0 957 0 933 0 960 0 960 0 933 0 932 0 936 0 1028 0 939 0 940 0 939 0 941 0 944 0 941 0 1032 0 944 0 1032 0 945 0 947 0 945 0 1036 0 947 0 1036 0 1034 0 947 0 1034 0 1033 0 947 0 1033 0 949 0 949 0 1033 0 1035 0 949 0 1035 0 1037 0 1037 0 951 0 950 0 830 0 892 0 891 0 831 0 1038 0 833 0 1039 0 831 0 830 0 717 0 716 0 1040 0 1040 0 716 0 834 0 1040 0 834 0 1038 0 1038 0 834 0 833 0 836 0 838 0 837 0 714 0 840 0 839 0 914 0 712 0 841 0 1041 0 315 0 275 0 1041 0 275 0 914 0 1041 0 914 0 1042 0 1042 0 914 0 841 0 1042 0 841 0 714 0 1042 0 714 0 1043 0 1043 0 714 0 1044 0 1044 0 714 0 839 0 836 0 835 0 1045 0 1045 0 835 0 717 0 1045 0 717 0 1040 0 1038 0 831 0 1039 0 1039 0 830 0 925 0 925 0 830 0 891 0 1046 0 303 0 1047 0 1047 0 303 0 1041 0 1047 0 1041 0 1048 0 1048 0 1042 0 1049 0 1049 0 1042 0 1050 0 1049 0 1050 0 1051 0 1052 0 1051 0 1053 0 1052 0 1053 0 1054 0 1054 0 1053 0 1055 0 1054 0 1055 0 1056 0 1057 0 1058 0 1059 0 1057 0 1059 0 1060 0 1060 0 1059 0 1061 0 1060 0 1061 0 1062 0 1046 0 1047 0 1063 0 1064 0 1063 0 1048 0 1064 0 1048 0 1007 0 1007 0 1048 0 1049 0 1015 0 1054 0 1056 0 1015 0 1056 0 1065 0 1015 0 1065 0 1066 0 935 0 1067 0 874 0 3 0 935 0 867 0 867 0 935 0 874 0 1068 0 1069 0 870 0 1070 0 1071 0 873 0 1070 0 873 0 1072 0 1070 0 1072 0 1069 0 1069 0 1072 0 870 0 1068 0 870 0 1073 0 1073 0 870 0 874 0 1073 0 874 0 1067 0 1074 0 1075 0 879 0 1074 0 879 0 877 0 1074 0 877 0 1071 0 1071 0 877 0 873 0 1076 0 885 0 927 0 925 0 888 0 1076 0 1076 0 888 0 889 0 1076 0 889 0 885 0 885 0 890 0 926 0 926 0 890 0 1077 0 1077 0 890 0 880 0 1077 0 880 0 1075 0 1075 0 880 0 879 0 925 0 1061 0 1039 0 1039 0 1061 0 1059 0 1039 0 1059 0 1038 0 836 0 1045 0 1055 0 836 0 1055 0 838 0 838 0 1055 0 839 0 839 0 1055 0 1053 0 839 0 1053 0 1044 0 1044 0 1053 0 1051 0 1044 0 1051 0 1043 0 1041 0 303 0 315 0 166 0 968 0 1078 0 1078 0 968 0 967 0 1078 0 967 0 1079 0 1079 0 967 0 970 0 1079 0 970 0 1080 0 1080 0 970 0 972 0 1080 0 972 0 1081 0 1081 0 972 0 974 0 1081 0 974 0 1082 0 1082 0 974 0 979 0 1082 0 979 0 1083 0 1084 0 166 0 1078 0 1084 0 1078 0 1079 0 1084 0 1079 0 1085 0 1085 0 1079 0 1069 0 1069 0 1079 0 1080 0 1069 0 1080 0 1086 0 1086 0 1080 0 1081 0 1086 0 1081 0 1087 0 1087 0 1081 0 1082 0 1087 0 1082 0 1088 0 1088 0 1082 0 1083 0 1088 0 1083 0 1089 0 1089 0 1083 0 1090 0 1089 0 1090 0 1091 0 1092 0 1090 0 1002 0 1002 0 1090 0 1093 0 1002 0 1093 0 1094 0 1003 0 1092 0 1002 0 1001 0 1002 0 1094 0 1001 0 1094 0 980 0 304 0 303 0 1046 0 1063 0 1047 0 1048 0 1012 0 1049 0 1051 0 1012 0 1051 0 1052 0 1056 0 1095 0 1065 0 1065 0 1095 0 1096 0 1065 0 1096 0 1058 0 1065 0 1058 0 1066 0 1066 0 1058 0 1097 0 1097 0 1058 0 1057 0 1097 0 1057 0 929 0 929 0 1057 0 1060 0 1060 0 1062 0 1098 0 1098 0 1062 0 1099 0 1098 0 1099 0 1100 0 1100 0 1099 0 1101 0 1100 0 1101 0 1003 0 1003 0 1101 0 1092 0 1092 0 1101 0 1102 0 1092 0 1102 0 1090 0 1090 0 1102 0 1091 0 978 0 962 0 982 0 978 0 982 0 977 0 979 0 977 0 976 0 979 0 976 0 1083 0 1083 0 976 0 1090 0 1090 0 976 0 1093 0 1093 0 976 0 975 0 1093 0 975 0 1094 0 1094 0 975 0 980 0 980 0 989 0 1000 0 1048 0 1041 0 1042 0 1050 0 1042 0 1043 0 1050 0 1043 0 1051 0 1056 0 1055 0 1045 0 1056 0 1045 0 1095 0 1095 0 1045 0 1040 0 1095 0 1040 0 1096 0 1096 0 1040 0 1058 0 1058 0 1040 0 1038 0 1058 0 1038 0 1059 0 1062 0 1061 0 925 0 1062 0 925 0 1099 0 1099 0 925 0 1076 0 1099 0 1076 0 1101 0 1101 0 1076 0 927 0 1101 0 927 0 926 0 1101 0 926 0 1102 0 1102 0 926 0 1077 0 1102 0 1077 0 1091 0 1091 0 1077 0 1075 0 1091 0 1075 0 1089 0 1089 0 1075 0 1074 0 1089 0 1074 0 1088 0 1088 0 1074 0 1071 0 1088 0 1071 0 1087 0 1087 0 1071 0 1070 0 1087 0 1070 0 1086 0 1086 0 1070 0 1069 0 1069 0 1068 0 1085 0 1085 0 1068 0 1073 0 1085 0 1073 0 1084 0 1084 0 1073 0 1067 0 1084 0 1067 0 935 0 1084 0 935 0 166 0 273 0 304 0 1004 0 1004 0 304 0 1046 0 1004 0 1046 0 1005 0 1005 0 1046 0 1063 0 1005 0 1063 0 1006 0 1006 0 1063 0 1064 0 1006 0 1064 0 1007 0 1007 0 1049 0 1010 0 1010 0 1049 0 1012 0 1012 0 1052 0 1014 0 1014 0 1052 0 1054 0 1014 0 1054 0 1015 0 1016 0 1015 0 1066 0 1016 0 1066 0 928 0 928 0 1066 0 1097 0 928 0 1097 0 929 0 931 0 929 0 1060 0 931 0 1060 0 992 0 992 0 1060 0 1098 0 992 0 1098 0 998 0 998 0 1098 0 1100 0 998 0 1100 0 997 0 997 0 1100 0 996 0 996 0 1100 0 1003 0 996 0 1003 0 934 0 934 0 1003 0 1001 0 934 0 1001 0 932 0 960 0 932 0 1000 0 1103 0 1104 0 1105 0 1105 0 1106 0 1103 0 1107 0 1108 0 1109 0 1109 0 1108 0 1110 0 1107 0 1111 0 1112 0 1112 0 1108 0 1107 0 1113 0 1114 0 1111 0 1111 0 1114 0 1112 0 1115 0 1116 0 1113 0 1113 0 1116 0 1114 0 1115 0 1117 0 1116 0 1118 0 1117 0 1115 0 1118 0 691 0 1117 0 1119 0 691 0 1118 0 686 0 685 0 1120 0 1120 0 685 0 691 0 1120 0 691 0 1119 0 1121 0 686 0 1120 0 1122 0 1123 0 1124 0 1124 0 1123 0 1125 0 1122 0 1126 0 1123 0 1127 0 1126 0 1122 0 1126 0 1127 0 1128 0 1128 0 1127 0 1129 0 1128 0 1129 0 1130 0 1128 0 1130 0 1131 0 1132 0 1133 0 1134 0 1134 0 1135 0 1132 0 1132 0 1135 0 1131 0 1132 0 1131 0 1130 0 1133 0 1136 0 1134 0 1136 0 1137 0 1138 0 1138 0 1139 0 1136 0 1136 0 1139 0 1134 0 1140 0 1137 0 1141 0 1140 0 1138 0 1137 0 1140 0 1141 0 1142 0 1142 0 1141 0 1143 0 1142 0 1143 0 1144 0 1143 0 1145 0 1144 0 1110 0 1146 0 1109 0 1124 0 1125 0 1147 0 1147 0 1125 0 1148 0 1147 0 1148 0 1149 0 1149 0 1148 0 1150 0 1149 0 1150 0 1151 0 1151 0 1150 0 1152 0 1152 0 1150 0 1153 0 1152 0 1153 0 1154 0 1154 0 1153 0 1155 0 1154 0 1155 0 1156 0 1156 0 1155 0 1157 0 1156 0 1157 0 1158 0 1158 0 1157 0 1159 0 1158 0 1159 0 1160 0 1160 0 1159 0 1161 0 1160 0 1161 0 1162 0 1162 0 1161 0 1163 0 1163 0 1161 0 1164 0 1163 0 1164 0 1165 0 1165 0 1164 0 1166 0 1165 0 1166 0 1167 0 1165 0 1167 0 1168 0 1168 0 1167 0 1169 0 1168 0 1169 0 1170 0 1170 0 1169 0 1171 0 1170 0 1171 0 1172 0 1170 0 1172 0 1173 0 1173 0 1172 0 1174 0 1174 0 1172 0 1175 0 1174 0 1175 0 1176 0 1176 0 1175 0 1177 0 1177 0 1175 0 1178 0 1177 0 1178 0 1179 0 1179 0 1178 0 1180 0 1179 0 1180 0 1181 0 1181 0 1180 0 1182 0 1181 0 1182 0 1183 0 1183 0 1182 0 1184 0 1183 0 1184 0 1185 0 1185 0 1184 0 1186 0 1185 0 1186 0 1187 0 1187 0 1186 0 1188 0 1187 0 1188 0 1189 0 1189 0 1188 0 1190 0 1189 0 1190 0 1121 0 1121 0 1190 0 686 0 1126 0 1191 0 1123 0 1192 0 1125 0 1123 0 1123 0 1191 0 1192 0 1193 0 1194 0 1195 0 1193 0 1196 0 1194 0 1193 0 1197 0 1198 0 1198 0 1196 0 1193 0 1104 0 1103 0 1199 0 1104 0 1200 0 1201 0 1202 0 1200 0 1203 0 1204 0 1202 0 1203 0 1205 0 1206 0 1207 0 1208 0 1206 0 1205 0 1209 0 1206 0 1208 0 1210 0 1209 0 1211 0 1211 0 1209 0 1208 0 1212 0 1213 0 1214 0 1215 0 1216 0 1214 0 1214 0 1216 0 1212 0 1217 0 1218 0 1215 0 1215 0 1218 0 1216 0 1219 0 1220 0 1221 0 1217 0 1219 0 1218 0 1222 0 1220 0 1223 0 1222 0 1221 0 1220 0 1224 0 1223 0 1225 0 1223 0 1224 0 1222 0 1225 0 1226 0 1224 0 1227 0 1228 0 1229 0 1200 0 1104 0 1199 0 1200 0 1199 0 1203 0 1207 0 1204 0 1230 0 1207 0 1230 0 1205 0 1231 0 1232 0 1211 0 1211 0 1233 0 1231 0 1199 0 1103 0 1234 0 1235 0 1236 0 1237 0 1106 0 1238 0 1103 0 1239 0 1238 0 1240 0 1240 0 1241 0 1235 0 1234 0 1103 0 1238 0 1234 0 1238 0 1239 0 1242 0 1243 0 1244 0 1243 0 1242 0 1245 0 1246 0 1247 0 1248 0 1215 0 1249 0 1250 0 1248 0 1250 0 1246 0 1239 0 1240 0 1251 0 1251 0 1240 0 1235 0 1251 0 1235 0 1230 0 1230 0 1235 0 1237 0 1230 0 1237 0 1208 0 1208 0 1237 0 1233 0 1208 0 1233 0 1211 0 1215 0 1250 0 1217 0 1217 0 1250 0 1248 0 1223 0 1247 0 1252 0 1225 0 1252 0 1253 0 1225 0 1253 0 1244 0 1225 0 1244 0 1243 0 1254 0 1243 0 1245 0 1254 0 1245 0 1229 0 1229 0 1245 0 1255 0 1199 0 1234 0 1203 0 1203 0 1234 0 1239 0 1203 0 1239 0 1204 0 1204 0 1239 0 1251 0 1204 0 1251 0 1230 0 1205 0 1230 0 1208 0 1210 0 1211 0 1232 0 1210 0 1232 0 1213 0 1213 0 1232 0 1256 0 1213 0 1256 0 1214 0 1215 0 1214 0 1249 0 1219 0 1217 0 1248 0 1219 0 1248 0 1220 0 1220 0 1248 0 1247 0 1220 0 1247 0 1223 0 1223 0 1252 0 1225 0 1226 0 1225 0 1243 0 1226 0 1243 0 1228 0 1228 0 1243 0 1254 0 1228 0 1254 0 1229 0 1257 0 1258 0 1259 0 1260 0 1261 0 1262 0 1263 0 1264 0 1265 0 1266 0 1267 0 1263 0 1263 0 1267 0 1268 0 1263 0 1268 0 1264 0 1269 0 1270 0 1271 0 1271 0 1272 0 1269 0 1273 0 1274 0 1275 0 1276 0 1273 0 1277 0 258 0 1278 0 1277 0 1277 0 1278 0 1276 0 186 0 1279 0 189 0 180 0 175 0 1280 0 1280 0 175 0 174 0 1281 0 1282 0 1283 0 1284 0 1261 0 1285 0 1284 0 1285 0 1286 0 1262 0 1287 0 1260 0 1287 0 1262 0 1288 0 1288 0 1262 0 1289 0 1288 0 1289 0 1290 0 1291 0 1292 0 1293 0 1293 0 1294 0 1295 0 1296 0 1297 0 1298 0 1298 0 1297 0 1299 0 1299 0 1297 0 1300 0 1301 0 1302 0 1303 0 1303 0 1302 0 1304 0 1302 0 1301 0 1305 0 1306 0 1305 0 1307 0 1306 0 1307 0 1308 0 1308 0 1309 0 1310 0 1311 0 1310 0 1309 0 1312 0 1313 0 1314 0 1315 0 1316 0 1317 0 1316 0 1318 0 1317 0 1259 0 1258 0 1319 0 1258 0 1320 0 1319 0 1319 0 1320 0 1321 0 1322 0 1257 0 1323 0 1322 0 1323 0 1324 0 1325 0 1324 0 1326 0 1325 0 1326 0 1327 0 1328 0 1329 0 1330 0 1328 0 1330 0 1331 0 1331 0 1330 0 1332 0 1263 0 1265 0 1329 0 1266 0 1263 0 1269 0 1269 0 1263 0 1329 0 1269 0 1329 0 1328 0 1328 0 1331 0 1333 0 1334 0 1333 0 1335 0 1334 0 1335 0 1336 0 1336 0 1335 0 1327 0 1336 0 1327 0 1326 0 1336 0 1326 0 1337 0 1337 0 1326 0 1324 0 1337 0 1324 0 1338 0 1338 0 1324 0 1323 0 1338 0 1323 0 1257 0 1338 0 1257 0 1339 0 1339 0 1257 0 1259 0 1339 0 1259 0 1340 0 1340 0 1259 0 1319 0 1340 0 1319 0 1341 0 1341 0 1319 0 1321 0 1341 0 1321 0 1318 0 1341 0 1318 0 1316 0 1342 0 1315 0 1314 0 1342 0 1314 0 1313 0 1342 0 1313 0 1343 0 1343 0 1313 0 1344 0 1343 0 1344 0 1345 0 1343 0 1345 0 1346 0 1347 0 1348 0 1349 0 1347 0 1349 0 1350 0 1351 0 1311 0 1309 0 1352 0 1309 0 1308 0 1352 0 1308 0 1353 0 1353 0 1308 0 1307 0 1353 0 1307 0 1305 0 1354 0 1305 0 1301 0 1354 0 1301 0 1355 0 1355 0 1301 0 1303 0 1355 0 1303 0 1356 0 1356 0 1303 0 1304 0 1356 0 1304 0 1296 0 1356 0 1296 0 1357 0 1357 0 1296 0 1298 0 1357 0 1298 0 1299 0 1357 0 1299 0 1358 0 1358 0 1299 0 1359 0 1358 0 1359 0 1360 0 1360 0 1359 0 1294 0 1360 0 1294 0 1293 0 1360 0 1293 0 1361 0 1361 0 1293 0 1292 0 1361 0 1292 0 1362 0 1362 0 1292 0 1363 0 1362 0 1363 0 1364 0 1364 0 1363 0 1365 0 1364 0 1365 0 1366 0 1366 0 1365 0 1290 0 1366 0 1290 0 1367 0 1367 0 1290 0 1289 0 1367 0 1289 0 1262 0 1272 0 1368 0 1269 0 1269 0 1368 0 1266 0 1269 0 1328 0 1369 0 1369 0 1328 0 1333 0 1369 0 1333 0 1334 0 1370 0 1334 0 1336 0 1370 0 1336 0 1337 0 1371 0 1337 0 1338 0 1371 0 1338 0 1372 0 1372 0 1338 0 1339 0 1372 0 1339 0 1340 0 1373 0 1340 0 1341 0 1373 0 1341 0 1374 0 1374 0 1341 0 1316 0 1374 0 1316 0 1375 0 1375 0 1316 0 1315 0 1375 0 1315 0 1342 0 1375 0 1342 0 1376 0 1376 0 1342 0 1343 0 1377 0 1343 0 1346 0 1377 0 1346 0 1378 0 1378 0 1346 0 1348 0 1378 0 1348 0 1379 0 1379 0 1348 0 1347 0 1379 0 1347 0 1380 0 1380 0 1347 0 1350 0 1380 0 1350 0 1381 0 1381 0 1350 0 1311 0 1381 0 1311 0 1382 0 1382 0 1311 0 1351 0 1382 0 1351 0 1383 0 1383 0 1351 0 1309 0 1383 0 1309 0 1384 0 1384 0 1309 0 1352 0 1384 0 1352 0 1385 0 1385 0 1352 0 1353 0 1385 0 1353 0 1386 0 1386 0 1353 0 1305 0 1386 0 1305 0 1387 0 1387 0 1305 0 1354 0 1387 0 1354 0 1355 0 1355 0 1356 0 1388 0 1388 0 1356 0 1357 0 1388 0 1357 0 1358 0 1389 0 1360 0 1361 0 1389 0 1361 0 1362 0 1389 0 1362 0 1390 0 1390 0 1362 0 1364 0 1391 0 1366 0 1367 0 1391 0 1367 0 1284 0 1284 0 1367 0 1262 0 1284 0 1262 0 1261 0 1392 0 1269 0 1369 0 1393 0 1369 0 1334 0 1393 0 1334 0 1394 0 1394 0 1334 0 1370 0 1394 0 1370 0 1395 0 1395 0 1370 0 1337 0 1395 0 1337 0 1371 0 1395 0 1371 0 1372 0 1396 0 1372 0 1340 0 1396 0 1340 0 1397 0 1397 0 1340 0 1373 0 1397 0 1373 0 1398 0 1398 0 1373 0 1374 0 1398 0 1374 0 1375 0 1375 0 1376 0 1399 0 1399 0 1376 0 1377 0 1377 0 1376 0 1343 0 1400 0 1377 0 1379 0 1379 0 1377 0 1378 0 1401 0 1379 0 1380 0 1401 0 1380 0 1381 0 1381 0 1382 0 1402 0 1402 0 1382 0 1403 0 1403 0 1382 0 1383 0 1403 0 1383 0 1404 0 1404 0 1383 0 1384 0 1404 0 1384 0 1405 0 1405 0 1384 0 1385 0 1405 0 1385 0 1386 0 1406 0 1386 0 1407 0 1407 0 1386 0 1387 0 1407 0 1387 0 1408 0 1408 0 1387 0 1355 0 1408 0 1355 0 1388 0 1408 0 1388 0 1409 0 1409 0 1388 0 1358 0 1409 0 1358 0 1410 0 1410 0 1358 0 1360 0 1410 0 1360 0 1411 0 1411 0 1360 0 1412 0 1412 0 1360 0 1389 0 1412 0 1389 0 1413 0 1413 0 1389 0 1390 0 1413 0 1390 0 1414 0 1414 0 1390 0 1364 0 1414 0 1364 0 1415 0 1415 0 1364 0 1366 0 1415 0 1366 0 1391 0 1415 0 1391 0 1284 0 1416 0 1284 0 1286 0 1274 0 1270 0 1275 0 1275 0 1270 0 1269 0 1275 0 1269 0 1392 0 1275 0 1392 0 1417 0 1417 0 1392 0 1369 0 1417 0 1369 0 1393 0 1418 0 1393 0 1394 0 1418 0 1394 0 1419 0 1419 0 1394 0 1420 0 1420 0 1394 0 1395 0 1420 0 1395 0 1421 0 1421 0 1395 0 1372 0 1421 0 1372 0 1422 0 1422 0 1372 0 1396 0 1422 0 1396 0 1423 0 1423 0 1396 0 1397 0 1423 0 1397 0 1398 0 1423 0 1398 0 1424 0 1424 0 1398 0 1375 0 1424 0 1375 0 1425 0 1425 0 1375 0 1426 0 1426 0 1375 0 1399 0 1426 0 1399 0 1377 0 1426 0 1377 0 1400 0 1401 0 1381 0 1427 0 1427 0 1381 0 1428 0 1428 0 1381 0 1402 0 1428 0 1402 0 1403 0 1428 0 1403 0 1429 0 1429 0 1403 0 1404 0 1429 0 1404 0 1405 0 1429 0 1405 0 1430 0 1430 0 1405 0 1406 0 1406 0 1405 0 1386 0 1431 0 1406 0 1407 0 1431 0 1407 0 1408 0 1431 0 1408 0 1432 0 1432 0 1408 0 1409 0 1432 0 1409 0 1410 0 1433 0 1410 0 1411 0 1433 0 1411 0 1412 0 1434 0 1412 0 1413 0 1434 0 1413 0 1435 0 1435 0 1413 0 1414 0 1435 0 1414 0 1415 0 1283 0 1415 0 1284 0 1283 0 1284 0 1416 0 1283 0 1416 0 1281 0 1277 0 1273 0 1275 0 1417 0 1393 0 1436 0 1436 0 1393 0 1437 0 1437 0 1393 0 1418 0 1437 0 1418 0 1419 0 1438 0 1419 0 1420 0 1438 0 1420 0 1421 0 1423 0 1424 0 1439 0 1439 0 1424 0 1426 0 1426 0 1424 0 1425 0 1440 0 1426 0 1400 0 1440 0 1400 0 1441 0 1441 0 1400 0 1442 0 1442 0 1400 0 1379 0 1442 0 1379 0 1401 0 1442 0 1401 0 1427 0 1443 0 1427 0 1428 0 1443 0 1428 0 1429 0 1444 0 1406 0 1431 0 1444 0 1431 0 1432 0 1445 0 1432 0 1410 0 1445 0 1410 0 1433 0 1433 0 1412 0 1446 0 1446 0 1412 0 1434 0 1446 0 1434 0 1447 0 1447 0 1434 0 1435 0 1447 0 1435 0 1283 0 1283 0 1435 0 1415 0 1277 0 1275 0 1448 0 1448 0 1275 0 1417 0 1448 0 1417 0 1436 0 1436 0 1437 0 1449 0 1437 0 1419 0 1438 0 1438 0 1421 0 1450 0 1450 0 1421 0 1422 0 1450 0 1422 0 189 0 189 0 1422 0 1423 0 189 0 1423 0 1451 0 1451 0 1423 0 1452 0 1452 0 1423 0 1439 0 1453 0 1426 0 1440 0 1453 0 1440 0 1454 0 1454 0 1440 0 1441 0 1454 0 1441 0 1442 0 1454 0 1442 0 1455 0 1442 0 1427 0 1443 0 1456 0 1443 0 1429 0 1456 0 1429 0 1430 0 1456 0 1430 0 1457 0 1457 0 1430 0 1406 0 1457 0 1406 0 1458 0 1458 0 1406 0 1444 0 1458 0 1444 0 1459 0 1444 0 1432 0 1460 0 1460 0 1432 0 1445 0 171 0 1445 0 1433 0 171 0 1433 0 1446 0 1446 0 1447 0 176 0 176 0 1447 0 1283 0 176 0 1283 0 1282 0 192 0 258 0 1277 0 192 0 1277 0 1448 0 1449 0 1437 0 1438 0 1449 0 1438 0 1461 0 1461 0 1438 0 1450 0 1461 0 1450 0 189 0 189 0 1451 0 1452 0 190 0 1452 0 1439 0 190 0 1439 0 1426 0 190 0 1426 0 1453 0 174 0 1454 0 1455 0 1455 0 1442 0 180 0 180 0 1442 0 1443 0 1456 0 180 0 1443 0 179 0 1456 0 178 0 178 0 1456 0 1457 0 178 0 1457 0 1458 0 178 0 1458 0 1459 0 178 0 1459 0 1462 0 1462 0 1459 0 1444 0 1462 0 1444 0 182 0 182 0 1444 0 1460 0 182 0 1460 0 1445 0 182 0 1445 0 171 0 171 0 1446 0 172 0 177 0 176 0 1282 0 192 0 1448 0 1436 0 192 0 1436 0 186 0 186 0 1436 0 1449 0 186 0 1449 0 1279 0 1279 0 1449 0 189 0 189 0 1449 0 1461 0 189 0 1452 0 188 0 188 0 1452 0 187 0 187 0 1452 0 190 0 190 0 1453 0 194 0 194 0 1453 0 174 0 174 0 1453 0 1454 0 174 0 1455 0 180 0 174 0 180 0 1280 0 180 0 1456 0 179 0 182 0 178 0 1462 0 172 0 1446 0 176 0 1463 0 1416 0 1286 0 1261 0 1464 0 1465 0 431 0 394 0 423 0 394 0 1466 0 1467 0 1468 0 1469 0 1470 0 1471 0 1469 0 1468 0 1464 0 1261 0 1472 0 1464 0 1472 0 1473 0 1286 0 1285 0 1465 0 1474 0 1475 0 1466 0 1474 0 1466 0 1476 0 1466 0 437 0 1476 0 1475 0 1474 0 1477 0 437 0 1466 0 433 0 1478 0 1466 0 1475 0 1475 0 1470 0 1478 0 1478 0 1470 0 1467 0 1466 0 431 0 433 0 1466 0 1478 0 1467 0 1466 0 394 0 431 0 1479 0 1470 0 1475 0 1479 0 1475 0 1480 0 1480 0 1475 0 1477 0 1465 0 1464 0 1481 0 1481 0 1464 0 1482 0 1260 0 1464 0 1473 0 1281 0 1463 0 1286 0 1281 0 1286 0 1483 0 1483 0 1286 0 1465 0 1483 0 1465 0 1481 0 1481 0 1482 0 1483 0 1484 0 1471 0 1468 0 1468 0 1480 0 1485 0 1485 0 1480 0 1482 0 1483 0 1474 0 1281 0 1281 0 1474 0 1282 0 1468 0 1470 0 1480 0 1480 0 1470 0 1479 0 1483 0 1477 0 1474 0 1474 0 1476 0 1282 0 1482 0 1480 0 1477 0 1482 0 1477 0 1486 0 1486 0 1477 0 1483 0 1282 0 1476 0 177 0 177 0 1476 0 437 0 1484 0 1468 0 1485 0 1482 0 1486 0 1483 0 1487 0 1272 0 1268 0 192 0 1488 0 258 0 1368 0 1268 0 1267 0 1268 0 1265 0 1489 0 1490 0 1491 0 1492 0 1493 0 1494 0 1495 0 1494 0 1493 0 263 0 1264 0 1268 0 1489 0 1278 0 1496 0 1497 0 1274 0 1273 0 1278 0 1497 0 1498 0 1278 0 1496 0 1278 0 258 0 1498 0 1274 0 1278 0 193 0 258 0 1488 0 193 0 1488 0 192 0 1499 0 1500 0 1497 0 1499 0 1497 0 1501 0 1501 0 1497 0 1496 0 260 0 258 0 261 0 1490 0 1492 0 1502 0 1502 0 1503 0 1490 0 1490 0 1503 0 1491 0 1491 0 1503 0 1493 0 1493 0 1504 0 263 0 1368 0 1487 0 1268 0 1502 0 1498 0 1499 0 1502 0 1499 0 1503 0 1272 0 1505 0 1506 0 1506 0 1505 0 1274 0 1506 0 1274 0 1268 0 1268 0 1274 0 1507 0 1268 0 1507 0 1498 0 1268 0 1272 0 1506 0 1268 0 1498 0 1502 0 1499 0 1501 0 1493 0 1504 0 1493 0 1496 0 1504 0 1496 0 1508 0 1508 0 1496 0 260 0 1508 0 260 0 1504 0 1503 0 1499 0 1493 0 1504 0 260 0 263 0 1271 0 1270 0 1505 0 1505 0 1270 0 1274 0 1507 0 1274 0 1498 0 1498 0 1497 0 1500 0 1498 0 1500 0 1499 0 1501 0 1496 0 1493 0 1496 0 258 0 260 0 1509 0 1510 0 1511 0 1512 0 1513 0 1514 0 1515 0 1516 0 1517 0 1518 0 1519 0 1520 0 681 0 680 0 1521 0 683 0 681 0 1522 0 1523 0 1524 0 1525 0 1523 0 1525 0 1526 0 1527 0 1526 0 1528 0 1529 0 1528 0 1530 0 1529 0 1530 0 1531 0 1531 0 1530 0 1532 0 1531 0 1532 0 1533 0 1533 0 1532 0 1534 0 1533 0 1534 0 1535 0 1535 0 1534 0 1536 0 1535 0 1536 0 1537 0 1538 0 1539 0 1540 0 1540 0 1539 0 1524 0 1540 0 1524 0 1523 0 1523 0 1526 0 1527 0 1527 0 1528 0 1529 0 1541 0 1542 0 1543 0 1543 0 1544 0 1545 0 1545 0 1544 0 1546 0 1547 0 1541 0 1543 0 1547 0 1543 0 1548 0 1548 0 1543 0 1549 0 1549 0 1543 0 1545 0 1549 0 1545 0 1550 0 1551 0 1547 0 1548 0 1549 0 1550 0 1552 0 729 0 1553 0 726 0 724 0 726 0 1553 0 1553 0 729 0 1542 0 729 0 726 0 727 0 1554 0 1551 0 1555 0 1555 0 1551 0 1548 0 1555 0 1548 0 1556 0 1556 0 1548 0 1549 0 1556 0 1549 0 1557 0 1557 0 1549 0 1558 0 1558 0 1549 0 1552 0 789 0 1554 0 1555 0 1555 0 1556 0 1559 0 1559 0 1556 0 1557 0 1559 0 1557 0 1558 0 1560 0 1561 0 1562 0 1560 0 1562 0 1563 0 1560 0 1563 0 1564 0 1564 0 1563 0 721 0 721 0 723 0 789 0 1565 0 1561 0 1558 0 1558 0 1561 0 1560 0 1558 0 1560 0 1559 0 1559 0 1560 0 1564 0 1559 0 1564 0 1555 0 1555 0 1564 0 721 0 1555 0 721 0 789 0 789 0 790 0 1554 0 1554 0 790 0 724 0 1554 0 724 0 1551 0 1551 0 724 0 1553 0 1551 0 1553 0 1547 0 1547 0 1553 0 1541 0 1541 0 1553 0 1542 0 1566 0 1567 0 1568 0 1568 0 1569 0 1570 0 1570 0 1569 0 1571 0 1572 0 1573 0 1574 0 1572 0 1574 0 1575 0 1567 0 1576 0 1577 0 1567 0 1577 0 1568 0 1568 0 1577 0 1578 0 1568 0 1578 0 1569 0 1569 0 1578 0 1579 0 1569 0 1579 0 1571 0 1571 0 1579 0 1513 0 1571 0 1513 0 1573 0 1573 0 1513 0 1574 0 1512 0 1574 0 1513 0 1567 0 1580 0 1576 0 1513 0 1579 0 1581 0 1582 0 1583 0 780 0 1582 0 780 0 779 0 1582 0 779 0 722 0 1513 0 1581 0 1514 0 1514 0 1581 0 781 0 1514 0 781 0 780 0 779 0 778 0 722 0 1512 0 1514 0 1583 0 1583 0 1514 0 780 0 1584 0 720 0 1585 0 1577 0 1586 0 1584 0 1584 0 777 0 776 0 1584 0 776 0 720 0 1586 0 777 0 1584 0 1585 0 720 0 719 0 1585 0 719 0 1587 0 1587 0 719 0 781 0 719 0 718 0 781 0 1579 0 1587 0 1581 0 1581 0 1587 0 781 0 1576 0 1586 0 1577 0 1577 0 1584 0 1578 0 1578 0 1584 0 1585 0 1578 0 1585 0 1587 0 1578 0 1587 0 1579 0 1575 0 1574 0 1561 0 1561 0 1574 0 1512 0 1561 0 1512 0 1562 0 1562 0 1512 0 1583 0 1562 0 1583 0 1582 0 1562 0 1582 0 1563 0 1563 0 1582 0 722 0 1563 0 722 0 721 0 1588 0 1589 0 1590 0 1590 0 1589 0 1591 0 1590 0 1591 0 1592 0 1592 0 1591 0 1593 0 1593 0 1594 0 1595 0 1593 0 1595 0 1592 0 680 0 1596 0 1597 0 1511 0 1510 0 1598 0 1599 0 1511 0 1600 0 1600 0 1511 0 1598 0 1600 0 1598 0 1601 0 1602 0 1544 0 1603 0 1604 0 1599 0 1605 0 1605 0 1599 0 1600 0 1605 0 1600 0 1606 0 1606 0 1600 0 1601 0 1606 0 1601 0 1607 0 1608 0 1609 0 1593 0 410 0 1610 0 1611 0 1611 0 1610 0 1608 0 1608 0 1610 0 1609 0 1612 0 1613 0 1614 0 683 0 1522 0 1615 0 1615 0 1522 0 1612 0 1608 0 1614 0 748 0 1608 0 748 0 749 0 410 0 1611 0 752 0 752 0 1611 0 751 0 748 0 1616 0 746 0 1522 0 681 0 1617 0 1613 0 1618 0 1616 0 1522 0 1617 0 1612 0 1612 0 1617 0 1618 0 1612 0 1618 0 1613 0 1613 0 1616 0 1614 0 1614 0 1616 0 748 0 744 0 680 0 741 0 1619 0 744 0 746 0 746 0 1616 0 1619 0 1619 0 1616 0 1618 0 1619 0 1618 0 1620 0 1620 0 1617 0 681 0 1521 0 680 0 1619 0 1619 0 680 0 744 0 681 0 1521 0 1620 0 1620 0 1521 0 1619 0 741 0 740 0 744 0 744 0 740 0 745 0 1617 0 1620 0 1618 0 1597 0 1621 0 1622 0 1597 0 1622 0 1623 0 680 0 1623 0 1624 0 680 0 1624 0 1625 0 1625 0 1624 0 739 0 1626 0 1605 0 1606 0 1626 0 1606 0 1607 0 1626 0 1607 0 1627 0 795 0 1604 0 1628 0 1628 0 1604 0 1605 0 1628 0 1605 0 1626 0 1629 0 1626 0 1627 0 1629 0 1627 0 1603 0 1603 0 1627 0 1602 0 739 0 738 0 1630 0 1630 0 738 0 680 0 739 0 1630 0 1625 0 1625 0 1630 0 680 0 1623 0 680 0 1597 0 1621 0 1597 0 1596 0 1629 0 1631 0 1626 0 1626 0 1631 0 1632 0 1626 0 1632 0 1628 0 1628 0 1632 0 730 0 1628 0 730 0 795 0 1633 0 1509 0 1622 0 1622 0 1509 0 1634 0 1635 0 1599 0 735 0 735 0 1599 0 1604 0 735 0 1604 0 736 0 736 0 1604 0 732 0 1509 0 1511 0 1634 0 1634 0 1511 0 1599 0 1634 0 1599 0 1635 0 732 0 1604 0 795 0 735 0 731 0 739 0 1621 0 1633 0 1622 0 1623 0 1622 0 1634 0 1623 0 1634 0 1624 0 1624 0 1634 0 1635 0 1624 0 1635 0 739 0 739 0 1635 0 735 0 738 0 742 0 741 0 741 0 680 0 738 0 684 0 1588 0 1636 0 684 0 683 0 1589 0 1589 0 683 0 1615 0 1589 0 1615 0 1612 0 1589 0 1612 0 1591 0 1591 0 1612 0 1614 0 1591 0 1614 0 1637 0 1637 0 1614 0 1608 0 1608 0 749 0 751 0 684 0 1589 0 1588 0 1593 0 1591 0 1637 0 1593 0 1637 0 1608 0 1611 0 1608 0 751 0 1525 0 1638 0 1639 0 1528 0 1640 0 1641 0 1528 0 1641 0 1642 0 1530 0 1642 0 1532 0 1532 0 1642 0 1643 0 1537 0 1644 0 1645 0 1646 0 1647 0 1648 0 1646 0 1648 0 1649 0 1649 0 1648 0 1650 0 1516 0 1651 0 1517 0 1517 0 1651 0 1652 0 1652 0 1653 0 1654 0 1520 0 1654 0 1655 0 1639 0 1656 0 1566 0 1639 0 1566 0 1657 0 1641 0 1657 0 1568 0 1641 0 1568 0 1570 0 1641 0 1570 0 1658 0 1643 0 1659 0 1572 0 1643 0 1572 0 1660 0 1660 0 1572 0 1575 0 1660 0 1575 0 1661 0 1662 0 1663 0 1552 0 1648 0 1664 0 1546 0 1665 0 1546 0 1602 0 1665 0 1602 0 1666 0 1667 0 1607 0 1653 0 1653 0 1607 0 1601 0 1653 0 1601 0 1654 0 1654 0 1601 0 1598 0 1654 0 1598 0 1668 0 1668 0 1598 0 1510 0 1668 0 1510 0 1655 0 1655 0 1510 0 1669 0 1518 0 1669 0 1633 0 1518 0 1633 0 1519 0 1519 0 1633 0 1670 0 1638 0 1656 0 1639 0 1639 0 1657 0 1640 0 1640 0 1657 0 1641 0 1642 0 1641 0 1658 0 1642 0 1658 0 1659 0 1642 0 1659 0 1643 0 1643 0 1660 0 1534 0 1534 0 1660 0 1644 0 1644 0 1660 0 1661 0 1644 0 1661 0 1663 0 1644 0 1663 0 1645 0 1645 0 1663 0 1662 0 1645 0 1662 0 1647 0 1647 0 1662 0 1664 0 1647 0 1664 0 1648 0 1648 0 1546 0 1650 0 1650 0 1546 0 1665 0 1650 0 1665 0 1516 0 1516 0 1665 0 1651 0 1651 0 1665 0 1666 0 1651 0 1666 0 1667 0 1651 0 1667 0 1652 0 1652 0 1667 0 1653 0 1654 0 1668 0 1655 0 1520 0 1655 0 1669 0 1520 0 1669 0 1518 0 1671 0 1519 0 1670 0 1671 0 1670 0 1672 0 1671 0 1672 0 1673 0 1673 0 1672 0 1674 0 1539 0 1675 0 1638 0 1539 0 1638 0 1524 0 1524 0 1638 0 1525 0 1525 0 1639 0 1526 0 1526 0 1639 0 1640 0 1526 0 1640 0 1528 0 1528 0 1642 0 1530 0 1532 0 1643 0 1534 0 1536 0 1534 0 1644 0 1536 0 1644 0 1537 0 1537 0 1645 0 1646 0 1646 0 1645 0 1647 0 1515 0 1649 0 1650 0 1515 0 1650 0 1516 0 1603 0 1544 0 1543 0 1603 0 1543 0 1542 0 1603 0 1542 0 1629 0 1629 0 1542 0 1631 0 1631 0 1542 0 729 0 1631 0 729 0 1632 0 1632 0 729 0 728 0 1632 0 728 0 730 0 1656 0 1580 0 1567 0 1656 0 1567 0 1566 0 1657 0 1566 0 1568 0 1658 0 1570 0 1571 0 1658 0 1571 0 1659 0 1659 0 1571 0 1573 0 1659 0 1573 0 1572 0 1661 0 1575 0 1561 0 1661 0 1561 0 1565 0 1661 0 1565 0 1663 0 1663 0 1565 0 1558 0 1663 0 1558 0 1552 0 1662 0 1552 0 1550 0 1662 0 1550 0 1664 0 1664 0 1550 0 1545 0 1664 0 1545 0 1546 0 1546 0 1544 0 1602 0 1666 0 1602 0 1627 0 1666 0 1627 0 1667 0 1667 0 1627 0 1607 0 1669 0 1510 0 1509 0 1669 0 1509 0 1633 0 1633 0 1621 0 1596 0 1633 0 1596 0 1670 0 1670 0 1596 0 1672 0 1676 0 1677 0 1678 0 1678 0 1677 0 1679 0 1678 0 1679 0 1680 0 1680 0 1679 0 1681 0 1679 0 1682 0 1681 0 1681 0 1682 0 1683 0 1681 0 1683 0 1684 0 1684 0 1683 0 1685 0 1684 0 1685 0 1686 0 1687 0 1688 0 1689 0 1689 0 1688 0 1690 0 1689 0 1690 0 1691 0 1691 0 1690 0 1692 0 1691 0 1692 0 1686 0 1686 0 1692 0 1693 0 1686 0 1693 0 1684 0 1677 0 1676 0 1694 0 1677 0 1694 0 1695 0 1695 0 1694 0 1696 0 1696 0 1697 0 1698 0 1696 0 1699 0 1695 0 1700 0 381 0 383 0 1701 0 1702 0 1703 0 1703 0 1704 0 1701 0 1701 0 1704 0 1705 0 1698 0 1706 0 1696 0 1696 0 1706 0 1707 0 1696 0 1708 0 1709 0 1710 0 381 0 1700 0 214 0 363 0 365 0 1711 0 378 0 1710 0 1710 0 378 0 381 0 1705 0 1712 0 1701 0 1701 0 1712 0 1713 0 1713 0 1714 0 1701 0 1701 0 1714 0 1697 0 1707 0 1715 0 1696 0 1696 0 1715 0 1708 0 1696 0 1709 0 1716 0 1696 0 1716 0 1699 0 1700 0 383 0 385 0 219 0 388 0 390 0 1717 0 365 0 367 0 367 0 369 0 1717 0 390 0 216 0 217 0 363 0 214 0 390 0 390 0 214 0 215 0 390 0 215 0 216 0 369 0 371 0 1717 0 219 0 390 0 218 0 218 0 390 0 217 0 385 0 388 0 1700 0 1700 0 388 0 219 0 1700 0 219 0 1718 0 1718 0 219 0 220 0 1718 0 220 0 1719 0 1719 0 220 0 221 0 214 0 365 0 213 0 1720 0 377 0 1721 0 1721 0 377 0 378 0 1721 0 378 0 1711 0 228 0 1722 0 1723 0 211 0 1724 0 210 0 210 0 1724 0 209 0 371 0 373 0 1717 0 1717 0 373 0 1725 0 1725 0 373 0 1726 0 1726 0 373 0 375 0 1726 0 375 0 1720 0 1720 0 375 0 377 0 224 0 1727 0 223 0 223 0 1727 0 1728 0 223 0 1728 0 222 0 222 0 1728 0 1729 0 222 0 1729 0 221 0 221 0 1729 0 1730 0 221 0 1730 0 1719 0 226 0 1731 0 1732 0 226 0 1732 0 225 0 225 0 1732 0 1733 0 225 0 1733 0 224 0 224 0 1733 0 1734 0 224 0 1734 0 1727 0 228 0 1723 0 227 0 227 0 1723 0 1735 0 227 0 1735 0 226 0 226 0 1735 0 1731 0 1722 0 228 0 229 0 1722 0 229 0 1736 0 1736 0 229 0 230 0 365 0 1717 0 213 0 213 0 1717 0 1737 0 1736 0 230 0 1738 0 1738 0 230 0 231 0 1738 0 231 0 1739 0 1739 0 231 0 232 0 1739 0 232 0 1740 0 1740 0 232 0 1741 0 1741 0 232 0 1742 0 1742 0 232 0 233 0 1742 0 233 0 1743 0 1743 0 233 0 234 0 213 0 1737 0 1744 0 213 0 1744 0 212 0 212 0 1744 0 1745 0 212 0 1745 0 211 0 211 0 1745 0 1746 0 211 0 1746 0 1724 0 1743 0 234 0 1747 0 1747 0 234 0 1748 0 1748 0 234 0 235 0 1748 0 235 0 1749 0 1749 0 235 0 236 0 1749 0 236 0 1694 0 1694 0 236 0 1696 0 1696 0 236 0 237 0 1696 0 237 0 238 0 1696 0 238 0 239 0 1696 0 239 0 1697 0 1697 0 239 0 240 0 204 0 1750 0 203 0 203 0 1750 0 1751 0 203 0 1751 0 202 0 240 0 195 0 1697 0 1697 0 195 0 196 0 1697 0 198 0 1701 0 1701 0 198 0 199 0 206 0 1752 0 205 0 205 0 1752 0 1753 0 205 0 1753 0 1754 0 205 0 1754 0 204 0 204 0 1754 0 1750 0 1724 0 1755 0 209 0 209 0 1755 0 1756 0 209 0 1756 0 208 0 208 0 1756 0 207 0 207 0 1756 0 1757 0 207 0 1757 0 206 0 206 0 1757 0 1752 0 1697 0 196 0 197 0 1697 0 197 0 198 0 199 0 200 0 1701 0 1701 0 200 0 201 0 1751 0 1758 0 202 0 202 0 1758 0 1759 0 202 0 1759 0 1760 0 202 0 1760 0 201 0 201 0 1760 0 1701 0 1761 0 1762 0 1763 0 1761 0 1763 0 1701 0 1702 0 1701 0 1763 0 1764 0 1765 0 1766 0 1762 0 1761 0 1767 0 1762 0 1767 0 1768 0 1762 0 1768 0 1769 0 1769 0 1768 0 1770 0 1769 0 1770 0 1771 0 1764 0 1766 0 1772 0 1764 0 1772 0 1773 0 1773 0 1772 0 1774 0 1773 0 1774 0 1775 0 1775 0 1774 0 1776 0 1775 0 1776 0 1770 0 1770 0 1776 0 1777 0 1770 0 1777 0 1771 0 1778 0 1779 0 1780 0 1781 0 1782 0 1783 0 1784 0 257 0 256 0 578 0 1785 0 576 0 571 0 570 0 1786 0 1787 0 1788 0 1789 0 1787 0 1789 0 1790 0 1791 0 1792 0 1788 0 1793 0 1792 0 1791 0 1794 0 1795 0 1796 0 1797 0 1798 0 1796 0 1797 0 1799 0 1798 0 1800 0 1801 0 1802 0 1784 0 256 0 1803 0 1803 0 1804 0 1805 0 1805 0 1804 0 1806 0 1807 0 1808 0 1809 0 1809 0 1808 0 1785 0 1810 0 1787 0 1811 0 1791 0 1788 0 1810 0 1791 0 1810 0 1811 0 1787 0 1810 0 1788 0 1812 0 1813 0 1814 0 1815 0 1812 0 1814 0 1815 0 1814 0 1816 0 1817 0 1812 0 1815 0 1815 0 1816 0 1818 0 1819 0 1817 0 1815 0 1819 0 1815 0 1820 0 1820 0 1815 0 1818 0 1820 0 1818 0 1821 0 1822 0 1823 0 1824 0 1824 0 1823 0 954 0 1825 0 1826 0 1827 0 1780 0 1825 0 1827 0 1780 0 1827 0 1822 0 1822 0 1827 0 1828 0 1822 0 1828 0 1823 0 1823 0 1828 0 950 0 1823 0 950 0 953 0 1823 0 953 0 954 0 1829 0 1819 0 1830 0 1830 0 1819 0 1820 0 1830 0 1820 0 1831 0 1831 0 1820 0 1821 0 1831 0 1821 0 1832 0 949 0 1037 0 1833 0 1829 0 947 0 948 0 1829 0 948 0 1817 0 1817 0 948 0 1826 0 948 0 949 0 1833 0 948 0 1833 0 1826 0 1827 0 1826 0 1833 0 1827 0 1833 0 1828 0 1828 0 1833 0 1037 0 1828 0 1037 0 950 0 1834 0 1829 0 946 0 946 0 1829 0 1830 0 946 0 1830 0 1835 0 1835 0 1830 0 1831 0 1831 0 1832 0 1836 0 1836 0 1832 0 1837 0 1837 0 1832 0 1838 0 1837 0 1838 0 1839 0 1839 0 1838 0 1840 0 1839 0 1840 0 1841 0 1811 0 1842 0 1843 0 1811 0 1843 0 1791 0 1843 0 1842 0 1844 0 1844 0 1842 0 1845 0 1791 0 1843 0 1844 0 1839 0 1844 0 1845 0 1839 0 1845 0 1837 0 1837 0 1845 0 1836 0 1836 0 1845 0 1846 0 1846 0 1845 0 571 0 1793 0 1791 0 1841 0 1841 0 1791 0 1844 0 1836 0 1846 0 1835 0 943 0 1846 0 1847 0 947 0 1834 0 946 0 943 0 946 0 1835 0 1835 0 1831 0 1836 0 1841 0 1844 0 1839 0 1835 0 1846 0 943 0 570 0 1848 0 1786 0 1786 0 1848 0 1847 0 943 0 1847 0 941 0 1848 0 942 0 1847 0 1847 0 942 0 941 0 571 0 1786 0 1846 0 1846 0 1786 0 1847 0 1849 0 1850 0 570 0 570 0 1850 0 940 0 573 0 1851 0 1852 0 1850 0 1852 0 1853 0 1850 0 1853 0 937 0 573 0 1852 0 1849 0 1849 0 1852 0 1850 0 1850 0 937 0 938 0 1850 0 938 0 940 0 576 0 1785 0 573 0 573 0 1785 0 1851 0 1853 0 1854 0 1855 0 1853 0 1855 0 937 0 1803 0 256 0 1854 0 1803 0 1854 0 1804 0 1804 0 1854 0 1806 0 1806 0 1854 0 1808 0 1809 0 1785 0 1856 0 578 0 1856 0 1785 0 1785 0 1808 0 1851 0 1851 0 1808 0 1854 0 1854 0 256 0 1855 0 1855 0 256 0 937 0 1851 0 1854 0 1852 0 1852 0 1854 0 1853 0 573 0 1849 0 570 0 1848 0 570 0 940 0 1848 0 940 0 942 0 1779 0 1813 0 1780 0 1780 0 1813 0 1825 0 1825 0 1813 0 1812 0 1825 0 1812 0 1826 0 1826 0 1812 0 1817 0 1817 0 1819 0 1829 0 1829 0 1834 0 947 0 1857 0 1858 0 1859 0 1859 0 1858 0 1860 0 1861 0 1858 0 1862 0 1862 0 1858 0 1857 0 1863 0 1861 0 1864 0 1864 0 1861 0 1862 0 1864 0 1862 0 1865 0 1866 0 1867 0 1868 0 1869 0 1863 0 1870 0 1870 0 1863 0 1864 0 1870 0 1864 0 1871 0 1871 0 1864 0 1865 0 1872 0 1869 0 1870 0 1872 0 1870 0 1873 0 1873 0 1870 0 1874 0 1874 0 1870 0 1871 0 1874 0 1871 0 1875 0 966 0 965 0 1866 0 966 0 1866 0 1868 0 966 0 1868 0 987 0 987 0 1868 0 1876 0 987 0 1876 0 988 0 1877 0 963 0 962 0 1877 0 962 0 1878 0 1878 0 962 0 1879 0 1880 0 1879 0 1881 0 962 0 988 0 1879 0 1879 0 988 0 1876 0 1879 0 1876 0 1881 0 1881 0 1876 0 1868 0 1881 0 1868 0 1882 0 1882 0 1868 0 1867 0 1882 0 1867 0 1883 0 1884 0 1885 0 1886 0 1886 0 1885 0 1887 0 1886 0 1887 0 1888 0 1888 0 1887 0 1783 0 1783 0 1782 0 1889 0 1888 0 1783 0 1890 0 1890 0 1783 0 1889 0 989 0 1869 0 1891 0 1891 0 1869 0 1872 0 1891 0 1872 0 1873 0 1891 0 1873 0 1892 0 1892 0 1873 0 1874 0 1892 0 1874 0 1893 0 1893 0 1874 0 1875 0 1892 0 1893 0 1894 0 1892 0 1894 0 1891 0 1891 0 1894 0 1895 0 1891 0 1895 0 1000 0 1891 0 1000 0 989 0 1896 0 1859 0 1860 0 1860 0 1858 0 1880 0 1880 0 1858 0 1861 0 1880 0 1861 0 1879 0 1879 0 1861 0 1863 0 1879 0 1863 0 1878 0 1878 0 1863 0 1869 0 1878 0 1869 0 1877 0 1877 0 1869 0 989 0 1895 0 960 0 1000 0 1893 0 1781 0 1897 0 1893 0 1897 0 1894 0 958 0 1886 0 1898 0 1898 0 1886 0 1888 0 1898 0 1888 0 1899 0 1899 0 1888 0 1890 0 1890 0 1889 0 1778 0 956 0 959 0 958 0 1886 0 958 0 1884 0 958 0 960 0 1884 0 1884 0 960 0 1885 0 1781 0 1783 0 1887 0 1781 0 1887 0 1897 0 1897 0 1887 0 1885 0 1897 0 1885 0 1894 0 1894 0 1885 0 1895 0 1895 0 1885 0 960 0 989 0 963 0 1877 0 1880 0 1881 0 1860 0 1860 0 1881 0 1882 0 1860 0 1882 0 1896 0 1896 0 1882 0 1883 0 1900 0 1901 0 1902 0 1902 0 1903 0 1904 0 1904 0 1903 0 1905 0 1904 0 1905 0 1906 0 1907 0 1906 0 1908 0 1908 0 1906 0 1905 0 1909 0 1903 0 1902 0 1909 0 1902 0 1910 0 1910 0 1902 0 1901 0 1901 0 1900 0 1911 0 1911 0 1900 0 1912 0 1912 0 1913 0 1914 0 1799 0 1797 0 1915 0 1799 0 1915 0 1916 0 1916 0 1915 0 1917 0 1916 0 1917 0 1918 0 1911 0 1919 0 1920 0 1911 0 1920 0 1910 0 1910 0 1920 0 1921 0 1910 0 1921 0 1922 0 1909 0 1922 0 1923 0 1908 0 1924 0 1925 0 1915 0 1926 0 1927 0 1915 0 1927 0 1917 0 1928 0 1929 0 1779 0 1928 0 1779 0 1778 0 1928 0 1778 0 1930 0 1930 0 1782 0 1931 0 1920 0 1932 0 1875 0 1920 0 1875 0 1921 0 1921 0 1875 0 1933 0 1933 0 1865 0 1934 0 1924 0 1935 0 1859 0 1924 0 1859 0 1936 0 1795 0 1838 0 1796 0 1796 0 1838 0 1937 0 1796 0 1937 0 1797 0 1797 0 1937 0 1926 0 1797 0 1926 0 1915 0 1918 0 1917 0 1929 0 1918 0 1929 0 1938 0 1938 0 1929 0 1928 0 1938 0 1928 0 1939 0 1939 0 1928 0 1930 0 1939 0 1930 0 1940 0 1940 0 1930 0 1931 0 1940 0 1931 0 1919 0 1919 0 1931 0 1932 0 1919 0 1932 0 1920 0 1922 0 1921 0 1933 0 1922 0 1933 0 1923 0 1923 0 1933 0 1934 0 1923 0 1934 0 1941 0 1923 0 1941 0 1908 0 1908 0 1941 0 1935 0 1908 0 1935 0 1924 0 1925 0 1924 0 1936 0 1802 0 1916 0 1918 0 1802 0 1918 0 1938 0 1802 0 1938 0 1800 0 1800 0 1938 0 1942 0 1942 0 1938 0 1939 0 1942 0 1939 0 1940 0 1942 0 1940 0 1914 0 1914 0 1940 0 1912 0 1912 0 1940 0 1919 0 1912 0 1919 0 1911 0 1901 0 1911 0 1910 0 1910 0 1922 0 1909 0 1903 0 1909 0 1923 0 1903 0 1923 0 1905 0 1905 0 1923 0 1908 0 1907 0 1908 0 1925 0 1778 0 1780 0 1890 0 1890 0 1780 0 1822 0 1890 0 1822 0 1899 0 1899 0 1822 0 1898 0 1898 0 1822 0 1824 0 1898 0 1824 0 954 0 1898 0 954 0 958 0 958 0 954 0 956 0 1896 0 1936 0 1859 0 1859 0 1935 0 1857 0 1857 0 1935 0 1941 0 1857 0 1941 0 1862 0 1862 0 1941 0 1934 0 1862 0 1934 0 1865 0 1871 0 1865 0 1933 0 1871 0 1933 0 1875 0 1893 0 1875 0 1932 0 1893 0 1932 0 1781 0 1781 0 1932 0 1931 0 1781 0 1931 0 1782 0 1889 0 1782 0 1930 0 1889 0 1930 0 1778 0 1779 0 1929 0 1813 0 1813 0 1929 0 1917 0 1813 0 1917 0 1814 0 1814 0 1917 0 1927 0 1814 0 1927 0 1816 0 1816 0 1927 0 1926 0 1816 0 1926 0 1818 0 1818 0 1926 0 1821 0 1821 0 1926 0 1937 0 1821 0 1937 0 1832 0 1832 0 1937 0 1838 0 1838 0 1795 0 1840 0 1943 0 1806 0 1807 0 1807 0 1806 0 1808 0 1805 0 1806 0 1943 0 1803 0 1805 0 265 0 257 0 1784 0 265 0 265 0 1784 0 1803 0 266 0 265 0 1944 0 1492 0 1491 0 1945 0 1946 0 1495 0 1947 0 1947 0 1495 0 1948 0 266 0 1944 0 1949 0 1949 0 1944 0 1948 0 1949 0 1948 0 1495 0 1949 0 1495 0 1494 0 1949 0 1494 0 266 0 266 0 1494 0 263 0 1807 0 1947 0 1943 0 1943 0 1947 0 1805 0 1491 0 1493 0 1495 0 1491 0 1495 0 1950 0 1950 0 1495 0 1946 0 1950 0 1946 0 1951 0 1951 0 1946 0 1947 0 1948 0 1944 0 265 0 1856 0 1952 0 1945 0 1856 0 1945 0 1809 0 1809 0 1945 0 1950 0 1809 0 1950 0 1807 0 1807 0 1950 0 1951 0 1807 0 1951 0 1947 0 1491 0 1950 0 1945 0 1947 0 1948 0 1805 0 1805 0 1948 0 265 0 577 0 1856 0 578 0 1856 0 577 0 664 0 1952 0 665 0 1953 0 1856 0 664 0 665 0 1856 0 665 0 1952 0 1953 0 665 0 667 0 1953 0 667 0 1954 0 667 0 666 0 1954 0 1954 0 666 0 1955 0 1955 0 666 0 669 0 1955 0 669 0 670 0 1955 0 670 0 1956 0 581 0 1956 0 670 0 1956 0 581 0 1957 0 1957 0 581 0 584 0 587 0 1958 0 583 0 1958 0 587 0 586 0 1959 0 583 0 1958 0 1959 0 1957 0 583 0 1957 0 584 0 583 0 592 0 1960 0 589 0 586 0 1961 0 1958 0 589 0 1960 0 586 0 586 0 1960 0 1962 0 586 0 1962 0 1961 0 1960 0 592 0 593 0 593 0 1963 0 1960 0 1963 0 593 0 1964 0 593 0 596 0 1964 0 596 0 1965 0 1966 0 596 0 1966 0 1964 0 596 0 1967 0 1965 0 1968 0 1969 0 599 0 1970 0 1971 0 1967 0 1967 0 1971 0 1965 0 326 0 325 0 1967 0 1967 0 325 0 324 0 1972 0 318 0 1973 0 1973 0 318 0 362 0 1973 0 362 0 1974 0 1974 0 362 0 361 0 1974 0 361 0 1969 0 1975 0 1967 0 1972 0 1975 0 1976 0 1967 0 1967 0 1976 0 1977 0 1967 0 1977 0 1970 0 324 0 323 0 1967 0 1967 0 323 0 322 0 1967 0 322 0 321 0 382 0 675 0 676 0 366 0 364 0 337 0 343 0 342 0 364 0 599 0 1978 0 1979 0 599 0 1979 0 1980 0 321 0 320 0 1967 0 1967 0 320 0 1972 0 1972 0 320 0 319 0 1972 0 319 0 318 0 382 0 380 0 675 0 675 0 380 0 674 0 674 0 380 0 379 0 599 0 1980 0 1968 0 344 0 391 0 345 0 345 0 391 0 389 0 360 0 599 0 361 0 361 0 599 0 1969 0 391 0 344 0 364 0 364 0 344 0 343 0 364 0 339 0 338 0 389 0 630 0 628 0 389 0 628 0 625 0 387 0 386 0 641 0 364 0 338 0 337 0 342 0 341 0 364 0 364 0 341 0 340 0 364 0 340 0 339 0 382 0 676 0 384 0 384 0 676 0 677 0 370 0 579 0 658 0 350 0 349 0 621 0 621 0 349 0 348 0 621 0 348 0 347 0 625 0 621 0 389 0 389 0 621 0 345 0 387 0 634 0 389 0 389 0 634 0 633 0 389 0 633 0 630 0 641 0 639 0 387 0 387 0 639 0 636 0 387 0 636 0 634 0 384 0 677 0 386 0 386 0 677 0 678 0 386 0 678 0 641 0 674 0 379 0 673 0 673 0 379 0 376 0 673 0 376 0 672 0 370 0 658 0 372 0 368 0 582 0 671 0 368 0 671 0 668 0 350 0 621 0 351 0 347 0 346 0 621 0 621 0 346 0 345 0 579 0 370 0 659 0 659 0 370 0 660 0 668 0 663 0 368 0 368 0 663 0 662 0 368 0 662 0 370 0 370 0 662 0 661 0 370 0 661 0 660 0 332 0 331 0 582 0 582 0 331 0 330 0 599 0 360 0 359 0 621 0 619 0 351 0 351 0 619 0 352 0 352 0 619 0 616 0 352 0 616 0 615 0 352 0 615 0 353 0 356 0 603 0 357 0 357 0 603 0 600 0 357 0 600 0 358 0 358 0 600 0 597 0 358 0 597 0 359 0 359 0 597 0 599 0 615 0 611 0 353 0 353 0 611 0 354 0 354 0 611 0 608 0 354 0 608 0 355 0 355 0 608 0 606 0 355 0 606 0 356 0 356 0 606 0 604 0 356 0 604 0 603 0 376 0 374 0 672 0 672 0 374 0 372 0 672 0 372 0 651 0 651 0 372 0 652 0 652 0 372 0 654 0 658 0 656 0 372 0 372 0 656 0 657 0 372 0 657 0 653 0 372 0 653 0 654 0 366 0 337 0 368 0 368 0 337 0 336 0 368 0 336 0 335 0 330 0 329 0 582 0 582 0 329 0 328 0 328 0 327 0 582 0 582 0 327 0 326 0 582 0 326 0 580 0 335 0 334 0 368 0 368 0 334 0 333 0 368 0 333 0 582 0 582 0 333 0 332 0 326 0 1967 0 596 0 326 0 596 0 595 0 591 0 588 0 326 0 326 0 588 0 590 0 595 0 594 0 326 0 326 0 594 0 591 0 590 0 585 0 326 0 326 0 585 0 580 0 1981 0 601 0 602 0 1981 0 602 0 605 0 1981 0 605 0 1982 0 1981 0 598 0 601 0 599 0 598 0 1983 0 1983 0 598 0 1981 0 1978 0 599 0 1983 0 605 0 607 0 1982 0 609 0 1984 0 1985 0 1985 0 1986 0 609 0 609 0 1986 0 607 0 607 0 1986 0 1982 0 1984 0 609 0 610 0 610 0 1987 0 1984 0 1987 0 610 0 612 0 1987 0 612 0 1988 0 1988 0 613 0 1989 0 612 0 614 0 1988 0 1988 0 614 0 613 0 624 0 1636 0 1990 0 1636 0 624 0 623 0 1636 0 623 0 684 0 684 0 623 0 626 0 627 0 684 0 626 0 1990 0 1991 0 622 0 624 0 1990 0 622 0 1992 0 620 0 1991 0 1991 0 620 0 622 0 1992 0 1993 0 620 0 620 0 1993 0 1994 0 620 0 1994 0 617 0 617 0 1994 0 1995 0 617 0 1995 0 1989 0 1989 0 613 0 618 0 1989 0 618 0 617 0 1996 0 1636 0 1588 0 1997 0 1996 0 1998 0 1997 0 1469 0 1471 0 1467 0 1470 0 1469 0 418 0 410 0 417 0 410 0 752 0 407 0 1609 0 1610 0 410 0 1594 0 1593 0 1609 0 1594 0 1592 0 1595 0 395 0 1999 0 418 0 410 0 418 0 1999 0 410 0 1999 0 2000 0 2000 0 1592 0 1594 0 2000 0 1594 0 410 0 410 0 1594 0 1609 0 1467 0 2001 0 394 0 1590 0 1592 0 2002 0 2002 0 1592 0 2000 0 2002 0 2000 0 2003 0 2003 0 2000 0 2004 0 2004 0 2000 0 2001 0 2001 0 2000 0 1999 0 2001 0 1999 0 395 0 1998 0 1996 0 1588 0 1998 0 1588 0 1469 0 1469 0 1588 0 2003 0 1997 0 1998 0 1469 0 1467 0 1469 0 2004 0 1467 0 2004 0 2001 0 1588 0 1590 0 2003 0 2003 0 1590 0 2002 0 1469 0 2003 0 2004 0 2001 0 395 0 394 0 2005 0 2006 0 2007 0 2007 0 2006 0 2008 0 2008 0 2006 0 2009 0 2006 0 2005 0 2010 0 2011 0 2012 0 2013 0 2008 0 2009 0 2011 0 2011 0 2009 0 2014 0 2011 0 2014 0 2012 0 2015 0 2016 0 2012 0 2012 0 2016 0 2013 0 2017 0 466 0 465 0 2017 0 465 0 477 0 2017 0 477 0 2018 0 2018 0 477 0 464 0 2018 0 464 0 2019 0 2019 0 464 0 2020 0 2020 0 464 0 463 0 2020 0 463 0 2021 0 2021 0 463 0 2022 0 2022 0 463 0 2023 0 2023 0 463 0 462 0 2023 0 462 0 2024 0 2024 0 462 0 461 0 2024 0 461 0 2025 0 2025 0 461 0 487 0 2025 0 487 0 2026 0 2026 0 487 0 486 0 2026 0 486 0 482 0 2026 0 482 0 2027 0 2027 0 482 0 481 0 2027 0 481 0 2028 0 2028 0 481 0 480 0 2028 0 480 0 2029 0 2029 0 480 0 476 0 2029 0 476 0 2030 0 2030 0 476 0 2031 0 2031 0 476 0 475 0 2031 0 475 0 2032 0 2032 0 475 0 2033 0 2033 0 475 0 479 0 2033 0 479 0 474 0 2033 0 474 0 2034 0 2034 0 474 0 2035 0 2035 0 474 0 473 0 2035 0 473 0 472 0 2035 0 472 0 2036 0 2036 0 472 0 459 0 2036 0 459 0 2037 0 2037 0 459 0 2038 0 2038 0 459 0 458 0 2038 0 458 0 2039 0 2039 0 458 0 456 0 2039 0 456 0 2040 0 2040 0 456 0 478 0 2040 0 478 0 2041 0 2041 0 478 0 471 0 2041 0 471 0 470 0 2041 0 470 0 2042 0 2042 0 470 0 485 0 2042 0 485 0 2043 0 2043 0 485 0 484 0 2043 0 484 0 2044 0 2044 0 484 0 483 0 2044 0 483 0 2045 0 2045 0 483 0 491 0 2045 0 491 0 2046 0 2046 0 491 0 490 0 2046 0 490 0 489 0 2046 0 489 0 2047 0 2047 0 489 0 488 0 2047 0 488 0 494 0 2047 0 494 0 2048 0 2048 0 494 0 492 0 2048 0 492 0 2049 0 2049 0 492 0 2050 0 2050 0 492 0 493 0 2050 0 493 0 2051 0 2051 0 493 0 2052 0 2052 0 493 0 455 0 2052 0 455 0 2053 0 2053 0 455 0 457 0 2053 0 457 0 2054 0 2054 0 457 0 460 0 2054 0 460 0 2055 0 2055 0 460 0 2056 0 2056 0 460 0 469 0 2056 0 469 0 467 0 2056 0 467 0 2057 0 2057 0 467 0 468 0 2057 0 468 0 466 0 2057 0 466 0 2017 0 2058 0 2059 0 2060 0 2060 0 2059 0 2061 0 2061 0 2059 0 2062 0 2061 0 2062 0 2063 0 2063 0 2062 0 2064 0 2063 0 2064 0 2065 0 2065 0 2064 0 2066 0 2066 0 2064 0 2067 0 2067 0 2064 0 2068 0 2067 0 2068 0 2069 0 2069 0 2068 0 2070 0 2069 0 2070 0 2071 0 2069 0 2071 0 2072 0 2072 0 2071 0 2073 0 2072 0 2073 0 2074 0 2074 0 2073 0 2075 0 2075 0 2073 0 2076 0 2076 0 2073 0 2077 0 2076 0 2077 0 2078 0 2078 0 2077 0 2079 0 2078 0 2079 0 2080 0 2078 0 2080 0 2081 0 2081 0 2080 0 2082 0 2082 0 2080 0 2083 0 2082 0 2083 0 2084 0 2084 0 2083 0 2085 0 2084 0 2085 0 2086 0 2086 0 2085 0 2087 0 2086 0 2087 0 2058 0 2058 0 2087 0 2059 0 918 0 99 0 100 0 918 0 512 0 99 0 918 0 515 0 497 0 497 0 499 0 918 0 918 0 499 0 498 0 918 0 498 0 512 0 2088 0 566 0 2089 0 2089 0 566 0 567 0 2088 0 2090 0 566 0 566 0 2090 0 2091 0 2091 0 2092 0 566 0 566 0 2092 0 2093 0 566 0 2093 0 2094 0 2095 0 2096 0 2097 0 2098 0 2099 0 2100 0 2101 0 2102 0 2103 0 2104 0 2105 0 2106 0 2107 0 2108 0 2109 0 2110 0 2111 0 2112 0 2113 0 2114 0 2104 0 2114 0 2113 0 1255 0 2115 0 2116 0 2117 0 2118 0 2102 0 2119 0 2101 0 2120 0 2102 0 2121 0 2122 0 2123 0 2121 0 2124 0 2125 0 2121 0 2125 0 2126 0 2125 0 2127 0 2126 0 2128 0 2129 0 2130 0 2128 0 2131 0 2129 0 2132 0 2133 0 2128 0 2128 0 2133 0 2134 0 2128 0 2134 0 2131 0 2135 0 2136 0 2133 0 2135 0 2133 0 2132 0 2135 0 2137 0 2136 0 2138 0 2139 0 2140 0 2140 0 2139 0 2141 0 2142 0 2143 0 2144 0 2142 0 2145 0 2146 0 2147 0 2148 0 2149 0 2149 0 2148 0 2150 0 2151 0 2149 0 2150 0 2152 0 2153 0 2154 0 2155 0 2156 0 2157 0 2155 0 2158 0 2156 0 2155 0 2159 0 2158 0 2160 0 2161 0 2162 0 2163 0 2164 0 2161 0 2165 0 2164 0 2163 0 2166 0 2167 0 2168 0 2167 0 2169 0 2168 0 2170 0 2169 0 2171 0 2171 0 2169 0 2172 0 2173 0 2174 0 2175 0 2173 0 2175 0 2176 0 2177 0 2176 0 2175 0 2177 0 2178 0 2176 0 1241 0 2178 0 2177 0 1106 0 2179 0 1238 0 2180 0 2181 0 2182 0 2180 0 2183 0 2181 0 2169 0 2167 0 2172 0 2165 0 2167 0 2166 0 2165 0 2166 0 2164 0 2184 0 2009 0 2006 0 2012 0 2014 0 2185 0 2186 0 1256 0 1232 0 1232 0 1231 0 2186 0 2112 0 2186 0 2187 0 2187 0 2186 0 1233 0 1233 0 2186 0 1231 0 2188 0 1233 0 2189 0 2189 0 1233 0 1236 0 1236 0 1233 0 1237 0 1235 0 2190 0 2191 0 2192 0 2193 0 2189 0 2192 0 2189 0 2191 0 2191 0 2189 0 1236 0 1240 0 1238 0 1241 0 2179 0 2178 0 1241 0 2179 0 1241 0 1238 0 2182 0 2181 0 2194 0 2194 0 2181 0 2193 0 2194 0 2193 0 2195 0 2195 0 2193 0 2192 0 2195 0 2192 0 2190 0 2190 0 2192 0 2191 0 1235 0 2191 0 1236 0 2196 0 2197 0 2198 0 2196 0 2198 0 2199 0 2200 0 2199 0 2201 0 2200 0 2201 0 2202 0 2200 0 2202 0 2203 0 2203 0 2202 0 2204 0 2204 0 2202 0 2205 0 2204 0 2205 0 2109 0 2206 0 2205 0 2202 0 2207 0 2202 0 2201 0 2207 0 2201 0 2199 0 2207 0 2199 0 2208 0 2208 0 2199 0 2198 0 2208 0 2198 0 2209 0 2209 0 2198 0 2197 0 2209 0 2197 0 2210 0 2210 0 2211 0 2209 0 2209 0 2211 0 2212 0 2209 0 2212 0 2208 0 2208 0 2212 0 2213 0 2208 0 2213 0 2214 0 2208 0 2214 0 2207 0 2207 0 2214 0 2215 0 2207 0 2215 0 2216 0 2207 0 2216 0 2202 0 2202 0 2216 0 2217 0 2202 0 2217 0 2206 0 2218 0 2216 0 2215 0 2218 0 2215 0 2219 0 2219 0 2215 0 2214 0 2219 0 2214 0 2009 0 2009 0 2214 0 2213 0 2009 0 2213 0 2212 0 2185 0 2212 0 2211 0 2185 0 2211 0 2012 0 2109 0 2108 0 2220 0 2014 0 2009 0 2185 0 2185 0 2009 0 2212 0 2219 0 2009 0 2218 0 2218 0 2009 0 2184 0 2218 0 2184 0 2006 0 2218 0 2006 0 2216 0 2216 0 2006 0 2010 0 2170 0 2171 0 2183 0 2170 0 2183 0 2221 0 2221 0 2183 0 2180 0 2221 0 2180 0 2222 0 2222 0 2180 0 2182 0 2222 0 2182 0 2174 0 2174 0 2182 0 2194 0 2174 0 2194 0 2175 0 2175 0 2194 0 2195 0 2175 0 2195 0 2177 0 2177 0 2195 0 1241 0 1241 0 2195 0 2190 0 1241 0 2190 0 1235 0 2223 0 2010 0 2224 0 2223 0 2224 0 2225 0 2225 0 2163 0 2226 0 2226 0 2163 0 2227 0 2226 0 2227 0 2228 0 2229 0 2148 0 2230 0 2231 0 2232 0 2233 0 2234 0 2233 0 2235 0 2236 0 2234 0 2237 0 2238 0 2236 0 2239 0 2238 0 2239 0 2240 0 2240 0 2239 0 2241 0 2240 0 2241 0 2242 0 2243 0 2244 0 2245 0 2243 0 2245 0 2220 0 2220 0 2245 0 2246 0 2220 0 2246 0 2109 0 2150 0 2148 0 2229 0 2247 0 2229 0 2248 0 2249 0 2248 0 2231 0 2249 0 2231 0 2250 0 2250 0 2231 0 2233 0 2250 0 2233 0 2234 0 2250 0 2234 0 2251 0 2251 0 2234 0 2236 0 2252 0 2236 0 2240 0 2240 0 2236 0 2238 0 2253 0 2242 0 2244 0 2253 0 2244 0 2243 0 2254 0 2150 0 2229 0 2254 0 2229 0 2247 0 2255 0 2247 0 2248 0 2255 0 2248 0 2249 0 2256 0 2249 0 2250 0 2257 0 2250 0 2251 0 2258 0 2251 0 2236 0 2258 0 2236 0 2252 0 2259 0 2252 0 2240 0 2259 0 2240 0 2260 0 2260 0 2240 0 2261 0 2261 0 2240 0 2242 0 2261 0 2242 0 2262 0 2262 0 2242 0 2253 0 2263 0 2253 0 2243 0 2263 0 2243 0 2220 0 2263 0 2220 0 2108 0 2206 0 2108 0 2107 0 2151 0 2150 0 2254 0 2151 0 2254 0 2264 0 2264 0 2254 0 2247 0 2264 0 2247 0 2255 0 2257 0 2256 0 2250 0 2265 0 2257 0 2251 0 2265 0 2251 0 2258 0 2266 0 2258 0 2252 0 2266 0 2252 0 2259 0 2267 0 2261 0 2262 0 2267 0 2262 0 2228 0 2228 0 2262 0 2253 0 2228 0 2253 0 2226 0 2226 0 2253 0 2263 0 2226 0 2263 0 2225 0 2225 0 2263 0 2108 0 2225 0 2108 0 2223 0 2223 0 2108 0 2206 0 2223 0 2206 0 2010 0 2264 0 2255 0 2154 0 2154 0 2255 0 2249 0 2154 0 2249 0 2152 0 2152 0 2249 0 2256 0 2152 0 2256 0 2257 0 2152 0 2257 0 2265 0 2267 0 2260 0 2261 0 2227 0 2267 0 2228 0 2268 0 2269 0 2151 0 2268 0 2151 0 2264 0 2268 0 2264 0 2153 0 2153 0 2264 0 2154 0 2152 0 2265 0 2270 0 2270 0 2265 0 2157 0 2157 0 2265 0 2258 0 2157 0 2258 0 2266 0 2157 0 2266 0 2155 0 2155 0 2266 0 2259 0 2155 0 2259 0 2260 0 2155 0 2260 0 2159 0 2159 0 2260 0 2267 0 2159 0 2267 0 2160 0 2160 0 2267 0 2227 0 2160 0 2227 0 2161 0 2161 0 2227 0 2163 0 2165 0 2163 0 2225 0 2165 0 2225 0 2224 0 1245 0 2114 0 1255 0 1242 0 2271 0 1245 0 2272 0 2102 0 2118 0 2273 0 2118 0 2119 0 2103 0 2272 0 2118 0 2115 0 2273 0 2119 0 2115 0 2119 0 2116 0 2117 0 2104 0 2115 0 2273 0 2115 0 2099 0 2273 0 2099 0 2118 0 2118 0 2099 0 2103 0 2274 0 2101 0 2103 0 2274 0 2103 0 2275 0 2271 0 1242 0 2276 0 1244 0 2276 0 1242 0 2106 0 2105 0 2100 0 1253 0 2277 0 2276 0 1253 0 2276 0 1244 0 2100 0 2099 0 2106 0 2115 0 2104 0 2106 0 2115 0 2106 0 2099 0 2103 0 2102 0 2272 0 2278 0 2123 0 2122 0 2279 0 2124 0 2123 0 2123 0 2124 0 2121 0 2280 0 2145 0 2281 0 2281 0 2145 0 2142 0 2281 0 2142 0 2282 0 2282 0 2142 0 2283 0 2282 0 2283 0 2284 0 2284 0 2283 0 2285 0 2284 0 2285 0 2286 0 2287 0 2286 0 2288 0 2287 0 2288 0 2289 0 2289 0 2288 0 2138 0 2289 0 2138 0 2140 0 2290 0 2291 0 2292 0 2290 0 2292 0 2293 0 2294 0 2293 0 2295 0 2294 0 2295 0 2296 0 2297 0 2296 0 2135 0 2297 0 2135 0 2298 0 2298 0 2135 0 2132 0 2298 0 2132 0 2299 0 2299 0 2132 0 2300 0 2299 0 2300 0 2301 0 2301 0 2300 0 2302 0 2301 0 2302 0 2303 0 2304 0 2305 0 2306 0 2304 0 2306 0 2307 0 2283 0 2142 0 2144 0 2283 0 2144 0 2285 0 2285 0 2144 0 2308 0 2285 0 2308 0 2309 0 2285 0 2309 0 2286 0 2286 0 2309 0 2310 0 2286 0 2310 0 2288 0 2288 0 2310 0 2138 0 2291 0 2140 0 2141 0 2291 0 2141 0 2292 0 2293 0 2292 0 2311 0 2293 0 2311 0 2295 0 2295 0 2311 0 2312 0 2295 0 2312 0 2296 0 2296 0 2312 0 2137 0 2296 0 2137 0 2135 0 2132 0 2128 0 2300 0 2300 0 2128 0 2302 0 2302 0 2128 0 2130 0 2302 0 2130 0 2303 0 2303 0 2130 0 2127 0 2303 0 2127 0 2305 0 2305 0 2127 0 2125 0 2305 0 2125 0 2306 0 2306 0 2125 0 2124 0 1253 0 1252 0 2277 0 2277 0 1252 0 2313 0 2313 0 1252 0 1247 0 1247 0 1246 0 2313 0 2314 0 2315 0 2316 0 2095 0 2315 0 2096 0 2096 0 2315 0 2314 0 2105 0 2097 0 2100 0 2098 0 2100 0 2096 0 2098 0 2096 0 2314 0 1246 0 1250 0 2317 0 2100 0 2097 0 2096 0 2318 0 2314 0 2316 0 2318 0 2316 0 2319 0 2317 0 1250 0 2320 0 2320 0 1250 0 1249 0 2316 0 1246 0 2317 0 2316 0 2317 0 2319 0 2319 0 2317 0 2320 0 2320 0 1256 0 2111 0 2111 0 1256 0 2112 0 2112 0 1256 0 2186 0 2320 0 1249 0 1256 0 1256 0 1249 0 1214 0 2111 0 2110 0 2319 0 2319 0 2110 0 2321 0 2319 0 2321 0 2318 0 2314 0 2318 0 2322 0 2314 0 2322 0 2098 0 2098 0 2322 0 2323 0 2098 0 2323 0 2099 0 2320 0 2111 0 2319 0 2316 0 2315 0 1246 0 1246 0 2315 0 2313 0 2313 0 2315 0 2095 0 2313 0 2095 0 2277 0 2277 0 2095 0 2097 0 2277 0 2097 0 2276 0 2276 0 2097 0 2105 0 2276 0 2105 0 2271 0 2271 0 2105 0 2104 0 1233 0 2188 0 2187 0 2318 0 2321 0 2324 0 2318 0 2324 0 2322 0 2189 0 2193 0 2188 0 2188 0 2015 0 2187 0 2187 0 2015 0 2325 0 2187 0 2325 0 2326 0 2110 0 2326 0 2327 0 2110 0 2327 0 2321 0 2321 0 2327 0 2328 0 2321 0 2328 0 2324 0 2324 0 2328 0 2329 0 2324 0 2329 0 2330 0 2331 0 2330 0 2332 0 2331 0 2332 0 2275 0 2275 0 2332 0 2333 0 2275 0 2333 0 2274 0 2101 0 2274 0 2334 0 2101 0 2334 0 2120 0 2120 0 2334 0 2122 0 2335 0 2336 0 2337 0 2335 0 2337 0 2338 0 2338 0 2337 0 2307 0 2338 0 2307 0 2279 0 2279 0 2307 0 2306 0 2279 0 2306 0 2124 0 2326 0 2325 0 2339 0 2326 0 2339 0 2327 0 2332 0 2340 0 2335 0 2332 0 2335 0 2333 0 2333 0 2335 0 2338 0 2333 0 2338 0 2274 0 2274 0 2338 0 2278 0 2274 0 2278 0 2334 0 2334 0 2278 0 2122 0 2330 0 2329 0 2340 0 2330 0 2340 0 2332 0 2015 0 2341 0 2325 0 2325 0 2341 0 2342 0 2325 0 2342 0 2339 0 2327 0 2339 0 2196 0 2327 0 2196 0 2328 0 2328 0 2196 0 2343 0 2328 0 2343 0 2329 0 2329 0 2343 0 2344 0 2329 0 2344 0 2340 0 2340 0 2344 0 2336 0 2340 0 2336 0 2335 0 2278 0 2338 0 2279 0 2278 0 2279 0 2123 0 2114 0 1245 0 2271 0 2114 0 2271 0 2104 0 2103 0 2099 0 2323 0 2103 0 2323 0 2275 0 2275 0 2323 0 2331 0 2331 0 2323 0 2330 0 2330 0 2323 0 2322 0 2330 0 2322 0 2324 0 2326 0 2110 0 2112 0 2326 0 2112 0 2187 0 2336 0 2345 0 2337 0 2346 0 2304 0 2347 0 2337 0 2345 0 2348 0 2337 0 2348 0 2304 0 2304 0 2348 0 2347 0 2349 0 2280 0 2281 0 2350 0 2282 0 2284 0 2350 0 2284 0 2351 0 2287 0 2289 0 2352 0 2352 0 2289 0 2353 0 2352 0 2353 0 2354 0 2354 0 2353 0 2291 0 2354 0 2291 0 2355 0 2356 0 2355 0 2357 0 2356 0 2357 0 2358 0 2358 0 2357 0 2294 0 2358 0 2294 0 2359 0 2360 0 2359 0 2297 0 2360 0 2297 0 2361 0 2361 0 2297 0 2298 0 2361 0 2298 0 2362 0 2362 0 2298 0 2299 0 2362 0 2299 0 2363 0 2364 0 2363 0 2301 0 2364 0 2301 0 2365 0 2365 0 2301 0 2346 0 2366 0 2343 0 2367 0 2366 0 2367 0 2348 0 2348 0 2367 0 2368 0 2369 0 2368 0 2204 0 2369 0 2204 0 2370 0 2370 0 2204 0 2371 0 2246 0 2371 0 2109 0 2230 0 2372 0 2282 0 2230 0 2282 0 2373 0 2373 0 2374 0 2375 0 2375 0 2374 0 2376 0 2375 0 2376 0 2377 0 2377 0 2376 0 2287 0 2235 0 2377 0 2352 0 2235 0 2352 0 2378 0 2241 0 2239 0 2359 0 2241 0 2359 0 2379 0 2379 0 2359 0 2360 0 2379 0 2360 0 2380 0 2380 0 2360 0 2361 0 2380 0 2361 0 2381 0 2245 0 2381 0 2382 0 2245 0 2382 0 2246 0 2246 0 2382 0 2364 0 2246 0 2364 0 2371 0 2372 0 2349 0 2281 0 2372 0 2281 0 2282 0 2373 0 2282 0 2350 0 2373 0 2350 0 2374 0 2374 0 2350 0 2351 0 2374 0 2351 0 2376 0 2376 0 2351 0 2287 0 2377 0 2287 0 2352 0 2378 0 2352 0 2354 0 2378 0 2354 0 2383 0 2383 0 2354 0 2355 0 2383 0 2355 0 2356 0 2239 0 2356 0 2358 0 2239 0 2358 0 2359 0 2381 0 2361 0 2362 0 2381 0 2362 0 2382 0 2382 0 2362 0 2363 0 2382 0 2363 0 2364 0 2371 0 2364 0 2365 0 2371 0 2365 0 2370 0 2370 0 2365 0 2346 0 2370 0 2346 0 2369 0 2369 0 2346 0 2347 0 2369 0 2347 0 2368 0 2368 0 2347 0 2348 0 2366 0 2348 0 2345 0 2366 0 2345 0 2336 0 2109 0 2371 0 2204 0 2203 0 2204 0 2200 0 2200 0 2204 0 2368 0 2200 0 2368 0 2367 0 2200 0 2367 0 2199 0 2199 0 2367 0 2343 0 2199 0 2343 0 2196 0 2351 0 2284 0 2286 0 2351 0 2286 0 2287 0 2353 0 2289 0 2140 0 2353 0 2140 0 2291 0 2355 0 2291 0 2290 0 2355 0 2290 0 2357 0 2357 0 2290 0 2293 0 2357 0 2293 0 2294 0 2359 0 2294 0 2296 0 2359 0 2296 0 2297 0 2363 0 2299 0 2301 0 2301 0 2303 0 2346 0 2346 0 2303 0 2305 0 2346 0 2305 0 2304 0 2337 0 2304 0 2307 0 2366 0 2336 0 2344 0 2366 0 2344 0 2343 0 2197 0 2196 0 2339 0 2197 0 2339 0 2210 0 2210 0 2339 0 2342 0 2210 0 2342 0 2211 0 2211 0 2342 0 2341 0 2211 0 2341 0 2012 0 2012 0 2341 0 2015 0 2384 0 2385 0 2148 0 2148 0 2385 0 2349 0 2148 0 2349 0 2372 0 2148 0 2372 0 2230 0 2229 0 2230 0 2373 0 2229 0 2373 0 2248 0 2248 0 2373 0 2231 0 2231 0 2373 0 2375 0 2231 0 2375 0 2232 0 2232 0 2375 0 2377 0 2232 0 2377 0 2233 0 2233 0 2377 0 2235 0 2234 0 2235 0 2378 0 2234 0 2378 0 2237 0 2237 0 2378 0 2383 0 2237 0 2383 0 2236 0 2236 0 2383 0 2356 0 2236 0 2356 0 2239 0 2242 0 2241 0 2379 0 2242 0 2379 0 2244 0 2244 0 2379 0 2380 0 2244 0 2380 0 2381 0 2244 0 2381 0 2245 0 2109 0 2205 0 2107 0 2107 0 2205 0 2206 0 2206 0 2217 0 2010 0 2010 0 2217 0 2216 0 2386 0 2387 0 2388 0 2389 0 2390 0 2391 0 2392 0 2391 0 2390 0 2393 0 2394 0 2395 0 2394 0 2393 0 2396 0 2396 0 2397 0 2394 0 2397 0 2396 0 2398 0 2399 0 690 0 687 0 2400 0 2401 0 2402 0 2403 0 2404 0 2405 0 2406 0 2407 0 2408 0 2409 0 2410 0 2411 0 2412 0 2411 0 2413 0 2414 0 2413 0 2415 0 2416 0 2402 0 2417 0 2417 0 2402 0 2401 0 2417 0 2401 0 2418 0 2419 0 2418 0 2420 0 2419 0 2421 0 2422 0 2411 0 2404 0 2413 0 2413 0 2404 0 2403 0 2413 0 2403 0 2415 0 2415 0 2403 0 2423 0 2415 0 2423 0 2414 0 2414 0 2423 0 2416 0 2416 0 2423 0 2424 0 2416 0 2424 0 2402 0 2418 0 2401 0 2420 0 2419 0 2420 0 2425 0 2419 0 2425 0 2421 0 2401 0 2426 0 2420 0 687 0 2427 0 2399 0 2428 0 2407 0 2429 0 2429 0 2407 0 2406 0 2429 0 2406 0 2430 0 2430 0 2431 0 2393 0 2393 0 2431 0 2432 0 2393 0 2432 0 2396 0 2396 0 2432 0 2412 0 2396 0 2412 0 2433 0 2396 0 2433 0 2434 0 2434 0 2433 0 2435 0 2436 0 2419 0 689 0 689 0 2419 0 2427 0 689 0 2427 0 687 0 2389 0 2387 0 2390 0 2390 0 2428 0 2392 0 2392 0 2428 0 2437 0 2437 0 2428 0 2429 0 2437 0 2429 0 2438 0 2438 0 2429 0 2430 0 2438 0 2430 0 2395 0 2395 0 2430 0 2393 0 2398 0 2396 0 2439 0 2439 0 2396 0 2434 0 2439 0 2434 0 2440 0 2440 0 2434 0 2441 0 2441 0 2434 0 2435 0 2441 0 2435 0 2442 0 2442 0 2435 0 2443 0 2442 0 2443 0 2444 0 2444 0 2443 0 2445 0 2445 0 2443 0 2446 0 2446 0 2443 0 2436 0 2446 0 2436 0 689 0 2430 0 2406 0 2431 0 2431 0 2406 0 2409 0 2431 0 2409 0 2432 0 2432 0 2409 0 2411 0 2432 0 2411 0 2412 0 2433 0 2412 0 2413 0 2433 0 2413 0 2414 0 2433 0 2414 0 2435 0 2435 0 2414 0 2416 0 2435 0 2416 0 2443 0 2443 0 2416 0 2417 0 2443 0 2417 0 2436 0 2436 0 2417 0 2418 0 2436 0 2418 0 2419 0 2427 0 2419 0 2422 0 2447 0 2448 0 2449 0 2447 0 2450 0 2448 0 2451 0 2452 0 2453 0 2454 0 2178 0 2179 0 2455 0 2174 0 2173 0 2166 0 2168 0 2169 0 2161 0 2456 0 2162 0 2162 0 2456 0 2160 0 2457 0 2159 0 2456 0 2456 0 2159 0 2160 0 2270 0 2157 0 2458 0 2458 0 2157 0 2156 0 2459 0 2153 0 2152 0 1191 0 2460 0 2461 0 2462 0 2153 0 2463 0 2463 0 2153 0 2459 0 2463 0 2459 0 2152 0 2463 0 2152 0 2464 0 2464 0 2152 0 2270 0 2465 0 2458 0 2156 0 2465 0 2156 0 2466 0 2466 0 2156 0 2467 0 2467 0 2156 0 2158 0 2467 0 2158 0 2159 0 2467 0 2159 0 2457 0 2462 0 2463 0 2468 0 2468 0 2463 0 2464 0 2469 0 2464 0 2270 0 2465 0 2270 0 2458 0 2470 0 2466 0 2467 0 2467 0 2457 0 2161 0 2161 0 2457 0 2456 0 2471 0 2161 0 2164 0 2472 0 2462 0 2468 0 2472 0 2468 0 2464 0 2472 0 2464 0 2469 0 2469 0 2270 0 2465 0 2469 0 2465 0 2473 0 2473 0 2465 0 2466 0 2473 0 2466 0 2470 0 2470 0 2467 0 2474 0 2474 0 2467 0 2475 0 2475 0 2467 0 2161 0 2475 0 2161 0 2471 0 2471 0 2164 0 2476 0 2476 0 2164 0 2477 0 2477 0 2164 0 2166 0 2477 0 2166 0 2169 0 1191 0 2461 0 1192 0 1192 0 2461 0 2478 0 2478 0 2461 0 2472 0 2478 0 2472 0 2447 0 2447 0 2472 0 2473 0 2447 0 2473 0 2452 0 2452 0 2473 0 2474 0 2474 0 2475 0 2479 0 2479 0 2475 0 2471 0 2480 0 2221 0 2481 0 2481 0 2221 0 2455 0 2455 0 2221 0 2222 0 2455 0 2222 0 2174 0 2482 0 1192 0 2483 0 2483 0 1192 0 2478 0 2483 0 2478 0 2484 0 2484 0 2478 0 2449 0 2449 0 2478 0 2447 0 2450 0 2447 0 2452 0 2450 0 2452 0 2451 0 2452 0 2474 0 2453 0 2453 0 2474 0 2485 0 2485 0 2474 0 2479 0 2485 0 2479 0 2486 0 2485 0 2486 0 2487 0 2487 0 2486 0 2480 0 2487 0 2480 0 2488 0 2488 0 2480 0 2489 0 2489 0 2480 0 2490 0 2490 0 2480 0 2481 0 2490 0 2481 0 2455 0 2490 0 2455 0 2491 0 2491 0 2455 0 2492 0 2492 0 2455 0 2173 0 2492 0 2173 0 2493 0 2493 0 2173 0 2176 0 2493 0 2176 0 2494 0 2494 0 2176 0 2454 0 2454 0 2176 0 2178 0 2461 0 2460 0 2462 0 2461 0 2462 0 2472 0 2472 0 2469 0 2473 0 2473 0 2470 0 2474 0 2479 0 2471 0 2476 0 2479 0 2476 0 2486 0 2486 0 2476 0 2477 0 2486 0 2477 0 2169 0 2486 0 2169 0 2480 0 2480 0 2169 0 2221 0 2221 0 2169 0 2170 0 2495 0 2496 0 1138 0 1140 0 2495 0 1138 0 2495 0 1140 0 2497 0 2497 0 1140 0 2498 0 2498 0 1140 0 2499 0 2499 0 1140 0 1142 0 2499 0 1142 0 1144 0 2499 0 1144 0 1145 0 2500 0 2501 0 521 0 2502 0 2503 0 521 0 1146 0 2504 0 2505 0 2506 0 2502 0 521 0 521 0 2503 0 2500 0 2501 0 2507 0 1145 0 1145 0 2507 0 2508 0 1145 0 2508 0 2509 0 1145 0 2509 0 2510 0 1145 0 2510 0 2511 0 1163 0 1165 0 2079 0 2505 0 2512 0 1146 0 1146 0 2512 0 2513 0 1146 0 2513 0 521 0 521 0 2513 0 2514 0 521 0 2514 0 2506 0 1145 0 2511 0 2515 0 1145 0 2515 0 2516 0 2516 0 2517 0 1145 0 1145 0 2517 0 2518 0 1145 0 2518 0 2499 0 2087 0 538 0 2059 0 538 0 2087 0 539 0 539 0 2087 0 540 0 1154 0 1156 0 2073 0 2079 0 1165 0 2080 0 2080 0 1165 0 1168 0 2080 0 1168 0 1170 0 1163 0 2079 0 1162 0 1162 0 2079 0 2077 0 1162 0 2077 0 1160 0 540 0 2087 0 2085 0 1170 0 2083 0 2080 0 1160 0 2077 0 2073 0 1160 0 2073 0 1158 0 1158 0 2073 0 1156 0 1154 0 2073 0 2071 0 1154 0 2071 0 1152 0 2071 0 2070 0 1152 0 1152 0 2070 0 1151 0 2064 0 1133 0 1132 0 2064 0 1132 0 1130 0 2064 0 1130 0 1129 0 2062 0 1137 0 1136 0 2062 0 1136 0 2064 0 2064 0 1136 0 1133 0 524 0 523 0 2501 0 2501 0 523 0 522 0 2501 0 522 0 521 0 544 0 543 0 1170 0 1170 0 543 0 542 0 1151 0 2070 0 2068 0 1151 0 2068 0 1149 0 1149 0 2068 0 1147 0 1147 0 2068 0 1124 0 1124 0 2068 0 2064 0 1124 0 2064 0 1122 0 1122 0 2064 0 1127 0 1127 0 2064 0 1129 0 521 0 563 0 1146 0 1146 0 563 0 562 0 544 0 1170 0 1173 0 544 0 1173 0 545 0 542 0 541 0 1170 0 1170 0 541 0 540 0 1145 0 526 0 525 0 1145 0 525 0 2501 0 2501 0 525 0 524 0 540 0 2085 0 1170 0 1170 0 2085 0 2083 0 2059 0 538 0 2062 0 2062 0 538 0 537 0 2062 0 537 0 536 0 533 0 532 0 1137 0 1137 0 532 0 531 0 2062 0 536 0 535 0 2062 0 535 0 1137 0 1137 0 535 0 534 0 1137 0 534 0 533 0 562 0 561 0 1146 0 1146 0 561 0 560 0 1146 0 560 0 559 0 1146 0 559 0 1109 0 1109 0 559 0 558 0 531 0 530 0 1137 0 1137 0 530 0 1141 0 1141 0 530 0 529 0 1141 0 529 0 1143 0 1143 0 529 0 528 0 1143 0 528 0 1145 0 1145 0 528 0 527 0 1145 0 527 0 526 0 1173 0 1174 0 545 0 545 0 1174 0 1176 0 545 0 1176 0 546 0 546 0 1176 0 1177 0 546 0 1177 0 1179 0 546 0 1179 0 547 0 547 0 1179 0 1181 0 547 0 1181 0 548 0 548 0 1181 0 1183 0 1183 0 1185 0 548 0 548 0 1185 0 1187 0 548 0 1187 0 549 0 549 0 1187 0 550 0 550 0 1187 0 1189 0 550 0 1189 0 551 0 551 0 1189 0 1121 0 554 0 1115 0 555 0 555 0 1115 0 1113 0 555 0 1113 0 556 0 556 0 1113 0 1111 0 556 0 1111 0 557 0 557 0 1111 0 1107 0 557 0 1107 0 558 0 558 0 1107 0 1109 0 551 0 1121 0 1120 0 551 0 1120 0 552 0 552 0 1120 0 1119 0 552 0 1119 0 1118 0 552 0 1118 0 553 0 553 0 1118 0 554 0 554 0 1118 0 1115 0 1110 0 2519 0 2504 0 1146 0 1110 0 2504 0 1182 0 1180 0 2520 0 1166 0 1164 0 2521 0 2521 0 1161 0 1159 0 2520 0 1180 0 2522 0 2522 0 1180 0 1178 0 2522 0 1178 0 1175 0 2521 0 1159 0 2523 0 1182 0 2520 0 1184 0 1184 0 2520 0 2524 0 1184 0 2524 0 1186 0 1186 0 2524 0 2525 0 1186 0 2525 0 1188 0 1188 0 2525 0 2526 0 1188 0 2526 0 1190 0 1164 0 1161 0 2521 0 2526 0 2527 0 1190 0 1190 0 2527 0 686 0 686 0 2527 0 688 0 1125 0 1192 0 2528 0 1125 0 2528 0 1148 0 1148 0 2528 0 2529 0 1148 0 2529 0 1150 0 1150 0 2529 0 2530 0 1150 0 2530 0 1153 0 1153 0 2530 0 2531 0 1153 0 2531 0 1155 0 1155 0 2531 0 2523 0 1155 0 2523 0 1157 0 1157 0 2523 0 1159 0 1175 0 1172 0 2522 0 1172 0 1171 0 2522 0 2522 0 1171 0 1169 0 2522 0 1169 0 2521 0 2521 0 1169 0 1167 0 2521 0 1167 0 1166 0 2005 0 2532 0 2010 0 2010 0 2532 0 2224 0 2532 0 2405 0 2224 0 2522 0 2521 0 2533 0 2522 0 2533 0 2534 0 2534 0 2533 0 2535 0 2534 0 2535 0 2536 0 2536 0 2535 0 2537 0 2536 0 2537 0 2405 0 2405 0 2537 0 2165 0 2405 0 2165 0 2224 0 2538 0 2539 0 2540 0 2539 0 2541 0 2542 0 2411 0 2410 0 2405 0 2390 0 2387 0 2543 0 2387 0 2544 0 2543 0 2387 0 2386 0 2544 0 2545 0 2428 0 2543 0 2543 0 2428 0 2390 0 2546 0 2428 0 2545 0 2546 0 2407 0 2428 0 2408 0 2407 0 2546 0 2406 0 2547 0 2409 0 2547 0 2410 0 2409 0 2410 0 2547 0 2548 0 2549 0 2423 0 2403 0 2549 0 2424 0 2423 0 2400 0 2402 0 2424 0 2550 0 2420 0 2426 0 2425 0 2420 0 2550 0 2425 0 2551 0 2552 0 2553 0 2551 0 2554 0 2542 0 2555 0 2556 0 2542 0 2556 0 2553 0 2557 0 2558 0 2559 0 2142 0 2146 0 2143 0 2143 0 2308 0 2144 0 2134 0 2133 0 2136 0 2560 0 2129 0 2131 0 2560 0 2130 0 2129 0 2561 0 2127 0 2130 0 2121 0 2561 0 2562 0 2121 0 2126 0 2561 0 2561 0 2126 0 2127 0 2122 0 2121 0 2563 0 2122 0 2564 0 2120 0 2565 0 2120 0 2564 0 2120 0 2565 0 2102 0 2102 0 2565 0 2566 0 2119 0 2102 0 2567 0 2567 0 2102 0 2566 0 2117 0 2116 0 2568 0 2568 0 2116 0 2119 0 2104 0 2117 0 2113 0 2569 0 2016 0 2570 0 2013 0 2571 0 2572 0 2013 0 2572 0 2011 0 2573 0 2011 0 2572 0 2011 0 2574 0 2008 0 2005 0 2575 0 2532 0 2548 0 2405 0 2410 0 2548 0 2547 0 2405 0 2570 0 2576 0 2577 0 2016 0 2576 0 2570 0 2578 0 2577 0 2579 0 2580 0 2581 0 2582 0 2582 0 2581 0 2583 0 2582 0 2583 0 2584 0 2584 0 2583 0 2585 0 2584 0 2585 0 2586 0 2586 0 2585 0 2587 0 2586 0 2587 0 2588 0 2586 0 2588 0 2589 0 2589 0 2588 0 2590 0 2590 0 2588 0 2591 0 2592 0 2593 0 2594 0 2592 0 2594 0 2595 0 2595 0 2594 0 2596 0 2595 0 2596 0 2597 0 2597 0 2596 0 2569 0 2597 0 2569 0 2598 0 2598 0 2569 0 2570 0 2598 0 2570 0 2599 0 2599 0 2570 0 2577 0 2599 0 2577 0 2600 0 2580 0 2592 0 2581 0 2581 0 2592 0 2583 0 2583 0 2592 0 2595 0 2583 0 2595 0 2585 0 2585 0 2595 0 2597 0 2585 0 2597 0 2587 0 2587 0 2597 0 2598 0 2587 0 2598 0 2588 0 2588 0 2598 0 2599 0 2578 0 2600 0 2577 0 2579 0 2577 0 2601 0 2602 0 2603 0 2604 0 2603 0 2601 0 2604 0 2604 0 2601 0 2577 0 2604 0 2577 0 2605 0 2605 0 2577 0 2606 0 2602 0 2607 0 2608 0 2609 0 2386 0 2388 0 2607 0 2544 0 2386 0 2607 0 2386 0 2609 0 2606 0 2610 0 2611 0 2606 0 2611 0 2612 0 2606 0 2612 0 2605 0 2605 0 2612 0 2604 0 2603 0 2602 0 2608 0 2613 0 2574 0 2573 0 2573 0 2574 0 2011 0 2593 0 2613 0 2594 0 2594 0 2613 0 2573 0 2594 0 2573 0 2596 0 2596 0 2573 0 2572 0 2596 0 2572 0 2569 0 2569 0 2572 0 2571 0 2569 0 2571 0 2013 0 2569 0 2013 0 2016 0 2580 0 2614 0 2615 0 2580 0 2615 0 2592 0 2592 0 2615 0 2593 0 2593 0 2007 0 2613 0 2574 0 2613 0 2008 0 2547 0 2406 0 2616 0 2616 0 2406 0 2408 0 2616 0 2408 0 2610 0 2610 0 2408 0 2611 0 2611 0 2408 0 2546 0 2611 0 2546 0 2612 0 2612 0 2546 0 2545 0 2612 0 2545 0 2604 0 2604 0 2545 0 2543 0 2604 0 2543 0 2602 0 2602 0 2543 0 2544 0 2602 0 2544 0 2607 0 2405 0 2617 0 2618 0 2618 0 2619 0 2403 0 2539 0 2542 0 2620 0 2539 0 2620 0 2621 0 2622 0 2621 0 2623 0 2622 0 2623 0 2624 0 2625 0 2624 0 2626 0 2625 0 2626 0 2627 0 2625 0 2627 0 2628 0 2629 0 2628 0 2630 0 2629 0 2630 0 2631 0 2631 0 2630 0 2632 0 2631 0 2632 0 2633 0 2633 0 2634 0 2635 0 2635 0 2634 0 2636 0 2635 0 2636 0 2637 0 2638 0 2639 0 2640 0 2638 0 2640 0 2641 0 2620 0 2542 0 2553 0 2620 0 2553 0 2621 0 2621 0 2553 0 2642 0 2621 0 2642 0 2623 0 2623 0 2642 0 2643 0 2623 0 2643 0 2624 0 2624 0 2643 0 2644 0 2624 0 2644 0 2626 0 2627 0 2626 0 2645 0 2627 0 2645 0 2628 0 2628 0 2645 0 2630 0 2632 0 2630 0 2646 0 2632 0 2646 0 2633 0 2633 0 2646 0 2647 0 2633 0 2647 0 2634 0 2634 0 2648 0 2636 0 2637 0 2636 0 2649 0 2637 0 2649 0 2639 0 2639 0 2649 0 2650 0 2639 0 2650 0 2640 0 2556 0 2555 0 2553 0 2642 0 2553 0 2643 0 2626 0 2644 0 2651 0 2626 0 2651 0 2645 0 2630 0 2645 0 2652 0 2634 0 2647 0 2648 0 2636 0 2648 0 2649 0 2640 0 2650 0 2653 0 2643 0 2553 0 2654 0 2643 0 2654 0 2644 0 2644 0 2654 0 2651 0 2630 0 2652 0 2646 0 2646 0 2652 0 2401 0 2646 0 2401 0 2647 0 2648 0 2400 0 2649 0 2649 0 2549 0 2650 0 2650 0 2549 0 2619 0 2650 0 2619 0 2653 0 2653 0 2619 0 2618 0 2653 0 2618 0 2617 0 2553 0 2554 0 2654 0 2651 0 2654 0 2425 0 2651 0 2425 0 2645 0 2645 0 2425 0 2655 0 2645 0 2655 0 2652 0 2647 0 2401 0 2656 0 2647 0 2656 0 2648 0 2648 0 2656 0 2400 0 2649 0 2400 0 2424 0 2649 0 2424 0 2549 0 2554 0 2551 0 2654 0 2654 0 2551 0 2425 0 2425 0 2550 0 2655 0 2655 0 2550 0 2652 0 2652 0 2550 0 2426 0 2652 0 2426 0 2401 0 2656 0 2401 0 2400 0 2619 0 2549 0 2403 0 2618 0 2403 0 2405 0 2657 0 1255 0 2658 0 2657 0 2658 0 2659 0 2657 0 2659 0 2660 0 2568 0 2119 0 2567 0 2568 0 2567 0 2661 0 2117 0 2568 0 2662 0 2662 0 2568 0 2661 0 2662 0 2661 0 2663 0 2664 0 2660 0 2659 0 2665 0 2660 0 2664 0 2113 0 2117 0 2666 0 2666 0 2117 0 2662 0 2666 0 2662 0 2667 0 2667 0 2662 0 2663 0 2667 0 2663 0 2668 0 2665 0 2664 0 2669 0 2670 0 2671 0 2669 0 2669 0 2671 0 2665 0 2672 0 2668 0 2673 0 2673 0 2668 0 2663 0 2673 0 2663 0 2674 0 2674 0 2663 0 2661 0 2674 0 2661 0 2675 0 2675 0 2661 0 2567 0 2675 0 2567 0 2676 0 2675 0 2677 0 2678 0 2676 0 2567 0 2566 0 2676 0 2566 0 2679 0 2679 0 2566 0 2680 0 2680 0 2566 0 2565 0 2680 0 2565 0 2564 0 2680 0 2564 0 2681 0 2564 0 2122 0 2681 0 2143 0 2146 0 2559 0 2143 0 2559 0 2682 0 2143 0 2682 0 2308 0 2309 0 2308 0 2683 0 2309 0 2683 0 2310 0 2310 0 2683 0 2684 0 2310 0 2684 0 2138 0 2138 0 2684 0 2685 0 2138 0 2685 0 2139 0 2141 0 2139 0 2686 0 2141 0 2686 0 2292 0 2292 0 2686 0 2311 0 2311 0 2686 0 2687 0 2311 0 2687 0 2312 0 2312 0 2687 0 2688 0 2312 0 2688 0 2137 0 2137 0 2688 0 2136 0 2136 0 2688 0 2689 0 2136 0 2689 0 2134 0 2134 0 2689 0 2690 0 2134 0 2690 0 2131 0 2131 0 2690 0 2560 0 2130 0 2560 0 2691 0 2130 0 2691 0 2561 0 2561 0 2691 0 2692 0 2561 0 2692 0 2562 0 2562 0 2692 0 2693 0 2562 0 2693 0 2121 0 2121 0 2693 0 2563 0 2563 0 2681 0 2122 0 2694 0 2695 0 2696 0 2694 0 2696 0 2697 0 2697 0 2696 0 2698 0 2697 0 2698 0 2699 0 2699 0 2698 0 2675 0 2675 0 2698 0 2677 0 2670 0 2700 0 2671 0 2701 0 2700 0 2670 0 2146 0 2557 0 2559 0 2682 0 2559 0 2702 0 2682 0 2702 0 2308 0 2308 0 2702 0 2703 0 2308 0 2703 0 2683 0 2683 0 2703 0 2704 0 2683 0 2704 0 2684 0 2684 0 2704 0 2685 0 2685 0 2704 0 2705 0 2685 0 2705 0 2706 0 2685 0 2706 0 2139 0 2139 0 2706 0 2707 0 2139 0 2707 0 2686 0 2686 0 2707 0 2708 0 2686 0 2708 0 2709 0 2686 0 2709 0 2687 0 2689 0 2688 0 2710 0 2689 0 2710 0 2690 0 2690 0 2710 0 2711 0 2690 0 2711 0 2712 0 2690 0 2712 0 2560 0 2560 0 2712 0 2691 0 2563 0 2693 0 2713 0 2563 0 2713 0 2681 0 2681 0 2713 0 2695 0 2681 0 2695 0 2680 0 2680 0 2695 0 2694 0 2680 0 2694 0 2697 0 2680 0 2697 0 2679 0 2679 0 2697 0 2699 0 2679 0 2699 0 2676 0 2676 0 2699 0 2675 0 2674 0 2675 0 2678 0 2674 0 2678 0 2673 0 2672 0 2673 0 2714 0 2672 0 2714 0 2715 0 2701 0 2716 0 2717 0 2717 0 2716 0 2718 0 2658 0 2113 0 2666 0 2658 0 2666 0 2659 0 2659 0 2666 0 2667 0 2659 0 2667 0 2664 0 2664 0 2667 0 2668 0 2664 0 2668 0 2669 0 2669 0 2668 0 2672 0 2669 0 2672 0 2670 0 2670 0 2672 0 2701 0 2701 0 2672 0 2715 0 2701 0 2715 0 2716 0 2716 0 2715 0 2719 0 2719 0 2720 0 2718 0 2719 0 2718 0 2716 0 2599 0 2600 0 2721 0 2599 0 2721 0 2588 0 2588 0 2721 0 2591 0 2590 0 2591 0 2722 0 2722 0 2720 0 2590 0 2590 0 2720 0 2719 0 2590 0 2719 0 2723 0 2695 0 2724 0 2696 0 2696 0 2724 0 2725 0 2696 0 2725 0 2698 0 2698 0 2725 0 2726 0 2698 0 2726 0 2677 0 2677 0 2726 0 2727 0 2677 0 2727 0 2678 0 2678 0 2727 0 2728 0 2678 0 2728 0 2673 0 2673 0 2728 0 2714 0 2729 0 2730 0 2731 0 2724 0 2695 0 2729 0 2724 0 2729 0 2731 0 2726 0 2725 0 2732 0 2726 0 2732 0 2733 0 2726 0 2733 0 2727 0 2727 0 2733 0 2728 0 2728 0 2733 0 2734 0 2728 0 2734 0 2735 0 2728 0 2735 0 2714 0 2714 0 2735 0 2715 0 2558 0 2538 0 2559 0 2559 0 2538 0 2540 0 2559 0 2540 0 2736 0 2703 0 2736 0 2737 0 2703 0 2737 0 2704 0 2704 0 2737 0 2738 0 2704 0 2738 0 2739 0 2687 0 2709 0 2740 0 2687 0 2740 0 2741 0 2687 0 2741 0 2742 0 2710 0 2742 0 2743 0 2710 0 2743 0 2711 0 2711 0 2743 0 2712 0 2712 0 2743 0 2744 0 2712 0 2744 0 2745 0 2712 0 2745 0 2746 0 2747 0 2746 0 2748 0 2747 0 2748 0 2730 0 2730 0 2748 0 2731 0 2723 0 2719 0 2715 0 2723 0 2715 0 2735 0 2723 0 2735 0 2749 0 2749 0 2735 0 2734 0 2749 0 2734 0 2750 0 2750 0 2734 0 2733 0 2750 0 2733 0 2751 0 2751 0 2733 0 2732 0 2751 0 2732 0 2752 0 2752 0 2732 0 2725 0 2753 0 2754 0 2614 0 2614 0 2754 0 2755 0 2755 0 2756 0 2615 0 2615 0 2756 0 2593 0 2593 0 2005 0 2007 0 2731 0 2757 0 2753 0 2753 0 2757 0 2754 0 2755 0 2754 0 2756 0 2756 0 2575 0 2758 0 2005 0 2758 0 2575 0 2575 0 2756 0 2759 0 2759 0 2756 0 2754 0 2005 0 2593 0 2758 0 2758 0 2593 0 2756 0 2753 0 2760 0 2731 0 2759 0 2754 0 2761 0 2761 0 2754 0 2757 0 2762 0 2757 0 2731 0 2762 0 2731 0 2748 0 2405 0 2763 0 2759 0 2405 0 2759 0 2617 0 2617 0 2759 0 2653 0 2653 0 2759 0 2761 0 2540 0 2539 0 2736 0 2736 0 2539 0 2622 0 2764 0 2765 0 2625 0 2764 0 2625 0 2766 0 2767 0 2766 0 2628 0 2767 0 2628 0 2768 0 2768 0 2628 0 2629 0 2768 0 2629 0 2631 0 2740 0 2631 0 2769 0 2740 0 2769 0 2770 0 2770 0 2635 0 2743 0 2743 0 2635 0 2771 0 2743 0 2771 0 2744 0 2744 0 2771 0 2772 0 2744 0 2772 0 2745 0 2773 0 2745 0 2641 0 2773 0 2641 0 2748 0 2748 0 2641 0 2774 0 2748 0 2774 0 2762 0 2762 0 2774 0 2757 0 2757 0 2774 0 2761 0 2759 0 2763 0 2575 0 2575 0 2763 0 2405 0 2575 0 2405 0 2532 0 2737 0 2736 0 2622 0 2737 0 2622 0 2738 0 2739 0 2738 0 2765 0 2739 0 2765 0 2705 0 2705 0 2765 0 2764 0 2705 0 2764 0 2706 0 2706 0 2764 0 2766 0 2706 0 2766 0 2767 0 2775 0 2767 0 2768 0 2775 0 2768 0 2709 0 2709 0 2768 0 2631 0 2709 0 2631 0 2740 0 2741 0 2740 0 2770 0 2741 0 2770 0 2742 0 2742 0 2770 0 2743 0 2746 0 2745 0 2773 0 2746 0 2773 0 2748 0 2724 0 2731 0 2760 0 2752 0 2614 0 2580 0 2752 0 2580 0 2582 0 2752 0 2582 0 2751 0 2751 0 2582 0 2584 0 2751 0 2584 0 2750 0 2750 0 2584 0 2749 0 2749 0 2584 0 2586 0 2749 0 2586 0 2723 0 2723 0 2586 0 2589 0 2723 0 2589 0 2590 0 2702 0 2559 0 2736 0 2702 0 2736 0 2703 0 2704 0 2739 0 2705 0 2707 0 2706 0 2767 0 2707 0 2767 0 2708 0 2708 0 2767 0 2775 0 2708 0 2775 0 2709 0 2688 0 2687 0 2742 0 2688 0 2742 0 2710 0 2691 0 2712 0 2746 0 2691 0 2746 0 2692 0 2692 0 2746 0 2747 0 2692 0 2747 0 2693 0 2693 0 2747 0 2730 0 2693 0 2730 0 2713 0 2713 0 2730 0 2729 0 2713 0 2729 0 2695 0 2724 0 2760 0 2725 0 2725 0 2760 0 2753 0 2725 0 2753 0 2752 0 2752 0 2753 0 2614 0 2614 0 2755 0 2615 0 2613 0 2007 0 2008 0 2622 0 2539 0 2621 0 2738 0 2622 0 2624 0 2738 0 2624 0 2765 0 2765 0 2624 0 2625 0 2766 0 2625 0 2628 0 2769 0 2631 0 2633 0 2769 0 2633 0 2770 0 2770 0 2633 0 2635 0 2771 0 2635 0 2637 0 2771 0 2637 0 2772 0 2772 0 2637 0 2639 0 2772 0 2639 0 2745 0 2745 0 2639 0 2638 0 2745 0 2638 0 2641 0 2774 0 2641 0 2640 0 2774 0 2640 0 2761 0 2761 0 2640 0 2653 0 2405 0 2404 0 2411 0 682 0 679 0 2776 0 2777 0 2778 0 679 0 679 0 2778 0 2779 0 679 0 2779 0 2780 0 679 0 2780 0 2776 0 2781 0 650 0 655 0 2781 0 655 0 564 0 564 0 566 0 2781 0 642 0 643 0 2782 0 2783 0 642 0 2782 0 643 0 644 0 2782 0 644 0 645 0 2782 0 645 0 646 0 2782 0 646 0 647 0 2784 0 2784 0 647 0 648 0 2784 0 648 0 649 0 2784 0 649 0 2781 0 2781 0 649 0 650 0 679 0 638 0 2783 0 2783 0 638 0 640 0 2783 0 640 0 642 0 646 0 2784 0 2782 0 2782 0 2784 0 2785 0 2782 0 2785 0 2786 0 2782 0 2786 0 2787 0 2788 0 2789 0 2786 0 2786 0 2789 0 2787 0 918 0 100 0 2790 0 2791 0 703 0 704 0 704 0 700 0 2791 0 2791 0 700 0 698 0 2791 0 698 0 2792 0 2789 0 2788 0 2793 0 2789 0 2793 0 2794 0 2794 0 2793 0 2795 0 2795 0 2793 0 2796 0 2795 0 2796 0 2797 0 2797 0 2796 0 2798 0 2797 0 2798 0 2799 0 2799 0 2798 0 2800 0 2800 0 2798 0 2801 0 2800 0 2801 0 2802 0 2800 0 2802 0 2803 0 2803 0 2802 0 2804 0 2804 0 2802 0 2805 0 2804 0 2805 0 2806 0 2806 0 2805 0 2807 0 2806 0 2807 0 2808 0 2808 0 2807 0 2809 0 2808 0 2809 0 2810 0 2810 0 2809 0 2811 0 2810 0 2811 0 2812 0 2810 0 2812 0 2813 0 2813 0 2812 0 2791 0 2791 0 2812 0 2790 0 2791 0 2790 0 100 0 2791 0 100 0 703 0 2792 0 698 0 695 0 2792 0 695 0 692 0 2792 0 692 0 694 0 2814 0 2815 0 2816 0 2817 0 2148 0 2147 0 2384 0 2148 0 2817 0 2384 0 2349 0 2385 0 2818 0 2145 0 2280 0 2819 0 2820 0 2821 0 2821 0 2820 0 2822 0 2816 0 2823 0 2824 0 2825 0 2826 0 2827 0 2828 0 2825 0 2829 0 2830 0 2831 0 2829 0 2832 0 2833 0 2830 0 2834 0 2835 0 2836 0 2836 0 2835 0 2833 0 2837 0 2838 0 2839 0 2840 0 2841 0 2838 0 2838 0 2841 0 2842 0 2838 0 2842 0 2843 0 2844 0 2845 0 2846 0 2833 0 2832 0 2847 0 2847 0 2832 0 2830 0 2847 0 2830 0 2829 0 2847 0 2829 0 2825 0 2822 0 2818 0 2280 0 2848 0 2280 0 2349 0 2849 0 2821 0 2816 0 2850 0 2851 0 2852 0 2852 0 2851 0 2853 0 2852 0 2853 0 2854 0 2854 0 2853 0 2855 0 2854 0 2855 0 2856 0 2856 0 2855 0 2857 0 2856 0 2857 0 2858 0 2859 0 2860 0 2861 0 2821 0 2822 0 2816 0 2853 0 2384 0 2857 0 2857 0 2384 0 2862 0 2857 0 2862 0 2863 0 2863 0 2862 0 2864 0 2863 0 2864 0 2858 0 2858 0 2864 0 2865 0 2858 0 2149 0 2866 0 2867 0 2151 0 2269 0 2867 0 2269 0 2859 0 2859 0 2269 0 2860 0 2848 0 2349 0 2851 0 2851 0 2349 0 2853 0 2855 0 2853 0 2857 0 2857 0 2863 0 2858 0 2868 0 2151 0 2867 0 2861 0 2860 0 2869 0 2349 0 2384 0 2853 0 2268 0 2860 0 2269 0 2858 0 2865 0 2149 0 2149 0 2865 0 2817 0 2149 0 2817 0 2147 0 2151 0 2868 0 2866 0 2151 0 2866 0 2149 0 2865 0 2864 0 2862 0 2865 0 2862 0 2817 0 2817 0 2862 0 2384 0 2848 0 2816 0 2280 0 2280 0 2816 0 2822 0 2846 0 2870 0 2844 0 2847 0 2856 0 2833 0 2834 0 2836 0 2837 0 2871 0 2872 0 2873 0 2827 0 2850 0 2825 0 2837 0 2856 0 2838 0 2840 0 2838 0 2868 0 2840 0 2868 0 2872 0 2872 0 2859 0 2874 0 2874 0 2859 0 2873 0 2827 0 2848 0 2851 0 2827 0 2851 0 2875 0 2875 0 2851 0 2850 0 2873 0 2859 0 2846 0 2846 0 2859 0 2861 0 2846 0 2861 0 2870 0 2870 0 2861 0 2869 0 2868 0 2838 0 2866 0 2866 0 2838 0 2876 0 2876 0 2838 0 2856 0 2847 0 2825 0 2850 0 2875 0 2850 0 2827 0 2816 0 2824 0 2814 0 2873 0 2872 0 2874 0 2837 0 2836 0 2856 0 2856 0 2836 0 2833 0 2816 0 2877 0 2878 0 2816 0 2878 0 2823 0 2815 0 2849 0 2816 0 2827 0 2816 0 2848 0 2850 0 2852 0 2847 0 2847 0 2852 0 2854 0 2847 0 2854 0 2856 0 2876 0 2856 0 2858 0 2876 0 2858 0 2866 0 2872 0 2868 0 2867 0 2872 0 2867 0 2859 0 2538 0 2558 0 2557 0 2145 0 2879 0 2146 0 2880 0 2881 0 2882 0 2883 0 2884 0 2885 0 2886 0 2887 0 2888 0 2888 0 2887 0 2889 0 2888 0 2889 0 2890 0 2889 0 2891 0 2890 0 2891 0 2892 0 2893 0 2878 0 2894 0 2895 0 2895 0 2894 0 2877 0 2542 0 2541 0 2896 0 2896 0 2541 0 2539 0 2542 0 2896 0 2897 0 2555 0 2542 0 2897 0 2898 0 2899 0 2900 0 2901 0 2902 0 2552 0 2901 0 2552 0 2551 0 2903 0 2551 0 2553 0 2901 0 2904 0 2422 0 2905 0 2906 0 2553 0 2907 0 2908 0 2909 0 2910 0 2909 0 2911 0 2892 0 2912 0 2913 0 2892 0 2913 0 2914 0 2915 0 2849 0 2916 0 2849 0 2917 0 2146 0 2146 0 2917 0 2914 0 2913 0 2912 0 2918 0 2919 0 2908 0 2555 0 2555 0 2908 0 2553 0 2900 0 2904 0 2920 0 2909 0 2908 0 2919 0 2909 0 2919 0 2555 0 2909 0 2921 0 2911 0 2911 0 2918 0 2912 0 2914 0 2913 0 2538 0 2915 0 2914 0 2917 0 2915 0 2917 0 2849 0 2819 0 2849 0 2822 0 2879 0 2818 0 2146 0 2146 0 2818 0 2849 0 2557 0 2914 0 2538 0 2909 0 2555 0 2897 0 2897 0 2922 0 2918 0 2918 0 2922 0 2539 0 2918 0 2539 0 2913 0 2538 0 2913 0 2539 0 2896 0 2539 0 2922 0 2896 0 2922 0 2897 0 2146 0 2914 0 2557 0 2918 0 2911 0 2897 0 2897 0 2911 0 2921 0 2897 0 2921 0 2909 0 2553 0 2906 0 2903 0 2551 0 2903 0 2920 0 2551 0 2920 0 2904 0 2551 0 2904 0 2901 0 2901 0 2422 0 2902 0 2887 0 2884 0 2889 0 2889 0 2884 0 2892 0 2889 0 2892 0 2891 0 2923 0 2892 0 2924 0 2923 0 2924 0 2925 0 2926 0 2898 0 2927 0 2927 0 2898 0 2928 0 2927 0 2928 0 2929 0 2929 0 2928 0 2930 0 2885 0 2931 0 2883 0 2883 0 2931 0 2932 0 2883 0 2932 0 2884 0 2884 0 2933 0 2892 0 2924 0 2892 0 2914 0 2924 0 2914 0 2925 0 2925 0 2895 0 2934 0 2934 0 2895 0 2877 0 2930 0 2906 0 2935 0 2935 0 2906 0 2905 0 2935 0 2905 0 2936 0 2880 0 2937 0 2938 0 2938 0 2937 0 2881 0 2932 0 2881 0 2939 0 2932 0 2939 0 2933 0 2933 0 2912 0 2892 0 2916 0 2940 0 2878 0 2898 0 2900 0 2920 0 2928 0 2920 0 2941 0 2939 0 2909 0 2910 0 2939 0 2910 0 2942 0 2942 0 2910 0 2943 0 2942 0 2943 0 2912 0 2944 0 2915 0 2916 0 2814 0 2916 0 2849 0 2916 0 2925 0 2944 0 2944 0 2925 0 2915 0 2912 0 2933 0 2939 0 2912 0 2939 0 2942 0 2939 0 2881 0 2909 0 2881 0 2937 0 2945 0 2945 0 2937 0 2880 0 2906 0 2930 0 2941 0 2941 0 2930 0 2928 0 2920 0 2928 0 2898 0 2878 0 2895 0 2916 0 2916 0 2895 0 2925 0 2933 0 2884 0 2932 0 2932 0 2931 0 2885 0 2932 0 2885 0 2881 0 2938 0 2881 0 2880 0 2880 0 2936 0 2905 0 2898 0 2926 0 2899 0 2941 0 2920 0 2903 0 2941 0 2903 0 2906 0 2880 0 2905 0 2553 0 2880 0 2553 0 2945 0 2945 0 2553 0 2908 0 2945 0 2908 0 2881 0 2881 0 2908 0 2907 0 2881 0 2907 0 2909 0 2910 0 2911 0 2943 0 2943 0 2911 0 2912 0 2925 0 2914 0 2915 0 2552 0 2422 0 2425 0 2422 0 2421 0 2425 0 2399 0 2946 0 690 0 2399 0 2427 0 2946 0 2422 0 2904 0 2900 0 2422 0 2552 0 2902 0 2427 0 2422 0 2900 0 2427 0 2900 0 2899 0 2427 0 2899 0 2946 0 2519 0 1110 0 1108 0 2519 0 1108 0 2947 0 690 0 2948 0 691 0 691 0 2948 0 1117 0 1117 0 2948 0 2949 0 1117 0 2949 0 2950 0 1117 0 2950 0 1116 0 1116 0 2950 0 2951 0 1116 0 2951 0 1114 0 1114 0 2951 0 1112 0 1112 0 2951 0 2952 0 1112 0 2952 0 1108 0 1108 0 2952 0 2953 0 1108 0 2953 0 2947 0 1539 0 1538 0 2954 0 1539 0 2954 0 1675 0 1675 0 2954 0 2955 0 2956 0 1638 0 2955 0 2955 0 1638 0 1675 0 1638 0 2956 0 2957 0 1638 0 2957 0 1656 0 2957 0 1580 0 1656 0 1580 0 2957 0 2958 0 1580 0 2958 0 1576 0 1576 0 2958 0 2959 0 1576 0 2959 0 1586 0 1586 0 2959 0 2960 0 777 0 1586 0 2960 0 2961 0 2962 0 2963 0 2963 0 2962 0 2964 0 2963 0 2964 0 2965 0 2965 0 2966 0 2967 0 2965 0 2967 0 2968 0 2965 0 2968 0 2963 0 2969 0 2970 0 2971 0 2969 0 2971 0 2966 0 2966 0 2971 0 2972 0 2966 0 2972 0 2967 0 2967 0 2973 0 2968 0 2963 0 2968 0 2974 0 2963 0 2974 0 2975 0 2963 0 2975 0 2961 0 2976 0 2977 0 2978 0 2979 0 2980 0 2959 0 2979 0 2959 0 2972 0 2972 0 2959 0 2958 0 2972 0 2958 0 2973 0 2973 0 2958 0 2981 0 2981 0 2956 0 2974 0 2974 0 2956 0 2955 0 2974 0 2955 0 2982 0 2977 0 2983 0 2978 0 2978 0 2983 0 777 0 2978 0 777 0 2984 0 2984 0 777 0 2960 0 2984 0 2960 0 2980 0 2980 0 2960 0 2959 0 2958 0 2957 0 2981 0 2981 0 2957 0 2956 0 2982 0 2955 0 2954 0 2982 0 2954 0 1538 0 2982 0 1538 0 2985 0 2976 0 2978 0 2970 0 2970 0 2978 0 2984 0 2970 0 2984 0 2980 0 2970 0 2980 0 2979 0 2970 0 2979 0 2971 0 2971 0 2979 0 2972 0 2967 0 2972 0 2973 0 2968 0 2973 0 2981 0 2968 0 2981 0 2974 0 2974 0 2982 0 2975 0 2975 0 2982 0 2985 0 775 0 777 0 2986 0 777 0 2983 0 2986 0 2986 0 2983 0 2987 0 2987 0 2983 0 2977 0 3 0 701 0 705 0 705 0 0 0 3 0 699 0 702 0 865 0 702 0 701 0 865 0 693 0 697 0 756 0 2988 0 694 0 693 0 2792 0 694 0 2988 0 2792 0 2988 0 2986 0 2792 0 2986 0 2987 0 775 0 2986 0 774 0 774 0 2986 0 2988 0 2988 0 693 0 774 0 2989 0 2990 0 2991 0 918 0 2992 0 2990 0 986 0 917 0 918 0 968 0 921 0 917 0 968 0 166 0 921 0 2990 0 2989 0 2993 0 2993 0 2994 0 2990 0 2990 0 2994 0 964 0 2990 0 964 0 918 0 986 0 918 0 964 0 964 0 2994 0 965 0 2995 0 2996 0 2997 0 2991 0 2998 0 2989 0 2999 0 1906 0 3000 0 1906 0 1907 0 3000 0 3000 0 1907 0 1925 0 3000 0 1925 0 3001 0 3002 0 2999 0 3003 0 3003 0 2999 0 3004 0 3003 0 3004 0 3005 0 3005 0 3004 0 3006 0 3005 0 3006 0 3007 0 3007 0 3006 0 3008 0 3007 0 3008 0 2995 0 2995 0 3008 0 3009 0 2995 0 3009 0 2996 0 2996 0 3009 0 3010 0 2996 0 3010 0 2998 0 2998 0 3010 0 3011 0 2998 0 3011 0 3012 0 2998 0 3012 0 2989 0 1896 0 1883 0 3013 0 3014 0 1866 0 965 0 3014 0 965 0 2994 0 3000 0 3001 0 3006 0 3006 0 3001 0 3008 0 3008 0 3001 0 1936 0 3008 0 1936 0 3009 0 3009 0 1936 0 3013 0 3015 0 3013 0 1883 0 3015 0 1883 0 3016 0 1883 0 1867 0 3016 0 3016 0 1867 0 3014 0 3014 0 1867 0 1866 0 2993 0 2989 0 3012 0 2994 0 2993 0 3012 0 2994 0 3012 0 3014 0 3014 0 3012 0 3011 0 3014 0 3011 0 3016 0 3016 0 3011 0 3015 0 3015 0 3011 0 3010 0 3015 0 3010 0 3013 0 3013 0 3010 0 3009 0 3000 0 3006 0 3004 0 3000 0 3004 0 2999 0 3017 0 3018 0 3002 0 3005 0 2997 0 3019 0 3005 0 3019 0 3002 0 3005 0 3002 0 3003 0 3013 0 1936 0 1896 0 1925 0 1936 0 3001 0 2995 0 2997 0 3007 0 3007 0 2997 0 3005 0 2999 0 3002 0 3018 0 3020 0 1906 0 3021 0 1904 0 1906 0 3020 0 3022 0 1900 0 3023 0 3023 0 1900 0 1902 0 3024 0 1900 0 3022 0 3024 0 1912 0 1900 0 3024 0 1913 0 1912 0 1942 0 1914 0 1913 0 3025 0 1800 0 1942 0 1801 0 1800 0 3025 0 3026 0 1802 0 1801 0 3027 0 1916 0 3026 0 3026 0 1916 0 1802 0 3028 0 1799 0 3027 0 3027 0 1799 0 1916 0 3029 0 1799 0 3028 0 1794 0 1796 0 1798 0 1840 0 1795 0 3030 0 3030 0 1795 0 1794 0 3031 0 1793 0 1841 0 3032 0 1789 0 1788 0 3033 0 1790 0 3034 0 3035 0 3036 0 3037 0 3038 0 3039 0 3040 0 3041 0 3042 0 3043 0 3041 0 1201 0 3042 0 3044 0 1105 0 1104 0 3045 0 2179 0 1106 0 3045 0 1106 0 1105 0 2454 0 2179 0 3046 0 3046 0 2179 0 3045 0 3047 0 2454 0 3046 0 3048 0 2493 0 2494 0 3049 0 2492 0 2493 0 3049 0 2493 0 3048 0 3050 0 2492 0 3049 0 3051 0 2491 0 2492 0 3051 0 2492 0 3050 0 2490 0 2491 0 3052 0 3052 0 2491 0 3051 0 3053 0 2488 0 3054 0 3054 0 2488 0 2489 0 3053 0 2487 0 2488 0 3055 0 2453 0 2485 0 3056 0 2451 0 2453 0 2451 0 3057 0 2450 0 2450 0 3057 0 3058 0 3059 0 2448 0 2450 0 3059 0 2449 0 2448 0 3060 0 2484 0 2449 0 2483 0 2484 0 3061 0 3062 0 3063 0 3064 0 3062 0 3064 0 3065 0 2999 0 3018 0 3066 0 3057 0 2451 0 3056 0 3057 0 3056 0 3067 0 3067 0 3056 0 3068 0 3067 0 3068 0 3069 0 3069 0 3068 0 3070 0 3069 0 3070 0 3071 0 3071 0 3070 0 3072 0 3071 0 3072 0 3073 0 3071 0 3073 0 3074 0 3074 0 3073 0 3075 0 3075 0 3073 0 3076 0 3075 0 3076 0 3077 0 3075 0 3077 0 3078 0 3078 0 3077 0 3079 0 3078 0 3079 0 3080 0 3080 0 3079 0 3081 0 3080 0 3081 0 3082 0 3082 0 3081 0 3083 0 3082 0 3083 0 3084 0 3084 0 3083 0 3085 0 3084 0 3085 0 3086 0 3086 0 3085 0 3087 0 3086 0 3087 0 3088 0 3088 0 3087 0 3089 0 3088 0 3089 0 3090 0 3091 0 3092 0 3093 0 3093 0 3092 0 3094 0 3093 0 3094 0 3095 0 3060 0 2449 0 3096 0 3096 0 2449 0 3059 0 3096 0 3059 0 3097 0 3097 0 3059 0 3098 0 3097 0 3098 0 3099 0 3099 0 3098 0 3100 0 3099 0 3100 0 3101 0 3101 0 3100 0 3102 0 3101 0 3102 0 3025 0 3025 0 3102 0 3103 0 3025 0 3103 0 3104 0 3104 0 3103 0 3074 0 3104 0 3074 0 3105 0 3106 0 3078 0 3107 0 3107 0 3078 0 3108 0 3108 0 3082 0 3109 0 3109 0 3082 0 3084 0 3109 0 3084 0 3110 0 3110 0 3084 0 3111 0 3110 0 3111 0 3112 0 3112 0 3111 0 3113 0 3112 0 3113 0 3091 0 3091 0 3113 0 3092 0 3094 0 3092 0 3114 0 3059 0 2450 0 3058 0 3059 0 3058 0 3098 0 3098 0 3058 0 3057 0 3098 0 3057 0 3100 0 3100 0 3057 0 3067 0 3100 0 3067 0 3102 0 3102 0 3067 0 3069 0 3102 0 3069 0 3103 0 3103 0 3069 0 3071 0 3103 0 3071 0 3074 0 3105 0 3074 0 3075 0 3105 0 3075 0 3115 0 3115 0 3075 0 3106 0 3106 0 3075 0 3078 0 3078 0 3080 0 3108 0 3108 0 3080 0 3082 0 3084 0 3086 0 3111 0 3111 0 3086 0 3088 0 3111 0 3088 0 3113 0 3113 0 3088 0 3090 0 3113 0 3090 0 3092 0 3094 0 3114 0 3116 0 3094 0 3116 0 3095 0 3095 0 3116 0 3117 0 3040 0 3118 0 3038 0 3043 0 3038 0 3118 0 3038 0 3043 0 3042 0 3056 0 2453 0 3055 0 3056 0 3055 0 3068 0 3068 0 3055 0 3070 0 3070 0 3055 0 3072 0 3072 0 3119 0 3073 0 3073 0 3119 0 3076 0 3081 0 3120 0 3083 0 3083 0 3120 0 3085 0 3085 0 3121 0 3087 0 3087 0 3121 0 3122 0 3087 0 3122 0 3089 0 3123 0 3122 0 3124 0 3124 0 3122 0 3121 0 3121 0 3085 0 3125 0 3125 0 3085 0 3120 0 3120 0 3081 0 3126 0 3126 0 3081 0 3079 0 3126 0 3079 0 3127 0 3127 0 3079 0 3077 0 3127 0 3077 0 3128 0 3128 0 3077 0 3076 0 3128 0 3076 0 3119 0 3119 0 3072 0 2485 0 2485 0 3072 0 3055 0 2454 0 3047 0 2494 0 2494 0 3047 0 3124 0 2494 0 3124 0 3048 0 3048 0 3124 0 3049 0 3049 0 3129 0 3050 0 3050 0 3129 0 3051 0 3051 0 3129 0 3126 0 3051 0 3126 0 3127 0 3051 0 3127 0 3052 0 2490 0 3052 0 3054 0 2490 0 3054 0 2489 0 2485 0 2487 0 3119 0 3119 0 2487 0 3053 0 3119 0 3053 0 3054 0 3119 0 3054 0 3128 0 3128 0 3054 0 3052 0 3128 0 3052 0 3127 0 3126 0 3129 0 3120 0 3120 0 3129 0 3125 0 3125 0 3129 0 3049 0 3125 0 3049 0 3121 0 3121 0 3049 0 3124 0 3124 0 3047 0 3123 0 3123 0 3047 0 3046 0 3123 0 3046 0 3130 0 3130 0 3046 0 3045 0 3130 0 3045 0 3044 0 3044 0 3045 0 1105 0 3131 0 3132 0 3133 0 3133 0 3132 0 3130 0 3134 0 1104 0 1201 0 3134 0 1201 0 3135 0 3135 0 1201 0 3041 0 3135 0 3041 0 3043 0 3135 0 3043 0 3136 0 3039 0 3137 0 3117 0 3039 0 3117 0 3040 0 3040 0 3117 0 3116 0 3040 0 3116 0 3118 0 3118 0 3116 0 3114 0 3118 0 3114 0 3043 0 3043 0 3114 0 3136 0 3136 0 3131 0 3135 0 3135 0 3131 0 3133 0 3135 0 3133 0 3134 0 3114 0 3092 0 3136 0 3136 0 3092 0 3090 0 3136 0 3090 0 3131 0 3131 0 3090 0 3089 0 3131 0 3089 0 3132 0 3132 0 3089 0 3122 0 3132 0 3122 0 3123 0 3132 0 3123 0 3130 0 3133 0 3130 0 3044 0 3133 0 3044 0 3134 0 3134 0 3044 0 1104 0 3138 0 3031 0 3139 0 3139 0 3031 0 1841 0 3139 0 1841 0 3030 0 3030 0 1841 0 1840 0 3140 0 3034 0 1790 0 3140 0 1790 0 3032 0 3032 0 1790 0 1789 0 3141 0 3140 0 3142 0 3142 0 3140 0 3032 0 3142 0 3032 0 3143 0 3143 0 3032 0 1788 0 3143 0 1788 0 3144 0 3144 0 1788 0 1792 0 3144 0 1792 0 3031 0 3031 0 1792 0 1793 0 3145 0 3141 0 3142 0 3145 0 3142 0 3146 0 3146 0 3142 0 3143 0 3146 0 3143 0 3147 0 3147 0 3143 0 3144 0 3147 0 3144 0 3138 0 3138 0 3144 0 3031 0 3148 0 3149 0 3150 0 3033 0 3034 0 3151 0 3151 0 3034 0 3152 0 3151 0 3152 0 3149 0 3149 0 3152 0 3141 0 3149 0 3141 0 3150 0 3150 0 3141 0 3153 0 3154 0 3150 0 3153 0 3155 0 3156 0 3157 0 3155 0 3157 0 3158 0 3158 0 3157 0 3159 0 3160 0 3035 0 3037 0 3037 0 3161 0 1945 0 1945 0 1952 0 3037 0 3037 0 1952 0 3162 0 3037 0 3162 0 3160 0 3035 0 3160 0 3158 0 3035 0 3158 0 3159 0 3163 0 3154 0 3164 0 3164 0 3154 0 3153 0 3145 0 3153 0 3141 0 3141 0 3152 0 3140 0 3140 0 3152 0 3034 0 3165 0 3033 0 3151 0 3151 0 3149 0 3166 0 3166 0 3149 0 3148 0 3148 0 3150 0 3167 0 3167 0 3150 0 3154 0 3154 0 3163 0 3168 0 3165 0 3151 0 3169 0 3169 0 3151 0 3166 0 3166 0 3148 0 3167 0 3167 0 3154 0 3168 0 3170 0 3171 0 3163 0 3170 0 3163 0 3164 0 3171 0 3168 0 3163 0 3164 0 3153 0 3172 0 3172 0 3153 0 3145 0 3172 0 3145 0 3173 0 3173 0 3145 0 3146 0 3173 0 3146 0 3174 0 3174 0 3146 0 3147 0 3174 0 3147 0 3175 0 3175 0 3147 0 3138 0 3175 0 3138 0 3176 0 3176 0 3138 0 3139 0 3176 0 3139 0 3177 0 3177 0 3139 0 3030 0 3177 0 3030 0 3178 0 3178 0 3030 0 1794 0 3178 0 1794 0 3029 0 3029 0 1794 0 1798 0 3029 0 1798 0 1799 0 3137 0 3155 0 3171 0 3171 0 3155 0 3168 0 3168 0 3155 0 3158 0 3168 0 3158 0 3167 0 3167 0 3158 0 3160 0 3167 0 3160 0 3166 0 3166 0 3160 0 3162 0 3166 0 3162 0 3169 0 3169 0 3162 0 1952 0 3169 0 1952 0 3165 0 3066 0 3018 0 3064 0 3064 0 3018 0 3017 0 3021 0 1906 0 2999 0 3021 0 2999 0 3179 0 3179 0 2999 0 3066 0 3179 0 3066 0 2482 0 2482 0 3066 0 3064 0 2482 0 3064 0 3063 0 2482 0 2483 0 3179 0 3179 0 2483 0 3061 0 3179 0 3061 0 3180 0 3179 0 3180 0 3021 0 3021 0 3180 0 3181 0 3021 0 3181 0 3020 0 3020 0 3181 0 1904 0 1904 0 3181 0 3023 0 1904 0 3023 0 1902 0 3137 0 3171 0 3170 0 3137 0 3170 0 3117 0 3117 0 3170 0 3164 0 3117 0 3164 0 3095 0 3095 0 3164 0 3172 0 3095 0 3172 0 3093 0 3093 0 3172 0 3173 0 3093 0 3173 0 3091 0 3091 0 3173 0 3174 0 3091 0 3174 0 3112 0 3112 0 3174 0 3110 0 3110 0 3174 0 3175 0 3110 0 3175 0 3109 0 3109 0 3175 0 3176 0 3109 0 3176 0 3108 0 3108 0 3176 0 3177 0 3108 0 3177 0 3107 0 3107 0 3177 0 3178 0 3107 0 3178 0 3106 0 3106 0 3178 0 3029 0 3106 0 3029 0 3115 0 3115 0 3029 0 3028 0 3115 0 3028 0 3105 0 3105 0 3028 0 3027 0 3105 0 3027 0 3104 0 3104 0 3027 0 3026 0 3104 0 3026 0 1801 0 3104 0 1801 0 3025 0 3025 0 1942 0 3101 0 3101 0 1942 0 1913 0 3101 0 1913 0 3024 0 3101 0 3024 0 3099 0 3099 0 3024 0 3022 0 3099 0 3022 0 3097 0 3097 0 3022 0 3023 0 3097 0 3023 0 3096 0 3096 0 3023 0 3181 0 3096 0 3181 0 3060 0 3060 0 3181 0 3180 0 3060 0 3180 0 2484 0 2484 0 3180 0 3061 0 1128 0 3182 0 3183 0 1128 0 3183 0 1126 0 1126 0 3183 0 1191 0 1138 0 2496 0 3184 0 1138 0 3184 0 1139 0 1139 0 3184 0 1134 0 1134 0 3184 0 3185 0 1134 0 3185 0 3186 0 1134 0 3186 0 1135 0 1135 0 3186 0 3187 0 1135 0 3187 0 1131 0 1131 0 3187 0 3188 0 1131 0 3188 0 1128 0 1128 0 3188 0 3182 0 3189 0 2844 0 2870 0 3189 0 2870 0 3190 0 2869 0 3191 0 3192 0 2869 0 3192 0 3190 0 3190 0 3192 0 3193 0 3190 0 3193 0 3189 0 3189 0 3193 0 3194 0 3191 0 2869 0 2860 0 2860 0 3195 0 3191 0 2860 0 2268 0 3195 0 3195 0 2153 0 2462 0 3194 0 2460 0 1191 0 3183 0 3194 0 1191 0 2460 0 3194 0 3193 0 3193 0 2462 0 2460 0 2870 0 2869 0 3190 0 2268 0 2153 0 3195 0 3191 0 3195 0 2462 0 3191 0 2462 0 3192 0 3192 0 2462 0 3193 0 3196 0 1193 0 1195 0 1193 0 3196 0 1197 0 1197 0 3197 0 1198 0 3198 0 1198 0 3197 0 3199 0 1198 0 3198 0 3199 0 1201 0 1198 0 3156 0 3155 0 3200 0 3200 0 3201 0 3156 0 3201 0 3200 0 3202 0 3201 0 3202 0 3203 0 3203 0 3204 0 3201 0 3203 0 3205 0 3204 0 3206 0 3207 0 3208 0 3208 0 3207 0 3205 0 3208 0 3205 0 3203 0 3207 0 3206 0 3209 0 3209 0 3206 0 3210 0 3210 0 3211 0 3212 0 3210 0 3212 0 3213 0 3206 0 3212 0 3211 0 3214 0 3208 0 3202 0 3214 0 3202 0 3215 0 3215 0 3202 0 3039 0 3216 0 3212 0 3206 0 3196 0 3206 0 3217 0 3217 0 3206 0 3208 0 3217 0 3208 0 3214 0 3214 0 3215 0 3038 0 3038 0 3215 0 3039 0 1195 0 3216 0 3206 0 1195 0 3206 0 3196 0 1197 0 3196 0 3217 0 1197 0 3217 0 3214 0 1197 0 3214 0 3197 0 3197 0 3214 0 3198 0 3198 0 3214 0 3038 0 3198 0 3038 0 3199 0 3199 0 3038 0 1201 0 1201 0 3038 0 3042 0 3211 0 3210 0 3206 0 3039 0 3200 0 3137 0 3137 0 3200 0 3155 0 3208 0 3203 0 3202 0 3039 0 3202 0 3200 0 3216 0 3218 0 3219 0 3216 0 3219 0 3220 0 3216 0 3220 0 3221 0 3222 0 3218 0 3223 0 3224 0 3223 0 3225 0 3226 0 3227 0 3228 0 3229 0 1212 0 1216 0 3230 0 3231 0 3232 0 3230 0 3232 0 3233 0 3233 0 3232 0 3234 0 3233 0 3234 0 3235 0 3235 0 3234 0 3236 0 3237 0 3238 0 3239 0 3237 0 3239 0 3240 0 3240 0 3241 0 3242 0 1194 0 3243 0 1195 0 3232 0 3244 0 3234 0 3245 0 3246 0 3247 0 3241 0 3248 0 3249 0 3249 0 3248 0 3250 0 3234 0 3251 0 3236 0 3252 0 3236 0 3246 0 3252 0 3246 0 3245 0 3253 0 3245 0 3247 0 3253 0 3247 0 3238 0 3238 0 3247 0 3254 0 3238 0 3254 0 3239 0 3240 0 3239 0 3241 0 3242 0 3241 0 3255 0 3255 0 3241 0 3249 0 3255 0 3249 0 3243 0 3243 0 3249 0 3250 0 3243 0 3250 0 1195 0 3231 0 3256 0 3244 0 3257 0 3244 0 3258 0 3257 0 3258 0 3227 0 3246 0 3227 0 3247 0 3254 0 3259 0 3225 0 3254 0 3225 0 3239 0 3239 0 3225 0 3241 0 3241 0 3225 0 3260 0 3241 0 3260 0 3248 0 3248 0 3260 0 3225 0 3258 0 3256 0 3228 0 3258 0 3228 0 3227 0 3247 0 3227 0 3261 0 3225 0 3223 0 3248 0 3248 0 3223 0 3218 0 3244 0 3256 0 3258 0 3254 0 3261 0 3259 0 3250 0 3248 0 3218 0 3250 0 3218 0 3216 0 3232 0 3231 0 3244 0 3234 0 3244 0 3257 0 3234 0 3257 0 3251 0 3251 0 3257 0 3227 0 3251 0 3227 0 3236 0 3236 0 3227 0 3246 0 3247 0 3261 0 3254 0 1195 0 3250 0 3216 0 1200 0 1198 0 1201 0 3262 0 1198 0 1200 0 3262 0 1200 0 1202 0 3262 0 1202 0 3263 0 3263 0 1202 0 1204 0 3264 0 1204 0 1207 0 3264 0 1207 0 1206 0 3264 0 1206 0 3265 0 3265 0 1206 0 1209 0 1228 0 3233 0 1226 0 1221 0 1222 0 1219 0 1218 0 1219 0 3266 0 1218 0 3266 0 1216 0 3229 0 1216 0 3267 0 3229 0 3267 0 1213 0 1213 0 3267 0 3268 0 3268 0 3269 0 1209 0 1209 0 3269 0 3265 0 3270 0 3271 0 3272 0 3262 0 3263 0 3273 0 3262 0 3273 0 1196 0 1228 0 3230 0 3233 0 1226 0 3233 0 3235 0 1226 0 3235 0 1224 0 1224 0 3235 0 1222 0 1219 0 1222 0 3252 0 1219 0 3252 0 3266 0 3274 0 3266 0 3245 0 3274 0 3245 0 3267 0 3275 0 3240 0 3272 0 3272 0 3240 0 3242 0 3272 0 3242 0 3276 0 3276 0 3242 0 3277 0 3263 0 3276 0 3243 0 3263 0 3243 0 3273 0 3273 0 3243 0 1194 0 1227 0 3230 0 1228 0 1216 0 3266 0 3274 0 1216 0 3274 0 3267 0 3268 0 3267 0 3237 0 3268 0 3237 0 3269 0 3269 0 3237 0 3265 0 3265 0 3237 0 3275 0 3265 0 3275 0 3271 0 3271 0 3275 0 3272 0 3270 0 3272 0 3276 0 3270 0 3276 0 3263 0 1196 0 3273 0 1194 0 1212 0 3229 0 1213 0 1210 0 1213 0 3268 0 1210 0 3268 0 1209 0 3264 0 3265 0 3271 0 3264 0 3271 0 1204 0 1204 0 3271 0 3270 0 1204 0 3270 0 3263 0 1198 0 3262 0 1196 0 1222 0 3235 0 3236 0 1222 0 3236 0 3252 0 3266 0 3252 0 3245 0 3245 0 3253 0 3267 0 3267 0 3253 0 3238 0 3267 0 3238 0 3237 0 3237 0 3240 0 3275 0 3277 0 3242 0 3255 0 3277 0 3255 0 3276 0 3276 0 3255 0 3243 0 3278 0 3256 0 3231 0 3278 0 3231 0 3230 0 3230 0 1227 0 3278 0 1227 0 1229 0 3279 0 3280 0 2660 0 3281 0 2660 0 2665 0 3282 0 3283 0 3278 0 1227 0 3284 0 3283 0 3285 0 3284 0 3285 0 3286 0 3286 0 3287 0 3288 0 3289 0 3290 0 3291 0 3292 0 3291 0 3293 0 3294 0 3295 0 3296 0 3297 0 3298 0 3295 0 3299 0 3300 0 3301 0 3302 0 3301 0 3300 0 3303 0 3304 0 3305 0 2609 0 2388 0 3306 0 3306 0 2388 0 3303 0 3307 0 3302 0 3308 0 3307 0 3308 0 3298 0 3297 0 3295 0 3294 0 3309 0 3310 0 3292 0 3309 0 3292 0 3293 0 3304 0 3299 0 3311 0 3311 0 3299 0 3301 0 3311 0 3301 0 3302 0 3311 0 3302 0 3312 0 3312 0 3302 0 3307 0 3307 0 3298 0 3297 0 3313 0 3297 0 3294 0 3290 0 3293 0 3291 0 3309 0 3314 0 2721 0 3309 0 2721 0 2600 0 3309 0 2600 0 2578 0 3315 0 2579 0 2601 0 3315 0 2578 0 2579 0 2608 0 3311 0 3312 0 3316 0 3307 0 3317 0 3316 0 3317 0 3313 0 3316 0 3313 0 3318 0 3318 0 3313 0 3315 0 3315 0 3313 0 3294 0 2608 0 3305 0 3311 0 3319 0 2608 0 3312 0 3319 0 3312 0 3307 0 3319 0 3307 0 3316 0 3309 0 2578 0 3315 0 3318 0 2601 0 3316 0 3316 0 2603 0 2608 0 3316 0 2601 0 2603 0 2608 0 2607 0 2609 0 3279 0 3320 0 3280 0 3321 0 2700 0 3288 0 3288 0 2700 0 2717 0 3288 0 2717 0 3322 0 3323 0 2720 0 3289 0 3289 0 2720 0 2722 0 3289 0 2722 0 3290 0 3322 0 2720 0 3323 0 3282 0 2671 0 3321 0 3279 0 1229 0 3320 0 3320 0 1229 0 1255 0 3320 0 2657 0 3280 0 3320 0 1255 0 2657 0 3281 0 2660 0 3282 0 3282 0 2665 0 2671 0 3280 0 2657 0 2660 0 3322 0 2717 0 2718 0 2717 0 2700 0 2701 0 3290 0 2722 0 2591 0 3322 0 2718 0 2720 0 2671 0 2700 0 3321 0 3306 0 3303 0 3305 0 3306 0 3305 0 2609 0 2609 0 3305 0 2608 0 2608 0 3319 0 3316 0 2601 0 3318 0 3315 0 2591 0 2721 0 3314 0 2591 0 3314 0 3290 0 3322 0 3323 0 3288 0 3321 0 3288 0 3287 0 3321 0 3287 0 3282 0 3282 0 3287 0 3286 0 3282 0 3286 0 3281 0 3281 0 3286 0 3285 0 3281 0 3285 0 3280 0 3280 0 3285 0 3279 0 3279 0 3285 0 3283 0 3279 0 3283 0 1227 0 3293 0 3290 0 3314 0 3293 0 3314 0 3309 0 3310 0 3309 0 3315 0 3310 0 3315 0 3296 0 3296 0 3315 0 3294 0 3297 0 3313 0 3317 0 3297 0 3317 0 3307 0 3311 0 3305 0 3304 0 3324 0 3325 0 3326 0 3327 0 3328 0 3329 0 1537 0 1646 0 3330 0 3331 0 1538 0 3332 0 3333 0 2975 0 2985 0 2961 0 2975 0 3333 0 2962 0 3333 0 3334 0 3334 0 3333 0 3335 0 3334 0 3335 0 2948 0 3336 0 2446 0 689 0 3337 0 2445 0 2446 0 2444 0 2445 0 3337 0 2442 0 2444 0 3338 0 3339 0 2442 0 3338 0 2441 0 2442 0 3339 0 2441 0 3339 0 3340 0 3341 0 2440 0 3340 0 3342 0 2439 0 2440 0 2398 0 3342 0 3343 0 3342 0 2398 0 2439 0 3344 0 2397 0 3343 0 3343 0 2397 0 2398 0 3345 0 2438 0 2395 0 2437 0 2438 0 3346 0 3346 0 2438 0 3345 0 3347 0 2392 0 3346 0 3346 0 2392 0 2437 0 2391 0 2392 0 3347 0 3348 0 2391 0 3347 0 3348 0 2389 0 2391 0 3348 0 2387 0 2389 0 2388 0 2387 0 3349 0 3349 0 2387 0 3350 0 3351 0 3303 0 3349 0 3349 0 3303 0 2388 0 3303 0 3352 0 3304 0 3353 0 3299 0 3304 0 3299 0 3353 0 3354 0 3354 0 3300 0 3299 0 3326 0 3355 0 3356 0 3357 0 3358 0 3359 0 3360 0 3361 0 3362 0 3363 0 3364 0 3365 0 1996 0 3366 0 3364 0 1997 0 1471 0 1996 0 1674 0 3367 0 3368 0 3369 0 1671 0 1673 0 1671 0 3369 0 1519 0 3370 0 1520 0 3371 0 1654 0 1520 0 3370 0 3372 0 1517 0 1652 0 3372 0 1652 0 3373 0 3372 0 1515 0 1517 0 1646 0 1649 0 3374 0 3374 0 1649 0 3375 0 3375 0 1649 0 1515 0 3376 0 1535 0 3330 0 3330 0 1535 0 1537 0 3377 0 1535 0 3376 0 1533 0 1535 0 3377 0 3378 0 1529 0 1531 0 3378 0 1527 0 1529 0 1527 0 3378 0 3379 0 3332 0 1538 0 1540 0 3332 0 1540 0 1523 0 2444 0 3337 0 3338 0 3338 0 3337 0 3380 0 3338 0 3380 0 3339 0 3339 0 3380 0 3381 0 3339 0 3381 0 3382 0 3383 0 3382 0 3379 0 3383 0 3379 0 3384 0 3385 0 3386 0 3377 0 3385 0 3377 0 3387 0 3387 0 3377 0 3376 0 3387 0 3376 0 3388 0 3389 0 3388 0 3390 0 3389 0 3390 0 3391 0 3340 0 3339 0 3382 0 3340 0 3382 0 3383 0 3392 0 3383 0 3384 0 3392 0 3384 0 3393 0 3393 0 3384 0 3394 0 3393 0 3394 0 3395 0 3395 0 3394 0 3396 0 3395 0 3396 0 3397 0 3397 0 3396 0 3386 0 3397 0 3386 0 3385 0 3398 0 3387 0 3388 0 3398 0 3388 0 3389 0 3399 0 3389 0 3391 0 3399 0 3391 0 3400 0 3328 0 3327 0 3401 0 2440 0 2441 0 3340 0 3341 0 3340 0 3383 0 3341 0 3383 0 3392 0 3402 0 3397 0 3385 0 3402 0 3385 0 3403 0 3403 0 3385 0 3387 0 3403 0 3387 0 3398 0 3404 0 3398 0 3389 0 3404 0 3389 0 3405 0 3405 0 3389 0 3399 0 3406 0 3329 0 3328 0 3406 0 3328 0 3407 0 3407 0 3328 0 3408 0 3407 0 3408 0 3409 0 2440 0 3341 0 3342 0 3342 0 3341 0 3392 0 3342 0 3392 0 3343 0 3343 0 3392 0 3393 0 3343 0 3393 0 3410 0 3410 0 3393 0 3395 0 3410 0 3395 0 3397 0 3410 0 3397 0 3411 0 3411 0 3397 0 3402 0 3403 0 3398 0 3412 0 3412 0 3398 0 3404 0 3405 0 3399 0 3413 0 3413 0 3399 0 3400 0 3413 0 3400 0 3414 0 3415 0 3329 0 3416 0 3416 0 3329 0 3406 0 3416 0 3406 0 3417 0 3417 0 3406 0 3407 0 3417 0 3407 0 3409 0 3418 0 3419 0 3420 0 3421 0 3422 0 3423 0 3421 0 3423 0 3419 0 3424 0 3425 0 3423 0 3420 0 3419 0 3423 0 3420 0 3423 0 3426 0 3427 0 3428 0 3325 0 3427 0 3325 0 3429 0 3425 0 3424 0 3430 0 3422 0 3424 0 3423 0 3426 0 3423 0 3425 0 3426 0 3425 0 3431 0 3425 0 3430 0 3432 0 3431 0 3425 0 3432 0 3431 0 3432 0 3433 0 3434 0 3326 0 3356 0 3324 0 3326 0 3434 0 3424 0 3434 0 3356 0 3391 0 3375 0 3435 0 3435 0 3375 0 3436 0 3435 0 3436 0 3437 0 3437 0 3436 0 3438 0 3437 0 3438 0 3439 0 3437 0 3439 0 3440 0 3344 0 3343 0 3410 0 3344 0 3410 0 3441 0 3441 0 3410 0 3442 0 3442 0 3410 0 3411 0 3411 0 3402 0 3443 0 3443 0 3402 0 3403 0 3443 0 3403 0 3444 0 3444 0 3403 0 3412 0 3412 0 3404 0 3445 0 3445 0 3404 0 3405 0 3445 0 3405 0 3446 0 3446 0 3405 0 3413 0 3446 0 3413 0 3414 0 3446 0 3414 0 3447 0 3375 0 3401 0 3436 0 3436 0 3401 0 3327 0 3436 0 3327 0 3329 0 3436 0 3329 0 3438 0 3438 0 3329 0 3439 0 3439 0 3329 0 3415 0 3439 0 3415 0 3440 0 3440 0 3415 0 3351 0 2394 0 2397 0 3344 0 2394 0 3344 0 3441 0 3442 0 3411 0 3443 0 3444 0 3412 0 3448 0 3448 0 3412 0 3445 0 3448 0 3445 0 3446 0 3448 0 3446 0 3449 0 3449 0 3446 0 3350 0 3350 0 3446 0 3447 0 3350 0 3447 0 3349 0 3350 0 2387 0 3449 0 3449 0 2387 0 3348 0 3449 0 3348 0 3448 0 3448 0 3348 0 3347 0 3448 0 3347 0 3444 0 3444 0 3347 0 3443 0 3443 0 3347 0 3346 0 3443 0 3346 0 3442 0 3442 0 3346 0 3345 0 3442 0 3345 0 3441 0 3441 0 3345 0 2395 0 3441 0 2395 0 2394 0 3391 0 3435 0 3400 0 3400 0 3435 0 3437 0 3400 0 3437 0 3414 0 3414 0 3437 0 3447 0 3447 0 3437 0 3440 0 3447 0 3440 0 3349 0 3349 0 3440 0 3351 0 3353 0 3432 0 3354 0 3300 0 3354 0 3355 0 3304 0 3352 0 3450 0 3304 0 3450 0 3353 0 3353 0 3450 0 3433 0 3353 0 3433 0 3432 0 3354 0 3432 0 3430 0 3354 0 3430 0 3355 0 3355 0 3430 0 3356 0 3356 0 3430 0 3424 0 3434 0 3424 0 3422 0 3434 0 3422 0 3324 0 3324 0 3422 0 3421 0 3324 0 3421 0 3429 0 3418 0 3420 0 3409 0 3409 0 3420 0 3426 0 3409 0 3426 0 3417 0 3417 0 3426 0 3431 0 3417 0 3431 0 3416 0 3416 0 3431 0 3433 0 3416 0 3433 0 3415 0 3415 0 3433 0 3450 0 3415 0 3450 0 3351 0 3351 0 3450 0 3352 0 3351 0 3352 0 3303 0 3373 0 1652 0 1654 0 3373 0 1654 0 3451 0 3451 0 1654 0 3370 0 3451 0 3370 0 3452 0 3453 0 1674 0 3368 0 3368 0 3454 0 3453 0 3453 0 3454 0 3455 0 3371 0 1520 0 1519 0 3371 0 1519 0 3456 0 3456 0 1519 0 3369 0 3456 0 3369 0 3457 0 3457 0 3458 0 3456 0 3456 0 3458 0 3459 0 3456 0 3459 0 3371 0 3371 0 3459 0 3460 0 3371 0 3460 0 3452 0 3371 0 3452 0 3370 0 3375 0 1515 0 3401 0 3401 0 1515 0 3461 0 3461 0 1515 0 3372 0 3461 0 3372 0 3462 0 3462 0 3372 0 3373 0 3462 0 3373 0 3463 0 3463 0 3373 0 3451 0 3463 0 3451 0 3464 0 3464 0 3451 0 3452 0 3464 0 3452 0 3465 0 3465 0 3452 0 3460 0 3465 0 3460 0 3459 0 3465 0 3459 0 3466 0 3466 0 3459 0 3458 0 3466 0 3458 0 3467 0 3467 0 3458 0 3468 0 3468 0 3458 0 3457 0 3469 0 3453 0 3455 0 3469 0 3455 0 3470 0 1673 0 1674 0 3471 0 3471 0 1674 0 3453 0 3471 0 3453 0 3457 0 3457 0 3453 0 3469 0 3457 0 3469 0 3468 0 3472 0 3363 0 3360 0 3473 0 3360 0 3362 0 3474 0 3362 0 3475 0 3474 0 3475 0 3476 0 3476 0 3475 0 3357 0 3471 0 3457 0 3369 0 3471 0 3369 0 1673 0 3368 0 3367 0 3454 0 3470 0 3477 0 3469 0 3469 0 3477 0 3468 0 3468 0 3477 0 3478 0 3367 0 3479 0 3454 0 3455 0 3454 0 3480 0 3455 0 3480 0 3470 0 3470 0 3480 0 3481 0 3470 0 3481 0 3477 0 3477 0 3482 0 3478 0 1636 0 3472 0 3367 0 3367 0 3472 0 3473 0 3367 0 3473 0 3479 0 3454 0 3479 0 3474 0 3454 0 3474 0 3481 0 3454 0 3481 0 3480 0 3477 0 3481 0 3482 0 3429 0 3467 0 3427 0 3427 0 3467 0 3483 0 3427 0 3483 0 3428 0 3428 0 3483 0 3358 0 3359 0 3358 0 3483 0 3324 0 3429 0 3325 0 2961 0 3333 0 2962 0 2985 0 1538 0 3331 0 2985 0 3331 0 3484 0 2985 0 3484 0 3333 0 3333 0 3484 0 3335 0 689 0 3335 0 3336 0 3336 0 3335 0 3484 0 3336 0 3484 0 3331 0 3380 0 3331 0 3332 0 3380 0 3332 0 3381 0 3381 0 3332 0 3485 0 3485 0 3332 0 1523 0 3485 0 1523 0 3379 0 3379 0 1523 0 1527 0 3337 0 2446 0 3336 0 3337 0 3336 0 3331 0 3337 0 3331 0 3380 0 3382 0 3381 0 3485 0 3382 0 3485 0 3379 0 3384 0 3379 0 3378 0 3384 0 3378 0 3394 0 3394 0 3378 0 3396 0 3396 0 3378 0 1531 0 3396 0 1531 0 3386 0 3386 0 1531 0 1533 0 3386 0 1533 0 3377 0 3388 0 3376 0 3330 0 3388 0 3330 0 3390 0 3390 0 3330 0 1646 0 3390 0 1646 0 3391 0 3391 0 1646 0 3374 0 3391 0 3374 0 3375 0 3328 0 3401 0 3461 0 3328 0 3461 0 3408 0 3408 0 3461 0 3462 0 3408 0 3462 0 3409 0 3409 0 3462 0 3463 0 3409 0 3463 0 3418 0 3418 0 3463 0 3464 0 3418 0 3464 0 3419 0 3419 0 3464 0 3465 0 3419 0 3465 0 3421 0 3421 0 3465 0 3466 0 3421 0 3466 0 3429 0 3429 0 3466 0 3467 0 3467 0 3468 0 3483 0 3483 0 3468 0 3478 0 3483 0 3478 0 3359 0 3359 0 3478 0 3482 0 3359 0 3482 0 3357 0 3357 0 3482 0 3481 0 3357 0 3481 0 3476 0 3476 0 3481 0 3474 0 3362 0 3474 0 3479 0 3362 0 3479 0 3473 0 3360 0 3473 0 3472 0 3363 0 3472 0 1636 0 3363 0 1636 0 3364 0 3364 0 1636 0 1996 0 3486 0 3487 0 3488 0 1314 0 1315 0 3489 0 1268 0 1502 0 3490 0 3491 0 3492 0 1329 0 3491 0 1329 0 1265 0 1333 0 1331 0 1332 0 3492 0 1332 0 1330 0 3492 0 1330 0 1329 0 1335 0 1333 0 3493 0 1335 0 3493 0 1327 0 1327 0 3493 0 1325 0 3494 0 1318 0 1321 0 3494 0 1321 0 1320 0 3489 0 1315 0 1317 0 1314 0 3489 0 3495 0 1314 0 3495 0 1312 0 1313 0 1312 0 1344 0 1344 0 1312 0 3496 0 1344 0 3496 0 1345 0 1345 0 3496 0 3497 0 3498 0 1350 0 1349 0 1310 0 3499 0 3500 0 1310 0 3500 0 1308 0 1308 0 3500 0 3501 0 1308 0 3501 0 1306 0 3502 0 3503 0 1296 0 1296 0 1304 0 3502 0 3502 0 1304 0 1302 0 3503 0 1297 0 1296 0 1295 0 1294 0 3504 0 1294 0 1359 0 3504 0 3504 0 1359 0 1300 0 1300 0 1359 0 1299 0 1293 0 1295 0 1291 0 1291 0 3505 0 1292 0 1292 0 3505 0 1363 0 1363 0 3505 0 3506 0 1363 0 3506 0 1365 0 3366 0 1996 0 1471 0 3366 0 1471 0 3507 0 3507 0 1471 0 1484 0 3364 0 3366 0 3508 0 3509 0 3510 0 3511 0 3512 0 3513 0 3514 0 3515 0 3516 0 3517 0 3516 0 3515 0 3518 0 3035 0 3159 0 3519 0 3519 0 3159 0 3157 0 3036 0 3035 0 3520 0 3161 0 3037 0 3036 0 3161 0 3521 0 1945 0 1945 0 3521 0 1492 0 1492 0 3521 0 3522 0 1492 0 3522 0 1502 0 1502 0 3522 0 3523 0 1502 0 3523 0 3490 0 1268 0 3490 0 3524 0 1268 0 3524 0 1265 0 1332 0 3492 0 3525 0 1332 0 3525 0 1333 0 1333 0 3525 0 3526 0 1333 0 3526 0 3527 0 1333 0 3527 0 3528 0 1333 0 3528 0 3493 0 3493 0 3528 0 3529 0 3493 0 3529 0 1325 0 1325 0 3529 0 3530 0 1325 0 3530 0 1324 0 1324 0 3530 0 3531 0 1324 0 3531 0 1322 0 1322 0 3531 0 3532 0 1322 0 3532 0 1257 0 1257 0 3532 0 3533 0 1257 0 3533 0 1258 0 1258 0 3533 0 3534 0 1258 0 3534 0 1320 0 1320 0 3534 0 3494 0 1318 0 3494 0 3535 0 1318 0 3535 0 1317 0 1317 0 3535 0 3536 0 1317 0 3536 0 3489 0 3489 0 3536 0 3537 0 3489 0 3537 0 3538 0 3489 0 3538 0 3495 0 1312 0 3495 0 3539 0 1312 0 3539 0 3496 0 3497 0 3496 0 3540 0 3497 0 3540 0 1345 0 1345 0 3540 0 3541 0 1345 0 3541 0 1346 0 1346 0 3541 0 3542 0 1346 0 3542 0 1348 0 1348 0 3542 0 3543 0 1348 0 3543 0 3544 0 1348 0 3544 0 1349 0 1349 0 3544 0 3498 0 1350 0 3498 0 3545 0 1350 0 3545 0 1311 0 1311 0 3545 0 3546 0 1311 0 3546 0 3547 0 1311 0 3547 0 1310 0 1310 0 3547 0 3548 0 1310 0 3548 0 3499 0 3499 0 3548 0 3500 0 3500 0 3548 0 3549 0 3500 0 3549 0 3550 0 3500 0 3550 0 3501 0 1306 0 3501 0 3551 0 1306 0 3551 0 1305 0 1305 0 3551 0 3552 0 1305 0 3552 0 1302 0 1302 0 3552 0 3553 0 1302 0 3553 0 3502 0 1297 0 3503 0 3554 0 1297 0 3554 0 1300 0 1300 0 3554 0 3555 0 1300 0 3555 0 3504 0 1295 0 3504 0 3556 0 1295 0 3556 0 3557 0 1295 0 3557 0 1291 0 1291 0 3557 0 3558 0 1291 0 3558 0 3505 0 3505 0 3558 0 3506 0 1365 0 3506 0 3559 0 1365 0 3559 0 1290 0 1290 0 3559 0 3560 0 1290 0 3560 0 3561 0 1290 0 3561 0 1288 0 1288 0 3561 0 3562 0 1288 0 3562 0 1287 0 1287 0 3562 0 3563 0 1287 0 3563 0 1260 0 1260 0 3563 0 3564 0 1260 0 3564 0 1464 0 1464 0 3564 0 1482 0 1482 0 3564 0 3565 0 1482 0 3565 0 1485 0 1485 0 3565 0 3566 0 1485 0 3566 0 1484 0 1484 0 3566 0 3507 0 3507 0 3566 0 3508 0 3507 0 3508 0 3366 0 3161 0 3036 0 3521 0 3521 0 3036 0 3567 0 3521 0 3567 0 3522 0 3523 0 3522 0 3568 0 3523 0 3568 0 3490 0 3490 0 3568 0 3569 0 3490 0 3569 0 3524 0 3524 0 3569 0 3570 0 3524 0 3570 0 1265 0 1265 0 3570 0 3571 0 1265 0 3571 0 3572 0 1265 0 3572 0 3491 0 3491 0 3572 0 3573 0 3491 0 3573 0 3492 0 3492 0 3573 0 3574 0 3492 0 3574 0 3525 0 3526 0 3525 0 3575 0 3526 0 3575 0 3527 0 3527 0 3575 0 3576 0 3527 0 3576 0 3528 0 3529 0 3528 0 3577 0 3529 0 3577 0 3578 0 3529 0 3578 0 3530 0 3530 0 3578 0 3579 0 3530 0 3579 0 3531 0 3533 0 3532 0 3580 0 3533 0 3580 0 3534 0 3534 0 3580 0 3581 0 3534 0 3581 0 3582 0 3534 0 3582 0 3494 0 3494 0 3582 0 3583 0 3494 0 3583 0 3535 0 3536 0 3535 0 3584 0 3536 0 3584 0 3537 0 3537 0 3584 0 3538 0 3538 0 3584 0 3585 0 3538 0 3585 0 3495 0 3495 0 3585 0 3586 0 3495 0 3586 0 3539 0 3496 0 3539 0 3540 0 3540 0 3539 0 3587 0 3540 0 3587 0 3541 0 3542 0 3541 0 3588 0 3542 0 3588 0 3543 0 3543 0 3588 0 3589 0 3543 0 3589 0 3544 0 3544 0 3589 0 3590 0 3544 0 3590 0 3591 0 3544 0 3591 0 3498 0 3498 0 3591 0 3592 0 3498 0 3592 0 3545 0 3546 0 3545 0 3593 0 3546 0 3593 0 3547 0 3547 0 3593 0 3594 0 3547 0 3594 0 3548 0 3548 0 3594 0 3595 0 3548 0 3595 0 3596 0 3548 0 3596 0 3549 0 3550 0 3549 0 3597 0 3550 0 3597 0 3501 0 3501 0 3597 0 3598 0 3501 0 3598 0 3551 0 3551 0 3598 0 3599 0 3551 0 3599 0 3552 0 3552 0 3599 0 3553 0 3553 0 3599 0 3600 0 3553 0 3600 0 3601 0 3553 0 3601 0 3502 0 3502 0 3601 0 3602 0 3502 0 3602 0 3503 0 3503 0 3602 0 3603 0 3503 0 3603 0 3554 0 3554 0 3603 0 3604 0 3554 0 3604 0 3555 0 3555 0 3604 0 3605 0 3555 0 3605 0 3504 0 3504 0 3605 0 3556 0 3556 0 3605 0 3606 0 3556 0 3606 0 3557 0 3558 0 3557 0 3607 0 3558 0 3607 0 3608 0 3558 0 3608 0 3506 0 3506 0 3608 0 3609 0 3506 0 3609 0 3559 0 3559 0 3609 0 3610 0 3559 0 3610 0 3560 0 3560 0 3610 0 3611 0 3560 0 3611 0 3561 0 3562 0 3561 0 3612 0 3562 0 3612 0 3613 0 3562 0 3613 0 3563 0 3563 0 3613 0 3614 0 3563 0 3614 0 3564 0 3564 0 3614 0 3615 0 3564 0 3615 0 3616 0 3564 0 3616 0 3565 0 3565 0 3616 0 3617 0 3565 0 3617 0 3566 0 3566 0 3617 0 3618 0 3566 0 3618 0 3619 0 3566 0 3619 0 3508 0 3508 0 3619 0 3620 0 3508 0 3620 0 3621 0 3508 0 3621 0 3364 0 3364 0 3621 0 3365 0 3036 0 3520 0 3567 0 3567 0 3520 0 3622 0 3567 0 3622 0 3623 0 3567 0 3623 0 3522 0 3522 0 3623 0 3624 0 3522 0 3624 0 3568 0 3569 0 3568 0 3625 0 3569 0 3625 0 3626 0 3569 0 3626 0 3570 0 3570 0 3626 0 3627 0 3570 0 3627 0 3571 0 3571 0 3627 0 3572 0 3525 0 3574 0 3628 0 3525 0 3628 0 3575 0 3528 0 3576 0 3629 0 3528 0 3629 0 3577 0 3577 0 3629 0 3578 0 3531 0 3579 0 3630 0 3531 0 3630 0 3532 0 3532 0 3630 0 3580 0 3580 0 3630 0 3631 0 3580 0 3631 0 3581 0 3535 0 3583 0 3632 0 3535 0 3632 0 3584 0 3584 0 3632 0 3633 0 3584 0 3633 0 3634 0 3584 0 3634 0 3585 0 3585 0 3634 0 3586 0 3539 0 3586 0 3635 0 3539 0 3635 0 3636 0 3539 0 3636 0 3587 0 3541 0 3587 0 3637 0 3541 0 3637 0 3588 0 3589 0 3588 0 3638 0 3589 0 3638 0 3590 0 3545 0 3592 0 3639 0 3545 0 3639 0 3593 0 3593 0 3639 0 3640 0 3593 0 3640 0 3594 0 3594 0 3640 0 3641 0 3594 0 3641 0 3595 0 3595 0 3641 0 3642 0 3595 0 3642 0 3596 0 3549 0 3596 0 3643 0 3549 0 3643 0 3597 0 3597 0 3643 0 3644 0 3597 0 3644 0 3598 0 3598 0 3644 0 3645 0 3598 0 3645 0 3599 0 3599 0 3645 0 3646 0 3599 0 3646 0 3600 0 3603 0 3602 0 3647 0 3603 0 3647 0 3604 0 3605 0 3604 0 3648 0 3605 0 3648 0 3649 0 3605 0 3649 0 3606 0 3557 0 3606 0 3650 0 3557 0 3650 0 3607 0 3607 0 3650 0 3651 0 3607 0 3651 0 3608 0 3610 0 3609 0 3652 0 3610 0 3652 0 3611 0 3611 0 3652 0 3653 0 3611 0 3653 0 3561 0 3561 0 3653 0 3654 0 3561 0 3654 0 3612 0 3612 0 3654 0 3655 0 3612 0 3655 0 3613 0 3615 0 3614 0 3656 0 3615 0 3656 0 3616 0 3616 0 3656 0 3657 0 3616 0 3657 0 3658 0 3616 0 3658 0 3617 0 3620 0 3619 0 3659 0 3620 0 3659 0 3621 0 3621 0 3659 0 3660 0 3621 0 3660 0 3365 0 3365 0 3660 0 3363 0 3363 0 3660 0 3361 0 3363 0 3361 0 3360 0 3035 0 3519 0 3520 0 3520 0 3519 0 3661 0 3520 0 3661 0 3622 0 3622 0 3661 0 3623 0 3623 0 3661 0 3624 0 3568 0 3624 0 3518 0 3568 0 3518 0 3625 0 3625 0 3518 0 3626 0 3626 0 3518 0 3515 0 3626 0 3515 0 3627 0 3627 0 3515 0 3517 0 3627 0 3517 0 3662 0 3627 0 3662 0 3572 0 3572 0 3662 0 3663 0 3572 0 3663 0 3573 0 3573 0 3663 0 3574 0 3574 0 3663 0 3664 0 3574 0 3664 0 3628 0 3628 0 3664 0 3575 0 3575 0 3664 0 3665 0 3575 0 3665 0 3576 0 3576 0 3665 0 3666 0 3576 0 3666 0 3629 0 3629 0 3666 0 3667 0 3629 0 3667 0 3668 0 3629 0 3668 0 3578 0 3578 0 3668 0 3669 0 3578 0 3669 0 3579 0 3579 0 3669 0 3670 0 3579 0 3670 0 3630 0 3630 0 3670 0 3671 0 3630 0 3671 0 3631 0 3631 0 3671 0 3672 0 3631 0 3672 0 3581 0 3581 0 3672 0 3582 0 3582 0 3672 0 3673 0 3582 0 3673 0 3583 0 3583 0 3673 0 3674 0 3583 0 3674 0 3632 0 3632 0 3674 0 3675 0 3632 0 3675 0 3633 0 3633 0 3675 0 3676 0 3633 0 3676 0 3634 0 3634 0 3676 0 3512 0 3634 0 3512 0 3514 0 3634 0 3514 0 3586 0 3586 0 3514 0 3635 0 3635 0 3514 0 3677 0 3635 0 3677 0 3636 0 3587 0 3636 0 3637 0 3637 0 3636 0 3511 0 3637 0 3511 0 3588 0 3588 0 3511 0 3510 0 3588 0 3510 0 3638 0 3590 0 3638 0 3591 0 3591 0 3638 0 3678 0 3591 0 3678 0 3592 0 3592 0 3678 0 3486 0 3592 0 3486 0 3639 0 3639 0 3486 0 3488 0 3639 0 3488 0 3640 0 3641 0 3640 0 3679 0 3641 0 3679 0 3642 0 3596 0 3642 0 3680 0 3596 0 3680 0 3643 0 3643 0 3680 0 3681 0 3643 0 3681 0 3644 0 3644 0 3681 0 3645 0 3645 0 3681 0 3682 0 3645 0 3682 0 3646 0 3646 0 3682 0 3683 0 3646 0 3683 0 3600 0 3600 0 3683 0 3684 0 3600 0 3684 0 3601 0 3601 0 3684 0 3602 0 3602 0 3684 0 3685 0 3602 0 3685 0 3647 0 3604 0 3647 0 3686 0 3604 0 3686 0 3648 0 3649 0 3648 0 3687 0 3649 0 3687 0 3606 0 3606 0 3687 0 3688 0 3606 0 3688 0 3650 0 3650 0 3688 0 3689 0 3650 0 3689 0 3651 0 3608 0 3651 0 3690 0 3608 0 3690 0 3609 0 3609 0 3690 0 3652 0 3652 0 3690 0 3691 0 3652 0 3691 0 3653 0 3613 0 3655 0 3614 0 3614 0 3655 0 3692 0 3614 0 3692 0 3656 0 3617 0 3658 0 3693 0 3617 0 3693 0 3618 0 3618 0 3693 0 3619 0 3619 0 3693 0 3694 0 3619 0 3694 0 3659 0 3659 0 3694 0 3695 0 3659 0 3695 0 3660 0 3660 0 3695 0 3696 0 3660 0 3696 0 3697 0 3660 0 3697 0 3361 0 3361 0 3697 0 3698 0 3361 0 3698 0 3362 0 3640 0 3488 0 3679 0 3679 0 3488 0 3699 0 3679 0 3699 0 3642 0 3642 0 3699 0 3700 0 3642 0 3700 0 3680 0 3680 0 3700 0 3701 0 3680 0 3701 0 3681 0 3681 0 3701 0 3702 0 3681 0 3702 0 3682 0 3682 0 3702 0 3703 0 3682 0 3703 0 3683 0 3683 0 3703 0 3704 0 3683 0 3704 0 3684 0 3684 0 3704 0 3685 0 3685 0 3704 0 3705 0 3685 0 3705 0 3647 0 3647 0 3705 0 3686 0 3686 0 3705 0 3706 0 3686 0 3706 0 3648 0 3648 0 3706 0 3687 0 3687 0 3706 0 3707 0 3687 0 3707 0 3688 0 3688 0 3707 0 3689 0 3689 0 3707 0 3708 0 3689 0 3708 0 3651 0 3651 0 3708 0 3690 0 3690 0 3708 0 3709 0 3690 0 3709 0 3691 0 3691 0 3709 0 3710 0 3691 0 3710 0 3653 0 3653 0 3710 0 3711 0 3653 0 3711 0 3654 0 3654 0 3711 0 3712 0 3654 0 3712 0 3655 0 3655 0 3712 0 3713 0 3655 0 3713 0 3692 0 3692 0 3713 0 3714 0 3692 0 3714 0 3656 0 3656 0 3714 0 3657 0 3657 0 3714 0 3715 0 3657 0 3715 0 3658 0 3658 0 3715 0 3716 0 3658 0 3716 0 3693 0 3693 0 3716 0 3717 0 3693 0 3717 0 3694 0 3694 0 3717 0 3695 0 3695 0 3717 0 3718 0 3695 0 3718 0 3696 0 3697 0 3696 0 3698 0 3698 0 3696 0 3475 0 3698 0 3475 0 3362 0 3719 0 3720 0 3487 0 3487 0 3720 0 3721 0 3486 0 3719 0 3487 0 3487 0 3721 0 3722 0 3723 0 3661 0 3519 0 3516 0 3662 0 3517 0 3663 0 3662 0 3724 0 3724 0 3664 0 3663 0 3512 0 3676 0 3675 0 3514 0 3513 0 3677 0 3725 0 3726 0 3727 0 3728 0 3729 0 3730 0 3728 0 3213 0 3731 0 3205 0 3207 0 3732 0 3156 0 3519 0 3157 0 3733 0 3213 0 3728 0 3734 0 3728 0 3730 0 3730 0 3726 0 3735 0 3736 0 3727 0 3737 0 3737 0 3738 0 3739 0 3733 0 3728 0 3734 0 3740 0 3730 0 3735 0 3741 0 3726 0 3725 0 3741 0 3725 0 3742 0 3742 0 3725 0 3727 0 3743 0 3727 0 3736 0 3743 0 3736 0 3737 0 3743 0 3737 0 3744 0 3744 0 3737 0 3745 0 3745 0 3737 0 3739 0 3745 0 3739 0 3746 0 3209 0 3210 0 3213 0 3209 0 3213 0 3747 0 3747 0 3213 0 3733 0 3747 0 3733 0 3748 0 3748 0 3733 0 3734 0 3749 0 3726 0 3741 0 3750 0 3741 0 3742 0 3750 0 3742 0 3751 0 3751 0 3742 0 3727 0 3751 0 3727 0 3752 0 3752 0 3727 0 3743 0 3753 0 3743 0 3754 0 3754 0 3743 0 3744 0 3754 0 3744 0 3745 0 3755 0 3746 0 3739 0 3755 0 3739 0 3721 0 3721 0 3739 0 3722 0 3756 0 3209 0 3757 0 3757 0 3209 0 3747 0 3758 0 3747 0 3748 0 3758 0 3748 0 3734 0 3758 0 3734 0 3759 0 3759 0 3734 0 3740 0 3740 0 3734 0 3730 0 3760 0 3740 0 3735 0 3760 0 3735 0 3761 0 3761 0 3735 0 3762 0 3762 0 3735 0 3726 0 3762 0 3726 0 3763 0 3764 0 3726 0 3749 0 3765 0 3749 0 3741 0 3765 0 3741 0 3766 0 3766 0 3741 0 3750 0 3766 0 3750 0 3767 0 3767 0 3750 0 3751 0 3767 0 3751 0 3752 0 3768 0 3752 0 3743 0 3768 0 3743 0 3769 0 3769 0 3743 0 3753 0 3770 0 3753 0 3754 0 3770 0 3754 0 3771 0 3771 0 3754 0 3745 0 3772 0 3745 0 3746 0 3772 0 3746 0 3773 0 3773 0 3746 0 3755 0 3732 0 3207 0 3209 0 3774 0 3757 0 3747 0 3774 0 3747 0 3758 0 3775 0 3759 0 3740 0 3775 0 3740 0 3760 0 3776 0 3761 0 3762 0 3776 0 3762 0 3763 0 3763 0 3726 0 3777 0 3777 0 3726 0 3764 0 3777 0 3764 0 3749 0 3778 0 3766 0 3767 0 3767 0 3752 0 3779 0 3779 0 3752 0 3780 0 3780 0 3752 0 3768 0 3781 0 3769 0 3753 0 3781 0 3753 0 3770 0 3782 0 3770 0 3771 0 3782 0 3771 0 3745 0 3782 0 3745 0 3772 0 3783 0 3773 0 3755 0 3783 0 3755 0 3721 0 3732 0 3209 0 3784 0 3784 0 3209 0 3756 0 3784 0 3756 0 3785 0 3785 0 3756 0 3757 0 3785 0 3757 0 3774 0 3785 0 3774 0 3786 0 3786 0 3774 0 3758 0 3786 0 3758 0 3787 0 3787 0 3758 0 3759 0 3787 0 3759 0 3788 0 3788 0 3759 0 3775 0 3789 0 3775 0 3760 0 3789 0 3760 0 3790 0 3790 0 3760 0 3761 0 3790 0 3761 0 3776 0 3791 0 3776 0 3763 0 3791 0 3763 0 3792 0 3792 0 3763 0 3777 0 3792 0 3777 0 3793 0 3793 0 3777 0 3794 0 3794 0 3777 0 3749 0 3794 0 3749 0 3795 0 3795 0 3749 0 3796 0 3796 0 3749 0 3765 0 3796 0 3765 0 3797 0 3797 0 3765 0 3766 0 3797 0 3766 0 3778 0 3778 0 3767 0 3798 0 3798 0 3767 0 3779 0 3799 0 3780 0 3768 0 3799 0 3768 0 3800 0 3800 0 3768 0 3769 0 3800 0 3769 0 3781 0 3801 0 3781 0 3770 0 3801 0 3770 0 3802 0 3802 0 3770 0 3782 0 3802 0 3782 0 3803 0 3803 0 3782 0 3772 0 3803 0 3772 0 3804 0 3804 0 3772 0 3773 0 3804 0 3773 0 3805 0 3805 0 3773 0 3806 0 3806 0 3773 0 3783 0 3806 0 3783 0 3720 0 3720 0 3783 0 3721 0 3204 0 3205 0 3732 0 3204 0 3732 0 3784 0 3807 0 3784 0 3785 0 3807 0 3785 0 3786 0 3808 0 3788 0 3775 0 3808 0 3775 0 3789 0 3809 0 3790 0 3776 0 3809 0 3776 0 3810 0 3810 0 3776 0 3791 0 3811 0 3797 0 3778 0 3811 0 3778 0 3812 0 3812 0 3778 0 3798 0 3812 0 3798 0 3813 0 3813 0 3798 0 3779 0 3813 0 3779 0 3814 0 3814 0 3779 0 3780 0 3814 0 3780 0 3799 0 3815 0 3800 0 3781 0 3815 0 3781 0 3801 0 3816 0 3801 0 3802 0 3816 0 3802 0 3803 0 3817 0 3803 0 3804 0 3817 0 3804 0 3805 0 3818 0 3805 0 3806 0 3818 0 3806 0 3819 0 3819 0 3806 0 3720 0 3820 0 3204 0 3784 0 3820 0 3784 0 3821 0 3821 0 3784 0 3807 0 3822 0 3807 0 3786 0 3822 0 3786 0 3823 0 3823 0 3786 0 3787 0 3823 0 3787 0 3824 0 3824 0 3787 0 3825 0 3825 0 3787 0 3788 0 3825 0 3788 0 3826 0 3826 0 3788 0 3808 0 3808 0 3789 0 3827 0 3827 0 3789 0 3828 0 3828 0 3789 0 3790 0 3828 0 3790 0 3809 0 3829 0 3809 0 3830 0 3830 0 3809 0 3810 0 3830 0 3810 0 3831 0 3831 0 3810 0 3791 0 3831 0 3791 0 3832 0 3832 0 3791 0 3792 0 3832 0 3792 0 3833 0 3833 0 3792 0 3793 0 3833 0 3793 0 3834 0 3834 0 3793 0 3794 0 3834 0 3794 0 3835 0 3835 0 3794 0 3795 0 3835 0 3795 0 3796 0 3835 0 3796 0 3836 0 3836 0 3796 0 3797 0 3836 0 3797 0 3811 0 3837 0 3811 0 3812 0 3838 0 3814 0 3799 0 3838 0 3799 0 3839 0 3839 0 3799 0 3800 0 3839 0 3800 0 3815 0 3840 0 3815 0 3801 0 3840 0 3801 0 3816 0 3841 0 3816 0 3803 0 3841 0 3803 0 3842 0 3842 0 3803 0 3817 0 3843 0 3817 0 3805 0 3843 0 3805 0 3818 0 3719 0 3819 0 3720 0 3201 0 3204 0 3820 0 3844 0 3821 0 3845 0 3845 0 3821 0 3807 0 3845 0 3807 0 3846 0 3846 0 3807 0 3822 0 3846 0 3822 0 3823 0 3847 0 3826 0 3808 0 3847 0 3808 0 3827 0 3848 0 3828 0 3809 0 3848 0 3809 0 3829 0 3849 0 3835 0 3836 0 3850 0 3836 0 3811 0 3850 0 3811 0 3837 0 3851 0 3837 0 3812 0 3851 0 3812 0 3852 0 3852 0 3812 0 3813 0 3852 0 3813 0 3853 0 3853 0 3813 0 3814 0 3853 0 3814 0 3838 0 3854 0 3839 0 3815 0 3854 0 3815 0 3840 0 3855 0 3840 0 3856 0 3856 0 3840 0 3816 0 3856 0 3816 0 3841 0 3842 0 3817 0 3843 0 3857 0 3843 0 3818 0 3857 0 3818 0 3858 0 3858 0 3818 0 3819 0 3858 0 3819 0 3719 0 3156 0 3201 0 3859 0 3859 0 3201 0 3820 0 3859 0 3820 0 3860 0 3860 0 3820 0 3821 0 3860 0 3821 0 3844 0 3861 0 3846 0 3823 0 3861 0 3823 0 3862 0 3862 0 3823 0 3824 0 3862 0 3824 0 3863 0 3863 0 3824 0 3825 0 3863 0 3825 0 3864 0 3864 0 3825 0 3826 0 3864 0 3826 0 3847 0 3865 0 3847 0 3827 0 3865 0 3827 0 3828 0 3865 0 3828 0 3848 0 3866 0 3848 0 3829 0 3866 0 3829 0 3830 0 3866 0 3830 0 3831 0 3867 0 3831 0 3832 0 3867 0 3832 0 3868 0 3868 0 3832 0 3833 0 3868 0 3833 0 3869 0 3869 0 3833 0 3834 0 3869 0 3834 0 3849 0 3849 0 3834 0 3835 0 3870 0 3849 0 3836 0 3870 0 3836 0 3850 0 3871 0 3850 0 3837 0 3871 0 3837 0 3851 0 3872 0 3853 0 3838 0 3872 0 3838 0 3873 0 3873 0 3838 0 3839 0 3873 0 3839 0 3854 0 3874 0 3854 0 3840 0 3874 0 3840 0 3855 0 3875 0 3856 0 3841 0 3875 0 3841 0 3876 0 3876 0 3841 0 3842 0 3876 0 3842 0 3877 0 3877 0 3842 0 3843 0 3723 0 3156 0 3859 0 3723 0 3859 0 3860 0 3878 0 3860 0 3844 0 3878 0 3844 0 3624 0 3624 0 3844 0 3845 0 3624 0 3845 0 3846 0 3624 0 3846 0 3861 0 3662 0 3864 0 3847 0 3662 0 3847 0 3865 0 3664 0 3865 0 3848 0 3664 0 3848 0 3866 0 3664 0 3866 0 3665 0 3665 0 3866 0 3831 0 3665 0 3831 0 3867 0 3670 0 3869 0 3849 0 3670 0 3849 0 3870 0 3879 0 3870 0 3850 0 3879 0 3850 0 3871 0 3880 0 3871 0 3851 0 3880 0 3851 0 3881 0 3881 0 3851 0 3852 0 3881 0 3852 0 3675 0 3675 0 3852 0 3853 0 3675 0 3853 0 3872 0 3513 0 3873 0 3854 0 3513 0 3854 0 3874 0 3636 0 3874 0 3855 0 3636 0 3855 0 3856 0 3636 0 3856 0 3875 0 3636 0 3875 0 3876 0 3638 0 3877 0 3843 0 3638 0 3843 0 3857 0 3638 0 3857 0 3678 0 3678 0 3857 0 3858 0 3678 0 3858 0 3486 0 3486 0 3858 0 3719 0 3519 0 3156 0 3723 0 3723 0 3860 0 3661 0 3661 0 3860 0 3878 0 3661 0 3878 0 3624 0 3518 0 3624 0 3861 0 3518 0 3861 0 3862 0 3518 0 3862 0 3516 0 3516 0 3862 0 3863 0 3516 0 3863 0 3864 0 3516 0 3864 0 3662 0 3724 0 3662 0 3865 0 3724 0 3865 0 3664 0 3666 0 3665 0 3667 0 3667 0 3665 0 3867 0 3667 0 3867 0 3668 0 3668 0 3867 0 3868 0 3668 0 3868 0 3669 0 3669 0 3868 0 3869 0 3669 0 3869 0 3670 0 3671 0 3670 0 3870 0 3671 0 3870 0 3672 0 3672 0 3870 0 3879 0 3672 0 3879 0 3673 0 3673 0 3879 0 3871 0 3673 0 3871 0 3880 0 3673 0 3880 0 3674 0 3674 0 3880 0 3881 0 3674 0 3881 0 3675 0 3512 0 3675 0 3872 0 3512 0 3872 0 3513 0 3513 0 3872 0 3873 0 3677 0 3513 0 3874 0 3677 0 3874 0 3636 0 3511 0 3636 0 3509 0 3509 0 3636 0 3876 0 3509 0 3876 0 3510 0 3510 0 3876 0 3877 0 3510 0 3877 0 3638 0 3882 0 2094 0 2093 0 3882 0 2093 0 3883 0 3883 0 2093 0 2092 0 3883 0 2092 0 3884 0 3884 0 2092 0 2091 0 3884 0 2091 0 3885 0 3885 0 2091 0 2090 0 3885 0 2090 0 3886 0 3886 0 2090 0 2088 0 3886 0 2088 0 2089 0 3886 0 2089 0 3887 0 1766 0 1765 0 3731 0 3888 0 3731 0 1765 0 1676 0 1678 0 1749 0 1757 0 1765 0 1764 0 1757 0 1764 0 1752 0 1757 0 3888 0 1765 0 3889 0 1738 0 1688 0 1688 0 1738 0 1739 0 1688 0 1739 0 1690 0 1690 0 1739 0 1740 0 1741 0 1742 0 1693 0 1693 0 1692 0 1741 0 1741 0 1692 0 1740 0 1740 0 1692 0 1690 0 1743 0 1684 0 1742 0 1742 0 1684 0 1693 0 1747 0 1748 0 1680 0 1680 0 1681 0 1747 0 1747 0 1681 0 1743 0 1743 0 1681 0 1684 0 1749 0 1678 0 1748 0 1748 0 1678 0 1680 0 1749 0 1694 0 1676 0 1761 0 1701 0 1760 0 1761 0 1760 0 1767 0 1767 0 1760 0 1759 0 1751 0 1770 0 1758 0 1758 0 1770 0 1768 0 1758 0 1768 0 1759 0 1759 0 1768 0 1767 0 1750 0 1775 0 1751 0 1751 0 1775 0 1770 0 1754 0 1775 0 1750 0 1754 0 1773 0 1775 0 1753 0 1773 0 1754 0 1752 0 1764 0 1753 0 1753 0 1764 0 1773 0 1738 0 3889 0 3890 0 1738 0 3890 0 1736 0 1736 0 3890 0 3891 0 1736 0 3891 0 3892 0 1736 0 3892 0 1722 0 1722 0 3892 0 3893 0 1722 0 3893 0 1723 0 1723 0 3893 0 3894 0 1723 0 3894 0 1735 0 1735 0 3894 0 3895 0 1735 0 3895 0 1731 0 1731 0 3895 0 3896 0 1731 0 3896 0 3897 0 1731 0 3897 0 1732 0 1732 0 3897 0 3898 0 1732 0 3898 0 1733 0 1733 0 3898 0 3899 0 1733 0 3899 0 1734 0 1734 0 3899 0 3900 0 1734 0 3900 0 1727 0 1727 0 3900 0 3901 0 1727 0 3901 0 1728 0 1728 0 3901 0 3902 0 1728 0 3902 0 1729 0 1729 0 3902 0 3903 0 1729 0 3903 0 1730 0 1730 0 3903 0 1719 0 1719 0 3903 0 3904 0 1719 0 3904 0 1718 0 1718 0 3904 0 1700 0 1700 0 3904 0 3905 0 1700 0 3905 0 1710 0 1710 0 3905 0 3906 0 1710 0 3906 0 1711 0 1711 0 3906 0 1721 0 1721 0 3906 0 3907 0 1721 0 3907 0 1720 0 1720 0 3907 0 3908 0 1720 0 3908 0 1726 0 1726 0 3908 0 3909 0 1726 0 3909 0 1725 0 1725 0 3909 0 1717 0 1717 0 3909 0 3910 0 1717 0 3910 0 1737 0 1737 0 3910 0 3911 0 1737 0 3911 0 3912 0 1737 0 3912 0 1744 0 1744 0 3912 0 3913 0 1744 0 3913 0 1745 0 1745 0 3913 0 3914 0 1745 0 3914 0 1746 0 1746 0 3914 0 1724 0 1724 0 3914 0 3915 0 1724 0 3915 0 3916 0 1724 0 3916 0 1755 0 1755 0 3916 0 3917 0 1755 0 3917 0 1756 0 1756 0 3917 0 3918 0 1756 0 3918 0 3888 0 1756 0 3888 0 1757 0 3919 0 3889 0 1688 0 3919 0 1688 0 1687 0 3919 0 1991 0 3920 0 3920 0 1991 0 1990 0 3920 0 1990 0 3921 0 3921 0 1990 0 1636 0 3919 0 1992 0 1991 0 1994 0 1993 0 1687 0 1992 0 3919 0 1687 0 1992 0 1687 0 1993 0 1689 0 1994 0 1687 0 1689 0 1989 0 1995 0 1689 0 1995 0 1994 0 1686 0 1989 0 1691 0 1691 0 1989 0 1689 0 1686 0 1988 0 1989 0 1685 0 1683 0 1984 0 1685 0 1984 0 1987 0 1685 0 1987 0 1988 0 1685 0 1988 0 1686 0 1981 0 1982 0 1679 0 1981 0 1679 0 1677 0 1679 0 1982 0 1986 0 1679 0 1986 0 1682 0 1682 0 1986 0 1683 0 1683 0 1986 0 1985 0 1683 0 1985 0 1984 0 1981 0 1677 0 1695 0 1695 0 1978 0 1983 0 1695 0 1983 0 1981 0 1978 0 1695 0 1699 0 1978 0 1699 0 1979 0 1979 0 1699 0 1716 0 1979 0 1716 0 1980 0 1980 0 1716 0 1709 0 1980 0 1709 0 1968 0 1968 0 1709 0 1708 0 1968 0 1708 0 1715 0 1968 0 1715 0 1969 0 1969 0 1715 0 1707 0 1969 0 1707 0 1974 0 1974 0 1707 0 1706 0 1974 0 1706 0 1973 0 1973 0 1706 0 1698 0 1973 0 1698 0 1972 0 1972 0 1698 0 1697 0 1972 0 1697 0 1975 0 1975 0 1697 0 1714 0 1975 0 1714 0 1976 0 1976 0 1714 0 1713 0 1976 0 1713 0 1712 0 1976 0 1712 0 1977 0 1977 0 1712 0 1705 0 1977 0 1705 0 1970 0 1970 0 1705 0 1704 0 1970 0 1704 0 1971 0 1971 0 1704 0 1703 0 1702 0 1964 0 1966 0 1702 0 1966 0 1703 0 1703 0 1966 0 1965 0 1703 0 1965 0 1971 0 1763 0 1964 0 1702 0 1763 0 1960 0 1963 0 1763 0 1963 0 1964 0 1960 0 1763 0 1762 0 1769 0 1961 0 1962 0 1960 0 1762 0 1962 0 1962 0 1762 0 1769 0 1961 0 1769 0 1771 0 1777 0 1958 0 1771 0 1771 0 1958 0 1961 0 1959 0 1776 0 1957 0 1776 0 1959 0 1777 0 1777 0 1959 0 1958 0 1956 0 1957 0 1774 0 1774 0 1957 0 1776 0 1772 0 1956 0 1774 0 1955 0 1772 0 1766 0 1955 0 1956 0 1772 0 3731 0 1954 0 1766 0 1766 0 1954 0 1955 0 1952 0 1953 0 3922 0 1953 0 1954 0 3922 0 3922 0 1954 0 3731 0 3923 0 1952 0 3922 0 3924 0 3033 0 3165 0 3924 0 3165 0 3923 0 3923 0 3165 0 1952 0 3925 0 1790 0 3033 0 3925 0 3033 0 3924 0 3926 0 1787 0 1790 0 3926 0 1790 0 3925 0 3926 0 1811 0 1787 0 1845 0 1842 0 3927 0 3927 0 1842 0 1811 0 3927 0 1811 0 3926 0 571 0 1845 0 3887 0 3887 0 1845 0 3927 0 571 0 3887 0 567 0 567 0 3887 0 2089 0 682 0 3928 0 680 0 3929 0 1596 0 3928 0 3928 0 1596 0 680 0 3929 0 3930 0 1672 0 1672 0 1596 0 3929 0 3931 0 1674 0 3930 0 3930 0 1674 0 1672 0 3932 0 3367 0 3931 0 3367 0 1674 0 3931 0 3921 0 1636 0 3932 0 3932 0 1636 0 3367 0 2777 0 3933 0 3934 0 2777 0 3934 0 2778 0 2778 0 3934 0 3935 0 2778 0 3935 0 2779 0 2779 0 3935 0 3936 0 2779 0 3936 0 3937 0 2779 0 3937 0 2780 0 2780 0 3937 0 2776 0 2776 0 3937 0 3928 0 2776 0 3928 0 682 0 3938 0 2577 0 2188 0 2188 0 2577 0 2576 0 2016 0 2015 0 2576 0 2576 0 2015 0 2188 0 2188 0 3939 0 3938 0 3938 0 3939 0 3940 0 3940 0 3939 0 3941 0 3940 0 3941 0 3942 0 3940 0 3942 0 3943 0 3943 0 3942 0 3944 0 3943 0 3944 0 3945 0 3946 0 3947 0 3948 0 3948 0 3947 0 3949 0 3950 0 3951 0 3952 0 3952 0 3951 0 3953 0 3952 0 3953 0 3954 0 3952 0 3954 0 3955 0 3955 0 3954 0 3956 0 3956 0 3954 0 3957 0 3956 0 3957 0 3958 0 3958 0 3957 0 3959 0 3959 0 3957 0 3960 0 3959 0 3960 0 3961 0 3959 0 3961 0 3962 0 3962 0 3961 0 3963 0 3962 0 3963 0 3964 0 3964 0 3963 0 3949 0 3949 0 3963 0 3948 0 3947 0 3946 0 3965 0 3965 0 3946 0 3966 0 3966 0 3967 0 3965 0 3967 0 3966 0 3968 0 3969 0 3970 0 3966 0 3966 0 3970 0 3971 0 3971 0 3972 0 3966 0 3972 0 3973 0 3966 0 3966 0 3973 0 3974 0 3966 0 3974 0 3975 0 3966 0 3975 0 3968 0 3976 0 3969 0 3977 0 3978 0 2076 0 3979 0 3979 0 2076 0 2078 0 3979 0 2078 0 3980 0 3980 0 2078 0 2081 0 3981 0 3977 0 2063 0 3982 0 2075 0 3978 0 3978 0 2075 0 2076 0 3983 0 3984 0 3977 0 3977 0 3984 0 3985 0 3977 0 3985 0 3986 0 3977 0 3986 0 3987 0 3977 0 3987 0 3976 0 2081 0 3988 0 3989 0 2081 0 3989 0 3980 0 3977 0 2022 0 2023 0 2031 0 2032 0 2058 0 2058 0 2032 0 2033 0 2086 0 2058 0 2035 0 2035 0 2058 0 2034 0 2034 0 2058 0 2033 0 2023 0 2024 0 3977 0 3977 0 2024 0 2025 0 3977 0 2025 0 2026 0 2058 0 2060 0 2031 0 2031 0 2060 0 2061 0 2031 0 2061 0 3977 0 2086 0 2035 0 2036 0 2086 0 2036 0 2084 0 3969 0 2057 0 2017 0 3969 0 2017 0 2018 0 3977 0 2026 0 2027 0 3977 0 2027 0 2028 0 2063 0 3977 0 2061 0 3990 0 2069 0 3991 0 3991 0 2069 0 2072 0 3991 0 2072 0 3982 0 3982 0 2072 0 2074 0 3982 0 2074 0 2075 0 2081 0 2082 0 3988 0 3988 0 2082 0 2040 0 3988 0 2040 0 3992 0 3992 0 2040 0 2041 0 3992 0 2041 0 3993 0 2018 0 2019 0 3969 0 3969 0 2019 0 2020 0 3969 0 2020 0 3977 0 3977 0 2020 0 2021 0 3977 0 2021 0 2022 0 2028 0 2029 0 3977 0 3977 0 2029 0 2030 0 3977 0 2030 0 2031 0 2065 0 3994 0 2063 0 2063 0 3994 0 3995 0 2063 0 3995 0 3981 0 2066 0 3996 0 3997 0 2066 0 3997 0 3998 0 2066 0 3998 0 2065 0 2065 0 3998 0 3994 0 2044 0 3999 0 2043 0 2043 0 3999 0 2042 0 2042 0 3999 0 4000 0 2042 0 4000 0 2041 0 2041 0 4000 0 3993 0 2054 0 2055 0 4001 0 4001 0 2055 0 3966 0 3966 0 2055 0 2056 0 3966 0 2056 0 2057 0 3966 0 2057 0 3969 0 2069 0 3990 0 4002 0 2069 0 4002 0 2067 0 2067 0 4002 0 4003 0 2067 0 4003 0 2066 0 2066 0 4003 0 4004 0 2066 0 4004 0 4005 0 2066 0 4005 0 3996 0 2045 0 4006 0 4007 0 2045 0 4007 0 2044 0 2044 0 4007 0 4008 0 2044 0 4008 0 3999 0 4001 0 4009 0 2054 0 2054 0 4009 0 2053 0 2053 0 4009 0 4010 0 2053 0 4010 0 2052 0 2084 0 2036 0 2037 0 2084 0 2037 0 2038 0 2084 0 2038 0 2082 0 2082 0 2038 0 2039 0 2082 0 2039 0 2040 0 2047 0 4011 0 2046 0 2046 0 4011 0 4012 0 2046 0 4012 0 2045 0 2045 0 4012 0 4006 0 2049 0 4013 0 2048 0 2048 0 4013 0 2047 0 2047 0 4013 0 4014 0 2047 0 4014 0 4015 0 2047 0 4015 0 4011 0 2052 0 4010 0 4016 0 2052 0 4016 0 2051 0 2051 0 4016 0 2050 0 2050 0 4016 0 4017 0 2050 0 4017 0 2049 0 2049 0 4017 0 4018 0 2049 0 4018 0 4013 0 3983 0 3977 0 4019 0 3977 0 4020 0 4019 0 4019 0 4020 0 4021 0 4019 0 4021 0 4022 0 4022 0 4021 0 4023 0 4022 0 4023 0 4024 0 4024 0 4023 0 4025 0 4026 0 4027 0 4028 0 4028 0 4027 0 4029 0 4029 0 4027 0 4030 0 4029 0 4030 0 4031 0 4029 0 4031 0 4032 0 4032 0 4031 0 4033 0 4033 0 4031 0 4034 0 4033 0 4034 0 4024 0 4033 0 4024 0 4025 0 4035 0 4036 0 4026 0 4026 0 4036 0 4037 0 4026 0 4037 0 4027 0 2094 0 3882 0 3944 0 566 0 2094 0 2781 0 2781 0 2094 0 2784 0 2784 0 2094 0 2785 0 2785 0 2094 0 2788 0 2785 0 2788 0 2786 0 2181 0 2793 0 2193 0 2171 0 2802 0 2183 0 2183 0 2802 0 2801 0 2798 0 2183 0 2801 0 2802 0 2171 0 2172 0 2802 0 2172 0 2805 0 2805 0 2172 0 2167 0 2183 0 2798 0 2181 0 2796 0 2181 0 2798 0 2793 0 2181 0 2796 0 2188 0 2788 0 3939 0 2188 0 2193 0 2788 0 2788 0 2193 0 2793 0 2533 0 2812 0 2811 0 2533 0 2811 0 2535 0 2535 0 2811 0 2809 0 2535 0 2809 0 2537 0 2537 0 2809 0 2807 0 2537 0 2807 0 2165 0 2165 0 2807 0 2805 0 2165 0 2805 0 2167 0 2094 0 3944 0 2788 0 2788 0 3944 0 3942 0 918 0 2521 0 2523 0 918 0 2523 0 2992 0 2992 0 2523 0 4038 0 2992 0 4038 0 4039 0 2521 0 918 0 2790 0 2521 0 2790 0 2533 0 2533 0 2790 0 2812 0 3942 0 3941 0 2788 0 2788 0 3941 0 3939 0 3950 0 4040 0 3951 0 4040 0 4041 0 3951 0 2504 0 3949 0 3947 0 2504 0 3947 0 3965 0 2504 0 3965 0 3967 0 2504 0 3967 0 2505 0 2505 0 3967 0 3968 0 2505 0 3968 0 2512 0 2512 0 3968 0 3975 0 2512 0 3975 0 2513 0 2513 0 3975 0 3974 0 2513 0 3974 0 2514 0 2514 0 3974 0 2506 0 2506 0 3974 0 3973 0 2506 0 3973 0 2502 0 2502 0 3973 0 3972 0 2502 0 3972 0 2503 0 2503 0 3972 0 3971 0 2503 0 3971 0 2500 0 2500 0 3971 0 3970 0 2500 0 3970 0 2501 0 2501 0 3970 0 3969 0 2501 0 3969 0 2507 0 2507 0 3969 0 2508 0 2508 0 3969 0 2509 0 2509 0 3969 0 3976 0 2509 0 3976 0 2510 0 2510 0 3976 0 2511 0 2511 0 3976 0 3987 0 2511 0 3987 0 3986 0 2511 0 3986 0 2515 0 2515 0 3986 0 2516 0 2516 0 3986 0 3985 0 2516 0 3985 0 2517 0 2517 0 3985 0 3984 0 2517 0 3984 0 2518 0 2497 0 3983 0 2495 0 2498 0 2499 0 3983 0 3983 0 2499 0 3984 0 3984 0 2499 0 2518 0 2498 0 3983 0 2497 0 3184 0 2496 0 4019 0 4019 0 2496 0 2495 0 2495 0 3983 0 4019 0 3184 0 4019 0 4022 0 3184 0 4022 0 4024 0 3184 0 4024 0 3185 0 3185 0 4024 0 4034 0 4034 0 3187 0 3186 0 3185 0 4034 0 3186 0 3187 0 4034 0 4031 0 3187 0 4031 0 3188 0 3188 0 4031 0 3182 0 3182 0 4031 0 4030 0 3182 0 4030 0 3063 0 3063 0 4030 0 4027 0 4027 0 2482 0 3063 0 1192 0 2482 0 4037 0 4027 0 4037 0 2482 0 2504 0 2519 0 3949 0 3949 0 2519 0 2947 0 3949 0 2947 0 3964 0 3964 0 2947 0 2953 0 3964 0 2953 0 2952 0 3964 0 2952 0 3962 0 3962 0 2952 0 2951 0 3962 0 2951 0 3959 0 3959 0 2951 0 3958 0 3958 0 2951 0 2950 0 3958 0 2950 0 3956 0 2948 0 3956 0 2949 0 2949 0 3956 0 2950 0 2948 0 3952 0 3955 0 2948 0 3955 0 3956 0 3952 0 2948 0 3335 0 3952 0 3335 0 3950 0 3950 0 3335 0 689 0 3950 0 689 0 4040 0 689 0 688 0 4040 0 4040 0 688 0 4042 0 4038 0 2523 0 2531 0 4038 0 2531 0 4043 0 4043 0 2531 0 2530 0 4043 0 2530 0 2529 0 4043 0 2529 0 4044 0 4044 0 2529 0 2528 0 4044 0 2528 0 4045 0 4045 0 2528 0 1192 0 4045 0 1192 0 4037 0 688 0 2527 0 4042 0 4042 0 2527 0 4046 0 4046 0 2527 0 2526 0 4046 0 2526 0 4047 0 4047 0 2526 0 2525 0 4047 0 2525 0 4048 0 4048 0 2525 0 2524 0 4048 0 2524 0 2520 0 4048 0 2520 0 4049 0 2777 0 2782 0 2789 0 2789 0 2782 0 2787 0 679 0 2783 0 2777 0 2777 0 2783 0 2782 0 2799 0 2610 0 2797 0 2803 0 2547 0 2800 0 2547 0 2803 0 2804 0 2797 0 2610 0 2795 0 2800 0 2610 0 2799 0 2800 0 2547 0 2616 0 2800 0 2616 0 2610 0 2810 0 2534 0 2536 0 2810 0 2536 0 2808 0 2808 0 2536 0 2405 0 2795 0 2610 0 2606 0 2795 0 2606 0 2794 0 2794 0 2606 0 2789 0 2789 0 2606 0 2777 0 2806 0 2547 0 2804 0 2806 0 2405 0 2547 0 2808 0 2405 0 2806 0 2810 0 2813 0 2534 0 2534 0 2813 0 2791 0 2534 0 2791 0 2522 0 2522 0 2791 0 2792 0 4050 0 4049 0 2987 0 2987 0 4049 0 2520 0 2987 0 2520 0 2522 0 2987 0 2522 0 2792 0 3945 0 3933 0 3943 0 3943 0 3933 0 2777 0 2606 0 2577 0 2777 0 2777 0 2577 0 3938 0 2777 0 3938 0 3940 0 2777 0 3940 0 3943 0 2987 0 2977 0 4051 0 2835 0 2834 0 4052 0 3182 0 3194 0 3183 0 3182 0 3189 0 3194 0 3189 0 3182 0 3062 0 2844 0 3189 0 4053 0 2873 0 2846 0 2845 0 2871 0 2873 0 4054 0 2871 0 4054 0 2872 0 2843 0 2840 0 4055 0 4055 0 2840 0 2872 0 2840 0 2843 0 2841 0 2843 0 2842 0 2841 0 4052 0 2834 0 2839 0 2839 0 2834 0 2837 0 4052 0 2833 0 2835 0 4056 0 2833 0 4052 0 2833 0 4056 0 2830 0 2828 0 2829 0 2826 0 2829 0 2831 0 2826 0 2826 0 2831 0 2830 0 2828 0 2826 0 2825 0 4057 0 2827 0 2826 0 2816 0 2827 0 4058 0 2925 0 2934 0 4059 0 2893 0 2892 0 2923 0 2890 0 2891 0 2893 0 2888 0 2890 0 2886 0 2886 0 2890 0 2887 0 4060 0 2884 0 2890 0 2890 0 2884 0 2887 0 4061 0 2884 0 4060 0 2884 0 4061 0 2885 0 4062 0 2880 0 2882 0 4063 0 2936 0 4062 0 4062 0 2936 0 2880 0 2935 0 2936 0 4063 0 2929 0 2930 0 4064 0 4064 0 2930 0 4065 0 4065 0 2930 0 2935 0 4066 0 2929 0 4064 0 4066 0 2927 0 2929 0 2899 0 2926 0 4067 0 4067 0 2926 0 2927 0 2899 0 4067 0 4068 0 2948 0 2946 0 4068 0 4068 0 2946 0 2899 0 690 0 2946 0 2948 0 2962 0 3334 0 2948 0 4069 0 2965 0 2964 0 4069 0 2964 0 4070 0 2966 0 2970 0 2969 0 2976 0 2970 0 4071 0 4072 0 2977 0 4071 0 4071 0 2977 0 2976 0 4051 0 2977 0 4072 0 2987 0 4051 0 4050 0 2992 0 4039 0 4073 0 2992 0 4073 0 2990 0 4074 0 2990 0 4073 0 2990 0 4074 0 2991 0 4075 0 2998 0 2991 0 4075 0 2991 0 4074 0 4075 0 2996 0 2998 0 4076 0 2996 0 4075 0 4077 0 3002 0 3019 0 4078 0 3017 0 3002 0 3063 0 3062 0 3182 0 3062 0 3065 0 3189 0 3189 0 3065 0 4079 0 3189 0 4079 0 4053 0 4053 0 4079 0 4080 0 4053 0 4080 0 2844 0 2844 0 4080 0 2845 0 2845 0 4080 0 4081 0 2845 0 4081 0 2873 0 2873 0 4081 0 4082 0 2873 0 4082 0 4054 0 4054 0 4082 0 4083 0 4054 0 4083 0 2872 0 2872 0 4083 0 4084 0 2872 0 4084 0 4055 0 4055 0 4084 0 4085 0 4055 0 4085 0 2843 0 2838 0 2843 0 4086 0 2838 0 4086 0 4087 0 2838 0 4087 0 2839 0 2839 0 4087 0 4088 0 2839 0 4088 0 4089 0 2839 0 4089 0 4052 0 2830 0 4056 0 4090 0 2830 0 4090 0 2826 0 2826 0 4091 0 4057 0 2827 0 4057 0 4058 0 2925 0 4092 0 2923 0 2923 0 4092 0 4093 0 2923 0 4093 0 4094 0 2923 0 4094 0 2893 0 4061 0 4060 0 2885 0 2885 0 4060 0 4095 0 2885 0 4095 0 2881 0 2881 0 4095 0 2882 0 2882 0 4096 0 4062 0 2935 0 4063 0 4097 0 2935 0 4097 0 4065 0 4066 0 4064 0 4098 0 4066 0 4098 0 4099 0 4066 0 4099 0 2927 0 2927 0 4099 0 4067 0 4068 0 4067 0 4100 0 4068 0 4100 0 2948 0 2948 0 4100 0 2962 0 3064 0 3017 0 3065 0 3065 0 3017 0 4101 0 3065 0 4101 0 4079 0 4079 0 4101 0 4102 0 4079 0 4102 0 4080 0 4080 0 4102 0 4103 0 4080 0 4103 0 4104 0 4080 0 4104 0 4081 0 4081 0 4104 0 4105 0 4081 0 4105 0 4082 0 4082 0 4105 0 4106 0 4082 0 4106 0 4083 0 4083 0 4106 0 4107 0 4083 0 4107 0 4084 0 2843 0 4085 0 4108 0 2843 0 4108 0 4109 0 2843 0 4109 0 4086 0 4086 0 4109 0 4110 0 4086 0 4110 0 4087 0 4052 0 4089 0 4111 0 4052 0 4111 0 4056 0 4056 0 4111 0 4112 0 4056 0 4112 0 4090 0 4090 0 4112 0 2826 0 2826 0 4112 0 4113 0 2826 0 4113 0 4091 0 4091 0 4114 0 4057 0 4057 0 4114 0 4115 0 4057 0 4115 0 4058 0 4058 0 4115 0 2816 0 2816 0 4116 0 4117 0 2816 0 4117 0 2877 0 2877 0 4117 0 4118 0 2877 0 4118 0 2934 0 2934 0 4118 0 4059 0 2925 0 4059 0 4119 0 4092 0 2925 0 4120 0 4093 0 4092 0 4120 0 4093 0 4120 0 4094 0 4094 0 4120 0 4121 0 4094 0 4121 0 2893 0 2893 0 4121 0 4122 0 2893 0 4122 0 2890 0 4060 0 4123 0 4095 0 4095 0 4123 0 2882 0 2882 0 4123 0 4124 0 2882 0 4124 0 4096 0 4096 0 4124 0 4125 0 4096 0 4125 0 4062 0 4062 0 4125 0 4126 0 4062 0 4126 0 4127 0 4062 0 4127 0 4063 0 4063 0 4127 0 4128 0 4063 0 4128 0 4097 0 4097 0 4128 0 4065 0 4065 0 4128 0 4129 0 4065 0 4129 0 4130 0 4065 0 4130 0 4064 0 4064 0 4130 0 4098 0 4098 0 4130 0 4131 0 4098 0 4131 0 4099 0 4099 0 4131 0 4132 0 4099 0 4132 0 4133 0 4099 0 4133 0 4067 0 4067 0 4133 0 4134 0 4067 0 4134 0 4100 0 4100 0 4134 0 4135 0 4100 0 4135 0 4136 0 4100 0 4136 0 2962 0 3017 0 4078 0 4137 0 3017 0 4137 0 4101 0 4104 0 4103 0 4138 0 4104 0 4138 0 4105 0 4106 0 4105 0 4139 0 4084 0 4107 0 4140 0 4084 0 4140 0 4141 0 4084 0 4141 0 4085 0 4085 0 4141 0 4142 0 4085 0 4142 0 4108 0 4109 0 4108 0 4143 0 4109 0 4143 0 4110 0 4110 0 4143 0 4087 0 4087 0 4143 0 4144 0 4087 0 4144 0 4088 0 4111 0 4089 0 4145 0 4111 0 4145 0 4112 0 4112 0 4146 0 4113 0 4113 0 4146 0 4091 0 4091 0 4146 0 4147 0 4091 0 4147 0 4114 0 4114 0 4147 0 4148 0 4114 0 4148 0 4149 0 4114 0 4149 0 4115 0 4115 0 4149 0 2816 0 2816 0 4149 0 4150 0 4150 0 4149 0 4151 0 4150 0 4151 0 2816 0 2816 0 4151 0 4116 0 4117 0 4116 0 4152 0 4117 0 4152 0 4118 0 4118 0 4152 0 4059 0 4119 0 4059 0 4153 0 4119 0 4153 0 2925 0 2925 0 4153 0 4120 0 4120 0 4154 0 4121 0 4121 0 4154 0 4155 0 4121 0 4155 0 4122 0 4122 0 4155 0 2890 0 2890 0 4155 0 4156 0 2890 0 4156 0 4060 0 4060 0 4157 0 4123 0 4123 0 4157 0 4124 0 4125 0 4124 0 4158 0 4125 0 4158 0 4126 0 4126 0 4158 0 4159 0 4126 0 4159 0 4127 0 4127 0 4159 0 4160 0 4127 0 4160 0 4128 0 4128 0 4160 0 4161 0 4128 0 4161 0 4129 0 4129 0 4161 0 4130 0 4130 0 4161 0 4162 0 4130 0 4162 0 4131 0 4133 0 4132 0 4163 0 4133 0 4163 0 4134 0 4135 0 4134 0 4164 0 4135 0 4164 0 4136 0 2962 0 4136 0 4165 0 2962 0 4165 0 4070 0 2962 0 4070 0 2964 0 2997 0 2996 0 4076 0 2997 0 4076 0 4166 0 2997 0 4166 0 3019 0 3019 0 4166 0 4167 0 3019 0 4167 0 4077 0 4077 0 4167 0 3002 0 3002 0 4167 0 4168 0 3002 0 4168 0 4078 0 4078 0 4168 0 4137 0 4137 0 4168 0 4169 0 4137 0 4169 0 4101 0 4101 0 4169 0 4102 0 4102 0 4169 0 4170 0 4102 0 4170 0 4103 0 4103 0 4170 0 4138 0 4105 0 4138 0 4139 0 4106 0 4139 0 4171 0 4106 0 4171 0 4107 0 4107 0 4171 0 4140 0 4140 0 4171 0 4142 0 4140 0 4142 0 4141 0 4108 0 4142 0 4172 0 4108 0 4172 0 4143 0 4144 0 4143 0 4173 0 4144 0 4173 0 4088 0 4088 0 4173 0 4089 0 4089 0 4173 0 4145 0 4112 0 4145 0 4146 0 4147 0 4146 0 4148 0 4148 0 4146 0 4149 0 4151 0 4149 0 4116 0 4059 0 4152 0 4153 0 4153 0 4152 0 4120 0 4154 0 4120 0 4155 0 4060 0 4156 0 4157 0 4124 0 4157 0 4174 0 4124 0 4174 0 4158 0 4158 0 4174 0 4175 0 4158 0 4175 0 4159 0 4159 0 4175 0 4176 0 4159 0 4176 0 4160 0 4161 0 4160 0 4162 0 4131 0 4162 0 4177 0 4131 0 4177 0 4132 0 4132 0 4177 0 4163 0 4134 0 4163 0 4164 0 4164 0 4163 0 4178 0 4164 0 4178 0 4136 0 4136 0 4178 0 4165 0 4165 0 4178 0 4179 0 4165 0 4179 0 4070 0 4070 0 4179 0 4180 0 4070 0 4180 0 4069 0 4069 0 4180 0 2965 0 2965 0 4180 0 4181 0 2965 0 4181 0 2966 0 2966 0 4181 0 4182 0 2966 0 4182 0 2970 0 2970 0 4182 0 4071 0 4183 0 4184 0 3888 0 4183 0 3888 0 4185 0 3932 0 3357 0 3475 0 3932 0 3475 0 3921 0 3921 0 3475 0 3920 0 3358 0 3357 0 3931 0 3931 0 3357 0 3932 0 3325 0 3428 0 3929 0 3926 0 3212 0 3927 0 4186 0 3729 0 4187 0 4188 0 3722 0 4189 0 4189 0 3722 0 4190 0 4191 0 3700 0 3699 0 4191 0 3699 0 4188 0 4188 0 3699 0 3488 0 4188 0 3488 0 3722 0 3722 0 3488 0 3487 0 4192 0 3703 0 4193 0 4193 0 3703 0 3702 0 4194 0 4195 0 3716 0 3889 0 3919 0 4196 0 4196 0 3919 0 3717 0 4196 0 3717 0 4195 0 4195 0 3717 0 3716 0 3920 0 3475 0 3919 0 3919 0 3475 0 3696 0 3930 0 3358 0 3931 0 3929 0 3428 0 3930 0 3930 0 3428 0 3358 0 3289 0 3291 0 3945 0 3927 0 3212 0 3887 0 3212 0 3926 0 3925 0 4197 0 3730 0 4186 0 4186 0 3730 0 3729 0 3730 0 4197 0 4198 0 4185 0 3888 0 4199 0 4199 0 3888 0 3918 0 3716 0 3715 0 4194 0 4194 0 3715 0 3714 0 4194 0 3714 0 4200 0 4200 0 3714 0 4201 0 3696 0 3718 0 3919 0 3919 0 3718 0 3717 0 3944 0 3225 0 3259 0 3288 0 3323 0 3945 0 3212 0 3925 0 3924 0 3212 0 3924 0 3923 0 3212 0 3923 0 3213 0 3213 0 3923 0 3922 0 4184 0 4187 0 3888 0 3888 0 4187 0 3729 0 3888 0 3729 0 3731 0 3731 0 3729 0 3728 0 4198 0 3726 0 3730 0 4190 0 3722 0 3739 0 4193 0 3702 0 3701 0 4193 0 3701 0 4191 0 4191 0 3701 0 3700 0 4202 0 3705 0 4203 0 4203 0 3705 0 3704 0 4204 0 3706 0 4205 0 4205 0 3706 0 4202 0 4202 0 3706 0 3705 0 4206 0 3709 0 4207 0 4207 0 3709 0 3708 0 4207 0 3708 0 4208 0 4209 0 3711 0 4210 0 4210 0 3711 0 3710 0 4210 0 3710 0 4206 0 4206 0 3710 0 3709 0 3945 0 3261 0 3227 0 3256 0 3278 0 3283 0 3284 0 3286 0 3945 0 3945 0 3291 0 3292 0 3945 0 3292 0 3310 0 4211 0 3726 0 4212 0 4203 0 3704 0 4192 0 4192 0 3704 0 3703 0 4208 0 3708 0 3707 0 4208 0 3707 0 4204 0 4204 0 3707 0 3706 0 3714 0 3713 0 4201 0 4201 0 3713 0 3712 0 4201 0 3712 0 4209 0 4209 0 3712 0 3711 0 3355 0 3326 0 3928 0 3928 0 3326 0 3929 0 3929 0 3326 0 3325 0 3355 0 3928 0 3937 0 3259 0 3261 0 3945 0 3228 0 3256 0 3945 0 3283 0 3284 0 3256 0 3256 0 3284 0 3945 0 3945 0 3323 0 3289 0 3922 0 3731 0 3213 0 4212 0 3726 0 4198 0 3726 0 4213 0 4214 0 4190 0 3739 0 4215 0 3918 0 3917 0 4199 0 4199 0 3917 0 3916 0 4199 0 3916 0 4216 0 4216 0 3916 0 3915 0 4216 0 3915 0 4217 0 4217 0 3915 0 3914 0 4217 0 3914 0 4218 0 4218 0 3914 0 4219 0 4219 0 3914 0 3913 0 4219 0 3913 0 4220 0 4220 0 3913 0 3912 0 4220 0 3912 0 4221 0 4221 0 3912 0 3911 0 4221 0 3911 0 4222 0 4222 0 3911 0 3910 0 4222 0 3910 0 4223 0 4223 0 3910 0 4224 0 4224 0 3910 0 3909 0 4224 0 3909 0 4225 0 4225 0 3909 0 4226 0 4226 0 3909 0 3908 0 4226 0 3908 0 4227 0 4227 0 3908 0 3907 0 4227 0 3907 0 4228 0 4228 0 3907 0 3906 0 4228 0 3906 0 4229 0 4229 0 3906 0 4230 0 4230 0 3906 0 3905 0 4230 0 3905 0 4231 0 3944 0 3259 0 3945 0 3216 0 3221 0 3885 0 3885 0 3221 0 3220 0 3885 0 3220 0 3219 0 3885 0 3219 0 3218 0 3885 0 3218 0 3884 0 4232 0 3726 0 4211 0 4213 0 3726 0 4232 0 4215 0 3739 0 3738 0 4215 0 3738 0 4233 0 3945 0 3310 0 3933 0 3933 0 3310 0 3296 0 3308 0 3935 0 3298 0 3300 0 3937 0 3302 0 3937 0 3300 0 3355 0 3227 0 3226 0 3945 0 3945 0 3226 0 3228 0 3945 0 3286 0 3288 0 3216 0 3885 0 3212 0 3212 0 3885 0 3886 0 3212 0 3886 0 3887 0 3222 0 3882 0 3883 0 3222 0 3883 0 3218 0 3882 0 3222 0 3223 0 4234 0 3726 0 4214 0 3726 0 4234 0 4235 0 4235 0 3727 0 3726 0 4236 0 3737 0 4237 0 4233 0 3738 0 3737 0 4233 0 3737 0 4236 0 3933 0 3296 0 3295 0 3933 0 3295 0 3298 0 3933 0 3298 0 3934 0 3884 0 3218 0 3883 0 3882 0 3223 0 3224 0 3882 0 3224 0 3225 0 3882 0 3225 0 3944 0 3905 0 3904 0 4231 0 4231 0 3904 0 4238 0 4238 0 3904 0 3903 0 4238 0 3903 0 4239 0 4239 0 3903 0 4240 0 4240 0 3903 0 3902 0 4240 0 3902 0 4241 0 4241 0 3902 0 3901 0 4241 0 3901 0 4242 0 4242 0 3901 0 3900 0 4242 0 3900 0 4243 0 4243 0 3900 0 3899 0 4243 0 3899 0 4244 0 4244 0 3899 0 3898 0 4244 0 3898 0 3897 0 4244 0 3897 0 4245 0 4245 0 3897 0 3896 0 4245 0 3896 0 4246 0 4246 0 3896 0 3895 0 4246 0 3895 0 4247 0 4247 0 3895 0 3894 0 4247 0 3894 0 4248 0 4248 0 3894 0 3893 0 4248 0 3893 0 4249 0 4249 0 3893 0 4250 0 4250 0 3893 0 3892 0 4250 0 3892 0 4251 0 4251 0 3892 0 3891 0 4251 0 3891 0 3890 0 4251 0 3890 0 4252 0 4252 0 3890 0 3889 0 4252 0 3889 0 4253 0 4253 0 3889 0 4196 0 3934 0 3298 0 3935 0 3737 0 3727 0 4237 0 4237 0 3727 0 4235 0 3935 0 3308 0 3302 0 3935 0 3302 0 3936 0 3936 0 3302 0 3937 0 4254 0 4255 0 4256 0 4256 0 4255 0 4257 0 4256 0 4257 0 4258 0 4258 0 4257 0 4259 0 4258 0 4259 0 4260 0 4260 0 4259 0 4261 0 4260 0 4261 0 4262 0 4260 0 4262 0 4263 0 4263 0 4262 0 4264 0 4263 0 4264 0 4265 0 4265 0 4264 0 4266 0 4265 0 4266 0 4267 0 4267 0 4266 0 4268 0 4267 0 4268 0 4269 0 4269 0 4268 0 4270 0 4269 0 4270 0 4271 0 4270 0 4272 0 4271 0 4271 0 4272 0 4273 0 4271 0 4273 0 4274 0 4273 0 4275 0 4274 0 4274 0 4275 0 4276 0 4274 0 4276 0 4277 0 4276 0 4278 0 4277 0 4277 0 4278 0 4279 0 4279 0 4278 0 4280 0 4280 0 4281 0 4279 0 4279 0 4281 0 4282 0 4282 0 4281 0 4283 0 4281 0 4284 0 4283 0 4283 0 4284 0 4285 0 4285 0 4284 0 4286 0 4285 0 4286 0 4287 0 4286 0 4288 0 4287 0 4287 0 4288 0 4289 0 4289 0 4288 0 4290 0 4288 0 4291 0 4290 0 4290 0 4291 0 4292 0 4290 0 4292 0 4293 0 4293 0 4292 0 4294 0 4292 0 4295 0 4294 0 4294 0 4295 0 4296 0 4294 0 4296 0 4297 0 4296 0 4298 0 4297 0 4041 0 4011 0 3951 0 3951 0 4011 0 4015 0 3951 0 4015 0 3953 0 3953 0 4015 0 4014 0 3953 0 4014 0 4013 0 3953 0 4013 0 3954 0 3954 0 4013 0 4018 0 3954 0 4018 0 3957 0 4017 0 4016 0 3960 0 4017 0 3960 0 4018 0 4018 0 3960 0 3957 0 4016 0 4010 0 3963 0 4016 0 3963 0 3961 0 4016 0 3961 0 3960 0 4010 0 4009 0 3948 0 4010 0 3948 0 3963 0 3966 0 4009 0 4001 0 3966 0 3946 0 4009 0 4009 0 3946 0 3948 0 3981 0 4020 0 3977 0 3995 0 4021 0 3981 0 3981 0 4021 0 4020 0 3994 0 4023 0 3995 0 3995 0 4023 0 4021 0 3998 0 4025 0 3994 0 3994 0 4025 0 4023 0 3998 0 4033 0 4025 0 3997 0 4033 0 3998 0 3997 0 4032 0 4033 0 3996 0 4029 0 3997 0 3997 0 4029 0 4032 0 4005 0 4028 0 3996 0 3996 0 4028 0 4029 0 4004 0 4026 0 4005 0 4005 0 4026 0 4028 0 4035 0 4026 0 4003 0 4003 0 4026 0 4004 0 4035 0 4003 0 4002 0 4035 0 4002 0 4299 0 4299 0 4002 0 4300 0 4301 0 3988 0 4302 0 4302 0 3988 0 3992 0 3993 0 4303 0 3992 0 3992 0 4303 0 4302 0 3993 0 4304 0 4303 0 4000 0 4305 0 3993 0 3993 0 4305 0 4304 0 3999 0 4306 0 4000 0 4000 0 4306 0 4307 0 4000 0 4307 0 4305 0 3999 0 4308 0 4306 0 4008 0 4308 0 3999 0 4007 0 4309 0 4008 0 4008 0 4309 0 4308 0 4007 0 4310 0 4309 0 4006 0 4311 0 4007 0 4007 0 4311 0 4310 0 4012 0 4312 0 4006 0 4006 0 4312 0 4311 0 4011 0 4312 0 4012 0 4297 0 4298 0 4313 0 4297 0 4313 0 4041 0 4041 0 4313 0 4314 0 4041 0 4314 0 4011 0 4011 0 4314 0 4312 0 4300 0 4002 0 4315 0 4315 0 4002 0 3990 0 4315 0 3990 0 3991 0 4315 0 3991 0 4316 0 4316 0 3991 0 3982 0 4316 0 3982 0 4317 0 4317 0 3982 0 3978 0 4317 0 3978 0 4318 0 4318 0 3978 0 3979 0 4318 0 3979 0 4319 0 4319 0 3979 0 4320 0 4320 0 3979 0 3980 0 4320 0 3980 0 4321 0 4321 0 3980 0 3989 0 4321 0 3989 0 4301 0 4301 0 3989 0 3988 0 4302 0 4303 0 4322 0 4322 0 4303 0 4304 0 4307 0 4306 0 4305 0 4305 0 4306 0 4308 0 4312 0 4323 0 4324 0 4324 0 4311 0 4312 0 4314 0 4325 0 4323 0 4323 0 4312 0 4314 0 4298 0 4326 0 4325 0 4314 0 4313 0 4325 0 4325 0 4313 0 4298 0 4295 0 4327 0 4326 0 4298 0 4296 0 4326 0 4326 0 4296 0 4295 0 4291 0 4328 0 4327 0 4295 0 4292 0 4327 0 4327 0 4292 0 4291 0 4288 0 4329 0 4328 0 4328 0 4291 0 4288 0 4286 0 4330 0 4329 0 4329 0 4288 0 4286 0 4330 0 4286 0 4284 0 4331 0 4284 0 4281 0 4331 0 4281 0 4280 0 4331 0 4280 0 4278 0 4276 0 4275 0 4332 0 4332 0 4275 0 4273 0 4332 0 4273 0 4270 0 4270 0 4273 0 4272 0 4036 0 4035 0 4333 0 4333 0 4035 0 4334 0 4334 0 4035 0 4299 0 4049 0 4050 0 4051 0 4044 0 4074 0 4043 0 4045 0 4076 0 4044 0 4044 0 4076 0 4075 0 4044 0 4075 0 4074 0 4037 0 4167 0 4045 0 4045 0 4167 0 4166 0 4045 0 4166 0 4076 0 4037 0 4168 0 4167 0 4036 0 4169 0 4037 0 4037 0 4169 0 4168 0 4043 0 4074 0 4073 0 4043 0 4073 0 4038 0 4038 0 4073 0 4039 0 4335 0 4145 0 4173 0 4048 0 4072 0 4047 0 4047 0 4072 0 4071 0 4049 0 4051 0 4048 0 4048 0 4051 0 4072 0 4335 0 4173 0 4143 0 4335 0 4143 0 4336 0 4274 0 4155 0 4120 0 4041 0 4040 0 4297 0 4297 0 4040 0 4180 0 4042 0 4181 0 4040 0 4040 0 4181 0 4180 0 4169 0 4036 0 4337 0 4169 0 4337 0 4170 0 4170 0 4337 0 4338 0 4170 0 4338 0 4339 0 4340 0 4139 0 4341 0 4341 0 4139 0 4138 0 4341 0 4138 0 4339 0 4339 0 4138 0 4170 0 4342 0 4142 0 4343 0 4343 0 4142 0 4171 0 4343 0 4171 0 4340 0 4340 0 4171 0 4139 0 4336 0 4143 0 4172 0 4336 0 4172 0 4142 0 4336 0 4142 0 4342 0 4263 0 4149 0 4260 0 4267 0 4116 0 4265 0 4265 0 4116 0 4149 0 4265 0 4149 0 4263 0 4274 0 4120 0 4271 0 4297 0 4180 0 4294 0 4294 0 4180 0 4179 0 4047 0 4071 0 4046 0 4046 0 4071 0 4182 0 4046 0 4182 0 4042 0 4042 0 4182 0 4181 0 4258 0 4146 0 4256 0 4256 0 4146 0 4145 0 4256 0 4145 0 4254 0 4254 0 4145 0 4335 0 4149 0 4146 0 4260 0 4260 0 4146 0 4258 0 4271 0 4120 0 4269 0 4269 0 4120 0 4152 0 4290 0 4162 0 4289 0 4289 0 4162 0 4287 0 4179 0 4178 0 4294 0 4294 0 4178 0 4293 0 4293 0 4178 0 4163 0 4293 0 4163 0 4290 0 4279 0 4157 0 4156 0 4279 0 4156 0 4277 0 4285 0 4176 0 4175 0 4285 0 4175 0 4283 0 4269 0 4152 0 4267 0 4267 0 4152 0 4116 0 4277 0 4156 0 4155 0 4277 0 4155 0 4274 0 4175 0 4174 0 4283 0 4283 0 4174 0 4157 0 4283 0 4157 0 4282 0 4282 0 4157 0 4279 0 4287 0 4162 0 4160 0 4287 0 4160 0 4285 0 4285 0 4160 0 4176 0 4290 0 4163 0 4177 0 4290 0 4177 0 4162 0 4335 0 4344 0 4254 0 4254 0 4344 0 4255 0 4300 0 4345 0 4299 0 4346 0 4334 0 4345 0 4345 0 4334 0 4299 0 4347 0 4348 0 4232 0 4232 0 4211 0 4347 0 4347 0 4211 0 4212 0 4347 0 4212 0 4349 0 4349 0 4212 0 4350 0 4350 0 4212 0 4198 0 4350 0 4198 0 4351 0 4351 0 4198 0 4352 0 4352 0 4198 0 4197 0 4352 0 4197 0 4353 0 4353 0 4197 0 4186 0 4353 0 4186 0 4187 0 4353 0 4187 0 4354 0 4354 0 4187 0 4184 0 4354 0 4184 0 4355 0 4355 0 4184 0 4183 0 4355 0 4183 0 4356 0 4356 0 4183 0 4185 0 4356 0 4185 0 4357 0 4357 0 4185 0 4199 0 4357 0 4199 0 4358 0 4358 0 4199 0 4216 0 4358 0 4216 0 4359 0 4359 0 4216 0 4217 0 4359 0 4217 0 4360 0 4360 0 4217 0 4361 0 4361 0 4217 0 4218 0 4361 0 4218 0 4362 0 4362 0 4218 0 4219 0 4362 0 4219 0 4363 0 4363 0 4219 0 4220 0 4363 0 4220 0 4364 0 4364 0 4220 0 4221 0 4364 0 4221 0 4365 0 4365 0 4221 0 4222 0 4365 0 4222 0 4366 0 4366 0 4222 0 4223 0 4366 0 4223 0 4367 0 4367 0 4223 0 4224 0 4367 0 4224 0 4225 0 4367 0 4225 0 4368 0 4368 0 4225 0 4226 0 4368 0 4226 0 4369 0 4369 0 4226 0 4227 0 4369 0 4227 0 4370 0 4370 0 4227 0 4228 0 4370 0 4228 0 4371 0 4371 0 4228 0 4229 0 4371 0 4229 0 4372 0 4372 0 4229 0 4230 0 4372 0 4230 0 4373 0 4373 0 4230 0 4231 0 4373 0 4231 0 4374 0 4374 0 4231 0 4238 0 4374 0 4238 0 4375 0 4375 0 4238 0 4239 0 4375 0 4239 0 4376 0 4376 0 4239 0 4240 0 4376 0 4240 0 4241 0 4376 0 4241 0 4377 0 4377 0 4241 0 4242 0 4377 0 4242 0 4243 0 4377 0 4243 0 4378 0 4378 0 4243 0 4244 0 4378 0 4244 0 4379 0 4379 0 4244 0 4380 0 4380 0 4244 0 4245 0 4380 0 4245 0 4246 0 4380 0 4246 0 4381 0 4381 0 4246 0 4247 0 4381 0 4247 0 4382 0 4382 0 4247 0 4248 0 4382 0 4248 0 4383 0 4383 0 4248 0 4249 0 4383 0 4249 0 4250 0 4383 0 4250 0 4384 0 4384 0 4250 0 4385 0 4385 0 4250 0 4251 0 4385 0 4251 0 4386 0 4386 0 4251 0 4387 0 4387 0 4251 0 4252 0 4387 0 4252 0 4388 0 4388 0 4252 0 4253 0 4388 0 4253 0 4389 0 4389 0 4253 0 4196 0 4389 0 4196 0 4195 0 4389 0 4195 0 4390 0 4390 0 4195 0 4194 0 4390 0 4194 0 4391 0 4391 0 4194 0 4200 0 4391 0 4200 0 4392 0 4392 0 4200 0 4201 0 4392 0 4201 0 4209 0 4392 0 4209 0 4393 0 4393 0 4209 0 4210 0 4393 0 4210 0 4394 0 4394 0 4210 0 4206 0 4394 0 4206 0 4395 0 4395 0 4206 0 4207 0 4395 0 4207 0 4208 0 4395 0 4208 0 4396 0 4396 0 4208 0 4204 0 4396 0 4204 0 4205 0 4396 0 4205 0 4397 0 4397 0 4205 0 4202 0 4397 0 4202 0 4398 0 4398 0 4202 0 4203 0 4398 0 4203 0 4399 0 4399 0 4203 0 4192 0 4399 0 4192 0 4400 0 4400 0 4192 0 4193 0 4400 0 4193 0 4401 0 4401 0 4193 0 4191 0 4401 0 4191 0 4402 0 4402 0 4191 0 4403 0 4403 0 4191 0 4188 0 4403 0 4188 0 4404 0 4404 0 4188 0 4189 0 4404 0 4189 0 4405 0 4405 0 4189 0 4190 0 4405 0 4190 0 4406 0 4406 0 4190 0 4215 0 4406 0 4215 0 4407 0 4407 0 4215 0 4233 0 4407 0 4233 0 4408 0 4408 0 4233 0 4236 0 4408 0 4236 0 4409 0 4409 0 4236 0 4237 0 4409 0 4237 0 4410 0 4410 0 4237 0 4411 0 4411 0 4237 0 4235 0 4411 0 4235 0 4412 0 4412 0 4235 0 4234 0 4412 0 4234 0 4413 0 4413 0 4234 0 4214 0 4413 0 4214 0 4414 0 4414 0 4214 0 4213 0 4414 0 4213 0 4415 0 4415 0 4213 0 4416 0 4416 0 4213 0 4232 0 4416 0 4232 0 4417 0 4417 0 4232 0 4348 0 4418 0 4360 0 4419 0 4419 0 4360 0 4361 0 4364 0 4420 0 4363 0 4363 0 4420 0 4421 0 4363 0 4421 0 4362 0 4362 0 4421 0 4361 0 4361 0 4421 0 4419 0 4373 0 4422 0 4372 0 4372 0 4422 0 4423 0 4372 0 4423 0 4371 0 4371 0 4423 0 4370 0 4370 0 4423 0 4424 0 4370 0 4424 0 4369 0 4369 0 4424 0 4425 0 4369 0 4425 0 4368 0 4368 0 4425 0 4367 0 4367 0 4425 0 4426 0 4367 0 4426 0 4427 0 4367 0 4427 0 4366 0 4366 0 4427 0 4365 0 4365 0 4427 0 4428 0 4365 0 4428 0 4364 0 4364 0 4428 0 4429 0 4364 0 4429 0 4420 0 4411 0 4412 0 4430 0 4430 0 4412 0 4431 0 4431 0 4412 0 4413 0 4431 0 4413 0 4432 0 4432 0 4413 0 4414 0 4432 0 4414 0 4433 0 4433 0 4414 0 4415 0 4433 0 4415 0 4416 0 4433 0 4416 0 4434 0 4434 0 4416 0 4417 0 4434 0 4417 0 4435 0 4430 0 4436 0 4411 0 4411 0 4436 0 4437 0 4411 0 4437 0 4410 0 4410 0 4437 0 4409 0 4409 0 4437 0 4438 0 4409 0 4438 0 4408 0 4408 0 4438 0 4407 0 4407 0 4438 0 4439 0 4407 0 4439 0 4440 0 4407 0 4440 0 4406 0 4406 0 4440 0 4441 0 4406 0 4441 0 4405 0 4405 0 4441 0 4442 0 4405 0 4442 0 4404 0 4404 0 4442 0 4403 0 4403 0 4442 0 4443 0 4403 0 4443 0 4402 0 4395 0 4444 0 4394 0 4394 0 4444 0 4445 0 4394 0 4445 0 4393 0 4393 0 4445 0 4446 0 4393 0 4446 0 4392 0 4392 0 4446 0 4447 0 4392 0 4447 0 4391 0 4391 0 4447 0 4390 0 4390 0 4447 0 4448 0 4390 0 4448 0 4389 0 4389 0 4448 0 4449 0 4389 0 4449 0 4450 0 4389 0 4450 0 4388 0 4380 0 4451 0 4452 0 4380 0 4452 0 4379 0 4379 0 4452 0 4378 0 4378 0 4452 0 4453 0 4378 0 4453 0 4377 0 4377 0 4453 0 4454 0 4377 0 4454 0 4376 0 4376 0 4454 0 4455 0 4376 0 4455 0 4456 0 4376 0 4456 0 4375 0 4375 0 4456 0 4457 0 4375 0 4457 0 4374 0 4374 0 4457 0 4373 0 4373 0 4457 0 4422 0 4450 0 4458 0 4388 0 4388 0 4458 0 4387 0 4387 0 4458 0 4459 0 4387 0 4459 0 4386 0 4386 0 4459 0 4460 0 4386 0 4460 0 4385 0 4385 0 4460 0 4384 0 4384 0 4460 0 4461 0 4384 0 4461 0 4383 0 4383 0 4461 0 4462 0 4383 0 4462 0 4382 0 4382 0 4462 0 4463 0 4382 0 4463 0 4381 0 4381 0 4463 0 4464 0 4381 0 4464 0 4380 0 4380 0 4464 0 4451 0 4402 0 4443 0 4465 0 4402 0 4465 0 4401 0 4401 0 4465 0 4466 0 4401 0 4466 0 4400 0 4400 0 4466 0 4467 0 4400 0 4467 0 4399 0 4399 0 4467 0 4468 0 4399 0 4468 0 4398 0 4398 0 4468 0 4469 0 4398 0 4469 0 4397 0 4397 0 4469 0 4470 0 4397 0 4470 0 4396 0 4396 0 4470 0 4471 0 4396 0 4471 0 4472 0 4396 0 4472 0 4395 0 4395 0 4472 0 4473 0 4395 0 4473 0 4444 0 4474 0 4418 0 4419 0 4419 0 4475 0 4474 0 4421 0 4476 0 4419 0 4419 0 4476 0 4475 0 4420 0 4477 0 4421 0 4421 0 4477 0 4476 0 4429 0 4478 0 4420 0 4420 0 4478 0 4477 0 4428 0 4478 0 4429 0 4427 0 4479 0 4428 0 4428 0 4479 0 4478 0 4427 0 4480 0 4479 0 4426 0 4481 0 4427 0 4427 0 4481 0 4480 0 4425 0 4482 0 4426 0 4426 0 4482 0 4481 0 4424 0 4483 0 4425 0 4425 0 4483 0 4482 0 4423 0 4484 0 4424 0 4424 0 4484 0 4483 0 4423 0 4485 0 4484 0 4422 0 4486 0 4423 0 4423 0 4486 0 4485 0 4422 0 4487 0 4486 0 4457 0 4488 0 4422 0 4422 0 4488 0 4487 0 4457 0 4489 0 4488 0 4456 0 4490 0 4457 0 4457 0 4490 0 4489 0 4455 0 4491 0 4456 0 4456 0 4491 0 4490 0 4454 0 4492 0 4455 0 4455 0 4492 0 4491 0 4454 0 4493 0 4492 0 4453 0 4494 0 4454 0 4454 0 4494 0 4493 0 4452 0 4495 0 4453 0 4453 0 4495 0 4494 0 4452 0 4496 0 4495 0 4451 0 4497 0 4452 0 4452 0 4497 0 4496 0 4464 0 4498 0 4451 0 4451 0 4498 0 4497 0 4463 0 4499 0 4464 0 4464 0 4499 0 4498 0 4462 0 4500 0 4463 0 4463 0 4500 0 4499 0 4461 0 4501 0 4462 0 4462 0 4501 0 4500 0 4461 0 4502 0 4501 0 4460 0 4503 0 4461 0 4461 0 4503 0 4502 0 4460 0 4504 0 4503 0 4459 0 4505 0 4460 0 4460 0 4505 0 4504 0 4459 0 4506 0 4505 0 4458 0 4507 0 4459 0 4459 0 4507 0 4506 0 4458 0 4508 0 4507 0 4450 0 4509 0 4458 0 4458 0 4509 0 4508 0 4510 0 4509 0 4450 0 4510 0 4450 0 4449 0 4510 0 4449 0 4511 0 4511 0 4449 0 4448 0 4511 0 4448 0 4512 0 4512 0 4448 0 4447 0 4512 0 4447 0 4513 0 4513 0 4447 0 4514 0 4514 0 4447 0 4446 0 4514 0 4446 0 4515 0 4515 0 4446 0 4445 0 4515 0 4445 0 4516 0 4516 0 4445 0 4444 0 4516 0 4444 0 4517 0 4517 0 4444 0 4518 0 4518 0 4444 0 4473 0 4518 0 4473 0 4519 0 4519 0 4473 0 4472 0 4519 0 4472 0 4520 0 4520 0 4472 0 4471 0 4520 0 4471 0 4521 0 4521 0 4471 0 4470 0 4521 0 4470 0 4522 0 4522 0 4470 0 4469 0 4522 0 4469 0 4523 0 4523 0 4469 0 4468 0 4523 0 4468 0 4524 0 4524 0 4468 0 4467 0 4524 0 4467 0 4525 0 4525 0 4467 0 4526 0 4526 0 4467 0 4466 0 4526 0 4466 0 4527 0 4527 0 4466 0 4528 0 4528 0 4466 0 4465 0 4528 0 4465 0 4529 0 4529 0 4465 0 4443 0 4529 0 4443 0 4530 0 4530 0 4443 0 4531 0 4531 0 4443 0 4442 0 4531 0 4442 0 4532 0 4532 0 4442 0 4533 0 4533 0 4442 0 4441 0 4533 0 4441 0 4534 0 4534 0 4441 0 4440 0 4534 0 4440 0 4535 0 4535 0 4440 0 4439 0 4535 0 4439 0 4536 0 4536 0 4439 0 4438 0 4536 0 4438 0 4537 0 4537 0 4438 0 4538 0 4538 0 4438 0 4437 0 4538 0 4437 0 4539 0 4539 0 4437 0 4540 0 4540 0 4437 0 4436 0 4540 0 4436 0 4541 0 4541 0 4436 0 4430 0 4541 0 4430 0 4542 0 4542 0 4430 0 4543 0 4543 0 4430 0 4431 0 4543 0 4431 0 4544 0 4544 0 4431 0 4432 0 4544 0 4432 0 4433 0 4544 0 4433 0 4545 0 4545 0 4433 0 4546 0 4546 0 4433 0 4434 0 4546 0 4434 0 4547 0 4547 0 4434 0 4548 0 4548 0 4434 0 4435 0 4259 0 4549 0 4261 0 4262 0 4261 0 4549 0 4262 0 4549 0 4264 0 4345 0 4300 0 4315 0 4310 0 4550 0 4309 0 4317 0 4551 0 4316 0 4316 0 4551 0 4315 0 4321 0 4552 0 4320 0 4320 0 4552 0 4319 0 4319 0 4552 0 4318 0 4324 0 4553 0 4311 0 4317 0 4318 0 4554 0 4276 0 4332 0 4278 0 4325 0 4555 0 4323 0 4327 0 4556 0 4326 0 4284 0 4331 0 4557 0 4284 0 4557 0 4330 0 4336 0 4558 0 4559 0 4336 0 4559 0 4560 0 4336 0 4560 0 4561 0 4336 0 4561 0 4562 0 4563 0 4564 0 4333 0 4333 0 4564 0 4565 0 4333 0 4565 0 4036 0 4036 0 4565 0 4566 0 4036 0 4566 0 4337 0 4337 0 4566 0 4567 0 4337 0 4567 0 4568 0 4337 0 4568 0 4338 0 4338 0 4568 0 4569 0 4338 0 4569 0 4339 0 4339 0 4569 0 4570 0 4339 0 4570 0 4341 0 4341 0 4570 0 4340 0 4340 0 4570 0 4571 0 4340 0 4571 0 4343 0 4343 0 4571 0 4572 0 4343 0 4572 0 4342 0 4342 0 4572 0 4558 0 4342 0 4558 0 4336 0 4563 0 4333 0 4334 0 4563 0 4334 0 4346 0 4344 0 4335 0 4336 0 4344 0 4336 0 4562 0 4344 0 4562 0 4573 0 4418 0 4474 0 4574 0 4359 0 4360 0 4575 0 4575 0 4360 0 4418 0 4575 0 4418 0 4576 0 4576 0 4418 0 4574 0 4359 0 4575 0 4358 0 4348 0 4347 0 4577 0 4577 0 4347 0 4349 0 4577 0 4349 0 4578 0 4578 0 4349 0 4350 0 4354 0 4579 0 4353 0 4353 0 4579 0 4580 0 4353 0 4580 0 4581 0 4353 0 4581 0 4352 0 4352 0 4581 0 4582 0 4352 0 4582 0 4351 0 4351 0 4582 0 4583 0 4351 0 4583 0 4350 0 4350 0 4583 0 4578 0 4358 0 4575 0 4357 0 4357 0 4575 0 4584 0 4357 0 4584 0 4356 0 4356 0 4584 0 4585 0 4356 0 4585 0 4355 0 4355 0 4585 0 4586 0 4355 0 4586 0 4354 0 4354 0 4586 0 4579 0 4435 0 4417 0 4348 0 4587 0 4548 0 4588 0 4588 0 4548 0 4435 0 4588 0 4435 0 4577 0 4577 0 4435 0 4348 0 4574 0 4474 0 4589 0 4589 0 4474 0 4475 0 4475 0 4476 0 4589 0 4589 0 4476 0 4590 0 4590 0 4476 0 4591 0 4591 0 4476 0 4477 0 4591 0 4477 0 4592 0 4477 0 4478 0 4592 0 4592 0 4478 0 4593 0 4593 0 4478 0 4479 0 4479 0 4480 0 4593 0 4593 0 4480 0 4594 0 4594 0 4480 0 4481 0 4481 0 4482 0 4594 0 4594 0 4482 0 4595 0 4595 0 4482 0 4596 0 4482 0 4483 0 4596 0 4596 0 4483 0 4597 0 4597 0 4483 0 4484 0 4597 0 4484 0 4485 0 4597 0 4485 0 4598 0 4485 0 4486 0 4598 0 4598 0 4486 0 4599 0 4599 0 4486 0 4487 0 4599 0 4487 0 4488 0 4599 0 4488 0 4600 0 4600 0 4488 0 4489 0 4600 0 4489 0 4601 0 4489 0 4490 0 4601 0 4490 0 4491 0 4601 0 4601 0 4491 0 4602 0 4602 0 4491 0 4492 0 4602 0 4492 0 4603 0 4492 0 4493 0 4603 0 4603 0 4493 0 4494 0 4603 0 4494 0 4604 0 4494 0 4495 0 4604 0 4604 0 4495 0 4605 0 4605 0 4495 0 4496 0 4605 0 4496 0 4497 0 4605 0 4497 0 4606 0 4606 0 4497 0 4498 0 4606 0 4498 0 4607 0 4498 0 4499 0 4607 0 4499 0 4500 0 4607 0 4607 0 4500 0 4501 0 4607 0 4501 0 4608 0 4608 0 4501 0 4502 0 4608 0 4502 0 4503 0 4608 0 4503 0 4609 0 4609 0 4503 0 4610 0 4503 0 4504 0 4610 0 4610 0 4504 0 4505 0 4610 0 4505 0 4611 0 4505 0 4506 0 4611 0 4611 0 4506 0 4612 0 4506 0 4507 0 4612 0 4612 0 4507 0 4613 0 4507 0 4508 0 4613 0 4613 0 4508 0 4509 0 4613 0 4509 0 4614 0 4509 0 4510 0 4614 0 4614 0 4510 0 4615 0 4510 0 4511 0 4615 0 4615 0 4511 0 4616 0 4511 0 4512 0 4616 0 4512 0 4513 0 4616 0 4616 0 4513 0 4617 0 4513 0 4514 0 4617 0 4617 0 4514 0 4618 0 4514 0 4515 0 4618 0 4618 0 4515 0 4516 0 4618 0 4516 0 4619 0 4516 0 4517 0 4619 0 4619 0 4517 0 4620 0 4517 0 4518 0 4620 0 4620 0 4518 0 4519 0 4620 0 4519 0 4621 0 4519 0 4520 0 4621 0 4621 0 4520 0 4521 0 4621 0 4521 0 4622 0 4622 0 4521 0 4522 0 4622 0 4522 0 4523 0 4622 0 4523 0 4623 0 4623 0 4523 0 4624 0 4523 0 4524 0 4624 0 4524 0 4525 0 4624 0 4624 0 4525 0 4625 0 4525 0 4526 0 4625 0 4625 0 4526 0 4626 0 4526 0 4527 0 4626 0 4626 0 4527 0 4528 0 4626 0 4528 0 4627 0 4528 0 4529 0 4627 0 4627 0 4529 0 4530 0 4627 0 4530 0 4531 0 4627 0 4531 0 4628 0 4531 0 4532 0 4628 0 4628 0 4532 0 4629 0 4532 0 4533 0 4629 0 4629 0 4533 0 4534 0 4629 0 4534 0 4535 0 4629 0 4535 0 4630 0 4535 0 4536 0 4630 0 4630 0 4536 0 4631 0 4536 0 4537 0 4631 0 4631 0 4537 0 4632 0 4537 0 4538 0 4632 0 4538 0 4539 0 4632 0 4632 0 4539 0 4540 0 4632 0 4540 0 4633 0 4633 0 4540 0 4541 0 4633 0 4541 0 4634 0 4634 0 4541 0 4542 0 4634 0 4542 0 4543 0 4634 0 4543 0 4635 0 4635 0 4543 0 4544 0 4635 0 4544 0 4636 0 4636 0 4544 0 4545 0 4636 0 4545 0 4637 0 4637 0 4545 0 4638 0 4545 0 4546 0 4638 0 4638 0 4546 0 4547 0 4548 0 4587 0 4638 0 4548 0 4638 0 4547 0 4562 0 4639 0 4640 0 4562 0 4640 0 4641 0 4641 0 4642 0 4562 0 4562 0 4642 0 4643 0 4562 0 4643 0 4573 0 4644 0 4559 0 4558 0 4559 0 4644 0 4645 0 4559 0 4645 0 4560 0 4560 0 4645 0 4561 0 4645 0 4639 0 4561 0 4561 0 4639 0 4562 0 4571 0 4646 0 4572 0 4572 0 4646 0 4647 0 4572 0 4647 0 4558 0 4558 0 4647 0 4644 0 4570 0 4648 0 4571 0 4571 0 4648 0 4646 0 4649 0 4566 0 4650 0 4650 0 4566 0 4565 0 4569 0 4651 0 4570 0 4570 0 4651 0 4648 0 4567 0 4652 0 4568 0 4568 0 4652 0 4653 0 4568 0 4653 0 4569 0 4569 0 4653 0 4651 0 4566 0 4649 0 4654 0 4566 0 4654 0 4567 0 4567 0 4654 0 4652 0 4655 0 4656 0 4564 0 4655 0 4564 0 4657 0 4563 0 4658 0 4564 0 4564 0 4658 0 4657 0 4564 0 4656 0 4650 0 4564 0 4650 0 4565 0 4639 0 4659 0 4344 0 4573 0 4643 0 4344 0 4344 0 4643 0 4639 0 4255 0 4344 0 4257 0 4549 0 4660 0 4661 0 4549 0 4661 0 4264 0 4264 0 4661 0 4266 0 4266 0 4662 0 4663 0 4266 0 4663 0 4268 0 4268 0 4663 0 4270 0 4270 0 4664 0 4332 0 4331 0 4665 0 4557 0 4328 0 4329 0 4666 0 4328 0 4666 0 4327 0 4325 0 4667 0 4555 0 4323 0 4555 0 4324 0 4310 0 4311 0 4550 0 4309 0 4550 0 4668 0 4322 0 4669 0 4302 0 4317 0 4554 0 4551 0 4315 0 4551 0 4345 0 4670 0 4671 0 4672 0 4670 0 4672 0 4673 0 4674 0 4675 0 4676 0 4677 0 4678 0 4679 0 4677 0 4679 0 4680 0 4681 0 4682 0 4683 0 4682 0 4681 0 4684 0 4684 0 4681 0 4685 0 4686 0 4687 0 4688 0 4689 0 4690 0 4691 0 4692 0 4693 0 4694 0 4695 0 4696 0 4697 0 4697 0 4696 0 4698 0 4699 0 4700 0 4701 0 4701 0 4700 0 4702 0 4701 0 4702 0 4703 0 4704 0 4705 0 4706 0 4707 0 4708 0 4709 0 4707 0 4709 0 4710 0 4711 0 4712 0 4713 0 4711 0 4713 0 4714 0 4714 0 4713 0 4715 0 4716 0 4717 0 4660 0 4344 0 4659 0 4718 0 4642 0 4641 0 4639 0 4639 0 4641 0 4640 0 4643 0 4642 0 4639 0 4719 0 4718 0 4720 0 4715 0 4713 0 4661 0 4661 0 4713 0 4712 0 4663 0 4712 0 4707 0 4663 0 4707 0 4710 0 4663 0 4710 0 4706 0 4664 0 4706 0 4705 0 4721 0 4700 0 4698 0 4698 0 4696 0 4695 0 4722 0 4694 0 4693 0 4723 0 4724 0 4725 0 4723 0 4725 0 4726 0 4727 0 4726 0 4728 0 4727 0 4728 0 4729 0 4730 0 4729 0 4731 0 4730 0 4731 0 4732 0 4550 0 4690 0 4733 0 4550 0 4733 0 4687 0 4550 0 4687 0 4734 0 4685 0 4687 0 4686 0 4735 0 4681 0 4736 0 4680 0 4679 0 4678 0 4554 0 4672 0 4671 0 4737 0 4671 0 4738 0 4737 0 4738 0 4739 0 4563 0 4739 0 4658 0 4563 0 4346 0 4739 0 4739 0 4346 0 4345 0 4739 0 4345 0 4737 0 4737 0 4551 0 4671 0 4671 0 4551 0 4554 0 4672 0 4554 0 4674 0 4675 0 4552 0 4678 0 4680 0 4669 0 4735 0 4681 0 4740 0 4685 0 4685 0 4740 0 4741 0 4687 0 4685 0 4742 0 4687 0 4742 0 4734 0 4690 0 4550 0 4553 0 4690 0 4553 0 4691 0 4743 0 4691 0 4667 0 4743 0 4667 0 4732 0 4732 0 4667 0 4730 0 4729 0 4730 0 4556 0 4729 0 4556 0 4727 0 4726 0 4727 0 4723 0 4723 0 4727 0 4666 0 4723 0 4666 0 4724 0 4724 0 4744 0 4693 0 4693 0 4744 0 4722 0 4694 0 4722 0 4695 0 4695 0 4722 0 4665 0 4695 0 4665 0 4698 0 4698 0 4665 0 4745 0 4698 0 4745 0 4721 0 4700 0 4721 0 4702 0 4712 0 4662 0 4661 0 4715 0 4661 0 4746 0 4715 0 4746 0 4660 0 4716 0 4660 0 4719 0 4718 0 4719 0 4747 0 4549 0 4719 0 4660 0 4663 0 4662 0 4712 0 4278 0 4664 0 4702 0 4278 0 4702 0 4721 0 4278 0 4721 0 4748 0 4748 0 4721 0 4331 0 4331 0 4721 0 4745 0 4331 0 4745 0 4665 0 4666 0 4744 0 4724 0 4556 0 4666 0 4727 0 4555 0 4667 0 4691 0 4550 0 4734 0 4668 0 4668 0 4734 0 4742 0 4668 0 4742 0 4685 0 4669 0 4681 0 4735 0 4680 0 4678 0 4552 0 4552 0 4675 0 4674 0 4551 0 4737 0 4345 0 4344 0 4718 0 4257 0 4257 0 4718 0 4259 0 4259 0 4718 0 4747 0 4259 0 4747 0 4719 0 4259 0 4719 0 4549 0 4661 0 4660 0 4746 0 4266 0 4661 0 4662 0 4270 0 4663 0 4706 0 4270 0 4706 0 4664 0 4332 0 4664 0 4278 0 4331 0 4278 0 4748 0 4557 0 4665 0 4330 0 4330 0 4665 0 4722 0 4330 0 4722 0 4744 0 4330 0 4744 0 4329 0 4329 0 4744 0 4666 0 4666 0 4556 0 4327 0 4326 0 4556 0 4730 0 4326 0 4730 0 4667 0 4326 0 4667 0 4325 0 4555 0 4691 0 4553 0 4555 0 4553 0 4324 0 4311 0 4553 0 4550 0 4309 0 4668 0 4308 0 4308 0 4668 0 4685 0 4308 0 4685 0 4305 0 4305 0 4685 0 4304 0 4304 0 4685 0 4741 0 4304 0 4741 0 4740 0 4304 0 4740 0 4322 0 4322 0 4740 0 4681 0 4322 0 4681 0 4669 0 4302 0 4669 0 4301 0 4301 0 4669 0 4321 0 4321 0 4669 0 4680 0 4321 0 4680 0 4552 0 4318 0 4552 0 4674 0 4318 0 4674 0 4554 0 4583 0 4749 0 4578 0 4578 0 4749 0 4750 0 4750 0 4751 0 4578 0 4578 0 4751 0 4752 0 4749 0 4583 0 4753 0 4753 0 4583 0 4582 0 4753 0 4582 0 4581 0 4753 0 4581 0 4754 0 4754 0 4581 0 4580 0 4754 0 4580 0 4579 0 4754 0 4579 0 4755 0 4755 0 4579 0 4586 0 4755 0 4586 0 4756 0 4756 0 4586 0 4757 0 4757 0 4586 0 4585 0 4757 0 4585 0 4758 0 4759 0 4760 0 4584 0 4584 0 4760 0 4761 0 4584 0 4761 0 4762 0 4584 0 4762 0 4758 0 4584 0 4758 0 4585 0 4759 0 4584 0 4763 0 4763 0 4584 0 4575 0 4763 0 4575 0 4576 0 4752 0 4764 0 4578 0 4578 0 4764 0 4588 0 4578 0 4588 0 4577 0 4588 0 4764 0 4765 0 4632 0 4633 0 4766 0 4634 0 4767 0 4633 0 4633 0 4767 0 4768 0 4591 0 4769 0 4590 0 4590 0 4769 0 4589 0 4592 0 4593 0 4770 0 4592 0 4770 0 4591 0 4635 0 4636 0 4767 0 4635 0 4767 0 4634 0 4638 0 4587 0 4588 0 4589 0 4576 0 4574 0 4576 0 4771 0 4763 0 4594 0 4772 0 4593 0 4593 0 4772 0 4773 0 4594 0 4595 0 4772 0 4638 0 4774 0 4637 0 4637 0 4774 0 4636 0 4600 0 4775 0 4599 0 4603 0 4776 0 4602 0 4602 0 4776 0 4601 0 4601 0 4777 0 4600 0 4600 0 4777 0 4775 0 4599 0 4775 0 4598 0 4598 0 4775 0 4597 0 4604 0 4605 0 4778 0 4604 0 4778 0 4603 0 4603 0 4778 0 4776 0 4606 0 4607 0 4779 0 4606 0 4779 0 4605 0 4613 0 4780 0 4612 0 4614 0 4615 0 4781 0 4617 0 4781 0 4616 0 4614 0 4781 0 4613 0 4613 0 4781 0 4782 0 4613 0 4782 0 4780 0 4608 0 4783 0 4607 0 4617 0 4784 0 4781 0 4624 0 4785 0 4623 0 4623 0 4785 0 4622 0 4629 0 4786 0 4628 0 4632 0 4766 0 4631 0 4631 0 4766 0 4787 0 4631 0 4787 0 4630 0 4609 0 4788 0 4608 0 4620 0 4789 0 4619 0 4619 0 4789 0 4618 0 4621 0 4789 0 4620 0 4621 0 4622 0 4789 0 4627 0 4786 0 4626 0 4628 0 4786 0 4627 0 4630 0 4787 0 4629 0 4629 0 4790 0 4786 0 4786 0 4791 0 4626 0 4626 0 4791 0 4625 0 4625 0 4791 0 4624 0 4624 0 4791 0 4785 0 4792 0 4793 0 4794 0 4795 0 4793 0 4796 0 4796 0 4793 0 4792 0 4795 0 4796 0 4797 0 4795 0 4797 0 4798 0 4798 0 4797 0 4799 0 4800 0 4801 0 4798 0 4800 0 4798 0 4799 0 4801 0 4800 0 4802 0 4803 0 4802 0 4804 0 4803 0 4804 0 4805 0 4806 0 4805 0 4807 0 4808 0 4809 0 4810 0 4810 0 4809 0 4807 0 4807 0 4809 0 4806 0 4811 0 4812 0 4810 0 4810 0 4812 0 4808 0 4813 0 4814 0 4812 0 4815 0 4816 0 4817 0 4818 0 4819 0 4817 0 4820 0 4819 0 4818 0 4821 0 4822 0 4820 0 4822 0 4821 0 4823 0 4824 0 4823 0 4825 0 4826 0 4824 0 4825 0 4827 0 4828 0 4829 0 4827 0 4830 0 4828 0 4831 0 4832 0 4833 0 4831 0 4833 0 4826 0 4831 0 4826 0 4834 0 4834 0 4826 0 4825 0 4834 0 4825 0 4835 0 4835 0 4825 0 4823 0 4835 0 4823 0 4821 0 4821 0 4820 0 4836 0 4836 0 4820 0 4818 0 4837 0 4818 0 4817 0 4837 0 4817 0 4838 0 4838 0 4817 0 4839 0 4839 0 4817 0 4816 0 4839 0 4816 0 4840 0 4840 0 4816 0 4814 0 4840 0 4814 0 4813 0 4828 0 4832 0 4831 0 4841 0 4831 0 4834 0 4842 0 4835 0 4821 0 4842 0 4821 0 4836 0 4843 0 4844 0 4839 0 4843 0 4839 0 4845 0 4845 0 4839 0 4840 0 4845 0 4840 0 4811 0 4836 0 4846 0 4847 0 4836 0 4847 0 4842 0 4848 0 4846 0 4837 0 4848 0 4837 0 4844 0 4847 0 4846 0 4849 0 4849 0 4846 0 4848 0 4850 0 4841 0 4851 0 4852 0 4827 0 4850 0 4850 0 4827 0 4829 0 4853 0 4850 0 4851 0 4853 0 4851 0 4854 0 4854 0 4851 0 4855 0 4854 0 4855 0 4856 0 4852 0 4850 0 4857 0 4857 0 4850 0 4853 0 4850 0 4829 0 4841 0 4857 0 4853 0 4854 0 4858 0 4854 0 4856 0 4858 0 4856 0 4847 0 4858 0 4847 0 4849 0 4859 0 4848 0 4860 0 4860 0 4848 0 4843 0 4843 0 4845 0 4861 0 4861 0 4860 0 4843 0 4862 0 4859 0 4860 0 4861 0 4863 0 4864 0 4860 0 4865 0 4862 0 4861 0 4864 0 4860 0 4858 0 4849 0 4866 0 4849 0 4848 0 4859 0 4849 0 4859 0 4866 0 4866 0 4859 0 4867 0 4868 0 4869 0 4866 0 4866 0 4867 0 4870 0 4854 0 4871 0 4857 0 4857 0 4871 0 4872 0 4857 0 4872 0 4873 0 4857 0 4873 0 4852 0 4866 0 4869 0 4858 0 4858 0 4869 0 4874 0 4874 0 4869 0 4871 0 4869 0 4868 0 4871 0 4856 0 4855 0 4842 0 4856 0 4842 0 4847 0 4858 0 4874 0 4854 0 4854 0 4874 0 4871 0 4871 0 4868 0 4875 0 4871 0 4875 0 4872 0 4852 0 4873 0 4876 0 4852 0 4876 0 4827 0 4827 0 4876 0 4830 0 4868 0 4877 0 4878 0 4868 0 4878 0 4875 0 4872 0 4875 0 4879 0 4872 0 4879 0 4873 0 4873 0 4880 0 4876 0 4876 0 4880 0 4881 0 4878 0 4882 0 4875 0 4875 0 4882 0 4879 0 4873 0 4879 0 4880 0 4882 0 4883 0 4879 0 4879 0 4883 0 4880 0 4883 0 4884 0 4885 0 4886 0 4885 0 4887 0 4884 0 4887 0 4885 0 4885 0 4886 0 4888 0 4878 0 4884 0 4882 0 4882 0 4884 0 4883 0 4883 0 4885 0 4880 0 4880 0 4885 0 4888 0 4880 0 4888 0 4881 0 4866 0 4870 0 4877 0 4866 0 4877 0 4868 0 4876 0 4881 0 4830 0 4889 0 4890 0 4891 0 4891 0 4890 0 4892 0 4891 0 4892 0 4893 0 4893 0 4892 0 4894 0 4893 0 4894 0 4895 0 4895 0 4894 0 4896 0 4895 0 4896 0 4897 0 4897 0 4896 0 4898 0 4898 0 4896 0 4899 0 4898 0 4899 0 4900 0 4901 0 4889 0 4902 0 4902 0 4889 0 4891 0 4902 0 4891 0 4893 0 4893 0 4895 0 4897 0 4903 0 4904 0 4905 0 4903 0 4905 0 4906 0 4907 0 4908 0 4906 0 4906 0 4905 0 4907 0 4909 0 4901 0 4902 0 4908 0 4902 0 4893 0 4908 0 4893 0 4906 0 4906 0 4893 0 4897 0 4906 0 4897 0 4903 0 4903 0 4897 0 4898 0 4910 0 4911 0 4901 0 4901 0 4911 0 4889 0 4889 0 4912 0 4890 0 4911 0 4913 0 4914 0 4915 0 4916 0 4912 0 4912 0 4889 0 4915 0 4915 0 4889 0 4914 0 4914 0 4889 0 4911 0 4913 0 4917 0 4918 0 4917 0 4919 0 4920 0 4917 0 4920 0 4921 0 4920 0 4918 0 4921 0 4921 0 4918 0 4917 0 4916 0 4915 0 4918 0 4918 0 4915 0 4914 0 4918 0 4914 0 4913 0 4902 0 4908 0 4909 0 4901 0 4909 0 4910 0 4916 0 4810 0 4807 0 4912 0 4807 0 4804 0 4912 0 4804 0 4890 0 4892 0 4890 0 4800 0 4892 0 4800 0 4894 0 4894 0 4800 0 4799 0 4894 0 4799 0 4922 0 4922 0 4796 0 4923 0 4923 0 4796 0 4792 0 4920 0 4811 0 4810 0 4807 0 4805 0 4804 0 4890 0 4804 0 4802 0 4890 0 4802 0 4800 0 4799 0 4797 0 4922 0 4922 0 4797 0 4796 0 4813 0 4812 0 4811 0 4813 0 4811 0 4840 0 4839 0 4844 0 4838 0 4838 0 4844 0 4837 0 4818 0 4837 0 4846 0 4818 0 4846 0 4836 0 4842 0 4855 0 4835 0 4835 0 4855 0 4851 0 4835 0 4851 0 4834 0 4834 0 4851 0 4841 0 4831 0 4841 0 4829 0 4831 0 4829 0 4828 0 4845 0 4920 0 4861 0 4861 0 4920 0 4919 0 4861 0 4919 0 4863 0 4923 0 4924 0 4899 0 4923 0 4899 0 4922 0 4922 0 4899 0 4896 0 4922 0 4896 0 4894 0 4807 0 4912 0 4916 0 4810 0 4916 0 4918 0 4810 0 4918 0 4920 0 4811 0 4920 0 4845 0 4844 0 4843 0 4848 0 4859 0 4862 0 4867 0 4919 0 4917 0 4863 0 4925 0 4926 0 4927 0 4928 0 4929 0 4930 0 4931 0 4932 0 4933 0 4886 0 4887 0 4934 0 4935 0 4936 0 4937 0 4938 0 4939 0 4936 0 4940 0 4935 0 4937 0 4940 0 4941 0 4935 0 4940 0 4932 0 4941 0 4933 0 4932 0 4940 0 4942 0 4931 0 4933 0 4931 0 4943 0 4944 0 4943 0 4931 0 4942 0 4943 0 4945 0 4944 0 4946 0 4945 0 4943 0 4947 0 4948 0 4949 0 4950 0 4951 0 4952 0 4953 0 4954 0 4955 0 4956 0 4957 0 4958 0 4959 0 4960 0 4961 0 4959 0 4961 0 4962 0 4959 0 4963 0 4960 0 4964 0 4965 0 4966 0 4964 0 4967 0 4965 0 4968 0 4969 0 4970 0 4971 0 4972 0 4973 0 4974 0 4863 0 4975 0 4860 0 4864 0 4865 0 4865 0 4976 0 4977 0 4978 0 4865 0 4977 0 4870 0 4867 0 4979 0 4979 0 4867 0 4980 0 4981 0 4877 0 4870 0 4877 0 4981 0 4878 0 4878 0 4981 0 4982 0 4981 0 4870 0 4979 0 4878 0 4982 0 4983 0 4982 0 4981 0 4984 0 4984 0 4981 0 4985 0 4983 0 4884 0 4878 0 4935 0 4938 0 4936 0 4986 0 4936 0 4939 0 4976 0 4974 0 4975 0 4976 0 4975 0 4987 0 4987 0 4975 0 4988 0 4987 0 4988 0 4989 0 4989 0 4988 0 4990 0 4989 0 4990 0 4991 0 4991 0 4990 0 4992 0 4991 0 4992 0 4993 0 4993 0 4992 0 4994 0 4994 0 4995 0 4996 0 4996 0 4995 0 4997 0 4997 0 4995 0 4998 0 4997 0 4998 0 4999 0 4997 0 4999 0 5000 0 5000 0 4999 0 5001 0 5000 0 5001 0 5002 0 5002 0 5001 0 5003 0 4867 0 4978 0 4980 0 4980 0 4978 0 4977 0 4980 0 4977 0 5004 0 5004 0 4977 0 5005 0 5004 0 5005 0 5006 0 5006 0 5005 0 5007 0 5006 0 5007 0 5008 0 5008 0 5007 0 5009 0 5009 0 4993 0 5010 0 5010 0 4993 0 5011 0 5011 0 5012 0 5013 0 5013 0 5012 0 4996 0 5013 0 4996 0 5014 0 5015 0 5002 0 5016 0 5016 0 5002 0 5017 0 5016 0 5017 0 5018 0 4986 0 4983 0 4936 0 4936 0 4983 0 4937 0 4937 0 4984 0 4940 0 4940 0 4985 0 4933 0 4933 0 4985 0 4942 0 4943 0 5019 0 4946 0 4946 0 5019 0 5020 0 4946 0 5020 0 4949 0 4949 0 5020 0 5021 0 4949 0 5021 0 4947 0 4947 0 5021 0 5022 0 4947 0 5022 0 5023 0 4947 0 5023 0 4951 0 4951 0 5024 0 4952 0 4952 0 5024 0 4950 0 5025 0 5026 0 5027 0 5025 0 5027 0 5028 0 5029 0 5028 0 5030 0 5029 0 5030 0 5031 0 5031 0 5030 0 5032 0 5033 0 5034 0 5035 0 5033 0 5035 0 5036 0 5036 0 5035 0 5037 0 5036 0 5037 0 5038 0 5038 0 5037 0 5039 0 5040 0 5039 0 5041 0 5040 0 5041 0 5042 0 5040 0 5042 0 5018 0 5043 0 5044 0 5045 0 5043 0 5045 0 5026 0 5028 0 5027 0 5046 0 5028 0 5046 0 5030 0 5032 0 5030 0 5047 0 5032 0 5047 0 5034 0 5034 0 5048 0 5035 0 5035 0 5048 0 5037 0 5039 0 5037 0 5041 0 5018 0 5017 0 5003 0 5003 0 5017 0 5002 0 5002 0 5015 0 5000 0 5000 0 5015 0 5049 0 5000 0 5049 0 4997 0 4997 0 5049 0 5014 0 4997 0 5014 0 4996 0 4996 0 5012 0 4994 0 4994 0 5012 0 5011 0 4994 0 5011 0 4993 0 4993 0 5009 0 4991 0 4991 0 5009 0 5007 0 4991 0 5007 0 4989 0 4989 0 5007 0 4987 0 4987 0 5007 0 5005 0 4987 0 5005 0 4976 0 4976 0 5005 0 4977 0 5044 0 5050 0 5045 0 5026 0 5045 0 5051 0 5026 0 5051 0 5027 0 5027 0 5051 0 5046 0 5030 0 5052 0 5047 0 5034 0 5047 0 5053 0 5034 0 5053 0 5048 0 5048 0 5053 0 5054 0 5037 0 5048 0 5055 0 5037 0 5055 0 5056 0 5037 0 5056 0 5041 0 5041 0 5056 0 5057 0 5041 0 5057 0 5042 0 5042 0 5057 0 5058 0 5042 0 5058 0 5018 0 5018 0 5058 0 5016 0 5045 0 5050 0 5051 0 5051 0 5059 0 5046 0 5046 0 5059 0 5030 0 5030 0 5059 0 5052 0 5052 0 4956 0 5047 0 5053 0 5047 0 5060 0 5053 0 5060 0 5054 0 5048 0 5054 0 5061 0 5048 0 5061 0 5055 0 5057 0 5062 0 5058 0 5058 0 5062 0 5016 0 5016 0 5063 0 5015 0 5015 0 5063 0 5064 0 5049 0 5015 0 5065 0 5049 0 5065 0 5014 0 5014 0 5065 0 5023 0 5014 0 5023 0 5066 0 5014 0 5066 0 5013 0 5013 0 5066 0 5067 0 5013 0 5067 0 5068 0 5013 0 5068 0 5011 0 5011 0 5068 0 5010 0 5010 0 5068 0 5069 0 5010 0 5069 0 5009 0 5009 0 5069 0 5070 0 5009 0 5070 0 5008 0 5008 0 5070 0 5071 0 5008 0 5071 0 5006 0 5006 0 5071 0 5072 0 5006 0 5072 0 5004 0 5004 0 5072 0 4979 0 5004 0 4979 0 4980 0 5050 0 4963 0 5051 0 5051 0 4963 0 4959 0 5051 0 4959 0 5059 0 5059 0 5073 0 5052 0 5052 0 5073 0 4956 0 5047 0 4956 0 5060 0 5054 0 5060 0 5061 0 5056 0 5055 0 4954 0 5056 0 4954 0 5057 0 5057 0 4954 0 4953 0 5057 0 4953 0 5062 0 5062 0 5074 0 5016 0 5016 0 5074 0 5063 0 5064 0 5063 0 5075 0 5064 0 5075 0 5015 0 5015 0 5075 0 5065 0 5067 0 5021 0 5068 0 5068 0 5021 0 5069 0 5070 0 5069 0 5076 0 5070 0 5076 0 5071 0 5071 0 5076 0 5077 0 5071 0 5077 0 5072 0 5072 0 5077 0 5078 0 5072 0 5078 0 4979 0 4979 0 5078 0 4985 0 4979 0 4985 0 4981 0 5059 0 4959 0 4962 0 5059 0 4962 0 5073 0 5073 0 4962 0 5079 0 5073 0 5079 0 4956 0 5060 0 4956 0 5080 0 5060 0 5080 0 5061 0 5061 0 5080 0 5081 0 5061 0 5081 0 5082 0 5061 0 5082 0 5055 0 5055 0 5082 0 4954 0 5062 0 4953 0 4955 0 5062 0 4955 0 5074 0 5074 0 4955 0 4950 0 5074 0 4950 0 5063 0 5063 0 4950 0 5024 0 5063 0 5024 0 5075 0 5075 0 5024 0 5065 0 5065 0 5024 0 4951 0 5065 0 4951 0 5023 0 5023 0 5022 0 5066 0 5066 0 5022 0 5067 0 5067 0 5022 0 5021 0 5021 0 5020 0 5069 0 5069 0 5020 0 5019 0 5069 0 5019 0 5076 0 5076 0 5019 0 4943 0 5076 0 4943 0 5077 0 5077 0 4943 0 4942 0 5077 0 4942 0 5078 0 5078 0 4942 0 4985 0 4985 0 4940 0 4984 0 4984 0 4937 0 4983 0 4984 0 4983 0 4982 0 5080 0 4956 0 4958 0 5080 0 4958 0 5081 0 5081 0 4958 0 5082 0 5082 0 4958 0 4954 0 5083 0 5084 0 5085 0 5086 0 5087 0 5088 0 5088 0 5087 0 5089 0 5087 0 5090 0 5089 0 5091 0 5092 0 5093 0 5091 0 5094 0 5095 0 5096 0 5097 0 5098 0 5098 0 5097 0 5099 0 5098 0 5099 0 5100 0 5101 0 5102 0 5103 0 5103 0 5102 0 5104 0 5105 0 4905 0 4904 0 4928 0 5105 0 4904 0 4905 0 5105 0 5106 0 5107 0 5108 0 5109 0 5109 0 5110 0 5107 0 5107 0 5110 0 5111 0 5107 0 5111 0 4926 0 4926 0 5111 0 5112 0 4926 0 5112 0 4927 0 5106 0 4907 0 4905 0 5106 0 4908 0 4907 0 4908 0 5106 0 5113 0 4908 0 5113 0 4909 0 5113 0 4910 0 4909 0 5114 0 5115 0 5116 0 5116 0 5115 0 5117 0 5116 0 5117 0 5118 0 5118 0 5117 0 5119 0 5118 0 5119 0 5120 0 5120 0 5119 0 5121 0 4925 0 4927 0 5122 0 5122 0 4927 0 5123 0 5122 0 5123 0 5124 0 5122 0 5124 0 5125 0 5126 0 5108 0 5107 0 5126 0 5107 0 5127 0 5127 0 5107 0 4926 0 5127 0 4926 0 5128 0 5128 0 4926 0 4925 0 5128 0 4925 0 5129 0 5130 0 5129 0 5122 0 5122 0 5129 0 4925 0 5131 0 5132 0 5133 0 5133 0 5134 0 5135 0 5135 0 5134 0 5136 0 5135 0 5136 0 5137 0 5137 0 5136 0 5084 0 5136 0 5138 0 5084 0 5084 0 5138 0 5085 0 5103 0 4972 0 4971 0 5103 0 4971 0 5139 0 5096 0 5140 0 5095 0 5095 0 5140 0 5141 0 5095 0 5141 0 5091 0 5091 0 5141 0 5142 0 5091 0 5142 0 5143 0 5144 0 5145 0 5146 0 5144 0 5146 0 5147 0 5147 0 5146 0 5148 0 5147 0 5148 0 5088 0 5088 0 5148 0 5149 0 5088 0 5149 0 5150 0 5151 0 5150 0 5152 0 5151 0 5152 0 5153 0 5153 0 5152 0 5154 0 5153 0 5154 0 5155 0 5137 0 5155 0 5156 0 5137 0 5156 0 5135 0 5135 0 5156 0 5133 0 5133 0 5156 0 5157 0 5133 0 5157 0 5130 0 5129 0 5130 0 5158 0 5129 0 5158 0 5159 0 5129 0 5159 0 5128 0 5128 0 5159 0 5127 0 5127 0 5159 0 5160 0 5127 0 5160 0 5126 0 5126 0 5160 0 5161 0 5101 0 5103 0 5139 0 5101 0 5139 0 5100 0 5100 0 5139 0 5162 0 5100 0 5162 0 5098 0 5098 0 5162 0 5140 0 5098 0 5140 0 5096 0 5092 0 5091 0 5143 0 5092 0 5143 0 5145 0 5092 0 5145 0 5144 0 5089 0 5144 0 5147 0 5089 0 5147 0 5088 0 5086 0 5088 0 5150 0 5086 0 5150 0 5083 0 5083 0 5150 0 5151 0 5083 0 5151 0 5084 0 5084 0 5151 0 5153 0 5084 0 5153 0 5155 0 5084 0 5155 0 5137 0 5131 0 5133 0 5130 0 5131 0 5130 0 5122 0 5131 0 5122 0 5125 0 5158 0 5163 0 5159 0 5159 0 5163 0 5164 0 5159 0 5164 0 5160 0 5160 0 5164 0 5165 0 5160 0 5165 0 5161 0 4911 0 4910 0 5166 0 5166 0 4910 0 5113 0 4930 0 4929 0 5121 0 4930 0 5121 0 5119 0 4930 0 5119 0 5167 0 5167 0 5119 0 5117 0 5167 0 5117 0 5168 0 5168 0 5117 0 5169 0 5169 0 5117 0 5115 0 5169 0 5115 0 5170 0 5170 0 5115 0 5171 0 4911 0 5166 0 5172 0 4911 0 5172 0 4913 0 5173 0 5174 0 5114 0 5114 0 5174 0 5115 0 5115 0 5174 0 5171 0 5121 0 5175 0 5120 0 5120 0 5175 0 5176 0 5120 0 5176 0 5118 0 5118 0 5176 0 5177 0 5118 0 5177 0 5116 0 5116 0 5177 0 5173 0 5116 0 5173 0 5114 0 5174 0 5173 0 5178 0 5175 0 5109 0 5176 0 5176 0 5109 0 5108 0 5176 0 5108 0 5177 0 5177 0 5108 0 5126 0 5177 0 5126 0 5173 0 5173 0 5126 0 5161 0 5173 0 5161 0 5178 0 5178 0 5161 0 5179 0 4928 0 4930 0 5105 0 5105 0 4930 0 5167 0 5105 0 5167 0 5106 0 5106 0 5167 0 5168 0 5106 0 5168 0 5169 0 5106 0 5169 0 5113 0 5113 0 5169 0 5170 0 5113 0 5170 0 5166 0 5166 0 5170 0 5172 0 5180 0 4917 0 4913 0 5180 0 4913 0 5172 0 4934 0 4887 0 4939 0 4939 0 4887 0 4986 0 4986 0 4887 0 4884 0 4986 0 4884 0 4983 0 4978 0 4867 0 4862 0 4978 0 4862 0 4865 0 4865 0 4864 0 4976 0 4976 0 4864 0 4974 0 4974 0 4864 0 4863 0 4863 0 4917 0 5180 0 4863 0 5180 0 4975 0 4975 0 5180 0 5181 0 5164 0 5163 0 5182 0 5164 0 5182 0 5165 0 5165 0 5182 0 5179 0 5165 0 5179 0 5161 0 5158 0 5183 0 5184 0 5163 0 5184 0 5185 0 5163 0 5185 0 5182 0 5182 0 5185 0 5186 0 5182 0 5186 0 5187 0 5182 0 5187 0 5179 0 5179 0 5187 0 5188 0 5179 0 5188 0 5178 0 5178 0 5188 0 5189 0 5178 0 5189 0 5174 0 5174 0 5189 0 5171 0 5171 0 5189 0 5190 0 5171 0 5190 0 5191 0 5171 0 5191 0 5170 0 5170 0 5191 0 5172 0 5172 0 5191 0 5181 0 5172 0 5181 0 5180 0 5183 0 5192 0 5193 0 5186 0 5185 0 5194 0 5186 0 5194 0 5187 0 5187 0 5194 0 5195 0 5187 0 5195 0 5188 0 5188 0 5195 0 5196 0 5188 0 5196 0 5197 0 5188 0 5197 0 5189 0 5189 0 5197 0 5198 0 5189 0 5198 0 5190 0 5190 0 5198 0 5191 0 5191 0 5198 0 5181 0 5184 0 5193 0 5199 0 5199 0 5193 0 4998 0 4968 0 4970 0 5200 0 5162 0 5201 0 5202 0 5162 0 5202 0 5140 0 5140 0 5202 0 5203 0 5140 0 5203 0 5204 0 5141 0 5204 0 5205 0 5141 0 5205 0 5142 0 5142 0 5205 0 5206 0 5142 0 5206 0 5207 0 5148 0 5208 0 5209 0 5148 0 5209 0 5210 0 5152 0 5211 0 5212 0 5152 0 5212 0 5154 0 5154 0 5212 0 5213 0 5154 0 5213 0 5214 0 5156 0 5214 0 5215 0 5156 0 5215 0 5157 0 5157 0 5215 0 5192 0 5157 0 5192 0 5183 0 5184 0 5183 0 5193 0 5193 0 4999 0 4998 0 5216 0 5192 0 5001 0 5001 0 5192 0 5217 0 5200 0 4964 0 5218 0 5219 0 5218 0 5025 0 5219 0 5025 0 5203 0 5203 0 5025 0 5220 0 5205 0 5220 0 5031 0 5205 0 5031 0 5206 0 5207 0 5206 0 5034 0 5207 0 5034 0 5221 0 5221 0 5034 0 5033 0 5221 0 5033 0 5209 0 5209 0 5038 0 5211 0 5211 0 5038 0 5222 0 5211 0 5222 0 5212 0 5212 0 5222 0 5040 0 5212 0 5040 0 5213 0 5213 0 5040 0 5223 0 5224 0 5223 0 5225 0 5224 0 5225 0 5217 0 4970 0 4967 0 5200 0 5200 0 4967 0 4964 0 5201 0 5200 0 5218 0 5201 0 5218 0 5202 0 5202 0 5218 0 5219 0 5202 0 5219 0 5203 0 5204 0 5203 0 5220 0 5204 0 5220 0 5205 0 5207 0 5221 0 5208 0 5208 0 5221 0 5209 0 5210 0 5209 0 5211 0 5214 0 5213 0 5223 0 5214 0 5223 0 5224 0 5214 0 5224 0 5215 0 5215 0 5224 0 5217 0 5215 0 5217 0 5192 0 5193 0 5192 0 5216 0 5193 0 5216 0 4999 0 4973 0 4969 0 4971 0 4971 0 4969 0 4968 0 4971 0 4968 0 5139 0 5139 0 4968 0 5200 0 5139 0 5200 0 5201 0 5139 0 5201 0 5162 0 5140 0 5204 0 5141 0 5143 0 5142 0 5207 0 5143 0 5207 0 5145 0 5145 0 5207 0 5208 0 5145 0 5208 0 5146 0 5146 0 5208 0 5148 0 5149 0 5148 0 5210 0 5149 0 5210 0 5150 0 5150 0 5210 0 5211 0 5150 0 5211 0 5152 0 5155 0 5154 0 5214 0 5155 0 5214 0 5156 0 5130 0 5157 0 5183 0 5130 0 5183 0 5158 0 5163 0 5158 0 5184 0 5184 0 5199 0 5185 0 4966 0 5226 0 4964 0 4964 0 5226 0 5043 0 4964 0 5043 0 5218 0 5218 0 5043 0 5026 0 5218 0 5026 0 5025 0 5220 0 5025 0 5028 0 5220 0 5028 0 5029 0 5220 0 5029 0 5031 0 5206 0 5031 0 5032 0 5206 0 5032 0 5034 0 5209 0 5033 0 5036 0 5209 0 5036 0 5038 0 5222 0 5038 0 5039 0 5222 0 5039 0 5040 0 5223 0 5040 0 5018 0 5223 0 5018 0 5225 0 5225 0 5018 0 5003 0 5225 0 5003 0 5217 0 5217 0 5003 0 5001 0 5216 0 5001 0 4999 0 5199 0 4998 0 4995 0 5199 0 4995 0 5185 0 5185 0 4995 0 5194 0 5194 0 4995 0 4994 0 5194 0 4994 0 5195 0 5195 0 4994 0 4992 0 5195 0 4992 0 5196 0 5196 0 4992 0 4990 0 5196 0 4990 0 5197 0 5197 0 4990 0 4988 0 5197 0 4988 0 5198 0 5198 0 4988 0 4975 0 5198 0 4975 0 5181 0 5227 0 5228 0 5229 0 5230 0 5231 0 5232 0 5233 0 5234 0 5235 0 5236 0 5237 0 5238 0 5238 0 5237 0 5239 0 5240 0 5241 0 5236 0 5242 0 5243 0 5240 0 5243 0 5241 0 5240 0 5244 0 5245 0 5246 0 5244 0 5246 0 5242 0 5242 0 5246 0 5243 0 5247 0 5248 0 5249 0 5250 0 5251 0 5248 0 5252 0 5253 0 5254 0 5255 0 5256 0 5257 0 5257 0 5256 0 5258 0 5257 0 5258 0 5259 0 5260 0 5261 0 5262 0 5262 0 5263 0 5264 0 5265 0 5264 0 5263 0 5264 0 5265 0 5266 0 5267 0 5268 0 5266 0 5229 0 5269 0 5270 0 5271 0 5272 0 5273 0 5271 0 5274 0 5275 0 5232 0 5276 0 5277 0 5278 0 5279 0 5280 0 5252 0 5281 0 5282 0 5283 0 5282 0 5281 0 5284 0 5282 0 5285 0 5252 0 5284 0 5253 0 5280 0 5279 0 5286 0 5280 0 5286 0 5287 0 5287 0 5265 0 5263 0 5288 0 5278 0 5289 0 5289 0 5278 0 5280 0 5286 0 5290 0 5287 0 5287 0 5290 0 5266 0 5287 0 5266 0 5265 0 5263 0 5262 0 5261 0 5263 0 5261 0 5291 0 5263 0 5291 0 5292 0 5266 0 5290 0 5267 0 5257 0 5261 0 5260 0 5257 0 5260 0 5255 0 5259 0 5261 0 5257 0 5239 0 5233 0 5238 0 5293 0 5294 0 5295 0 5293 0 5296 0 5297 0 5298 0 5299 0 5300 0 5279 0 5301 0 5302 0 5303 0 5294 0 5233 0 5233 0 5294 0 5238 0 5238 0 5294 0 5304 0 5305 0 5275 0 5303 0 5303 0 5275 0 5306 0 5306 0 5275 0 5294 0 5233 0 5307 0 5303 0 5235 0 5230 0 5277 0 5277 0 5230 0 5232 0 5305 0 5308 0 5309 0 5275 0 5295 0 5294 0 5310 0 5274 0 5273 0 5273 0 5274 0 5271 0 5309 0 5308 0 5311 0 5309 0 5311 0 5275 0 5310 0 5273 0 5272 0 5298 0 5310 0 5299 0 5299 0 5310 0 5312 0 5312 0 5310 0 5272 0 5312 0 5272 0 5227 0 5227 0 5272 0 5313 0 5227 0 5229 0 5302 0 5302 0 5301 0 5300 0 5302 0 5300 0 5299 0 5302 0 5299 0 5312 0 5302 0 5312 0 5227 0 5248 0 5247 0 5250 0 5250 0 5314 0 5315 0 5316 0 5317 0 5318 0 5319 0 5318 0 5240 0 5304 0 5240 0 5320 0 5304 0 5320 0 5238 0 5307 0 5233 0 5235 0 5236 0 5238 0 5320 0 5236 0 5320 0 5240 0 5242 0 5240 0 5318 0 5242 0 5318 0 5244 0 5244 0 5318 0 5317 0 5317 0 5316 0 5314 0 5321 0 5322 0 5323 0 5324 0 5323 0 5325 0 5324 0 5325 0 5326 0 5326 0 5281 0 5254 0 5254 0 5281 0 5252 0 5322 0 5327 0 5323 0 5323 0 5327 0 5288 0 5282 0 5284 0 5252 0 5326 0 5254 0 5324 0 5324 0 5328 0 5323 0 5323 0 5328 0 5321 0 5321 0 5328 0 5329 0 5293 0 5295 0 5296 0 5297 0 5296 0 5330 0 5297 0 5330 0 5331 0 5331 0 5330 0 5332 0 5331 0 5332 0 5319 0 5319 0 5332 0 5333 0 5250 0 5315 0 5334 0 5250 0 5334 0 5251 0 5335 0 5278 0 5288 0 5335 0 5288 0 5333 0 5295 0 5274 0 5296 0 5296 0 5274 0 5310 0 5332 0 5300 0 5278 0 5332 0 5278 0 5333 0 5333 0 5278 0 5335 0 5327 0 5333 0 5288 0 5281 0 5289 0 5280 0 5281 0 5280 0 5287 0 5281 0 5287 0 5283 0 5283 0 5287 0 5263 0 5305 0 5309 0 5275 0 5295 0 5275 0 5274 0 5296 0 5336 0 5330 0 5330 0 5336 0 5300 0 5330 0 5300 0 5332 0 5337 0 5333 0 5327 0 5337 0 5327 0 5315 0 5315 0 5327 0 5322 0 5315 0 5322 0 5334 0 5289 0 5281 0 5326 0 5289 0 5326 0 5288 0 5288 0 5326 0 5325 0 5288 0 5325 0 5323 0 5322 0 5321 0 5334 0 5276 0 5308 0 5277 0 5277 0 5308 0 5235 0 5235 0 5308 0 5305 0 5235 0 5305 0 5307 0 5307 0 5305 0 5303 0 5303 0 5306 0 5294 0 5294 0 5293 0 5304 0 5304 0 5293 0 5297 0 5304 0 5297 0 5331 0 5304 0 5331 0 5240 0 5240 0 5331 0 5319 0 5318 0 5319 0 5333 0 5318 0 5333 0 5316 0 5316 0 5333 0 5337 0 5316 0 5337 0 5315 0 5316 0 5315 0 5314 0 5314 0 5250 0 5247 0 5263 0 5292 0 5285 0 5286 0 5267 0 5290 0 5283 0 5263 0 5282 0 5282 0 5263 0 5285 0 5310 0 5298 0 5296 0 5296 0 5298 0 5336 0 5336 0 5298 0 5300 0 5278 0 5300 0 5301 0 5278 0 5301 0 5279 0 5279 0 5302 0 5286 0 5286 0 5302 0 5229 0 5286 0 5229 0 5338 0 5338 0 5229 0 5270 0 5338 0 5270 0 5339 0 5340 0 5341 0 5342 0 5251 0 5334 0 5343 0 5344 0 5345 0 5346 0 5347 0 5348 0 5349 0 5350 0 5351 0 5352 0 5353 0 5354 0 5355 0 5356 0 5357 0 5358 0 5359 0 5360 0 5361 0 5362 0 5363 0 5359 0 5362 0 5364 0 5363 0 5365 0 5364 0 5362 0 5366 0 5367 0 5368 0 5365 0 5368 0 5369 0 5370 0 5371 0 5366 0 5372 0 5373 0 5371 0 5372 0 5371 0 5370 0 5374 0 5375 0 5376 0 5377 0 5376 0 5375 0 5377 0 5375 0 5378 0 5378 0 5379 0 5380 0 5381 0 5379 0 5378 0 5379 0 5381 0 5382 0 5351 0 5382 0 5383 0 5383 0 5382 0 5381 0 5350 0 5352 0 5384 0 5347 0 5349 0 5385 0 5386 0 5387 0 5388 0 5388 0 5387 0 5389 0 5254 0 5253 0 5390 0 5324 0 5254 0 5391 0 5328 0 5324 0 5392 0 5328 0 5393 0 5329 0 5394 0 5248 0 5251 0 5248 0 5394 0 5249 0 5321 0 5329 0 5393 0 5395 0 5396 0 5397 0 5334 0 5321 0 5398 0 5398 0 5321 0 5393 0 5398 0 5393 0 5399 0 5399 0 5393 0 5400 0 5399 0 5400 0 5401 0 5401 0 5400 0 5402 0 5401 0 5402 0 5403 0 5403 0 5402 0 5395 0 5404 0 5395 0 5397 0 5401 0 5405 0 5399 0 5399 0 5406 0 5398 0 5398 0 5406 0 5343 0 5398 0 5343 0 5334 0 5406 0 5353 0 5355 0 5406 0 5355 0 5343 0 5343 0 5355 0 5394 0 5343 0 5394 0 5251 0 5407 0 5408 0 5409 0 5409 0 5408 0 5410 0 5409 0 5410 0 5397 0 5397 0 5410 0 5411 0 5397 0 5411 0 5404 0 5412 0 5407 0 5413 0 5408 0 5414 0 5359 0 5408 0 5359 0 5415 0 5415 0 5359 0 5361 0 5415 0 5361 0 5416 0 5417 0 5416 0 5418 0 5417 0 5418 0 5419 0 5419 0 5418 0 5358 0 5419 0 5358 0 5357 0 5419 0 5357 0 5420 0 5354 0 5353 0 5420 0 5354 0 5420 0 5357 0 5358 0 5418 0 5421 0 5421 0 5418 0 5416 0 5421 0 5416 0 5422 0 5422 0 5416 0 5360 0 5360 0 5416 0 5361 0 5359 0 5414 0 5362 0 5345 0 5423 0 5385 0 5424 0 5385 0 5425 0 5424 0 5425 0 5426 0 5427 0 5428 0 5429 0 5430 0 5429 0 5431 0 5430 0 5431 0 5432 0 5432 0 5431 0 5433 0 5432 0 5433 0 5434 0 5432 0 5434 0 5435 0 5435 0 5434 0 5436 0 5435 0 5436 0 5437 0 5437 0 5436 0 5438 0 5438 0 5436 0 5439 0 5438 0 5439 0 5440 0 5441 0 5440 0 5442 0 5441 0 5442 0 5443 0 5444 0 5413 0 5407 0 5425 0 5385 0 5445 0 5426 0 5425 0 5446 0 5426 0 5446 0 5447 0 5447 0 5446 0 5428 0 5428 0 5446 0 5448 0 5428 0 5448 0 5449 0 5428 0 5449 0 5429 0 5440 0 5439 0 5442 0 5450 0 5443 0 5451 0 5450 0 5451 0 5413 0 5413 0 5451 0 5412 0 5385 0 5349 0 5445 0 5445 0 5349 0 5452 0 5445 0 5452 0 5425 0 5425 0 5452 0 5446 0 5429 0 5449 0 5431 0 5431 0 5449 0 5453 0 5431 0 5453 0 5433 0 5433 0 5454 0 5434 0 5434 0 5454 0 5455 0 5434 0 5455 0 5436 0 5436 0 5455 0 5456 0 5436 0 5456 0 5457 0 5436 0 5457 0 5439 0 5439 0 5457 0 5458 0 5439 0 5458 0 5459 0 5439 0 5459 0 5442 0 5443 0 5442 0 5460 0 5443 0 5460 0 5451 0 5407 0 5412 0 5414 0 5407 0 5414 0 5461 0 5407 0 5461 0 5408 0 5411 0 5410 0 5462 0 5411 0 5462 0 5404 0 5404 0 5417 0 5395 0 5395 0 5417 0 5463 0 5395 0 5463 0 5403 0 5403 0 5463 0 5405 0 5403 0 5405 0 5401 0 5452 0 5464 0 5446 0 5446 0 5464 0 5465 0 5446 0 5465 0 5448 0 5448 0 5465 0 5466 0 5448 0 5466 0 5449 0 5449 0 5466 0 5467 0 5449 0 5467 0 5468 0 5449 0 5468 0 5453 0 5433 0 5453 0 5454 0 5456 0 5455 0 5457 0 5458 0 5457 0 5469 0 5458 0 5469 0 5459 0 5442 0 5459 0 5470 0 5442 0 5470 0 5460 0 5460 0 5470 0 5451 0 5404 0 5462 0 5417 0 5417 0 5419 0 5463 0 5349 0 5348 0 5471 0 5349 0 5471 0 5472 0 5349 0 5472 0 5452 0 5452 0 5472 0 5464 0 5465 0 5383 0 5466 0 5466 0 5383 0 5467 0 5468 0 5467 0 5453 0 5455 0 5473 0 5457 0 5470 0 5459 0 5474 0 5470 0 5474 0 5365 0 5470 0 5365 0 5451 0 5451 0 5365 0 5362 0 5451 0 5362 0 5412 0 5412 0 5362 0 5414 0 5461 0 5414 0 5408 0 5408 0 5415 0 5410 0 5410 0 5415 0 5416 0 5410 0 5416 0 5462 0 5462 0 5416 0 5417 0 5463 0 5419 0 5405 0 5405 0 5419 0 5420 0 5405 0 5420 0 5399 0 5399 0 5420 0 5353 0 5399 0 5353 0 5406 0 5471 0 5475 0 5384 0 5471 0 5384 0 5472 0 5472 0 5384 0 5352 0 5472 0 5352 0 5464 0 5464 0 5351 0 5465 0 5465 0 5351 0 5383 0 5383 0 5381 0 5467 0 5467 0 5381 0 5378 0 5467 0 5378 0 5453 0 5453 0 5378 0 5375 0 5453 0 5375 0 5454 0 5454 0 5375 0 5374 0 5454 0 5374 0 5455 0 5455 0 5374 0 5473 0 5457 0 5473 0 5372 0 5457 0 5372 0 5469 0 5469 0 5372 0 5370 0 5469 0 5370 0 5459 0 5459 0 5370 0 5476 0 5459 0 5476 0 5474 0 5464 0 5352 0 5351 0 5473 0 5374 0 5477 0 5473 0 5477 0 5478 0 5473 0 5478 0 5372 0 5476 0 5370 0 5366 0 5476 0 5366 0 5474 0 5474 0 5366 0 5368 0 5474 0 5368 0 5365 0 5364 0 5365 0 5369 0 5479 0 5480 0 5481 0 5479 0 5481 0 5482 0 5482 0 5483 0 5484 0 5484 0 5483 0 5485 0 5485 0 5486 0 5487 0 5487 0 5486 0 5341 0 5342 0 5488 0 5340 0 5489 0 5490 0 5491 0 5491 0 5490 0 5492 0 5491 0 5492 0 5493 0 5492 0 5494 0 5493 0 5494 0 5495 0 5493 0 5493 0 5495 0 5496 0 5493 0 5496 0 5497 0 5498 0 5390 0 5499 0 5499 0 5500 0 5498 0 5498 0 5500 0 5501 0 5502 0 5503 0 5504 0 5505 0 5506 0 5507 0 5507 0 5506 0 5508 0 5507 0 5508 0 5509 0 5510 0 5509 0 5511 0 5512 0 5513 0 5514 0 5513 0 5511 0 5514 0 5515 0 5387 0 5386 0 5516 0 5386 0 5517 0 5516 0 5517 0 5493 0 5493 0 5517 0 5518 0 5493 0 5518 0 5491 0 5491 0 5518 0 5519 0 5491 0 5519 0 5520 0 5521 0 5520 0 5522 0 5521 0 5522 0 5523 0 5523 0 5522 0 5524 0 5523 0 5524 0 5340 0 5340 0 5524 0 5525 0 5340 0 5525 0 5526 0 5526 0 5525 0 5487 0 5487 0 5525 0 5527 0 5487 0 5527 0 5528 0 5484 0 5528 0 5529 0 5484 0 5529 0 5479 0 5479 0 5530 0 5531 0 5511 0 5513 0 5532 0 5511 0 5532 0 5510 0 5510 0 5532 0 5533 0 5510 0 5533 0 5534 0 5504 0 5507 0 5535 0 5504 0 5535 0 5536 0 5498 0 5537 0 5538 0 5538 0 5537 0 5539 0 5538 0 5539 0 5254 0 5254 0 5539 0 5391 0 5540 0 5386 0 5541 0 5541 0 5386 0 5497 0 5497 0 5386 0 5516 0 5497 0 5516 0 5493 0 5489 0 5491 0 5520 0 5489 0 5520 0 5542 0 5542 0 5520 0 5521 0 5542 0 5521 0 5488 0 5488 0 5521 0 5523 0 5488 0 5523 0 5340 0 5341 0 5340 0 5526 0 5341 0 5526 0 5487 0 5485 0 5487 0 5528 0 5485 0 5528 0 5484 0 5482 0 5484 0 5479 0 5480 0 5479 0 5531 0 5480 0 5531 0 5512 0 5512 0 5531 0 5513 0 5509 0 5510 0 5534 0 5509 0 5534 0 5507 0 5505 0 5507 0 5504 0 5502 0 5504 0 5536 0 5502 0 5536 0 5501 0 5501 0 5536 0 5537 0 5501 0 5537 0 5498 0 5390 0 5498 0 5538 0 5390 0 5538 0 5254 0 5389 0 5344 0 5388 0 5388 0 5344 0 5346 0 5388 0 5346 0 5517 0 5517 0 5346 0 5543 0 5517 0 5543 0 5518 0 5520 0 5518 0 5544 0 5522 0 5545 0 5524 0 5524 0 5545 0 5525 0 5525 0 5545 0 5546 0 5525 0 5546 0 5547 0 5525 0 5547 0 5527 0 5527 0 5547 0 5529 0 5529 0 5547 0 5548 0 5529 0 5548 0 5479 0 5479 0 5548 0 5530 0 5530 0 5549 0 5531 0 5531 0 5549 0 5437 0 5531 0 5437 0 5550 0 5551 0 5550 0 5552 0 5551 0 5552 0 5532 0 5532 0 5552 0 5553 0 5532 0 5553 0 5554 0 5532 0 5554 0 5533 0 5533 0 5554 0 5555 0 5533 0 5555 0 5556 0 5537 0 5557 0 5558 0 5537 0 5558 0 5539 0 5539 0 5559 0 5391 0 5391 0 5559 0 5324 0 5560 0 5424 0 5561 0 5546 0 5545 0 5427 0 5548 0 5430 0 5432 0 5548 0 5432 0 5562 0 5562 0 5432 0 5549 0 5437 0 5438 0 5552 0 5553 0 5552 0 5441 0 5553 0 5441 0 5554 0 5554 0 5441 0 5563 0 5554 0 5563 0 5555 0 5556 0 5555 0 5450 0 5556 0 5450 0 5444 0 5564 0 5565 0 5397 0 5564 0 5397 0 5566 0 5558 0 5566 0 5567 0 5558 0 5567 0 5568 0 5543 0 5346 0 5518 0 5518 0 5346 0 5560 0 5518 0 5560 0 5544 0 5544 0 5560 0 5561 0 5544 0 5561 0 5522 0 5522 0 5561 0 5545 0 5547 0 5546 0 5427 0 5547 0 5427 0 5430 0 5547 0 5430 0 5548 0 5530 0 5548 0 5562 0 5530 0 5562 0 5549 0 5550 0 5437 0 5552 0 5569 0 5556 0 5444 0 5569 0 5444 0 5535 0 5535 0 5444 0 5570 0 5570 0 5565 0 5571 0 5571 0 5565 0 5564 0 5571 0 5564 0 5557 0 5557 0 5564 0 5566 0 5557 0 5566 0 5558 0 5539 0 5558 0 5568 0 5539 0 5568 0 5559 0 5559 0 5392 0 5324 0 5386 0 5388 0 5517 0 5519 0 5518 0 5520 0 5520 0 5544 0 5522 0 5528 0 5527 0 5529 0 5531 0 5550 0 5513 0 5513 0 5550 0 5551 0 5513 0 5551 0 5532 0 5534 0 5533 0 5556 0 5534 0 5556 0 5507 0 5507 0 5556 0 5569 0 5507 0 5569 0 5535 0 5535 0 5570 0 5536 0 5536 0 5570 0 5571 0 5536 0 5571 0 5557 0 5536 0 5557 0 5537 0 5346 0 5345 0 5385 0 5346 0 5385 0 5560 0 5560 0 5385 0 5424 0 5424 0 5426 0 5561 0 5561 0 5426 0 5447 0 5561 0 5447 0 5545 0 5545 0 5447 0 5428 0 5545 0 5428 0 5427 0 5427 0 5429 0 5430 0 5549 0 5432 0 5435 0 5549 0 5435 0 5437 0 5552 0 5438 0 5440 0 5552 0 5440 0 5441 0 5563 0 5441 0 5443 0 5563 0 5443 0 5555 0 5555 0 5443 0 5450 0 5450 0 5413 0 5444 0 5570 0 5444 0 5407 0 5570 0 5407 0 5565 0 5565 0 5407 0 5409 0 5565 0 5409 0 5397 0 5566 0 5397 0 5396 0 5566 0 5396 0 5567 0 5567 0 5396 0 5395 0 5567 0 5395 0 5568 0 5568 0 5395 0 5402 0 5568 0 5402 0 5559 0 5559 0 5402 0 5400 0 5559 0 5400 0 5392 0 5392 0 5400 0 5393 0 5392 0 5393 0 5328 0 4792 0 4794 0 5572 0 5573 0 5574 0 5575 0 5576 0 5577 0 5578 0 5579 0 5580 0 5581 0 5577 0 5582 0 5583 0 5578 0 5584 0 5576 0 5585 0 5586 0 5587 0 5585 0 5588 0 5589 0 5590 0 5591 0 5592 0 5593 0 5594 0 5595 0 5595 0 5594 0 5590 0 5594 0 5593 0 5596 0 5597 0 5598 0 5599 0 5600 0 5601 0 5598 0 5602 0 5603 0 5604 0 5602 0 5604 0 5605 0 5603 0 5602 0 5600 0 5600 0 5602 0 5601 0 5606 0 5607 0 5605 0 5606 0 5605 0 5604 0 5608 0 5609 0 5610 0 5608 0 5611 0 5609 0 5609 0 5611 0 5612 0 5612 0 5611 0 5607 0 5613 0 5610 0 5572 0 5610 0 5613 0 5608 0 5613 0 5572 0 4794 0 5577 0 5583 0 5614 0 5577 0 5614 0 5578 0 5586 0 5584 0 5587 0 5587 0 5615 0 5585 0 5585 0 5615 0 5588 0 5589 0 5588 0 5616 0 5589 0 5616 0 5592 0 5592 0 5616 0 5617 0 5590 0 5592 0 5618 0 5590 0 5618 0 5595 0 5596 0 5593 0 5599 0 5583 0 5619 0 5614 0 5614 0 5619 0 5620 0 5614 0 5620 0 5621 0 5616 0 5622 0 5617 0 5617 0 5622 0 5623 0 5617 0 5623 0 5618 0 5619 0 5624 0 5621 0 5621 0 5624 0 5625 0 5621 0 5625 0 5626 0 5627 0 5626 0 5628 0 5627 0 5628 0 5615 0 5615 0 5628 0 5629 0 5629 0 5628 0 5630 0 5629 0 5630 0 5631 0 5629 0 5631 0 5622 0 5622 0 5631 0 5632 0 5622 0 5632 0 5623 0 5625 0 5624 0 5633 0 5628 0 5634 0 5630 0 5623 0 5632 0 5635 0 5636 0 5637 0 5638 0 5639 0 5640 0 5641 0 5642 0 5643 0 5637 0 5633 0 5644 0 5645 0 5633 0 5645 0 5646 0 5646 0 5645 0 5647 0 5648 0 5649 0 5650 0 5639 0 5651 0 5652 0 5652 0 5651 0 5649 0 5650 0 5653 0 5654 0 5645 0 5579 0 5581 0 5645 0 5581 0 5647 0 5653 0 5649 0 5655 0 5655 0 5649 0 5651 0 5655 0 5651 0 5641 0 5641 0 5651 0 5639 0 5656 0 5641 0 5640 0 5656 0 5640 0 5642 0 5656 0 5642 0 5657 0 5657 0 5642 0 5637 0 5658 0 5637 0 5636 0 5658 0 5636 0 5638 0 5581 0 5654 0 5659 0 5660 0 5654 0 5581 0 5660 0 5581 0 5580 0 5659 0 5654 0 5653 0 5647 0 5581 0 5659 0 5653 0 5650 0 5649 0 5661 0 5662 0 5663 0 4898 0 4900 0 5664 0 5624 0 5644 0 5633 0 5633 0 5646 0 5625 0 5625 0 5646 0 5634 0 5630 0 5634 0 5665 0 5630 0 5665 0 5631 0 5631 0 5665 0 5666 0 5631 0 5666 0 5632 0 5632 0 5666 0 5667 0 5632 0 5667 0 5635 0 5668 0 5656 0 5669 0 5669 0 5656 0 5657 0 4898 0 5664 0 4903 0 5661 0 5663 0 5670 0 5670 0 5663 0 5671 0 5670 0 5671 0 5672 0 4904 0 4903 0 5673 0 5674 0 5661 0 5670 0 5670 0 5672 0 5664 0 5664 0 5672 0 5675 0 5673 0 4903 0 5664 0 5673 0 5664 0 5675 0 4924 0 5674 0 4900 0 4900 0 5674 0 5670 0 4900 0 5670 0 5664 0 5676 0 5671 0 5677 0 5676 0 5677 0 5575 0 5575 0 5677 0 5662 0 5575 0 5662 0 5678 0 5678 0 5662 0 5679 0 5663 0 5662 0 5677 0 5663 0 5677 0 5671 0 5678 0 5680 0 5681 0 5681 0 5682 0 5573 0 5681 0 5573 0 5575 0 5681 0 5575 0 5678 0 5681 0 5680 0 5683 0 5683 0 5684 0 5682 0 5682 0 5684 0 5685 0 5683 0 5598 0 5684 0 5684 0 5598 0 5686 0 5687 0 5686 0 5638 0 5687 0 5685 0 5686 0 5686 0 5685 0 5684 0 5683 0 5682 0 5681 0 5575 0 5574 0 5676 0 5634 0 5646 0 5647 0 5634 0 5647 0 5665 0 5665 0 5647 0 5659 0 5665 0 5659 0 5653 0 5665 0 5653 0 5666 0 5666 0 5653 0 5655 0 5666 0 5655 0 5667 0 5667 0 5655 0 5641 0 5667 0 5641 0 5635 0 5635 0 5641 0 5668 0 5668 0 5641 0 5656 0 5657 0 5637 0 5658 0 5620 0 5619 0 5621 0 5621 0 5626 0 5688 0 5688 0 5626 0 5627 0 5618 0 5623 0 5669 0 5618 0 5669 0 5595 0 5595 0 5657 0 5593 0 5593 0 5657 0 5658 0 5593 0 5658 0 5689 0 5606 0 5679 0 5690 0 5612 0 5690 0 5691 0 5612 0 5691 0 5609 0 5609 0 5691 0 5692 0 5692 0 5691 0 5693 0 5692 0 5693 0 5572 0 5572 0 5693 0 4924 0 5572 0 4924 0 4792 0 4792 0 4924 0 4923 0 5578 0 5614 0 5621 0 5578 0 5621 0 5688 0 5578 0 5688 0 5584 0 5584 0 5688 0 5587 0 5587 0 5688 0 5627 0 5587 0 5627 0 5615 0 5588 0 5615 0 5629 0 5588 0 5629 0 5622 0 5588 0 5622 0 5616 0 5592 0 5617 0 5618 0 5599 0 5593 0 5689 0 5599 0 5689 0 5597 0 5606 0 5604 0 5679 0 5607 0 5606 0 5690 0 5607 0 5690 0 5612 0 5610 0 5609 0 5692 0 5610 0 5692 0 5572 0 5638 0 5686 0 5597 0 5626 0 5625 0 5634 0 5626 0 5634 0 5628 0 5623 0 5635 0 5668 0 5623 0 5668 0 5669 0 5595 0 5669 0 5657 0 5689 0 5658 0 5638 0 5689 0 5638 0 5597 0 5598 0 5597 0 5686 0 5600 0 5598 0 5683 0 5600 0 5683 0 5603 0 5603 0 5683 0 5680 0 5603 0 5680 0 5604 0 5604 0 5680 0 5679 0 5679 0 5680 0 5678 0 5690 0 5679 0 5662 0 5690 0 5662 0 5691 0 5691 0 5662 0 5661 0 5691 0 5661 0 5693 0 5693 0 5661 0 5674 0 5693 0 5674 0 4924 0 4899 0 4924 0 4900 0 5694 0 5695 0 5696 0 5697 0 5698 0 5699 0 5700 0 5701 0 5702 0 5703 0 5704 0 5705 0 5705 0 5704 0 5706 0 5707 0 5708 0 5709 0 5709 0 5708 0 5710 0 5711 0 5712 0 5713 0 5714 0 5715 0 5716 0 5717 0 5718 0 5715 0 5717 0 5719 0 5718 0 5720 0 5721 0 5722 0 5723 0 5724 0 5725 0 5726 0 5727 0 5728 0 5729 0 5730 0 5726 0 5726 0 5730 0 5727 0 5731 0 5730 0 5729 0 5732 0 5733 0 5731 0 5734 0 5733 0 5732 0 5735 0 5733 0 5734 0 5702 0 5736 0 5734 0 5734 0 5736 0 5735 0 5702 0 5737 0 5736 0 5701 0 5738 0 5702 0 5702 0 5738 0 5737 0 5739 0 5740 0 5738 0 5687 0 5638 0 5741 0 5742 0 5638 0 5637 0 5652 0 5649 0 5648 0 5739 0 5650 0 5654 0 5739 0 5654 0 5660 0 5741 0 5638 0 5742 0 5642 0 5640 0 5743 0 5743 0 5640 0 5639 0 5743 0 5639 0 5744 0 5744 0 5639 0 5652 0 5700 0 5648 0 5650 0 5700 0 5650 0 5739 0 5739 0 5660 0 5740 0 5745 0 5746 0 5747 0 5745 0 5747 0 5748 0 5748 0 5747 0 5749 0 5748 0 5749 0 5750 0 5750 0 5749 0 5751 0 5750 0 5751 0 5752 0 5752 0 5751 0 5753 0 5752 0 5753 0 5754 0 5752 0 5754 0 5755 0 5755 0 5754 0 5756 0 5755 0 5756 0 5757 0 5695 0 5757 0 5758 0 5759 0 5758 0 5760 0 5761 0 5759 0 5762 0 5763 0 5642 0 5764 0 5763 0 5764 0 5765 0 5765 0 5764 0 5766 0 5765 0 5766 0 5767 0 5767 0 5766 0 5768 0 5767 0 5768 0 5769 0 5770 0 5769 0 5771 0 5770 0 5771 0 5772 0 5772 0 5771 0 5756 0 5756 0 5771 0 5773 0 5774 0 5773 0 5775 0 5774 0 5775 0 5760 0 5760 0 5775 0 5776 0 5762 0 5776 0 5777 0 5762 0 5777 0 5778 0 5778 0 5777 0 5779 0 5780 0 5779 0 5781 0 5782 0 5700 0 5702 0 5782 0 5702 0 5783 0 5783 0 5702 0 5734 0 5783 0 5734 0 5784 0 5784 0 5734 0 5732 0 5784 0 5732 0 5785 0 5785 0 5732 0 5731 0 5785 0 5731 0 5729 0 5785 0 5729 0 5786 0 5786 0 5729 0 5726 0 5786 0 5726 0 5787 0 5787 0 5726 0 5728 0 5787 0 5728 0 5788 0 5788 0 5728 0 5789 0 5788 0 5789 0 5790 0 5790 0 5789 0 5791 0 5790 0 5791 0 5792 0 5792 0 5791 0 5793 0 5792 0 5793 0 5725 0 5725 0 5793 0 5794 0 5725 0 5794 0 5723 0 5795 0 5725 0 5724 0 5795 0 5724 0 5722 0 5722 0 5724 0 5720 0 5796 0 5797 0 5798 0 5798 0 5797 0 5799 0 5798 0 5799 0 5800 0 5798 0 5800 0 5801 0 5801 0 5800 0 5802 0 5801 0 5802 0 5803 0 5803 0 5802 0 5804 0 5803 0 5804 0 5805 0 5805 0 5804 0 5806 0 5805 0 5806 0 5807 0 5805 0 5807 0 5808 0 5808 0 5807 0 5809 0 5808 0 5809 0 5810 0 5810 0 5809 0 5811 0 5810 0 5811 0 5812 0 5813 0 5814 0 5815 0 5816 0 5815 0 5817 0 5816 0 5817 0 5818 0 5818 0 5817 0 5819 0 5819 0 5817 0 5820 0 5819 0 5820 0 5781 0 5781 0 5820 0 5821 0 5781 0 5821 0 5780 0 5780 0 5821 0 5822 0 5780 0 5822 0 5761 0 5823 0 5810 0 5812 0 5823 0 5812 0 5814 0 5823 0 5814 0 5813 0 5824 0 5813 0 5815 0 5824 0 5815 0 5816 0 5779 0 5780 0 5778 0 5778 0 5780 0 5761 0 5778 0 5761 0 5762 0 5776 0 5762 0 5759 0 5776 0 5759 0 5760 0 5774 0 5760 0 5758 0 5774 0 5758 0 5773 0 5773 0 5758 0 5757 0 5773 0 5757 0 5756 0 5772 0 5756 0 5770 0 5770 0 5756 0 5754 0 5770 0 5754 0 5753 0 5770 0 5753 0 5769 0 5769 0 5753 0 5767 0 5767 0 5753 0 5751 0 5767 0 5751 0 5749 0 5767 0 5749 0 5765 0 5765 0 5749 0 5747 0 5765 0 5747 0 5763 0 5763 0 5747 0 5742 0 5742 0 5747 0 5746 0 5703 0 5796 0 5704 0 5704 0 5796 0 5798 0 5704 0 5798 0 5801 0 5825 0 5803 0 5805 0 5825 0 5805 0 5808 0 5826 0 5808 0 5810 0 5826 0 5810 0 5823 0 5826 0 5823 0 5827 0 5827 0 5823 0 5828 0 5828 0 5823 0 5813 0 5828 0 5813 0 5824 0 5829 0 5824 0 5816 0 5829 0 5816 0 5818 0 5830 0 5818 0 5819 0 5830 0 5819 0 5831 0 5831 0 5819 0 5781 0 5831 0 5781 0 5779 0 5710 0 5706 0 5709 0 5709 0 5706 0 5704 0 5709 0 5704 0 5801 0 5832 0 5801 0 5803 0 5833 0 5803 0 5825 0 5833 0 5825 0 5834 0 5834 0 5825 0 5835 0 5835 0 5825 0 5808 0 5835 0 5808 0 5826 0 5836 0 5824 0 5829 0 5836 0 5829 0 5837 0 5837 0 5829 0 5818 0 5837 0 5818 0 5830 0 5838 0 5830 0 5831 0 5838 0 5831 0 5839 0 5839 0 5831 0 5779 0 5839 0 5779 0 5840 0 5840 0 5779 0 5841 0 5841 0 5779 0 5777 0 5841 0 5777 0 5842 0 5842 0 5777 0 5776 0 5842 0 5776 0 5775 0 5843 0 5775 0 5773 0 5843 0 5773 0 5844 0 5844 0 5773 0 5771 0 5844 0 5771 0 5845 0 5845 0 5771 0 5769 0 5845 0 5769 0 5846 0 5846 0 5769 0 5768 0 5846 0 5768 0 5847 0 5847 0 5768 0 5766 0 5847 0 5766 0 5848 0 5848 0 5766 0 5764 0 5848 0 5764 0 5849 0 5849 0 5764 0 5642 0 5707 0 5709 0 5850 0 5850 0 5709 0 5801 0 5850 0 5801 0 5832 0 5832 0 5803 0 5833 0 5835 0 5826 0 5827 0 5851 0 5827 0 5828 0 5851 0 5828 0 5836 0 5836 0 5828 0 5824 0 5852 0 5836 0 5837 0 5852 0 5837 0 5853 0 5853 0 5837 0 5830 0 5853 0 5830 0 5838 0 5795 0 5838 0 5839 0 5795 0 5839 0 5854 0 5854 0 5839 0 5840 0 5854 0 5840 0 5841 0 5854 0 5841 0 5855 0 5855 0 5841 0 5842 0 5855 0 5842 0 5790 0 5790 0 5842 0 5775 0 5790 0 5775 0 5843 0 5856 0 5843 0 5844 0 5856 0 5844 0 5857 0 5857 0 5844 0 5858 0 5858 0 5844 0 5845 0 5858 0 5845 0 5859 0 5859 0 5845 0 5846 0 5859 0 5846 0 5860 0 5860 0 5846 0 5861 0 5861 0 5846 0 5847 0 5861 0 5847 0 5848 0 5861 0 5848 0 5862 0 5862 0 5848 0 5849 0 5713 0 5707 0 5850 0 5713 0 5850 0 5711 0 5711 0 5850 0 5832 0 5711 0 5832 0 5714 0 5714 0 5832 0 5863 0 5863 0 5832 0 5833 0 5863 0 5833 0 5834 0 5863 0 5834 0 5835 0 5719 0 5835 0 5864 0 5864 0 5835 0 5827 0 5864 0 5827 0 5851 0 5851 0 5836 0 5852 0 5722 0 5852 0 5853 0 5722 0 5853 0 5795 0 5795 0 5853 0 5838 0 5725 0 5795 0 5854 0 5725 0 5854 0 5792 0 5792 0 5854 0 5855 0 5792 0 5855 0 5790 0 5788 0 5790 0 5843 0 5788 0 5843 0 5787 0 5787 0 5843 0 5856 0 5787 0 5856 0 5786 0 5786 0 5856 0 5857 0 5786 0 5857 0 5785 0 5785 0 5857 0 5858 0 5785 0 5858 0 5859 0 5785 0 5859 0 5784 0 5784 0 5859 0 5860 0 5784 0 5860 0 5783 0 5783 0 5860 0 5861 0 5783 0 5861 0 5782 0 5782 0 5861 0 5862 0 5715 0 5714 0 5863 0 5715 0 5863 0 5717 0 5717 0 5863 0 5719 0 5719 0 5863 0 5835 0 5083 0 5865 0 5086 0 5866 0 5144 0 5090 0 5090 0 5144 0 5089 0 5866 0 5092 0 5144 0 5096 0 5095 0 5094 0 5093 0 5094 0 5091 0 5096 0 5094 0 5097 0 5097 0 5094 0 5867 0 5097 0 5867 0 5099 0 5100 0 5099 0 5868 0 5100 0 5868 0 5101 0 5101 0 5868 0 5102 0 5104 0 5102 0 5869 0 5104 0 5869 0 5870 0 4928 0 4904 0 5673 0 4928 0 5673 0 5871 0 5871 0 5673 0 5675 0 5871 0 5675 0 5872 0 5872 0 5675 0 5672 0 5109 0 5873 0 5111 0 5112 0 5111 0 5874 0 5671 0 5875 0 5872 0 5671 0 5872 0 5672 0 5676 0 5875 0 5671 0 5875 0 5676 0 5574 0 5875 0 5574 0 5876 0 5877 0 5878 0 5879 0 5877 0 5879 0 5880 0 5878 0 5881 0 5882 0 5878 0 5882 0 5879 0 5123 0 4927 0 5883 0 5883 0 4927 0 5112 0 5884 0 5885 0 5125 0 5125 0 5885 0 5886 0 5123 0 5885 0 5124 0 5885 0 5887 0 5886 0 5131 0 5125 0 5886 0 5175 0 5888 0 5109 0 5109 0 5888 0 5889 0 5109 0 5889 0 5873 0 5873 0 5889 0 5877 0 5873 0 5877 0 5111 0 5111 0 5877 0 5874 0 5874 0 5877 0 5890 0 5874 0 5890 0 5112 0 5112 0 5890 0 5883 0 5883 0 5890 0 5891 0 5883 0 5891 0 5123 0 5123 0 5891 0 5885 0 5124 0 5885 0 5884 0 5131 0 5886 0 5132 0 5133 0 5132 0 5134 0 5892 0 5138 0 5893 0 5893 0 5138 0 5136 0 5893 0 5136 0 5134 0 5083 0 5085 0 5865 0 5865 0 5085 0 5892 0 5892 0 5085 0 5138 0 5894 0 5869 0 5895 0 5895 0 5869 0 5102 0 5895 0 5102 0 5896 0 5897 0 5896 0 5099 0 5897 0 5099 0 5898 0 5899 0 5898 0 5867 0 5899 0 5867 0 5900 0 5900 0 5867 0 5094 0 5900 0 5094 0 5901 0 5901 0 5094 0 5093 0 5901 0 5093 0 5902 0 5901 0 5902 0 5903 0 5903 0 5902 0 5904 0 5903 0 5904 0 5905 0 5905 0 5904 0 5866 0 5905 0 5866 0 5906 0 5906 0 5866 0 5090 0 5906 0 5090 0 5907 0 5908 0 5907 0 5909 0 5908 0 5909 0 5910 0 5910 0 5909 0 5865 0 5910 0 5865 0 5911 0 5911 0 5865 0 5912 0 5912 0 5865 0 5892 0 5912 0 5892 0 5913 0 5913 0 5892 0 5893 0 5913 0 5893 0 5914 0 5914 0 5893 0 5915 0 5914 0 5915 0 5916 0 5917 0 5916 0 5887 0 5917 0 5887 0 5918 0 5918 0 5887 0 5885 0 5918 0 5885 0 5919 0 5919 0 5885 0 5891 0 5919 0 5891 0 5890 0 5880 0 5890 0 5877 0 5878 0 5877 0 5889 0 5878 0 5889 0 5920 0 5920 0 5889 0 5888 0 5894 0 5870 0 5869 0 5896 0 5102 0 5868 0 5896 0 5868 0 5099 0 5898 0 5099 0 5867 0 5902 0 5093 0 5092 0 5902 0 5092 0 5904 0 5904 0 5092 0 5866 0 5907 0 5090 0 5087 0 5907 0 5087 0 5909 0 5909 0 5087 0 5086 0 5909 0 5086 0 5865 0 5915 0 5893 0 5134 0 5915 0 5134 0 5916 0 5916 0 5134 0 5132 0 5916 0 5132 0 5887 0 5887 0 5132 0 5886 0 5920 0 5881 0 5878 0 5880 0 5879 0 5921 0 5880 0 5921 0 5890 0 5890 0 5921 0 5919 0 5919 0 5921 0 5922 0 5919 0 5922 0 5923 0 5919 0 5923 0 5918 0 5574 0 5924 0 5876 0 5924 0 5574 0 5573 0 5175 0 5925 0 5888 0 5888 0 5925 0 5121 0 5888 0 5121 0 5926 0 5888 0 5926 0 5920 0 5920 0 5926 0 5927 0 5920 0 5927 0 5881 0 5881 0 5927 0 5928 0 5924 0 5573 0 5685 0 5924 0 5929 0 5930 0 5924 0 5930 0 5876 0 5876 0 5930 0 5875 0 5875 0 5930 0 5931 0 5875 0 5931 0 5872 0 5872 0 5931 0 5932 0 5872 0 5932 0 5871 0 5871 0 5932 0 4929 0 5871 0 4929 0 4928 0 5882 0 5933 0 5934 0 5881 0 5935 0 5882 0 5882 0 5935 0 5933 0 5573 0 5682 0 5685 0 5121 0 4929 0 5926 0 5926 0 4929 0 5932 0 5926 0 5932 0 5927 0 5927 0 5932 0 5931 0 5927 0 5931 0 5928 0 5928 0 5931 0 5930 0 5928 0 5930 0 5936 0 5936 0 5930 0 5929 0 5936 0 5929 0 5699 0 5699 0 5929 0 5924 0 5699 0 5924 0 5685 0 5937 0 5685 0 5687 0 5648 0 5862 0 5652 0 5652 0 5862 0 5744 0 5643 0 5742 0 5637 0 5741 0 5697 0 5937 0 5937 0 5687 0 5741 0 5738 0 5701 0 5739 0 5739 0 5701 0 5700 0 5700 0 5782 0 5648 0 5648 0 5782 0 5862 0 5744 0 5862 0 5849 0 5744 0 5849 0 5743 0 5743 0 5849 0 5642 0 5642 0 5763 0 5643 0 5643 0 5763 0 5742 0 5742 0 5746 0 5741 0 5741 0 5746 0 5745 0 5741 0 5745 0 5697 0 5699 0 5698 0 5938 0 5938 0 5698 0 5939 0 5938 0 5939 0 5940 0 5940 0 5939 0 5941 0 5941 0 5939 0 5942 0 5941 0 5942 0 5943 0 5943 0 5942 0 5944 0 5943 0 5944 0 5945 0 5945 0 5946 0 5947 0 5945 0 5947 0 5943 0 5943 0 5947 0 5934 0 5943 0 5934 0 5941 0 5941 0 5934 0 5933 0 5941 0 5933 0 5940 0 5940 0 5933 0 5935 0 5940 0 5935 0 5938 0 5938 0 5935 0 5936 0 5938 0 5936 0 5699 0 5685 0 5937 0 5697 0 5685 0 5697 0 5699 0 5936 0 5935 0 5928 0 5928 0 5935 0 5881 0 5879 0 5882 0 5934 0 5879 0 5934 0 5921 0 5921 0 5934 0 5947 0 5921 0 5947 0 5922 0 5922 0 5947 0 5946 0 5922 0 5946 0 5923 0 5948 0 5694 0 5949 0 5918 0 5950 0 5951 0 5951 0 5696 0 5952 0 5945 0 5948 0 5949 0 5945 0 5949 0 5950 0 5923 0 5950 0 5918 0 5696 0 5695 0 5953 0 5949 0 5694 0 5696 0 5949 0 5696 0 5950 0 5950 0 5696 0 5951 0 5914 0 5952 0 5954 0 5914 0 5954 0 5913 0 5913 0 5954 0 5955 0 5913 0 5955 0 5912 0 5912 0 5955 0 5956 0 5912 0 5956 0 5911 0 5908 0 5957 0 5958 0 5906 0 5908 0 5959 0 5906 0 5959 0 5960 0 5960 0 5961 0 5901 0 5901 0 5961 0 5962 0 5899 0 5900 0 5963 0 5899 0 5963 0 5964 0 5897 0 5964 0 5965 0 5894 0 5895 0 5966 0 5696 0 5967 0 5968 0 5968 0 5967 0 5969 0 5968 0 5969 0 5970 0 5797 0 5966 0 5799 0 5799 0 5966 0 5895 0 5799 0 5895 0 5800 0 5809 0 5807 0 5962 0 5809 0 5962 0 5811 0 5811 0 5962 0 5961 0 5811 0 5961 0 5971 0 5972 0 5959 0 5958 0 5972 0 5958 0 5817 0 5817 0 5958 0 5973 0 5817 0 5973 0 5820 0 5820 0 5973 0 5956 0 5820 0 5956 0 5974 0 5974 0 5956 0 5955 0 5974 0 5955 0 5970 0 5800 0 5895 0 5965 0 5800 0 5965 0 5975 0 5975 0 5965 0 5964 0 5975 0 5964 0 5963 0 5807 0 5963 0 5900 0 5807 0 5900 0 5962 0 5971 0 5961 0 5960 0 5971 0 5960 0 5959 0 5958 0 5959 0 5908 0 5973 0 5958 0 5957 0 5973 0 5957 0 5956 0 5956 0 5957 0 5911 0 5970 0 5955 0 5954 0 5970 0 5954 0 5968 0 5968 0 5954 0 5952 0 5968 0 5952 0 5696 0 5967 0 5696 0 5953 0 5965 0 5895 0 5896 0 5965 0 5896 0 5897 0 5964 0 5897 0 5898 0 5964 0 5898 0 5899 0 5962 0 5900 0 5901 0 5960 0 5901 0 5903 0 5960 0 5903 0 5905 0 5960 0 5905 0 5906 0 5908 0 5906 0 5907 0 5957 0 5908 0 5910 0 5957 0 5910 0 5911 0 5952 0 5914 0 5916 0 5952 0 5916 0 5951 0 5951 0 5916 0 5917 0 5951 0 5917 0 5918 0 5950 0 5923 0 5946 0 5950 0 5946 0 5945 0 5948 0 5945 0 5944 0 5802 0 5800 0 5975 0 5802 0 5975 0 5804 0 5804 0 5975 0 5963 0 5804 0 5963 0 5806 0 5806 0 5963 0 5807 0 5812 0 5811 0 5814 0 5814 0 5811 0 5971 0 5814 0 5971 0 5959 0 5814 0 5959 0 5815 0 5815 0 5959 0 5972 0 5815 0 5972 0 5817 0 5821 0 5820 0 5822 0 5822 0 5820 0 5974 0 5822 0 5974 0 5761 0 5761 0 5974 0 5970 0 5761 0 5970 0 5969 0 5761 0 5969 0 5759 0 5759 0 5969 0 5967 0 5759 0 5967 0 5758 0 5758 0 5967 0 5953 0 5758 0 5953 0 5695 0 5757 0 5695 0 5694 0 5757 0 5694 0 5755 0 5755 0 5694 0 5948 0 5755 0 5948 0 5944 0 5755 0 5944 0 5752 0 5752 0 5944 0 5942 0 5752 0 5942 0 5750 0 5750 0 5942 0 5939 0 5750 0 5939 0 5748 0 5748 0 5939 0 5698 0 5748 0 5698 0 5745 0 5745 0 5698 0 5697 0 4962 0 4961 0 4960 0 5976 0 5977 0 5978 0 5979 0 5978 0 5977 0 5980 0 5981 0 5982 0 5983 0 5104 0 5984 0 5985 0 5986 0 5987 0 5988 0 5989 0 5990 0 5991 0 5992 0 5982 0 5993 0 5977 0 5994 0 5995 0 5996 0 5997 0 5998 0 5999 0 6000 0 6001 0 6002 0 6003 0 6003 0 6002 0 6004 0 6003 0 6004 0 6005 0 6006 0 6007 0 6003 0 5104 0 5870 0 6008 0 5984 0 6005 0 6009 0 4966 0 4965 0 6010 0 4966 0 6011 0 5226 0 5226 0 6012 0 5043 0 5043 0 6013 0 5044 0 5044 0 6013 0 6014 0 5976 0 5044 0 6015 0 6015 0 5044 0 6014 0 6014 0 6013 0 5043 0 6012 0 5226 0 6011 0 6011 0 4966 0 6010 0 6016 0 6010 0 4965 0 4970 0 4965 0 4967 0 6016 0 4965 0 4970 0 6017 0 4970 0 4969 0 6017 0 4969 0 4973 0 6017 0 4973 0 6018 0 4972 0 5104 0 5983 0 5103 0 5104 0 4972 0 4973 0 4972 0 6018 0 6018 0 4972 0 5983 0 6018 0 5983 0 6017 0 6017 0 5983 0 5984 0 6019 0 6020 0 6021 0 6021 0 6020 0 6015 0 6021 0 6015 0 6022 0 6022 0 6015 0 6023 0 6024 0 6016 0 6025 0 6025 0 6016 0 6026 0 6027 0 6026 0 4970 0 6027 0 4970 0 6017 0 6019 0 5976 0 6020 0 6020 0 5976 0 6015 0 6023 0 6015 0 6014 0 6014 0 5043 0 6012 0 6014 0 6012 0 6011 0 6011 0 6010 0 6024 0 6024 0 6010 0 6016 0 6026 0 6016 0 4970 0 5984 0 5104 0 6008 0 6028 0 4962 0 6029 0 6030 0 6028 0 6031 0 6031 0 6028 0 6029 0 6028 0 5079 0 4962 0 6032 0 6033 0 6034 0 6032 0 6034 0 4960 0 4960 0 6034 0 4962 0 6035 0 6034 0 6033 0 6033 0 4960 0 6036 0 6033 0 6036 0 5980 0 6033 0 6032 0 4960 0 6035 0 6029 0 4962 0 6035 0 4962 0 6034 0 5981 0 6037 0 6038 0 5976 0 5978 0 5044 0 5981 0 5980 0 6037 0 6037 0 5980 0 4963 0 5978 0 5979 0 5044 0 5044 0 5979 0 6038 0 5977 0 5981 0 5979 0 5979 0 5981 0 6038 0 6038 0 5050 0 5044 0 6038 0 6037 0 5050 0 5050 0 6037 0 4963 0 5982 0 6033 0 5980 0 5980 0 6036 0 4963 0 4963 0 6036 0 4960 0 6039 0 6031 0 6040 0 6040 0 6029 0 6041 0 6041 0 6029 0 6035 0 6041 0 6035 0 5988 0 5988 0 6035 0 6042 0 5989 0 6033 0 5982 0 6031 0 6029 0 6040 0 6035 0 6033 0 6042 0 5982 0 5981 0 5977 0 5997 0 6021 0 6043 0 6044 0 5997 0 6045 0 6044 0 6045 0 6046 0 6046 0 6045 0 6047 0 6047 0 6045 0 6048 0 6047 0 6048 0 6049 0 6049 0 6048 0 6000 0 5998 0 6026 0 6009 0 5977 0 6019 0 6021 0 6021 0 6022 0 6023 0 5997 0 6023 0 6045 0 6045 0 6050 0 6048 0 6048 0 6011 0 6000 0 5998 0 6025 0 6026 0 6026 0 6027 0 6009 0 6009 0 6017 0 5984 0 6011 0 5998 0 6000 0 5997 0 6043 0 6023 0 6023 0 6043 0 6021 0 5977 0 6021 0 5994 0 5984 0 6006 0 6003 0 5984 0 6003 0 6005 0 6009 0 5999 0 5998 0 6047 0 6049 0 6046 0 6044 0 6046 0 5997 0 5997 0 6046 0 5995 0 5997 0 6051 0 6021 0 6021 0 6051 0 6052 0 6021 0 6052 0 5993 0 6021 0 5993 0 5994 0 5977 0 5991 0 5982 0 5982 0 6053 0 5989 0 6033 0 5989 0 6042 0 6042 0 5989 0 5988 0 5988 0 5986 0 6041 0 6041 0 5986 0 5985 0 6041 0 5985 0 6040 0 6040 0 5985 0 5987 0 5977 0 5976 0 6019 0 6017 0 6009 0 6027 0 6025 0 5998 0 6024 0 6024 0 5998 0 6011 0 6011 0 6048 0 6014 0 6014 0 6048 0 6050 0 6014 0 6050 0 6045 0 6014 0 6045 0 6023 0 5714 0 5716 0 6054 0 6055 0 5707 0 5712 0 5712 0 5707 0 5713 0 6056 0 5707 0 6055 0 5710 0 5708 0 5707 0 5710 0 5707 0 6056 0 5706 0 5710 0 5705 0 5705 0 5710 0 5703 0 5703 0 5797 0 5796 0 6057 0 5870 0 5894 0 6007 0 6008 0 5870 0 6007 0 5984 0 6008 0 5984 0 6007 0 6006 0 6003 0 6007 0 6001 0 6002 0 6001 0 6007 0 6002 0 6007 0 6058 0 6059 0 6058 0 6060 0 6061 0 6059 0 6060 0 6061 0 6062 0 6059 0 6063 0 6064 0 6065 0 6066 0 6067 0 6065 0 6066 0 6068 0 6067 0 6069 0 6070 0 6067 0 6069 0 6067 0 6068 0 6071 0 6072 0 6073 0 6073 0 6072 0 6074 0 6074 0 6072 0 6075 0 6075 0 6076 0 6077 0 6075 0 6078 0 6076 0 6078 0 6079 0 6080 0 6079 0 6081 0 6082 0 6082 0 6081 0 6083 0 6082 0 6083 0 6084 0 6085 0 6084 0 6083 0 6085 0 6086 0 6084 0 6087 0 6088 0 6089 0 6087 0 6089 0 6090 0 6091 0 6092 0 6093 0 6087 0 6094 0 6088 0 6054 0 6088 0 5714 0 5714 0 6088 0 6094 0 6094 0 6087 0 5711 0 5711 0 6095 0 6093 0 5711 0 6093 0 6092 0 5712 0 6092 0 6055 0 6055 0 6092 0 6096 0 5894 0 6097 0 6057 0 6098 0 6097 0 6099 0 6100 0 6099 0 5797 0 6101 0 6102 0 6103 0 6103 0 6102 0 6104 0 6103 0 6104 0 6105 0 6105 0 6104 0 6106 0 6107 0 6108 0 6109 0 6079 0 6110 0 6111 0 6111 0 6110 0 6112 0 6112 0 6110 0 6113 0 5797 0 6104 0 6114 0 6115 0 6109 0 5710 0 6115 0 5710 0 6110 0 6110 0 6079 0 6115 0 6115 0 6079 0 6109 0 6108 0 6107 0 6106 0 6108 0 6106 0 6104 0 6114 0 6104 0 6102 0 6114 0 6102 0 5797 0 5797 0 6099 0 6116 0 6116 0 6099 0 6097 0 5714 0 6094 0 5711 0 5712 0 5711 0 6092 0 6055 0 6096 0 6056 0 6056 0 6096 0 5710 0 5710 0 6096 0 6117 0 5703 0 5710 0 6108 0 5703 0 6108 0 6104 0 5703 0 6104 0 5797 0 5797 0 6116 0 5966 0 6112 0 6113 0 6096 0 6096 0 6113 0 6110 0 6096 0 6110 0 6117 0 6117 0 6110 0 5710 0 5710 0 6109 0 6108 0 6116 0 6097 0 5966 0 5966 0 6097 0 5894 0 6060 0 6007 0 6061 0 6007 0 5870 0 6057 0 6061 0 6007 0 6057 0 6062 0 6100 0 6118 0 6062 0 6118 0 6119 0 6119 0 6118 0 6120 0 6120 0 6118 0 6121 0 6120 0 6121 0 6122 0 6122 0 6121 0 6069 0 6069 0 6121 0 6103 0 6069 0 6103 0 6123 0 6123 0 6103 0 6124 0 6123 0 6124 0 6071 0 6071 0 6124 0 6103 0 6071 0 6103 0 6072 0 6079 0 6125 0 6081 0 6081 0 6125 0 6126 0 6127 0 6091 0 6128 0 6062 0 6129 0 6098 0 6121 0 6101 0 6103 0 6085 0 6096 0 6091 0 6091 0 6095 0 6128 0 6087 0 6090 0 6130 0 6087 0 6130 0 6095 0 6091 0 6127 0 6085 0 6096 0 6085 0 6126 0 6096 0 6126 0 6125 0 6096 0 6125 0 6112 0 6112 0 6125 0 6079 0 6079 0 6078 0 6107 0 6090 0 6089 0 6131 0 6090 0 6131 0 6132 0 6090 0 6132 0 6130 0 6095 0 6130 0 6128 0 6126 0 6085 0 6083 0 6126 0 6083 0 6081 0 6107 0 6078 0 6075 0 6107 0 6075 0 6103 0 6103 0 6075 0 6072 0 6123 0 6071 0 6070 0 6123 0 6070 0 6069 0 6122 0 6069 0 6068 0 6122 0 6068 0 6120 0 6120 0 6068 0 6066 0 6120 0 6066 0 6119 0 6119 0 6066 0 6065 0 6119 0 6065 0 6062 0 6062 0 6065 0 6064 0 6062 0 6064 0 6063 0 6057 0 6062 0 6061 0 6060 0 6058 0 6007 0 6087 0 6095 0 5711 0 6095 0 6091 0 6093 0 6092 0 6091 0 6096 0 6112 0 6079 0 6111 0 6109 0 6079 0 6107 0 6106 0 6107 0 6105 0 6105 0 6107 0 6103 0 6101 0 6121 0 6102 0 6102 0 6121 0 5797 0 5797 0 6121 0 6118 0 5797 0 6118 0 6100 0 6099 0 6100 0 6062 0 6099 0 6062 0 6098 0 6098 0 6129 0 6097 0 6097 0 6129 0 6062 0 6097 0 6062 0 6057 0 6133 0 6134 0 6135 0 6136 0 6137 0 6138 0 6138 0 6137 0 6139 0 6138 0 6139 0 6140 0 6140 0 6139 0 6141 0 6140 0 6141 0 6142 0 6142 0 6141 0 6143 0 6144 0 6145 0 6146 0 6147 0 6148 0 6149 0 6149 0 6148 0 6150 0 6151 0 6150 0 6152 0 6151 0 6152 0 6153 0 6153 0 6152 0 6154 0 6155 0 6156 0 6157 0 6157 0 6156 0 6158 0 6158 0 6159 0 6160 0 6161 0 6162 0 6163 0 6164 0 6163 0 6165 0 6164 0 6165 0 6166 0 6166 0 6165 0 6167 0 6168 0 6169 0 6170 0 6168 0 6171 0 6169 0 6172 0 6173 0 6174 0 6174 0 6175 0 6172 0 6176 0 6177 0 6178 0 6178 0 6177 0 6179 0 6178 0 6179 0 6180 0 6181 0 6182 0 6183 0 6183 0 6182 0 6184 0 6183 0 6184 0 6177 0 6185 0 6186 0 6181 0 6185 0 6187 0 6186 0 6188 0 6189 0 6190 0 6190 0 6189 0 6191 0 6188 0 6192 0 6189 0 6193 0 6194 0 6188 0 6195 0 6196 0 6197 0 6198 0 6199 0 6200 0 6198 0 6200 0 6148 0 6146 0 6201 0 6202 0 6203 0 6204 0 6201 0 6203 0 6205 0 6204 0 6206 0 6207 0 6208 0 6208 0 6207 0 6209 0 6210 0 6211 0 6212 0 6212 0 6211 0 6206 0 6213 0 6214 0 6210 0 6170 0 6215 0 6168 0 6168 0 6215 0 6216 0 6216 0 6215 0 6217 0 6216 0 6217 0 6218 0 6218 0 6217 0 6219 0 6167 0 6165 0 6220 0 6220 0 6165 0 6163 0 6173 0 6163 0 6162 0 6181 0 6221 0 6222 0 6222 0 6221 0 6223 0 6222 0 6223 0 6160 0 6224 0 6160 0 6159 0 6156 0 6159 0 6158 0 6197 0 6155 0 6154 0 6197 0 6154 0 6152 0 6148 0 6147 0 6146 0 6137 0 6141 0 6139 0 6137 0 6136 0 6225 0 6225 0 6136 0 6226 0 6225 0 6226 0 6227 0 6228 0 6227 0 6229 0 6229 0 6227 0 6230 0 6231 0 6232 0 6233 0 6231 0 6233 0 6234 0 6234 0 6233 0 6133 0 6235 0 6218 0 6219 0 6235 0 6219 0 6236 0 6236 0 6219 0 6167 0 6236 0 6167 0 6220 0 6220 0 6163 0 6173 0 6173 0 6162 0 6237 0 6237 0 6162 0 6238 0 6238 0 6162 0 6239 0 6238 0 6239 0 6240 0 6183 0 6241 0 6221 0 6183 0 6221 0 6181 0 6159 0 6156 0 6188 0 6188 0 6156 0 6155 0 6146 0 6145 0 6242 0 6242 0 6145 0 6143 0 6243 0 6225 0 6227 0 6243 0 6227 0 6228 0 6244 0 6228 0 6229 0 6244 0 6229 0 6230 0 6244 0 6230 0 6245 0 6245 0 6230 0 6246 0 6245 0 6246 0 6232 0 6245 0 6232 0 6231 0 6247 0 6234 0 6133 0 6247 0 6133 0 6135 0 6248 0 6168 0 6216 0 6248 0 6216 0 6249 0 6249 0 6216 0 6218 0 6249 0 6218 0 6250 0 6250 0 6218 0 6235 0 6250 0 6235 0 6251 0 6251 0 6235 0 6236 0 6172 0 6236 0 6220 0 6172 0 6220 0 6173 0 6252 0 6238 0 6240 0 6252 0 6240 0 6176 0 6176 0 6240 0 6241 0 6176 0 6241 0 6253 0 6253 0 6241 0 6183 0 6187 0 6222 0 6160 0 6187 0 6160 0 6224 0 6187 0 6224 0 6159 0 6195 0 6152 0 6150 0 6199 0 6148 0 6146 0 6201 0 6146 0 6242 0 6254 0 6242 0 6143 0 6254 0 6143 0 6141 0 6212 0 6137 0 6225 0 6212 0 6225 0 6210 0 6210 0 6225 0 6243 0 6255 0 6245 0 6256 0 6256 0 6245 0 6231 0 6256 0 6231 0 6234 0 6256 0 6234 0 6247 0 6247 0 6257 0 6258 0 6247 0 6258 0 6256 0 6245 0 6255 0 6259 0 6245 0 6259 0 6244 0 6244 0 6259 0 6260 0 6244 0 6260 0 6228 0 6228 0 6260 0 6213 0 6228 0 6213 0 6243 0 6243 0 6213 0 6210 0 6137 0 6212 0 6206 0 6137 0 6206 0 6141 0 6141 0 6206 0 6208 0 6141 0 6208 0 6203 0 6141 0 6203 0 6254 0 6254 0 6203 0 6242 0 6242 0 6203 0 6201 0 6199 0 6198 0 6148 0 6148 0 6261 0 6150 0 6150 0 6196 0 6195 0 6152 0 6195 0 6197 0 6155 0 6197 0 6193 0 6155 0 6193 0 6188 0 6159 0 6188 0 6190 0 6159 0 6190 0 6191 0 6159 0 6191 0 6187 0 6222 0 6187 0 6185 0 6222 0 6185 0 6181 0 6253 0 6183 0 6177 0 6253 0 6177 0 6176 0 6252 0 6176 0 6178 0 6252 0 6178 0 6180 0 6252 0 6180 0 6238 0 6238 0 6180 0 6262 0 6238 0 6262 0 6237 0 6237 0 6262 0 6263 0 6237 0 6263 0 6173 0 6236 0 6172 0 6264 0 6236 0 6264 0 6251 0 6248 0 6249 0 6265 0 6248 0 6265 0 6168 0 6168 0 6265 0 6171 0 6266 0 6267 0 6268 0 6269 0 4656 0 4655 0 4655 0 4657 0 6269 0 6269 0 4657 0 4658 0 4646 0 4648 0 6270 0 6271 0 4648 0 4651 0 4654 0 4649 0 6272 0 6272 0 4649 0 4650 0 6273 0 4644 0 4647 0 4645 0 4644 0 6262 0 6262 0 4644 0 6273 0 6274 0 5232 0 6275 0 5276 0 5232 0 6274 0 5308 0 5276 0 6276 0 6276 0 5311 0 5308 0 6277 0 5275 0 5311 0 6277 0 5311 0 6276 0 6277 0 5271 0 5275 0 6278 0 5272 0 6277 0 6277 0 5272 0 5271 0 5227 0 5313 0 6278 0 6278 0 5313 0 5272 0 6279 0 5228 0 5227 0 6279 0 5227 0 6278 0 5228 0 6279 0 5229 0 5229 0 6279 0 5269 0 5339 0 5270 0 5269 0 6280 0 5338 0 5269 0 5269 0 5338 0 5339 0 6280 0 5286 0 5338 0 5286 0 6280 0 5267 0 5267 0 6280 0 5268 0 5264 0 5266 0 5268 0 5260 0 6281 0 5255 0 6281 0 5260 0 5262 0 5259 0 5258 0 6281 0 6281 0 5258 0 5256 0 6281 0 5256 0 5255 0 6282 0 6266 0 6268 0 6283 0 6266 0 6284 0 6284 0 6266 0 6282 0 6284 0 6285 0 6283 0 6285 0 6286 0 6266 0 6287 0 6288 0 6289 0 6289 0 6288 0 6286 0 6289 0 6290 0 6287 0 6291 0 6292 0 6290 0 6293 0 6294 0 6295 0 6293 0 6295 0 6290 0 6290 0 6295 0 6291 0 6294 0 6293 0 6296 0 6294 0 6296 0 6297 0 6296 0 6298 0 6297 0 6299 0 6298 0 6296 0 6299 0 6300 0 6301 0 6302 0 6303 0 6304 0 6302 0 6301 0 6303 0 6305 0 6306 0 6304 0 6305 0 6304 0 6303 0 6307 0 6306 0 6308 0 6305 0 6308 0 6306 0 6307 0 6308 0 6309 0 6307 0 6309 0 6310 0 6311 0 6310 0 6309 0 6257 0 6311 0 6312 0 6257 0 6313 0 6311 0 6311 0 6313 0 6310 0 6314 0 6258 0 6312 0 6312 0 6258 0 6257 0 6315 0 6256 0 6314 0 6314 0 6256 0 6258 0 6315 0 6255 0 6256 0 6316 0 6259 0 6315 0 6315 0 6259 0 6255 0 6317 0 6260 0 6316 0 6316 0 6260 0 6259 0 6205 0 6207 0 6211 0 6211 0 6207 0 6206 0 6205 0 6209 0 6207 0 6205 0 6203 0 6208 0 6205 0 6208 0 6209 0 6318 0 6201 0 6204 0 6318 0 6202 0 6201 0 6199 0 6146 0 6202 0 6319 0 6148 0 6320 0 6320 0 6148 0 6200 0 6319 0 6261 0 6148 0 6319 0 6150 0 6261 0 6188 0 6194 0 6321 0 6321 0 6194 0 6193 0 6321 0 6193 0 6197 0 6189 0 6192 0 4711 0 4711 0 6192 0 6188 0 6322 0 6191 0 6189 0 6322 0 6187 0 6191 0 6323 0 6186 0 6187 0 6323 0 6181 0 6186 0 6324 0 6181 0 6323 0 6324 0 6182 0 6181 0 6325 0 6184 0 6326 0 6326 0 6184 0 6182 0 6325 0 6177 0 6184 0 6327 0 6177 0 6325 0 6328 0 6180 0 6327 0 6327 0 6180 0 6179 0 6327 0 6179 0 6177 0 6262 0 6180 0 6328 0 6329 0 6263 0 6262 0 6174 0 6263 0 6329 0 6174 0 6173 0 6263 0 6264 0 6172 0 6175 0 6330 0 6251 0 6264 0 6331 0 6250 0 6330 0 6330 0 6250 0 6251 0 6331 0 6249 0 6250 0 6332 0 6265 0 6331 0 6331 0 6265 0 6249 0 6333 0 6171 0 6334 0 6334 0 6171 0 6332 0 6332 0 6171 0 6265 0 6272 0 6335 0 6334 0 6334 0 6335 0 6333 0 6336 0 6337 0 6335 0 6336 0 6335 0 6272 0 6275 0 6337 0 6274 0 6274 0 6337 0 6336 0 4736 0 4680 0 4735 0 6338 0 4736 0 4681 0 6338 0 4681 0 6339 0 4681 0 4683 0 6339 0 6339 0 4683 0 4682 0 4682 0 4684 0 6339 0 6339 0 4684 0 4685 0 6339 0 4685 0 6340 0 6340 0 4685 0 6341 0 6341 0 4685 0 6342 0 4685 0 4686 0 6342 0 6342 0 4686 0 4688 0 4688 0 4687 0 6343 0 6343 0 4687 0 6344 0 6344 0 4687 0 4733 0 6344 0 4733 0 6345 0 4733 0 4690 0 6345 0 6345 0 4690 0 6346 0 6346 0 4690 0 6347 0 6347 0 4690 0 4689 0 4689 0 4691 0 6347 0 6347 0 4691 0 6348 0 6348 0 4691 0 6349 0 6349 0 4691 0 6350 0 4691 0 4743 0 6350 0 6350 0 4743 0 6351 0 4743 0 4732 0 6351 0 4732 0 4731 0 6351 0 6351 0 4731 0 6352 0 4731 0 4729 0 6352 0 6352 0 4729 0 6353 0 6353 0 4729 0 6354 0 4729 0 4728 0 6354 0 6354 0 4728 0 6355 0 4728 0 4726 0 6355 0 6355 0 4726 0 6356 0 4726 0 4725 0 6356 0 6356 0 4725 0 6357 0 4725 0 4724 0 6357 0 6357 0 4724 0 4693 0 6358 0 4693 0 4692 0 6358 0 4692 0 6359 0 6359 0 4692 0 4694 0 4697 0 4698 0 4699 0 4698 0 4700 0 4699 0 4699 0 4701 0 6360 0 6360 0 4701 0 4703 0 4703 0 4702 0 6361 0 6361 0 4702 0 4664 0 6361 0 4664 0 6362 0 6362 0 4664 0 6363 0 6363 0 4664 0 6364 0 6364 0 4664 0 4705 0 4705 0 4704 0 6364 0 6364 0 4704 0 4706 0 6364 0 4706 0 6150 0 6150 0 4706 0 4710 0 4710 0 4709 0 4708 0 4708 0 4707 0 4712 0 4708 0 4712 0 6321 0 6321 0 4712 0 4711 0 4711 0 4714 0 6365 0 4714 0 4715 0 6365 0 4715 0 4660 0 6366 0 6366 0 4660 0 6367 0 6367 0 4660 0 4717 0 6367 0 4717 0 4716 0 4719 0 4720 0 6368 0 6368 0 4720 0 6369 0 6369 0 4720 0 4718 0 4718 0 4659 0 6370 0 6370 0 4659 0 4639 0 4658 0 4739 0 6269 0 4739 0 4738 0 6371 0 6371 0 4738 0 6372 0 4738 0 4671 0 6372 0 6372 0 4671 0 6373 0 4671 0 4670 0 6373 0 6373 0 4670 0 6374 0 4670 0 4673 0 6374 0 6374 0 4673 0 4672 0 6374 0 4672 0 6375 0 6375 0 4672 0 6376 0 6376 0 4672 0 4674 0 4674 0 4676 0 6376 0 6376 0 4676 0 4675 0 6376 0 4675 0 6377 0 4639 0 4645 0 6262 0 4639 0 6378 0 6370 0 6370 0 6378 0 6379 0 6370 0 6379 0 6380 0 6370 0 6380 0 4718 0 4718 0 6380 0 6381 0 4718 0 6381 0 6369 0 6368 0 6369 0 6382 0 6368 0 6382 0 4719 0 4719 0 6382 0 6323 0 4719 0 6323 0 4716 0 4716 0 6323 0 6383 0 4716 0 6383 0 6187 0 4716 0 6187 0 6367 0 6366 0 6367 0 6187 0 6366 0 6187 0 4715 0 4715 0 6187 0 6384 0 4715 0 6384 0 6365 0 6365 0 6384 0 6322 0 6365 0 6322 0 4711 0 4708 0 6321 0 6385 0 4708 0 6385 0 6196 0 4708 0 6196 0 4710 0 4710 0 6196 0 6150 0 6364 0 6150 0 6363 0 6363 0 6150 0 6362 0 6362 0 6150 0 6386 0 6362 0 6386 0 6361 0 6361 0 6386 0 6319 0 6361 0 6319 0 4703 0 4703 0 6319 0 6387 0 4703 0 6387 0 6320 0 4703 0 6320 0 6360 0 4699 0 6360 0 6388 0 4699 0 6388 0 4697 0 4697 0 6318 0 6389 0 4697 0 6389 0 4695 0 4695 0 6389 0 6390 0 4695 0 6390 0 4694 0 4694 0 6390 0 6205 0 4694 0 6205 0 6359 0 6359 0 6205 0 6391 0 6359 0 6391 0 6358 0 6358 0 6391 0 6392 0 6358 0 6392 0 4693 0 4693 0 6392 0 6393 0 4693 0 6393 0 6357 0 6357 0 6393 0 6394 0 6357 0 6394 0 6356 0 6356 0 6394 0 6317 0 6356 0 6317 0 6355 0 6355 0 6317 0 6395 0 6355 0 6395 0 6354 0 6354 0 6395 0 6396 0 6354 0 6396 0 6353 0 6353 0 6396 0 6397 0 6353 0 6397 0 6352 0 6352 0 6397 0 6311 0 6352 0 6311 0 6351 0 6351 0 6311 0 6398 0 6351 0 6398 0 6350 0 6349 0 6350 0 6399 0 6349 0 6399 0 6348 0 6348 0 6399 0 6347 0 6347 0 6399 0 6400 0 6345 0 6346 0 6401 0 6345 0 6401 0 6402 0 6345 0 6402 0 6344 0 6344 0 6290 0 6343 0 4688 0 6343 0 6403 0 4688 0 6403 0 6342 0 6342 0 6403 0 6341 0 6341 0 6404 0 6340 0 6339 0 6340 0 6338 0 4736 0 6338 0 6282 0 4736 0 6282 0 6405 0 4736 0 6405 0 6268 0 4736 0 6268 0 4680 0 4680 0 6268 0 6281 0 4680 0 6281 0 4677 0 4677 0 6406 0 6407 0 4677 0 6407 0 4678 0 4678 0 6407 0 4675 0 4675 0 6407 0 6408 0 4675 0 6408 0 6377 0 6377 0 6408 0 6376 0 6376 0 6408 0 6280 0 6376 0 6280 0 6375 0 6374 0 6279 0 6373 0 6373 0 6279 0 6409 0 6373 0 6409 0 6372 0 6372 0 6409 0 6278 0 6372 0 6278 0 6371 0 6371 0 6278 0 6410 0 6371 0 6410 0 6276 0 6371 0 6276 0 4739 0 4739 0 6276 0 6269 0 6269 0 6276 0 4656 0 5259 0 6281 0 6268 0 4677 0 6281 0 5262 0 4677 0 5262 0 6406 0 6406 0 5262 0 6411 0 6406 0 6411 0 6407 0 6407 0 6411 0 5262 0 6407 0 5262 0 5264 0 6407 0 5264 0 6408 0 6408 0 5264 0 5268 0 6408 0 5268 0 6280 0 6375 0 6280 0 5269 0 6375 0 5269 0 6374 0 6374 0 5269 0 6279 0 6409 0 6279 0 6278 0 6278 0 6277 0 6410 0 6410 0 6277 0 6276 0 4656 0 6276 0 5276 0 4656 0 5276 0 4650 0 4650 0 5276 0 6274 0 4650 0 6274 0 6336 0 4650 0 6336 0 6272 0 4654 0 6272 0 6334 0 4654 0 6334 0 4652 0 4652 0 6334 0 6332 0 4652 0 6332 0 4653 0 4653 0 6332 0 6331 0 4653 0 6331 0 4651 0 4651 0 6331 0 6271 0 6271 0 6331 0 6330 0 6271 0 6330 0 4648 0 4648 0 6330 0 6264 0 4648 0 6264 0 6270 0 6270 0 6264 0 6175 0 6270 0 6175 0 4646 0 4646 0 6175 0 6174 0 4646 0 6174 0 4647 0 4647 0 6174 0 6329 0 4647 0 6329 0 6273 0 6273 0 6329 0 6262 0 4639 0 6262 0 6378 0 6378 0 6262 0 6328 0 6378 0 6328 0 6379 0 6379 0 6328 0 6327 0 6379 0 6327 0 6380 0 6380 0 6327 0 6325 0 6380 0 6325 0 6381 0 6381 0 6325 0 6369 0 6369 0 6325 0 6326 0 6369 0 6326 0 6182 0 6369 0 6182 0 6382 0 6382 0 6182 0 6324 0 6382 0 6324 0 6323 0 6383 0 6323 0 6187 0 6384 0 6187 0 6322 0 4711 0 6322 0 6189 0 6321 0 4711 0 6188 0 6321 0 6197 0 6196 0 6321 0 6196 0 6385 0 6386 0 6150 0 6319 0 6387 0 6319 0 6320 0 6360 0 6320 0 6200 0 6360 0 6200 0 6388 0 6388 0 6200 0 6199 0 6388 0 6199 0 6202 0 6388 0 6202 0 4697 0 4697 0 6202 0 6318 0 6389 0 6318 0 6204 0 6389 0 6204 0 6390 0 6390 0 6204 0 6205 0 6391 0 6205 0 6211 0 6391 0 6211 0 6392 0 6392 0 6211 0 6210 0 6392 0 6210 0 6393 0 6393 0 6210 0 6214 0 6393 0 6214 0 6394 0 6394 0 6214 0 6213 0 6394 0 6213 0 6260 0 6394 0 6260 0 6317 0 6395 0 6317 0 6316 0 6395 0 6316 0 6315 0 6395 0 6315 0 6396 0 6396 0 6315 0 6314 0 6396 0 6314 0 6397 0 6397 0 6314 0 6312 0 6397 0 6312 0 6311 0 6311 0 6309 0 6398 0 6398 0 6309 0 6308 0 6398 0 6308 0 6350 0 6350 0 6308 0 6305 0 6350 0 6305 0 6303 0 6350 0 6303 0 6399 0 6399 0 6303 0 6301 0 6399 0 6301 0 6400 0 6400 0 6301 0 6300 0 6400 0 6300 0 6347 0 6347 0 6300 0 6346 0 6346 0 6300 0 6299 0 6346 0 6299 0 6401 0 6401 0 6299 0 6296 0 6401 0 6296 0 6402 0 6402 0 6296 0 6293 0 6402 0 6293 0 6344 0 6344 0 6293 0 6290 0 6343 0 6290 0 6289 0 6343 0 6289 0 6403 0 6403 0 6289 0 6286 0 6403 0 6286 0 6341 0 6341 0 6286 0 6404 0 6404 0 6286 0 6340 0 6340 0 6286 0 6285 0 6340 0 6285 0 6338 0 6338 0 6285 0 6284 0 6338 0 6284 0 6282 0 6405 0 6282 0 6268 0 6412 0 6413 0 6414 0 6415 0 6416 0 6417 0 6418 0 6419 0 6420 0 6301 0 6302 0 6421 0 6421 0 6302 0 6304 0 6422 0 6298 0 6299 0 6297 0 6298 0 6422 0 6295 0 6294 0 6297 0 6292 0 6423 0 6290 0 6287 0 6290 0 6423 0 6285 0 6266 0 6283 0 6268 0 6267 0 5259 0 6424 0 6425 0 5253 0 6426 0 6427 0 6428 0 6429 0 6430 0 6427 0 6431 0 6432 0 6433 0 6434 0 6435 0 6436 0 6437 0 6438 0 6439 0 6437 0 6439 0 6434 0 6440 0 6441 0 6442 0 6442 0 6443 0 6444 0 6445 0 6446 0 6443 0 6443 0 6446 0 6440 0 6447 0 6448 0 6301 0 6421 0 6304 0 6447 0 6449 0 6450 0 6451 0 6450 0 6286 0 6452 0 6449 0 6453 0 6454 0 6286 0 6454 0 6266 0 6454 0 6418 0 6266 0 6286 0 6449 0 6454 0 6288 0 6287 0 6286 0 6418 0 6455 0 6266 0 6266 0 6455 0 6420 0 6266 0 6420 0 6267 0 6287 0 6452 0 6286 0 6286 0 6450 0 6449 0 6455 0 6418 0 6420 0 6442 0 6456 0 6443 0 6457 0 6292 0 6458 0 6457 0 6458 0 6459 0 6301 0 6445 0 6460 0 6445 0 6443 0 6460 0 6461 0 6460 0 6462 0 6460 0 6461 0 6301 0 6463 0 6457 0 6464 0 6463 0 6464 0 6456 0 6456 0 6464 0 6461 0 6456 0 6461 0 6443 0 6443 0 6461 0 6462 0 6443 0 6462 0 6460 0 6461 0 6465 0 6301 0 6465 0 6461 0 6466 0 6421 0 6447 0 6301 0 6467 0 6292 0 6422 0 6467 0 6422 0 6459 0 6413 0 6292 0 6414 0 6301 0 6465 0 6299 0 6412 0 6452 0 6413 0 6413 0 6452 0 6292 0 6422 0 6299 0 6466 0 6292 0 6295 0 6297 0 6292 0 6297 0 6422 0 6459 0 6422 0 6466 0 6465 0 6466 0 6299 0 6292 0 6452 0 6468 0 6292 0 6468 0 6423 0 6469 0 6432 0 6431 0 6435 0 6469 0 6431 0 6435 0 6431 0 6470 0 6470 0 6431 0 6430 0 6430 0 6431 0 6433 0 6470 0 6429 0 6416 0 6470 0 6416 0 6436 0 6436 0 6415 0 6437 0 6471 0 6472 0 6473 0 6472 0 6438 0 6437 0 6472 0 6437 0 6473 0 6473 0 6437 0 6415 0 6415 0 6436 0 6416 0 6436 0 6435 0 6470 0 6429 0 6470 0 6430 0 6429 0 6417 0 6416 0 6436 0 6437 0 6434 0 6474 0 6472 0 6471 0 6475 0 6471 0 6473 0 6475 0 6473 0 6476 0 6476 0 6473 0 6415 0 6476 0 6415 0 6417 0 6417 0 6429 0 6427 0 6441 0 6477 0 6474 0 6441 0 6474 0 6478 0 6478 0 6474 0 6471 0 6475 0 6476 0 6479 0 6479 0 6476 0 6417 0 6424 0 6480 0 6428 0 6428 0 6480 0 6481 0 6428 0 6481 0 6426 0 6427 0 6426 0 6482 0 6427 0 6482 0 6417 0 6417 0 6482 0 6479 0 6471 0 6475 0 6478 0 6441 0 6478 0 6442 0 6442 0 6478 0 6456 0 6480 0 6453 0 6481 0 6481 0 6453 0 6483 0 6479 0 6412 0 6475 0 6475 0 6412 0 6414 0 6457 0 6459 0 6464 0 6291 0 6295 0 6292 0 6451 0 6452 0 6484 0 6451 0 6484 0 6449 0 6449 0 6483 0 6453 0 6453 0 6480 0 6418 0 6418 0 6480 0 6424 0 6483 0 6449 0 6485 0 6485 0 6449 0 6484 0 6485 0 6484 0 6412 0 6412 0 6484 0 6452 0 6457 0 6414 0 6292 0 6458 0 6292 0 6467 0 6458 0 6467 0 6459 0 6459 0 6466 0 6464 0 6464 0 6466 0 6461 0 6481 0 6483 0 6426 0 6426 0 6483 0 6482 0 6482 0 6483 0 6485 0 6482 0 6485 0 6412 0 6482 0 6412 0 6479 0 6475 0 6414 0 6457 0 6475 0 6457 0 6478 0 6478 0 6457 0 6463 0 6478 0 6463 0 6456 0 5253 0 6486 0 6424 0 6424 0 6486 0 6418 0 6454 0 6453 0 6418 0 6418 0 6486 0 6419 0 6451 0 6450 0 6452 0 6452 0 6287 0 6487 0 6452 0 6487 0 6468 0 6468 0 6487 0 6287 0 6468 0 6287 0 6423 0 6488 0 6489 0 6490 0 6491 0 6492 0 5501 0 6493 0 6494 0 6495 0 6424 0 6428 0 6496 0 6433 0 6432 0 6497 0 6498 0 6430 0 6433 0 6498 0 6433 0 6497 0 6430 0 6498 0 6499 0 6499 0 6427 0 6430 0 5253 0 6425 0 5499 0 5497 0 6500 0 5540 0 6501 0 6502 0 6503 0 6504 0 6505 0 6494 0 6495 0 6494 0 6505 0 6506 0 6493 0 6495 0 6507 0 6493 0 6508 0 6508 0 6493 0 6506 0 6509 0 6507 0 6508 0 6510 0 6511 0 6509 0 6511 0 6507 0 6509 0 6512 0 6513 0 6510 0 6510 0 6513 0 6511 0 6512 0 6514 0 6513 0 6515 0 6514 0 6512 0 6515 0 6516 0 6514 0 6517 0 6516 0 6518 0 6519 0 6520 0 6521 0 6521 0 6520 0 6517 0 6521 0 6522 0 6519 0 6523 0 6522 0 6524 0 6525 0 6526 0 6524 0 6524 0 6526 0 6523 0 6527 0 6528 0 6529 0 6529 0 6528 0 6530 0 6529 0 6530 0 6531 0 6528 0 6527 0 6532 0 6532 0 6527 0 6533 0 6533 0 6534 0 6532 0 6535 0 6536 0 6534 0 6537 0 6538 0 6539 0 6537 0 6539 0 6535 0 6535 0 6539 0 6536 0 6540 0 6541 0 6538 0 6542 0 6427 0 6499 0 6542 0 6499 0 6543 0 6544 0 6545 0 6546 0 6547 0 6548 0 6549 0 6549 0 6548 0 6546 0 6549 0 6546 0 6550 0 6550 0 6546 0 6545 0 6550 0 6545 0 6551 0 6552 0 6553 0 6432 0 6554 0 6555 0 6556 0 6554 0 6556 0 6543 0 6432 0 6551 0 6557 0 6557 0 6551 0 6555 0 6555 0 6551 0 6545 0 6555 0 6545 0 6556 0 6556 0 6545 0 6544 0 6543 0 6499 0 6554 0 6554 0 6499 0 6498 0 6554 0 6498 0 6497 0 6554 0 6497 0 6555 0 6555 0 6497 0 6557 0 6557 0 6497 0 6432 0 6558 0 6547 0 6559 0 6558 0 6559 0 6560 0 6561 0 6562 0 6560 0 6563 0 6561 0 6559 0 6563 0 6559 0 6564 0 6565 0 6566 0 6529 0 6529 0 6566 0 6561 0 6529 0 6561 0 6563 0 6567 0 6563 0 6564 0 6567 0 6564 0 6549 0 6567 0 6549 0 6568 0 6568 0 6549 0 6550 0 6537 0 6568 0 6550 0 6537 0 6550 0 6551 0 6537 0 6551 0 6553 0 6569 0 6565 0 6529 0 6527 0 6529 0 6563 0 6527 0 6563 0 6533 0 6533 0 6563 0 6567 0 6533 0 6567 0 6534 0 6534 0 6567 0 6568 0 6534 0 6568 0 6535 0 6535 0 6568 0 6537 0 6570 0 6526 0 6525 0 6525 0 6524 0 6571 0 6525 0 6571 0 6565 0 6565 0 6571 0 6566 0 6566 0 6571 0 6572 0 6566 0 6572 0 6561 0 6561 0 6572 0 6562 0 6570 0 6569 0 6531 0 6531 0 6569 0 6529 0 6538 0 6537 0 6553 0 6538 0 6553 0 6540 0 6552 0 6432 0 6540 0 6552 0 6540 0 6553 0 6432 0 6553 0 6551 0 6547 0 6549 0 6564 0 6547 0 6564 0 6559 0 6560 0 6559 0 6561 0 6525 0 6565 0 6569 0 6525 0 6569 0 6570 0 6573 0 6574 0 6575 0 6575 0 6574 0 6576 0 6576 0 6574 0 6577 0 6576 0 6577 0 6578 0 6578 0 6577 0 6579 0 6579 0 6577 0 6580 0 6579 0 6580 0 6581 0 6579 0 6581 0 6582 0 6582 0 6581 0 6583 0 6582 0 6583 0 6584 0 6584 0 6583 0 6585 0 6586 0 6587 0 6588 0 6586 0 6588 0 6589 0 6590 0 6591 0 6592 0 6592 0 6591 0 6593 0 6593 0 6594 0 6595 0 6596 0 6595 0 6597 0 6598 0 6575 0 6576 0 6599 0 6584 0 6585 0 6599 0 6585 0 6587 0 6599 0 6587 0 6600 0 6600 0 6587 0 6586 0 6586 0 6589 0 6601 0 6601 0 6589 0 6590 0 6602 0 6593 0 6595 0 6602 0 6595 0 6603 0 6603 0 6595 0 6596 0 6604 0 6575 0 6598 0 6605 0 6598 0 6576 0 6605 0 6576 0 6578 0 6578 0 6579 0 6606 0 6606 0 6579 0 6582 0 6607 0 6584 0 6599 0 6607 0 6599 0 6600 0 6601 0 6590 0 6608 0 6608 0 6590 0 6592 0 6592 0 6593 0 6602 0 6502 0 6604 0 6503 0 6503 0 6604 0 6598 0 6606 0 6582 0 6609 0 6609 0 6582 0 6584 0 6609 0 6584 0 6607 0 6610 0 6607 0 6600 0 6600 0 6586 0 6611 0 6611 0 6586 0 6601 0 6611 0 6601 0 6612 0 6612 0 6601 0 6608 0 6608 0 6592 0 6613 0 6613 0 6592 0 6602 0 6602 0 6603 0 6614 0 6615 0 6501 0 6503 0 6615 0 6503 0 6616 0 6616 0 6503 0 6598 0 6616 0 6598 0 6605 0 6617 0 6605 0 6578 0 6617 0 6578 0 6606 0 6617 0 6606 0 6618 0 6618 0 6606 0 6609 0 6618 0 6609 0 6509 0 6509 0 6609 0 6607 0 6509 0 6607 0 6610 0 6619 0 6610 0 6600 0 6619 0 6600 0 6512 0 6512 0 6600 0 6611 0 6518 0 6612 0 6608 0 6518 0 6608 0 6613 0 6613 0 6602 0 6614 0 6505 0 6615 0 6616 0 6505 0 6616 0 6495 0 6495 0 6616 0 6605 0 6495 0 6605 0 6617 0 6508 0 6617 0 6618 0 6508 0 6618 0 6509 0 6509 0 6610 0 6619 0 6521 0 6518 0 6613 0 6620 0 6613 0 6614 0 6504 0 6615 0 6505 0 6495 0 6617 0 6506 0 6506 0 6617 0 6508 0 6510 0 6509 0 6619 0 6510 0 6619 0 6512 0 6515 0 6512 0 6611 0 6515 0 6611 0 6516 0 6516 0 6611 0 6612 0 6516 0 6612 0 6518 0 6517 0 6518 0 6521 0 6521 0 6613 0 6522 0 6522 0 6613 0 6620 0 6522 0 6620 0 6524 0 6524 0 6620 0 6614 0 6524 0 6614 0 6571 0 6571 0 6614 0 6603 0 6571 0 6603 0 6596 0 6571 0 6596 0 6572 0 6572 0 6596 0 6597 0 6621 0 5341 0 6622 0 6622 0 5341 0 5486 0 6622 0 5486 0 5485 0 6621 0 6623 0 5488 0 6621 0 5488 0 5341 0 6624 0 5489 0 5488 0 5494 0 5490 0 6624 0 6624 0 5490 0 6625 0 6624 0 6625 0 5489 0 5496 0 5495 0 6626 0 5495 0 5494 0 6626 0 5501 0 5500 0 6491 0 6491 0 5500 0 5499 0 5503 0 6627 0 5504 0 6492 0 5503 0 5501 0 5505 0 6628 0 6627 0 6627 0 6628 0 5504 0 6629 0 5508 0 6630 0 6630 0 5508 0 5505 0 6631 0 6632 0 5509 0 6631 0 5509 0 6629 0 5480 0 5512 0 6489 0 6489 0 5512 0 5514 0 6489 0 5514 0 6490 0 6490 0 5511 0 6488 0 6488 0 5511 0 6632 0 6632 0 5511 0 5509 0 6633 0 6500 0 6634 0 6633 0 6634 0 6635 0 6635 0 6636 0 6637 0 6637 0 6626 0 6638 0 6639 0 6638 0 6624 0 6639 0 6624 0 6623 0 6639 0 6623 0 6640 0 6640 0 6623 0 6621 0 6640 0 6621 0 6641 0 6642 0 6641 0 6622 0 6642 0 6622 0 6643 0 6644 0 6643 0 6645 0 6645 0 5483 0 6646 0 6646 0 5483 0 5482 0 6646 0 5482 0 6647 0 6648 0 6489 0 6488 0 6648 0 6488 0 6649 0 6649 0 6488 0 6632 0 6649 0 6632 0 6631 0 6649 0 6631 0 6650 0 6650 0 6631 0 6651 0 6651 0 6631 0 6630 0 6651 0 6630 0 6652 0 6652 0 6630 0 6653 0 6653 0 6630 0 6627 0 6653 0 6627 0 6654 0 6655 0 6492 0 6491 0 6496 0 6491 0 5499 0 6496 0 5499 0 6425 0 6634 0 6500 0 5497 0 6634 0 5497 0 6635 0 6635 0 5497 0 6636 0 6636 0 5497 0 5496 0 6636 0 5496 0 6637 0 6637 0 5496 0 6626 0 6626 0 5494 0 6638 0 6638 0 5494 0 6624 0 6624 0 5488 0 6623 0 6641 0 6621 0 6622 0 6643 0 6622 0 5485 0 6643 0 5485 0 6645 0 6645 0 5485 0 5483 0 5482 0 5480 0 6647 0 6647 0 5480 0 6489 0 6631 0 6629 0 6630 0 6630 0 5505 0 6627 0 6654 0 6627 0 5503 0 6654 0 5503 0 6492 0 6656 0 6657 0 6658 0 6658 0 6657 0 6633 0 6659 0 6658 0 6660 0 6660 0 6637 0 6661 0 6661 0 6637 0 6662 0 6662 0 6639 0 6663 0 6663 0 6639 0 6664 0 6663 0 6664 0 6665 0 6665 0 6664 0 6666 0 6667 0 6666 0 6668 0 6668 0 6644 0 6669 0 6669 0 6644 0 6670 0 6670 0 6644 0 6646 0 6670 0 6646 0 6671 0 6672 0 6673 0 6674 0 6675 0 6676 0 6651 0 6675 0 6651 0 6652 0 6677 0 6652 0 6653 0 6677 0 6653 0 6678 0 6679 0 6680 0 6655 0 6574 0 6656 0 6658 0 6574 0 6658 0 6577 0 6577 0 6658 0 6580 0 6580 0 6658 0 6681 0 6580 0 6681 0 6659 0 6682 0 6683 0 6663 0 6682 0 6663 0 6665 0 6684 0 6667 0 6591 0 6591 0 6667 0 6668 0 6591 0 6668 0 6669 0 6594 0 6669 0 6670 0 6594 0 6670 0 6685 0 6597 0 6685 0 6673 0 6597 0 6673 0 6672 0 6686 0 6672 0 6674 0 6686 0 6674 0 6562 0 6562 0 6674 0 6687 0 6562 0 6687 0 6560 0 6560 0 6687 0 6688 0 6560 0 6688 0 6558 0 6558 0 6688 0 6675 0 6558 0 6675 0 6689 0 6548 0 6689 0 6677 0 6548 0 6677 0 6690 0 6544 0 6690 0 6691 0 6691 0 6679 0 6542 0 6427 0 6692 0 6428 0 6681 0 6658 0 6659 0 6659 0 6660 0 6693 0 6693 0 6660 0 6661 0 6693 0 6661 0 6683 0 6683 0 6661 0 6662 0 6683 0 6662 0 6663 0 6665 0 6666 0 6684 0 6684 0 6666 0 6667 0 6685 0 6670 0 6671 0 6685 0 6671 0 6673 0 6687 0 6674 0 6649 0 6687 0 6649 0 6688 0 6688 0 6649 0 6676 0 6688 0 6676 0 6675 0 6689 0 6675 0 6652 0 6689 0 6652 0 6677 0 6690 0 6677 0 6678 0 6690 0 6678 0 6691 0 6691 0 6678 0 6680 0 6691 0 6680 0 6679 0 6542 0 6679 0 6655 0 6542 0 6655 0 6692 0 6692 0 6655 0 6496 0 6692 0 6496 0 6428 0 6658 0 6633 0 6635 0 6658 0 6635 0 6660 0 6660 0 6635 0 6637 0 6662 0 6637 0 6638 0 6662 0 6638 0 6639 0 6664 0 6639 0 6640 0 6664 0 6640 0 6641 0 6664 0 6641 0 6666 0 6666 0 6641 0 6668 0 6668 0 6641 0 6642 0 6668 0 6642 0 6643 0 6668 0 6643 0 6644 0 6644 0 6645 0 6646 0 6646 0 6647 0 6671 0 6671 0 6647 0 6673 0 6673 0 6647 0 6489 0 6673 0 6489 0 6674 0 6674 0 6489 0 6648 0 6674 0 6648 0 6649 0 6676 0 6649 0 6650 0 6676 0 6650 0 6651 0 6678 0 6653 0 6654 0 6678 0 6654 0 6680 0 6680 0 6654 0 6492 0 6680 0 6492 0 6655 0 6655 0 6491 0 6496 0 6424 0 6496 0 6425 0 6581 0 6580 0 6659 0 6581 0 6659 0 6583 0 6583 0 6659 0 6693 0 6583 0 6693 0 6683 0 6583 0 6683 0 6585 0 6585 0 6683 0 6682 0 6585 0 6682 0 6587 0 6587 0 6682 0 6665 0 6587 0 6665 0 6588 0 6588 0 6665 0 6589 0 6589 0 6665 0 6684 0 6589 0 6684 0 6590 0 6590 0 6684 0 6591 0 6593 0 6591 0 6669 0 6593 0 6669 0 6594 0 6595 0 6594 0 6685 0 6595 0 6685 0 6597 0 6597 0 6672 0 6572 0 6572 0 6672 0 6686 0 6572 0 6686 0 6562 0 6547 0 6558 0 6689 0 6547 0 6689 0 6548 0 6546 0 6548 0 6690 0 6546 0 6690 0 6544 0 6556 0 6544 0 6691 0 6556 0 6691 0 6543 0 6543 0 6691 0 6542 0 6542 0 6692 0 6427 0 6694 0 6695 0 6696 0 6696 0 6695 0 5582 0 6697 0 6698 0 6699 0 6700 0 6701 0 6702 0 6696 0 5582 0 6703 0 6694 0 6696 0 6703 0 6704 0 6705 0 6706 0 6706 0 6705 0 6694 0 6707 0 6708 0 6709 0 6698 0 6710 0 6699 0 4794 0 6711 0 5613 0 5608 0 5613 0 5611 0 5594 0 5599 0 6712 0 5599 0 5594 0 5596 0 6703 0 5582 0 5577 0 6694 0 6703 0 5577 0 6706 0 6694 0 5577 0 6706 0 5577 0 6713 0 6713 0 5577 0 6714 0 6714 0 5577 0 5576 0 6714 0 5576 0 5584 0 6714 0 5584 0 5586 0 6704 0 6706 0 6713 0 6715 0 6713 0 6714 0 6716 0 6714 0 5586 0 6716 0 5586 0 5585 0 6717 0 5585 0 5589 0 6717 0 5589 0 5592 0 6718 0 6715 0 6714 0 6718 0 6714 0 6719 0 6719 0 6714 0 6716 0 6720 0 6716 0 5585 0 6720 0 5585 0 6717 0 6721 0 6717 0 5592 0 6721 0 5592 0 5591 0 6721 0 5591 0 6722 0 6722 0 5591 0 5590 0 6722 0 5590 0 5594 0 6722 0 5594 0 6712 0 6723 0 6724 0 6725 0 6725 0 6724 0 6701 0 6700 0 6702 0 6718 0 6700 0 6718 0 6719 0 6700 0 6719 0 6726 0 6726 0 6719 0 6727 0 6727 0 6719 0 6709 0 6708 0 6707 0 6728 0 6728 0 6707 0 6729 0 6728 0 6729 0 6730 0 6730 0 6729 0 6712 0 6730 0 6712 0 6731 0 6731 0 6712 0 5599 0 6731 0 5599 0 6732 0 6732 0 5599 0 6733 0 6733 0 6734 0 6735 0 6735 0 6734 0 5601 0 6735 0 5601 0 6736 0 6736 0 5601 0 5602 0 6736 0 5602 0 5605 0 6737 0 5605 0 5607 0 6737 0 5607 0 6738 0 6738 0 5607 0 5611 0 6738 0 5611 0 6739 0 6739 0 5611 0 5613 0 6739 0 5613 0 6699 0 6699 0 5613 0 6711 0 6699 0 6711 0 6697 0 6723 0 6704 0 6724 0 6724 0 6704 0 6713 0 6724 0 6713 0 6701 0 6701 0 6713 0 6715 0 6701 0 6715 0 6702 0 6702 0 6715 0 6718 0 6719 0 6716 0 6709 0 6709 0 6716 0 6720 0 6709 0 6720 0 6707 0 6707 0 6720 0 6717 0 6707 0 6717 0 6721 0 6707 0 6721 0 6729 0 6729 0 6721 0 6722 0 6729 0 6722 0 6712 0 6733 0 5599 0 6734 0 6734 0 5599 0 5598 0 6734 0 5598 0 5601 0 6740 0 6741 0 6742 0 4833 0 6743 0 6744 0 6743 0 6745 0 6744 0 4822 0 6746 0 4820 0 4817 0 6747 0 4815 0 4814 0 6748 0 4812 0 4805 0 4806 0 4809 0 4794 0 4793 0 6697 0 6749 0 6750 0 6751 0 6752 0 6753 0 6754 0 6755 0 6756 0 6757 0 6742 0 6741 0 6756 0 6748 0 4814 0 4816 0 6758 0 4816 0 4815 0 6758 0 4815 0 6747 0 6747 0 4819 0 6752 0 6752 0 4819 0 6759 0 6759 0 4819 0 4820 0 6759 0 4820 0 6760 0 6760 0 4820 0 6746 0 6760 0 6746 0 6761 0 6762 0 6744 0 6740 0 6740 0 6744 0 6745 0 6710 0 6697 0 4793 0 6710 0 4793 0 4795 0 6763 0 4795 0 4798 0 6764 0 4798 0 4801 0 6764 0 4801 0 6765 0 6765 0 4801 0 4802 0 6765 0 4802 0 6766 0 6766 0 4802 0 4803 0 6766 0 4803 0 4805 0 6766 0 4805 0 6767 0 6767 0 4805 0 6768 0 6769 0 6768 0 6770 0 6771 0 6770 0 6748 0 6771 0 6748 0 6751 0 6751 0 6748 0 6749 0 6749 0 6772 0 6750 0 6750 0 6772 0 6754 0 6753 0 6752 0 6759 0 6753 0 6759 0 6773 0 6773 0 6760 0 6757 0 6757 0 6760 0 6755 0 6756 0 6755 0 6774 0 6756 0 6774 0 6742 0 6768 0 4805 0 4809 0 6768 0 4809 0 4808 0 6768 0 4808 0 6770 0 6770 0 4808 0 4812 0 6770 0 4812 0 6748 0 6748 0 4816 0 6749 0 6749 0 4816 0 6758 0 6749 0 6758 0 6772 0 6772 0 6758 0 6747 0 6772 0 6747 0 6754 0 6754 0 6747 0 6752 0 6773 0 6759 0 6760 0 6755 0 6760 0 6761 0 6755 0 6761 0 6775 0 6755 0 6775 0 6774 0 6774 0 6775 0 6762 0 6774 0 6762 0 6742 0 6742 0 6762 0 6740 0 6776 0 4824 0 4826 0 4823 0 4824 0 6776 0 6744 0 6776 0 4826 0 6744 0 4826 0 4833 0 6747 0 4817 0 4819 0 6761 0 6746 0 4822 0 6761 0 4822 0 4823 0 6761 0 4823 0 6775 0 6775 0 4823 0 6776 0 6775 0 6776 0 6762 0 6762 0 6776 0 6744 0 6777 0 4765 0 4752 0 4752 0 4765 0 4764 0 6778 0 6777 0 4752 0 4749 0 6779 0 4750 0 4750 0 6779 0 6780 0 4750 0 6780 0 6781 0 4750 0 6781 0 4751 0 6781 0 6782 0 4751 0 4751 0 6782 0 4752 0 4752 0 6782 0 6778 0 4755 0 4756 0 6783 0 6783 0 4756 0 4757 0 6783 0 4757 0 6784 0 6784 0 4757 0 4758 0 4753 0 6785 0 6779 0 4753 0 6779 0 4749 0 4754 0 6786 0 6787 0 4754 0 6787 0 4753 0 4753 0 6787 0 6785 0 6783 0 6788 0 4755 0 4755 0 6788 0 6786 0 4755 0 6786 0 4754 0 4759 0 6789 0 4760 0 6789 0 6790 0 4760 0 4761 0 4760 0 6790 0 4761 0 6790 0 4762 0 6790 0 6791 0 4762 0 6784 0 4758 0 6791 0 6791 0 4758 0 4762 0 4771 0 6792 0 4759 0 4763 0 4771 0 4759 0 4759 0 6792 0 6789 0 4588 0 4765 0 6793 0 4588 0 6793 0 4638 0 4638 0 6793 0 4774 0 4774 0 4767 0 4636 0 4633 0 4768 0 4766 0 4629 0 4787 0 6794 0 4629 0 6794 0 4790 0 4791 0 6795 0 4785 0 4622 0 4785 0 6796 0 4622 0 6796 0 4789 0 4789 0 4784 0 4618 0 4617 0 4618 0 4784 0 4616 0 4781 0 4615 0 4612 0 4780 0 4611 0 4611 0 4780 0 6797 0 4611 0 6797 0 4610 0 4610 0 6797 0 4788 0 4610 0 4788 0 4609 0 4608 0 4788 0 4783 0 4783 0 6798 0 4607 0 6798 0 4779 0 4607 0 4605 0 4779 0 4778 0 4776 0 6799 0 4777 0 4776 0 4777 0 4601 0 4775 0 6800 0 4597 0 4597 0 6800 0 4596 0 4596 0 6800 0 4595 0 4595 0 6800 0 6801 0 4595 0 6801 0 4772 0 4772 0 6801 0 4773 0 4773 0 4770 0 4593 0 4770 0 4769 0 4591 0 4769 0 6802 0 4589 0 4589 0 6803 0 4576 0 4576 0 6803 0 4771 0 6804 0 6805 0 6806 0 6804 0 6806 0 6807 0 6808 0 6809 0 6810 0 6811 0 6809 0 6812 0 6812 0 6809 0 6808 0 6813 0 6814 0 6815 0 6816 0 6817 0 6818 0 6816 0 6818 0 6819 0 6820 0 6821 0 6822 0 6823 0 6824 0 6825 0 6826 0 4765 0 6777 0 6827 0 6828 0 6829 0 6827 0 6829 0 6830 0 6830 0 6829 0 6831 0 6830 0 6831 0 6832 0 6833 0 6834 0 6835 0 6836 0 6837 0 6838 0 6839 0 6838 0 6840 0 6839 0 6840 0 6841 0 6839 0 6841 0 6842 0 6843 0 6842 0 6844 0 6845 0 6846 0 6847 0 6848 0 6849 0 6850 0 6850 0 6849 0 6851 0 6852 0 6851 0 6853 0 6853 0 6851 0 6854 0 6853 0 6854 0 6855 0 6855 0 6854 0 6856 0 6855 0 6856 0 6857 0 6857 0 6856 0 6858 0 6859 0 6857 0 6860 0 6859 0 6860 0 6861 0 6859 0 6861 0 6862 0 6862 0 6861 0 6863 0 6862 0 6863 0 6864 0 6862 0 6864 0 6865 0 6866 0 6865 0 6867 0 6868 0 6867 0 6825 0 6868 0 6825 0 6824 0 6824 0 6823 0 6869 0 6869 0 6823 0 6822 0 6869 0 6822 0 6821 0 6870 0 6821 0 6820 0 6870 0 6820 0 6871 0 6871 0 6820 0 6872 0 6871 0 6872 0 6873 0 6871 0 6873 0 6874 0 6874 0 6873 0 6875 0 6874 0 6875 0 6876 0 6877 0 6878 0 6879 0 6877 0 6879 0 6880 0 6881 0 6880 0 6882 0 6881 0 6882 0 6883 0 6884 0 6818 0 6817 0 6885 0 6886 0 6887 0 6885 0 6887 0 6814 0 6885 0 6814 0 6813 0 6813 0 6815 0 6888 0 6888 0 6815 0 6889 0 6888 0 6889 0 6890 0 6890 0 6889 0 6891 0 6891 0 6889 0 6892 0 6891 0 6892 0 6893 0 6894 0 6895 0 6896 0 6897 0 6896 0 6898 0 6897 0 6898 0 6899 0 6899 0 6898 0 6811 0 6899 0 6811 0 6812 0 6900 0 6808 0 6810 0 6900 0 6810 0 6901 0 6900 0 6901 0 6902 0 6903 0 6904 0 6905 0 6905 0 6906 0 6907 0 6908 0 6907 0 6909 0 6909 0 6907 0 6910 0 6909 0 6910 0 6911 0 6911 0 6910 0 6912 0 6911 0 6912 0 6913 0 6806 0 6913 0 6914 0 6915 0 6805 0 6916 0 6916 0 6805 0 6917 0 6916 0 6917 0 6918 0 6918 0 6917 0 6919 0 6918 0 6919 0 6792 0 4765 0 6826 0 6920 0 6921 0 6920 0 6922 0 6921 0 6922 0 6827 0 6827 0 6922 0 6828 0 4767 0 6830 0 6832 0 4767 0 6832 0 6833 0 6833 0 6832 0 6834 0 6923 0 6833 0 6835 0 6923 0 6835 0 6924 0 6923 0 6924 0 6925 0 6925 0 6924 0 6837 0 6925 0 6837 0 6836 0 6836 0 6838 0 6839 0 4787 0 6839 0 6843 0 6843 0 6839 0 6842 0 4790 0 6843 0 6844 0 4790 0 6844 0 6846 0 4790 0 6846 0 6845 0 6845 0 6847 0 6926 0 6926 0 6847 0 6848 0 6926 0 6848 0 4786 0 4786 0 6848 0 6850 0 6852 0 6850 0 6851 0 6795 0 6855 0 6857 0 6795 0 6857 0 6859 0 6796 0 6862 0 6865 0 6796 0 6865 0 6866 0 6866 0 6867 0 6868 0 6869 0 6821 0 6870 0 6927 0 6874 0 6876 0 6927 0 6876 0 6878 0 6927 0 6878 0 6877 0 4788 0 6883 0 6819 0 4788 0 6819 0 6818 0 6798 0 6884 0 6817 0 6798 0 6817 0 6928 0 6798 0 6928 0 6929 0 6929 0 6928 0 6886 0 6929 0 6886 0 6885 0 4778 0 6885 0 6813 0 6930 0 6891 0 6893 0 6930 0 6893 0 6931 0 6931 0 6893 0 6895 0 6931 0 6895 0 6894 0 6897 0 6894 0 6896 0 6932 0 6899 0 6812 0 6932 0 6812 0 6900 0 6900 0 6812 0 6808 0 6933 0 6900 0 6902 0 6933 0 6902 0 6934 0 6934 0 6902 0 6903 0 6903 0 6902 0 6904 0 6908 0 6905 0 6907 0 6935 0 6911 0 6913 0 6935 0 6913 0 6806 0 6802 0 6806 0 6805 0 6802 0 6805 0 6915 0 6793 0 4765 0 6920 0 6793 0 6920 0 6921 0 6793 0 6921 0 4774 0 4774 0 6921 0 6827 0 4767 0 6827 0 6830 0 4787 0 6836 0 6839 0 6794 0 4787 0 6843 0 6794 0 6843 0 4790 0 4790 0 6845 0 4786 0 4786 0 6845 0 6926 0 4791 0 6852 0 6853 0 4791 0 6853 0 6855 0 4785 0 6795 0 6859 0 4785 0 6859 0 6862 0 4785 0 6862 0 6796 0 4789 0 6796 0 6866 0 4789 0 6866 0 6868 0 4789 0 6868 0 4784 0 4784 0 6868 0 6824 0 4784 0 6824 0 6869 0 4784 0 6869 0 6870 0 6936 0 6870 0 6871 0 6936 0 6871 0 6874 0 6936 0 6874 0 4781 0 4781 0 6874 0 4782 0 4782 0 6874 0 6927 0 4782 0 6927 0 6877 0 4782 0 6877 0 4780 0 4780 0 6877 0 6881 0 6881 0 6877 0 6880 0 6881 0 6883 0 4788 0 6937 0 4788 0 6818 0 6937 0 6818 0 6884 0 6937 0 6884 0 6798 0 4779 0 6929 0 6885 0 4779 0 6885 0 4778 0 4778 0 6813 0 6888 0 6890 0 6891 0 6930 0 6931 0 6894 0 6897 0 4775 0 6897 0 6899 0 4775 0 6899 0 6932 0 4775 0 6932 0 6900 0 6800 0 6900 0 6933 0 6800 0 6933 0 6934 0 6903 0 6905 0 6908 0 6935 0 6908 0 6909 0 6935 0 6909 0 6911 0 4769 0 6935 0 6806 0 4769 0 6806 0 6802 0 6915 0 6916 0 6803 0 6803 0 6916 0 6918 0 6803 0 6918 0 6792 0 6803 0 6792 0 4771 0 4774 0 6827 0 4767 0 4767 0 6833 0 4768 0 4768 0 6833 0 6923 0 4768 0 6923 0 4766 0 4766 0 6923 0 6925 0 4766 0 6925 0 6836 0 4766 0 6836 0 4787 0 4786 0 6850 0 4791 0 4791 0 6850 0 6852 0 6795 0 4791 0 6855 0 4784 0 6870 0 4781 0 4781 0 6870 0 6936 0 4780 0 6881 0 6797 0 6797 0 6881 0 4788 0 4788 0 6937 0 4783 0 4783 0 6937 0 6798 0 4779 0 6798 0 6929 0 4778 0 6888 0 4776 0 4776 0 6888 0 6890 0 4776 0 6890 0 6799 0 6799 0 6890 0 4777 0 4777 0 6890 0 6930 0 4777 0 6930 0 6931 0 4777 0 6931 0 6897 0 4777 0 6897 0 4775 0 6800 0 4775 0 6900 0 6800 0 6934 0 6801 0 6801 0 6934 0 6903 0 6801 0 6903 0 4773 0 4773 0 6903 0 6908 0 4773 0 6908 0 4770 0 4770 0 6908 0 6935 0 4770 0 6935 0 4769 0 4589 0 6802 0 6803 0 6803 0 6802 0 6915 0 4886 0 4934 0 6938 0 4888 0 4886 0 6938 0 4881 0 4888 0 6939 0 4830 0 6940 0 4828 0 6939 0 4888 0 6938 0 6028 0 4956 0 5079 0 6941 0 4955 0 4954 0 6941 0 4950 0 4955 0 6942 0 4947 0 4951 0 4945 0 4946 0 4949 0 4938 0 4935 0 6943 0 4938 0 4934 0 4939 0 4938 0 6944 0 4934 0 4935 0 6945 0 6943 0 6946 0 6947 0 6948 0 6949 0 6950 0 6951 0 6949 0 6952 0 6950 0 6953 0 6954 0 6955 0 6953 0 6955 0 6039 0 4956 0 6028 0 6956 0 4956 0 6956 0 6957 0 4956 0 6957 0 6958 0 4957 0 6958 0 6959 0 6959 0 6960 0 6961 0 6961 0 6960 0 6962 0 6963 0 6964 0 6941 0 6941 0 6964 0 6965 0 6941 0 6965 0 6966 0 6966 0 6965 0 6967 0 6966 0 6967 0 6942 0 6942 0 6967 0 6968 0 6942 0 6968 0 4947 0 4947 0 6968 0 4948 0 4957 0 4956 0 6958 0 4957 0 6959 0 4958 0 4958 0 6959 0 6961 0 6961 0 6962 0 4954 0 4954 0 6962 0 6969 0 4954 0 6969 0 6970 0 6970 0 6969 0 6941 0 6941 0 6969 0 6963 0 4950 0 6941 0 6966 0 4950 0 6966 0 6942 0 4950 0 6942 0 4951 0 4958 0 6961 0 4954 0 4954 0 6970 0 6941 0 6030 0 6031 0 6955 0 6030 0 6955 0 6957 0 6957 0 6955 0 6960 0 6960 0 6955 0 6971 0 6971 0 6972 0 6964 0 6964 0 6972 0 6949 0 6964 0 6949 0 6973 0 6973 0 6948 0 6968 0 6968 0 6948 0 4948 0 4948 0 6948 0 6974 0 4948 0 6974 0 4945 0 4945 0 6974 0 6975 0 4945 0 6975 0 4944 0 4944 0 6975 0 4931 0 4931 0 6975 0 4932 0 6031 0 6039 0 6955 0 6955 0 6954 0 6971 0 6971 0 6954 0 6976 0 6971 0 6976 0 6972 0 6972 0 6976 0 6952 0 6972 0 6952 0 6949 0 6949 0 6951 0 6973 0 6973 0 6951 0 6977 0 6973 0 6977 0 6946 0 6973 0 6946 0 6948 0 6948 0 6947 0 6974 0 6974 0 6947 0 6978 0 6974 0 6978 0 6979 0 6974 0 6979 0 6975 0 6975 0 6979 0 6980 0 6975 0 6980 0 4932 0 4932 0 6980 0 6981 0 4932 0 6981 0 6982 0 4932 0 6982 0 4941 0 4941 0 6982 0 6945 0 4941 0 6945 0 4935 0 6028 0 6030 0 6956 0 6956 0 6030 0 6957 0 6958 0 6957 0 6959 0 6959 0 6957 0 6960 0 6960 0 6971 0 6962 0 6962 0 6971 0 6969 0 6969 0 6971 0 6963 0 6963 0 6971 0 6964 0 6965 0 6964 0 6973 0 6965 0 6973 0 6967 0 6967 0 6973 0 6968 0 4949 0 4948 0 4945 0 6983 0 6984 0 6985 0 6986 0 6275 0 6987 0 6333 0 6335 0 6337 0 6333 0 6169 0 6171 0 6337 0 6988 0 6333 0 6169 0 6333 0 6170 0 6170 0 6333 0 6986 0 6986 0 6333 0 6988 0 6983 0 6985 0 6170 0 6983 0 6170 0 6986 0 6337 0 6275 0 6986 0 6983 0 6986 0 6984 0 6988 0 6337 0 6986 0 6989 0 6990 0 6991 0 5249 0 6992 0 5247 0 5317 0 5314 0 5247 0 5239 0 5237 0 5236 0 5236 0 5233 0 5239 0 5233 0 6993 0 5234 0 5231 0 5230 0 5235 0 6275 0 5232 0 5231 0 6994 0 5235 0 5234 0 5231 0 5235 0 6994 0 6987 0 6275 0 5231 0 6987 0 5231 0 6995 0 6995 0 5231 0 6994 0 6984 0 6987 0 6995 0 6996 0 6995 0 6997 0 6997 0 6995 0 5234 0 6996 0 6998 0 6999 0 6996 0 6999 0 6995 0 6995 0 6999 0 6984 0 6999 0 6985 0 6984 0 7000 0 7001 0 7002 0 7002 0 7001 0 7003 0 7004 0 7005 0 7006 0 7007 0 7005 0 7008 0 7002 0 7003 0 7004 0 7006 0 7005 0 7009 0 7009 0 7005 0 7007 0 7002 0 7004 0 7010 0 7010 0 7004 0 7006 0 7009 0 7007 0 7011 0 6998 0 7000 0 7002 0 7010 0 7006 0 7009 0 7012 0 7009 0 7011 0 7012 0 7011 0 7013 0 7010 0 7009 0 7012 0 7014 0 6998 0 7002 0 7014 0 7002 0 7010 0 7011 0 7007 0 7008 0 7015 0 7005 0 7004 0 7015 0 7004 0 7003 0 5245 0 5244 0 5317 0 5245 0 5317 0 7016 0 7016 0 5317 0 7017 0 7017 0 5317 0 5247 0 7017 0 5247 0 6992 0 7017 0 6992 0 7018 0 5243 0 5246 0 5245 0 7019 0 7005 0 7020 0 7020 0 7005 0 5243 0 5243 0 7005 0 5241 0 5241 0 7005 0 7021 0 5241 0 7021 0 5236 0 5236 0 7021 0 7015 0 5236 0 7015 0 7022 0 7022 0 7015 0 6997 0 6993 0 6997 0 5234 0 7023 0 6989 0 6991 0 6997 0 7015 0 7001 0 6997 0 7001 0 6996 0 7017 0 7024 0 6991 0 7017 0 6991 0 7016 0 7016 0 6991 0 7011 0 7016 0 7011 0 7019 0 7016 0 7019 0 5245 0 5245 0 7019 0 7020 0 5245 0 7020 0 5243 0 5236 0 7022 0 6997 0 5236 0 6997 0 5233 0 5233 0 6997 0 6993 0 6991 0 6990 0 7011 0 7019 0 7011 0 7008 0 7015 0 7003 0 7001 0 7001 0 7000 0 6996 0 6996 0 7000 0 6998 0 7024 0 7023 0 6991 0 7005 0 7019 0 7008 0 7021 0 7005 0 7015 0 6994 0 5234 0 6995 0 6987 0 6984 0 6986 0 6989 0 7023 0 7025 0 5350 0 7026 0 5351 0 7027 0 7028 0 7029 0 7028 0 7030 0 7031 0 7032 0 7033 0 7034 0 7035 0 7036 0 7037 0 5377 0 5378 0 5380 0 5377 0 5380 0 5376 0 5376 0 5477 0 5374 0 5372 0 5478 0 5373 0 5369 0 5368 0 5367 0 7038 0 5363 0 5364 0 7038 0 5359 0 5363 0 5354 0 5357 0 5356 0 5394 0 7017 0 7039 0 7039 0 5249 0 5394 0 6989 0 7025 0 7011 0 7040 0 7041 0 7042 0 7040 0 7042 0 7043 0 7043 0 7042 0 7029 0 7028 0 7027 0 7030 0 7011 0 7025 0 7044 0 7044 0 7025 0 7045 0 7044 0 7045 0 7046 0 7046 0 7045 0 7047 0 7046 0 7047 0 7048 0 7046 0 7048 0 7049 0 7049 0 7050 0 7051 0 7051 0 7050 0 7052 0 7052 0 7053 0 7054 0 7054 0 7053 0 7055 0 7054 0 7055 0 7056 0 7057 0 7056 0 7058 0 7057 0 7058 0 7059 0 7059 0 7058 0 7060 0 7059 0 7060 0 7061 0 7062 0 7063 0 7064 0 7064 0 7063 0 7065 0 7064 0 7065 0 7066 0 7067 0 7068 0 7069 0 7067 0 7069 0 7070 0 7071 0 7072 0 7073 0 7071 0 7073 0 7074 0 7074 0 7075 0 7076 0 7076 0 7075 0 7035 0 7036 0 7077 0 7078 0 7036 0 7078 0 7079 0 7079 0 7078 0 7080 0 7081 0 7044 0 7082 0 7082 0 7044 0 7046 0 7082 0 7046 0 7083 0 7083 0 7046 0 7084 0 7084 0 7049 0 7051 0 7030 0 7054 0 7057 0 7030 0 7057 0 7059 0 7085 0 7061 0 7062 0 7085 0 7062 0 7032 0 7032 0 7062 0 7064 0 7032 0 7064 0 7086 0 7086 0 7066 0 7067 0 7086 0 7067 0 7087 0 7087 0 7067 0 7070 0 7088 0 7087 0 7072 0 7088 0 7072 0 7089 0 7090 0 7036 0 7091 0 7091 0 7036 0 7079 0 7081 0 7011 0 7044 0 7084 0 7046 0 7049 0 7092 0 7051 0 7052 0 7092 0 7052 0 7054 0 7054 0 7056 0 7057 0 7061 0 7093 0 7062 0 7086 0 7064 0 7066 0 7066 0 7068 0 7067 0 7087 0 7070 0 7094 0 7087 0 7094 0 7072 0 7089 0 7072 0 7071 0 7071 0 7074 0 7095 0 7095 0 7074 0 7076 0 7095 0 7076 0 7096 0 7096 0 7076 0 7035 0 7010 0 7013 0 7097 0 7010 0 7097 0 7082 0 7010 0 7082 0 7098 0 7098 0 7082 0 7083 0 7098 0 7083 0 7041 0 7041 0 7083 0 7084 0 7041 0 7084 0 7042 0 7029 0 7042 0 7092 0 7029 0 7092 0 7027 0 7034 0 7085 0 7032 0 7013 0 7099 0 7097 0 7097 0 7099 0 7011 0 7097 0 7011 0 7082 0 7082 0 7011 0 7081 0 7042 0 7084 0 7051 0 7042 0 7051 0 7092 0 7027 0 7092 0 7054 0 7027 0 7054 0 7030 0 7030 0 7059 0 7031 0 7031 0 7059 0 7034 0 7034 0 7059 0 7061 0 7034 0 7061 0 7085 0 7100 0 7032 0 7086 0 7101 0 7088 0 7089 0 7102 0 7045 0 5355 0 7102 0 5355 0 7103 0 7103 0 5355 0 5354 0 7103 0 5354 0 5356 0 7104 0 5356 0 5358 0 7104 0 5358 0 7105 0 7106 0 7107 0 5359 0 7106 0 5359 0 7108 0 7108 0 5359 0 7109 0 7109 0 5359 0 7038 0 7109 0 7038 0 7110 0 7110 0 7038 0 5369 0 7110 0 5369 0 5367 0 7111 0 5366 0 7112 0 7112 0 5366 0 5373 0 7112 0 5373 0 7113 0 7114 0 7115 0 5477 0 7114 0 5477 0 7116 0 7116 0 5477 0 7117 0 7118 0 5382 0 7119 0 7119 0 5382 0 5351 0 7119 0 5351 0 7120 0 7120 0 5351 0 7026 0 7017 0 5394 0 7045 0 7045 0 5394 0 5355 0 7105 0 5358 0 5421 0 7121 0 5421 0 5422 0 7121 0 5422 0 7107 0 7107 0 5422 0 5360 0 7107 0 5360 0 5359 0 7038 0 5364 0 5369 0 7111 0 5367 0 5366 0 5366 0 5371 0 5373 0 7113 0 5373 0 7115 0 7115 0 5373 0 5478 0 7115 0 5478 0 5477 0 5477 0 5376 0 7117 0 7117 0 5376 0 7122 0 7122 0 5376 0 5380 0 7122 0 5380 0 5379 0 7123 0 5379 0 5382 0 7124 0 7103 0 7104 0 7124 0 7104 0 7053 0 7053 0 7104 0 7105 0 7053 0 7105 0 7125 0 7125 0 7121 0 7058 0 7058 0 7121 0 7107 0 7107 0 7106 0 7126 0 7126 0 7106 0 7108 0 7127 0 7110 0 7128 0 7129 0 7128 0 7111 0 7129 0 7111 0 7130 0 7130 0 7113 0 7131 0 7131 0 7113 0 7114 0 7132 0 7114 0 7133 0 7134 0 7133 0 7135 0 7134 0 7135 0 7122 0 7134 0 7122 0 7136 0 7136 0 7122 0 7123 0 7137 0 7118 0 7119 0 7119 0 7120 0 7078 0 7078 0 7120 0 7138 0 7078 0 7138 0 7026 0 7048 0 7047 0 7102 0 7050 0 7048 0 7124 0 7050 0 7124 0 7052 0 7052 0 7124 0 7053 0 7053 0 7125 0 7055 0 7055 0 7125 0 7056 0 7056 0 7125 0 7058 0 7058 0 7107 0 7060 0 7060 0 7107 0 7126 0 7060 0 7126 0 7093 0 7093 0 7126 0 7139 0 7093 0 7139 0 7063 0 7063 0 7139 0 7127 0 7063 0 7127 0 7065 0 7065 0 7127 0 7128 0 7065 0 7128 0 7068 0 7068 0 7128 0 7129 0 7069 0 7129 0 7130 0 7069 0 7130 0 7140 0 7094 0 7140 0 7132 0 7077 0 7141 0 7137 0 7077 0 7137 0 7078 0 7080 0 7078 0 7142 0 7080 0 7142 0 7026 0 7023 0 7143 0 7025 0 7025 0 7143 0 7024 0 7025 0 7024 0 7045 0 7047 0 7045 0 7102 0 7048 0 7102 0 7103 0 7048 0 7103 0 7124 0 7126 0 7108 0 7139 0 7139 0 7108 0 7127 0 7127 0 7108 0 7110 0 7140 0 7130 0 7131 0 7140 0 7131 0 7114 0 7140 0 7114 0 7132 0 7073 0 7132 0 7133 0 7133 0 7134 0 7075 0 7075 0 7134 0 7136 0 7136 0 7123 0 7141 0 7141 0 7123 0 7118 0 7141 0 7118 0 7137 0 7078 0 7137 0 7119 0 7142 0 7078 0 7026 0 7103 0 5356 0 7104 0 7125 0 7105 0 5421 0 7125 0 5421 0 7121 0 7110 0 7108 0 7109 0 7128 0 7110 0 5367 0 7128 0 5367 0 7111 0 7130 0 7111 0 7112 0 7130 0 7112 0 7113 0 7113 0 7115 0 7114 0 7114 0 7116 0 7133 0 7133 0 7116 0 7117 0 7133 0 7117 0 7135 0 7135 0 7117 0 7122 0 7122 0 5379 0 7123 0 7123 0 5382 0 7118 0 7138 0 7120 0 7026 0 7049 0 7048 0 7050 0 7061 0 7060 0 7093 0 7062 0 7093 0 7063 0 7066 0 7065 0 7068 0 7068 0 7129 0 7069 0 7070 0 7069 0 7140 0 7070 0 7140 0 7094 0 7072 0 7094 0 7132 0 7072 0 7132 0 7073 0 7074 0 7073 0 7133 0 7074 0 7133 0 7075 0 7035 0 7075 0 7136 0 7035 0 7136 0 7141 0 7035 0 7141 0 7036 0 7036 0 7141 0 7077 0 7144 0 7091 0 7079 0 7145 0 7146 0 7147 0 7148 0 7026 0 7149 0 7150 0 7145 0 7147 0 7150 0 7144 0 7145 0 7151 0 7145 0 7144 0 7151 0 7144 0 7079 0 7151 0 7079 0 7080 0 7149 0 7145 0 7151 0 7149 0 7151 0 7148 0 7148 0 7151 0 7080 0 7148 0 7080 0 7026 0 7152 0 7153 0 7154 0 7153 0 7152 0 7155 0 5350 0 7156 0 7026 0 7026 0 7156 0 7149 0 7149 0 7152 0 7145 0 7145 0 7152 0 7154 0 7156 0 7157 0 7155 0 7156 0 7155 0 7149 0 7149 0 7155 0 7152 0 7158 0 7159 0 7160 0 7155 0 7157 0 7161 0 7162 0 7163 0 7164 0 7165 0 7166 0 7167 0 7165 0 7167 0 7168 0 5515 0 5386 0 5540 0 5345 0 5344 0 5423 0 5348 0 5385 0 7169 0 7170 0 5471 0 5348 0 7171 0 5384 0 5475 0 5350 0 5384 0 7172 0 7161 0 7153 0 7155 0 7173 0 7154 0 7174 0 7175 0 7173 0 7174 0 7176 0 7158 0 7177 0 7159 0 7178 0 7179 0 7159 0 7179 0 7180 0 7181 0 7180 0 7182 0 7181 0 7182 0 7183 0 7158 0 7160 0 7177 0 7160 0 7180 0 7181 0 7181 0 7184 0 7185 0 7160 0 7159 0 7180 0 7181 0 7183 0 7184 0 7176 0 7177 0 7186 0 7187 0 7186 0 7185 0 7187 0 7185 0 7188 0 7164 0 7187 0 7162 0 7162 0 7187 0 7165 0 7163 0 7176 0 7186 0 7163 0 7186 0 7164 0 7164 0 7186 0 7187 0 7165 0 7187 0 7188 0 7165 0 7188 0 7166 0 7177 0 7160 0 7186 0 7186 0 7160 0 7181 0 7186 0 7181 0 7185 0 7156 0 5350 0 7172 0 7171 0 7172 0 5384 0 7189 0 7156 0 7172 0 7189 0 7172 0 7190 0 7190 0 7172 0 7171 0 7190 0 7171 0 7170 0 7170 0 7171 0 5475 0 7170 0 5475 0 5471 0 7157 0 7156 0 7161 0 7161 0 7156 0 7189 0 7161 0 7189 0 7190 0 7190 0 7170 0 5348 0 7191 0 7161 0 7190 0 7153 0 7161 0 7191 0 7191 0 7190 0 5348 0 7191 0 5348 0 7192 0 5348 0 5347 0 5385 0 7154 0 7153 0 7193 0 7193 0 7153 0 7191 0 7193 0 7191 0 7192 0 7192 0 5348 0 5423 0 5423 0 5348 0 7169 0 5423 0 7169 0 5385 0 7194 0 7193 0 7192 0 7195 0 7192 0 5423 0 5515 0 5540 0 7196 0 5515 0 7196 0 5387 0 5387 0 7196 0 5389 0 5344 0 5389 0 7195 0 5344 0 7195 0 5423 0 7192 0 7195 0 7194 0 7194 0 7197 0 7193 0 7193 0 7197 0 7154 0 7196 0 7198 0 7199 0 7196 0 7199 0 5389 0 5389 0 7200 0 7201 0 7201 0 7200 0 7202 0 7201 0 7202 0 7195 0 7197 0 7203 0 7204 0 7204 0 7203 0 7205 0 7174 0 7206 0 7175 0 7200 0 7207 0 7202 0 7202 0 7207 0 7179 0 7202 0 7179 0 7208 0 7202 0 7208 0 7209 0 7209 0 7208 0 7197 0 7197 0 7208 0 7178 0 7203 0 7197 0 7210 0 7203 0 7210 0 7158 0 7203 0 7158 0 7205 0 7198 0 7200 0 7199 0 7199 0 7200 0 5389 0 7195 0 7202 0 7209 0 7206 0 7211 0 7175 0 5540 0 7198 0 7196 0 5389 0 7201 0 7195 0 7195 0 7209 0 7194 0 7194 0 7209 0 7197 0 7154 0 7197 0 7204 0 7154 0 7204 0 7205 0 7154 0 7205 0 7174 0 7183 0 7182 0 7180 0 7210 0 7178 0 7159 0 7210 0 7159 0 7158 0 7176 0 7163 0 7174 0 7174 0 7163 0 7212 0 7174 0 7212 0 7206 0 7198 0 7213 0 7200 0 7200 0 7213 0 7183 0 7200 0 7183 0 7180 0 7200 0 7180 0 7207 0 7207 0 7180 0 7179 0 7208 0 7179 0 7178 0 7197 0 7178 0 7210 0 7205 0 7158 0 7176 0 7205 0 7176 0 7174 0 7214 0 7175 0 7211 0 7215 0 7206 0 7212 0 7215 0 7212 0 7216 0 7216 0 7212 0 7163 0 7211 0 7206 0 7215 0 7216 0 7163 0 7162 0 7217 0 7218 0 7219 0 7220 0 7217 0 7219 0 7221 0 7222 0 7223 0 7221 0 7223 0 7224 0 7221 0 7224 0 7217 0 7217 0 7224 0 7225 0 7217 0 7225 0 7218 0 7162 0 7165 0 7216 0 7216 0 7165 0 7221 0 7221 0 7165 0 7168 0 7221 0 7168 0 7167 0 7226 0 7222 0 7221 0 7227 0 7228 0 6501 0 7229 0 7230 0 7231 0 7213 0 7232 0 7233 0 7198 0 7234 0 7235 0 7236 0 7188 0 7237 0 7238 0 7237 0 7184 0 7238 0 7184 0 7239 0 7188 0 7236 0 7240 0 7167 0 7226 0 7221 0 7223 0 7222 0 7241 0 7219 0 7218 0 7220 0 7242 0 7243 0 7220 0 7243 0 7242 0 7244 0 7244 0 7245 0 7243 0 7246 0 7247 0 7245 0 7246 0 7248 0 7249 0 7246 0 7249 0 7247 0 7250 0 7248 0 7246 0 6504 0 7251 0 6615 0 6615 0 7251 0 6501 0 6604 0 6573 0 6575 0 7252 0 6574 0 6573 0 6500 0 6633 0 6657 0 7253 0 7244 0 7254 0 7254 0 7244 0 7241 0 7225 0 7241 0 7220 0 7225 0 7220 0 7218 0 7220 0 7241 0 7242 0 7242 0 7241 0 7244 0 7244 0 7253 0 7255 0 7255 0 7253 0 7256 0 7255 0 7256 0 7257 0 7258 0 7250 0 7246 0 7244 0 7246 0 7245 0 7255 0 7257 0 7258 0 7255 0 7258 0 7244 0 7246 0 7244 0 7258 0 7231 0 7250 0 7258 0 7231 0 7258 0 7257 0 7259 0 7257 0 7256 0 7241 0 7225 0 7224 0 7241 0 7224 0 7223 0 7235 0 5540 0 6500 0 7234 0 5540 0 7235 0 7235 0 6500 0 6657 0 7233 0 7198 0 7235 0 7233 0 7235 0 7260 0 7260 0 7235 0 6657 0 7260 0 6657 0 6656 0 7232 0 7198 0 7233 0 7239 0 7213 0 7233 0 7233 0 7260 0 7261 0 7261 0 7260 0 6656 0 7261 0 6656 0 7262 0 7233 0 7261 0 7262 0 7262 0 6656 0 7252 0 7252 0 6656 0 6574 0 6504 0 7227 0 7251 0 7251 0 7227 0 6501 0 6501 0 7263 0 6502 0 6502 0 7263 0 7264 0 6502 0 7264 0 6604 0 6604 0 7264 0 6573 0 7262 0 7252 0 7265 0 7262 0 7265 0 7233 0 7233 0 7265 0 7266 0 7239 0 7233 0 7238 0 7237 0 7267 0 7236 0 7236 0 7267 0 7240 0 7166 0 7222 0 7226 0 6501 0 7228 0 7264 0 7264 0 7268 0 7252 0 7252 0 7268 0 7269 0 7269 0 7270 0 7271 0 7271 0 7272 0 7233 0 7238 0 7272 0 7273 0 7268 0 7257 0 7274 0 7274 0 7257 0 7270 0 7270 0 7259 0 7272 0 7275 0 7241 0 7276 0 7276 0 7241 0 7222 0 7228 0 7229 0 7231 0 7228 0 7231 0 7264 0 7264 0 7231 0 7268 0 7269 0 7268 0 7274 0 7269 0 7274 0 7270 0 7271 0 7270 0 7272 0 7267 0 7273 0 7275 0 7267 0 7275 0 7276 0 7267 0 7276 0 7222 0 7263 0 6501 0 7264 0 6573 0 7264 0 7252 0 7252 0 7269 0 7265 0 7265 0 7269 0 7271 0 7265 0 7271 0 7266 0 7266 0 7271 0 7233 0 7233 0 7272 0 7238 0 7238 0 7273 0 7237 0 7237 0 7273 0 7267 0 7240 0 7267 0 7222 0 7240 0 7222 0 7166 0 7230 0 7250 0 7231 0 7268 0 7231 0 7257 0 7270 0 7257 0 7259 0 7272 0 7259 0 7256 0 7272 0 7256 0 7253 0 7272 0 7253 0 7273 0 7273 0 7253 0 7254 0 7273 0 7254 0 7241 0 7273 0 7241 0 7275 0 5624 0 7277 0 5644 0 7278 0 5580 0 5579 0 7279 0 5737 0 5738 0 5731 0 5733 0 5730 0 5794 0 5793 0 7280 0 7280 0 5793 0 7281 0 7281 0 5793 0 5791 0 5721 0 5720 0 7282 0 7282 0 5720 0 5724 0 6088 0 7283 0 6089 0 7284 0 7285 0 7286 0 7287 0 7288 0 7285 0 7289 0 7290 0 7291 0 5738 0 7292 0 7279 0 7292 0 5738 0 5740 0 5660 0 5580 0 5740 0 5740 0 5580 0 7278 0 7281 0 5791 0 7293 0 7281 0 7293 0 7280 0 7280 0 7293 0 7294 0 7295 0 7296 0 7297 0 7295 0 7297 0 7298 0 7298 0 7297 0 7299 0 7298 0 7299 0 7300 0 7300 0 7299 0 7301 0 7300 0 7301 0 7302 0 7303 0 7304 0 5718 0 5718 0 7304 0 6054 0 5723 0 5794 0 7280 0 5723 0 7280 0 7294 0 5723 0 7294 0 5724 0 5724 0 7294 0 7282 0 7282 0 7294 0 5721 0 5721 0 7294 0 7305 0 5721 0 7305 0 7306 0 7306 0 7305 0 7296 0 7306 0 7296 0 7295 0 5851 0 7295 0 7298 0 7300 0 7302 0 5719 0 5719 0 7302 0 7303 0 5719 0 7303 0 5718 0 5718 0 6054 0 5716 0 5852 0 5722 0 5721 0 5852 0 5721 0 5851 0 5851 0 5721 0 7306 0 5851 0 7306 0 7295 0 5851 0 7298 0 5864 0 5864 0 7298 0 5719 0 5719 0 7298 0 7300 0 5715 0 5718 0 5716 0 5733 0 7307 0 5730 0 5730 0 7307 0 7308 0 7308 0 7307 0 7309 0 7308 0 7309 0 7310 0 7310 0 7309 0 7311 0 7311 0 7312 0 7294 0 7294 0 7312 0 7313 0 7313 0 7312 0 7287 0 7313 0 7287 0 7296 0 7296 0 7287 0 7297 0 7297 0 7287 0 7284 0 7297 0 7284 0 7314 0 7297 0 7314 0 7301 0 5737 0 7279 0 5736 0 5736 0 7279 0 7315 0 5736 0 7315 0 5735 0 5735 0 7315 0 7316 0 5735 0 7316 0 5733 0 5733 0 7316 0 7307 0 7307 0 7316 0 7317 0 7307 0 7317 0 7290 0 7307 0 7290 0 7309 0 7309 0 7290 0 7289 0 7309 0 7289 0 7311 0 7311 0 7289 0 7312 0 7312 0 7289 0 7318 0 7312 0 7318 0 7287 0 7287 0 7318 0 7288 0 7287 0 7285 0 7284 0 7284 0 7286 0 7314 0 7314 0 7286 0 7283 0 7314 0 7283 0 6088 0 6088 0 6054 0 7304 0 6088 0 7304 0 7314 0 7314 0 7304 0 7303 0 7314 0 7303 0 7302 0 7314 0 7302 0 7301 0 7297 0 7301 0 7299 0 7313 0 7296 0 7305 0 7313 0 7305 0 7294 0 7311 0 7294 0 7293 0 7311 0 7293 0 5791 0 7311 0 5791 0 7310 0 7310 0 5791 0 5789 0 7310 0 5789 0 5728 0 7310 0 5728 0 7308 0 7308 0 5728 0 5727 0 7308 0 5727 0 5730 0 7319 0 6134 0 6133 0 6089 0 7320 0 7321 0 6131 0 6089 0 7321 0 7322 0 6128 0 6130 0 6127 0 6128 0 7322 0 7323 0 6085 0 7324 0 7324 0 6085 0 6127 0 7323 0 6084 0 6086 0 6086 0 6085 0 7323 0 7323 0 6082 0 6084 0 7325 0 6078 0 6080 0 6080 0 6079 0 7325 0 6074 0 6077 0 6076 0 6074 0 6076 0 6078 0 6074 0 6075 0 6077 0 7326 0 6071 0 6073 0 7326 0 6073 0 6074 0 7326 0 6070 0 6071 0 6065 0 6067 0 6063 0 6004 0 6002 0 6005 0 7327 0 6009 0 6005 0 6000 0 5999 0 7328 0 7328 0 6049 0 6000 0 6049 0 5995 0 6046 0 7329 0 5996 0 5995 0 7329 0 5995 0 6049 0 7330 0 5997 0 7329 0 7329 0 5997 0 5996 0 7331 0 6051 0 7330 0 7330 0 6051 0 5997 0 7332 0 6052 0 6051 0 7332 0 6051 0 7331 0 7333 0 5993 0 6052 0 7333 0 6052 0 7332 0 7333 0 5977 0 5993 0 5991 0 5977 0 5992 0 7334 0 5982 0 5992 0 6053 0 5982 0 7335 0 5990 0 5989 0 6053 0 5986 0 5988 0 7336 0 5987 0 5986 0 7336 0 6039 0 6040 0 7337 0 7338 0 6039 0 7337 0 7339 0 7340 0 7341 0 7342 0 7343 0 7344 0 6215 0 7342 0 7345 0 7346 0 7319 0 7347 0 7347 0 7348 0 7346 0 7348 0 7349 0 7350 0 7349 0 7351 0 7350 0 6215 0 7345 0 6217 0 6217 0 7345 0 7352 0 6217 0 7352 0 6219 0 6219 0 7352 0 7353 0 6219 0 7353 0 6167 0 6167 0 7353 0 7354 0 6167 0 7354 0 6166 0 6166 0 7354 0 7355 0 6166 0 7355 0 6164 0 6164 0 7355 0 7356 0 6164 0 7356 0 6163 0 6163 0 7356 0 7357 0 6163 0 7357 0 6161 0 6161 0 7357 0 6162 0 6162 0 7357 0 7358 0 6239 0 7359 0 6240 0 6240 0 7359 0 7360 0 6240 0 7361 0 6241 0 6241 0 7361 0 6221 0 6221 0 7361 0 7362 0 6223 0 7363 0 6160 0 6158 0 6160 0 7364 0 6157 0 6158 0 6155 0 6151 0 7365 0 6150 0 6149 0 6150 0 7366 0 6149 0 7366 0 6147 0 6146 0 7367 0 6144 0 6144 0 7367 0 7368 0 6144 0 7368 0 6145 0 6145 0 7368 0 6143 0 6143 0 7368 0 7369 0 6143 0 7369 0 7370 0 6143 0 7370 0 6142 0 6142 0 7370 0 6140 0 6140 0 7370 0 7371 0 6140 0 7371 0 6138 0 6138 0 7371 0 7372 0 6138 0 7372 0 6136 0 6136 0 7372 0 6226 0 6226 0 7372 0 7373 0 6227 0 6226 0 7374 0 6230 0 6227 0 7375 0 6230 0 7375 0 7376 0 6230 0 7376 0 6246 0 6246 0 7376 0 7377 0 6246 0 7377 0 6232 0 6232 0 7377 0 7378 0 6232 0 7378 0 6233 0 6233 0 7378 0 7379 0 6233 0 7379 0 7380 0 6233 0 7380 0 6133 0 6133 0 7380 0 7347 0 6133 0 7347 0 7319 0 7345 0 7342 0 7344 0 7345 0 7344 0 7352 0 7353 0 7352 0 7381 0 7353 0 7381 0 7354 0 7354 0 7381 0 7382 0 7354 0 7382 0 7355 0 7356 0 7355 0 7383 0 7356 0 7383 0 7357 0 7357 0 7383 0 7384 0 7357 0 7384 0 7385 0 7357 0 7385 0 7358 0 7358 0 7385 0 7386 0 7358 0 7386 0 6162 0 6162 0 7386 0 6239 0 6239 0 7386 0 7359 0 7360 0 7359 0 7387 0 7360 0 7387 0 6240 0 6240 0 7387 0 7361 0 6223 0 6221 0 7388 0 6223 0 7388 0 7389 0 6223 0 7389 0 7363 0 7363 0 7389 0 6160 0 6160 0 7389 0 7390 0 6160 0 7390 0 7364 0 7364 0 7390 0 7391 0 7364 0 7391 0 6158 0 6158 0 7392 0 7393 0 6158 0 7393 0 6155 0 6150 0 7365 0 7394 0 7366 0 7395 0 6147 0 6147 0 7395 0 7396 0 6147 0 7396 0 6146 0 6146 0 7396 0 7397 0 6146 0 7397 0 7367 0 7369 0 7398 0 7370 0 7371 0 7370 0 7399 0 7371 0 7399 0 7372 0 6226 0 7373 0 7374 0 6227 0 7374 0 7400 0 6227 0 7400 0 7375 0 7375 0 7400 0 7401 0 7375 0 7401 0 7376 0 7376 0 7401 0 7402 0 7376 0 7402 0 7377 0 7377 0 7402 0 7403 0 7377 0 7403 0 7378 0 7378 0 7403 0 7404 0 7378 0 7404 0 7379 0 7379 0 7404 0 7380 0 7343 0 7339 0 7344 0 7344 0 7339 0 7405 0 7344 0 7405 0 7352 0 7352 0 7405 0 7406 0 7352 0 7406 0 7381 0 7381 0 7406 0 7407 0 7381 0 7407 0 7382 0 7355 0 7382 0 7408 0 7355 0 7408 0 7383 0 7385 0 7384 0 7409 0 7385 0 7409 0 7386 0 7386 0 7409 0 7410 0 7386 0 7410 0 7411 0 7386 0 7411 0 7359 0 7387 0 7359 0 7412 0 7387 0 7412 0 7361 0 7361 0 7412 0 7413 0 7361 0 7413 0 7362 0 7362 0 7413 0 7414 0 7362 0 7414 0 7415 0 7362 0 7415 0 6221 0 6221 0 7415 0 7388 0 7391 0 7392 0 6158 0 6155 0 7393 0 7416 0 6155 0 7416 0 6154 0 6154 0 7416 0 7417 0 6154 0 7418 0 6151 0 6151 0 7418 0 7419 0 6151 0 7419 0 7365 0 6150 0 7394 0 7366 0 7366 0 7394 0 6063 0 7366 0 6063 0 7395 0 7396 0 7395 0 7397 0 7397 0 7395 0 7420 0 7397 0 7420 0 7367 0 7367 0 7420 0 7368 0 7368 0 7398 0 7369 0 7370 0 7398 0 7421 0 7370 0 7421 0 7399 0 7372 0 7399 0 7422 0 7372 0 7422 0 7373 0 7373 0 7422 0 7423 0 7373 0 7423 0 7374 0 7374 0 7423 0 7424 0 7374 0 7424 0 7400 0 7400 0 7424 0 7401 0 7401 0 7424 0 7425 0 7401 0 7425 0 7402 0 7402 0 7425 0 7426 0 7402 0 7426 0 7403 0 7403 0 7426 0 7427 0 7403 0 7427 0 7404 0 7404 0 7427 0 7428 0 7404 0 7428 0 7429 0 7404 0 7429 0 7380 0 7380 0 7429 0 7430 0 7380 0 7430 0 7347 0 7347 0 7430 0 7349 0 7347 0 7349 0 7348 0 7339 0 7341 0 7405 0 7382 0 7407 0 7431 0 7382 0 7431 0 7408 0 7408 0 7431 0 7383 0 7383 0 7431 0 7432 0 7383 0 7432 0 7384 0 7384 0 7432 0 7433 0 7384 0 7433 0 7409 0 7409 0 7433 0 7410 0 7410 0 7433 0 7434 0 7410 0 7434 0 7411 0 7359 0 7411 0 7435 0 7359 0 7435 0 7412 0 7412 0 7436 0 7413 0 7414 0 7413 0 7437 0 7414 0 7437 0 7415 0 7388 0 7415 0 7438 0 7388 0 7438 0 7389 0 7390 0 7389 0 7328 0 7390 0 7328 0 7391 0 7391 0 7328 0 7392 0 7392 0 7328 0 7439 0 7392 0 7439 0 7440 0 7392 0 7440 0 7393 0 7393 0 7440 0 7416 0 7417 0 7416 0 7441 0 7417 0 7441 0 6154 0 6154 0 7441 0 7418 0 7418 0 7441 0 6005 0 7419 0 7418 0 7365 0 7365 0 7418 0 6059 0 7365 0 6059 0 7394 0 7395 0 7442 0 7443 0 7395 0 7443 0 7420 0 7420 0 6074 0 7368 0 7398 0 7368 0 7444 0 7398 0 7444 0 7445 0 7398 0 7445 0 7446 0 7398 0 7446 0 7421 0 7399 0 7421 0 7447 0 7399 0 7447 0 7422 0 7422 0 7448 0 7423 0 7423 0 7448 0 7449 0 7423 0 7449 0 7424 0 7424 0 7449 0 7450 0 7424 0 7450 0 7425 0 7425 0 7450 0 7426 0 7426 0 7450 0 7451 0 7426 0 7451 0 7427 0 7428 0 7427 0 7452 0 7428 0 7452 0 7429 0 7429 0 7452 0 7430 0 7340 0 7338 0 7341 0 7341 0 7338 0 7405 0 7405 0 7338 0 7453 0 7405 0 7453 0 7406 0 7406 0 7453 0 7407 0 7407 0 7453 0 7336 0 7407 0 7336 0 7431 0 7431 0 7336 0 7454 0 7431 0 7454 0 7455 0 7431 0 7455 0 7432 0 7432 0 7455 0 7433 0 7433 0 7455 0 7456 0 7433 0 7456 0 7335 0 7433 0 7335 0 7434 0 7411 0 7434 0 7334 0 7411 0 7334 0 7435 0 7435 0 7334 0 7457 0 7435 0 7457 0 7412 0 7412 0 7457 0 7436 0 7413 0 7436 0 7333 0 7413 0 7333 0 7332 0 7413 0 7332 0 7437 0 7437 0 7332 0 7331 0 7437 0 7331 0 7329 0 7437 0 7329 0 7415 0 7415 0 7329 0 7438 0 7389 0 7438 0 6049 0 7389 0 6049 0 7328 0 7439 0 7328 0 7440 0 7440 0 7327 0 7416 0 7418 0 6005 0 6002 0 7418 0 6002 0 6058 0 7418 0 6058 0 6059 0 6059 0 6062 0 7394 0 7395 0 6063 0 7442 0 7443 0 7442 0 7458 0 7443 0 7458 0 7420 0 7420 0 7458 0 7326 0 7420 0 7326 0 6074 0 7368 0 6074 0 7444 0 7444 0 6074 0 7445 0 7421 0 7446 0 7447 0 7447 0 6082 0 7422 0 7422 0 7323 0 7448 0 7449 0 7448 0 7324 0 7449 0 7324 0 7459 0 7449 0 7459 0 7450 0 7451 0 7450 0 7460 0 7451 0 7460 0 7427 0 7427 0 7460 0 7461 0 7427 0 7461 0 7452 0 7452 0 7461 0 7462 0 7452 0 7462 0 7430 0 7430 0 7462 0 7349 0 7349 0 7462 0 7321 0 7349 0 7321 0 7351 0 7338 0 7337 0 7453 0 7453 0 7337 0 6040 0 7453 0 6040 0 5987 0 7453 0 5987 0 7336 0 7454 0 7336 0 5988 0 7454 0 5988 0 7455 0 7455 0 5988 0 5990 0 7455 0 5990 0 6053 0 7455 0 6053 0 7456 0 7456 0 6053 0 7335 0 7434 0 7335 0 5982 0 7434 0 5982 0 7334 0 7457 0 7334 0 5992 0 7457 0 5992 0 5977 0 7457 0 5977 0 7436 0 7436 0 5977 0 7333 0 7329 0 7331 0 7330 0 7438 0 7329 0 6049 0 7440 0 7328 0 5999 0 7440 0 5999 0 6009 0 7440 0 6009 0 7327 0 7416 0 7327 0 7441 0 7441 0 7327 0 6005 0 7394 0 6062 0 6063 0 7442 0 6063 0 6067 0 7442 0 6067 0 7458 0 7458 0 6067 0 6070 0 7458 0 6070 0 7326 0 7445 0 6074 0 6078 0 7445 0 6078 0 7446 0 7446 0 6078 0 7325 0 7446 0 7325 0 6079 0 7446 0 6079 0 7447 0 7447 0 6079 0 6082 0 7422 0 6082 0 7323 0 7448 0 7323 0 7324 0 7459 0 7324 0 6127 0 7459 0 6127 0 7450 0 7450 0 6127 0 7322 0 7450 0 7322 0 7460 0 7460 0 7322 0 7461 0 7461 0 7322 0 6130 0 7461 0 6130 0 6132 0 7461 0 6132 0 7462 0 7462 0 6132 0 6131 0 7462 0 6131 0 7321 0 6134 0 7463 0 7464 0 7464 0 7463 0 7465 0 6257 0 6310 0 6313 0 7466 0 7467 0 6304 0 6310 0 6306 0 6307 0 6306 0 7466 0 6304 0 7464 0 7466 0 7468 0 7468 0 7466 0 6306 0 7464 0 7465 0 7466 0 7466 0 7465 0 7467 0 6134 0 7464 0 6135 0 6135 0 7464 0 7468 0 7468 0 6257 0 6247 0 7468 0 6247 0 6135 0 6310 0 6257 0 6306 0 6306 0 6257 0 7468 0 6445 0 7469 0 6446 0 7470 0 7471 0 7472 0 6448 0 6445 0 6301 0 6448 0 7469 0 6445 0 6440 0 6442 0 6444 0 7473 0 6474 0 6477 0 6438 0 6434 0 6439 0 7474 0 7475 0 7476 0 7474 0 7477 0 7478 0 7474 0 7478 0 7479 0 7474 0 7480 0 7477 0 7481 0 7465 0 7463 0 7482 0 6432 0 6469 0 6469 0 6435 0 6434 0 7482 0 6469 0 7483 0 7483 0 6469 0 6434 0 6434 0 6438 0 7484 0 7484 0 6438 0 7485 0 6432 0 7482 0 7486 0 7486 0 7482 0 7483 0 7483 0 6434 0 7484 0 7485 0 6438 0 6472 0 7485 0 6472 0 7473 0 7473 0 6472 0 6474 0 7487 0 7488 0 7489 0 7490 0 7483 0 7484 0 7490 0 7484 0 7491 0 7491 0 7484 0 7485 0 7491 0 7485 0 6477 0 7485 0 7473 0 6477 0 7492 0 7493 0 6477 0 6477 0 7493 0 7494 0 7491 0 7494 0 7495 0 7487 0 7489 0 7496 0 7487 0 7496 0 7472 0 7476 0 7475 0 7472 0 7476 0 7472 0 7497 0 7497 0 7496 0 7498 0 7498 0 7496 0 7489 0 7499 0 7500 0 7501 0 7499 0 7501 0 7502 0 7503 0 7502 0 7492 0 6448 0 7504 0 7505 0 6304 0 6448 0 6447 0 7489 0 7486 0 7500 0 7500 0 7486 0 7506 0 7500 0 7506 0 7501 0 7501 0 7506 0 7494 0 7504 0 6446 0 7505 0 7505 0 6446 0 7469 0 7505 0 7469 0 6448 0 6448 0 7467 0 7503 0 7502 0 7503 0 7499 0 7499 0 7503 0 7507 0 7498 0 7508 0 7480 0 7497 0 7498 0 7480 0 7497 0 7480 0 7476 0 7476 0 7480 0 7474 0 7465 0 7481 0 7507 0 7507 0 7503 0 7465 0 7465 0 7503 0 7467 0 7508 0 7498 0 7489 0 7508 0 7489 0 7500 0 7508 0 7500 0 7499 0 7508 0 7499 0 7507 0 7503 0 7492 0 6448 0 6448 0 7492 0 7504 0 7467 0 6448 0 6304 0 6440 0 6444 0 6443 0 6446 0 7504 0 6477 0 6477 0 7504 0 7492 0 7486 0 7483 0 7495 0 7495 0 7483 0 7491 0 7491 0 7483 0 7490 0 7494 0 7491 0 6477 0 6440 0 6477 0 6441 0 7497 0 7472 0 7496 0 7506 0 7486 0 7495 0 7506 0 7495 0 7494 0 7501 0 7494 0 7493 0 7501 0 7493 0 7502 0 7502 0 7493 0 7492 0 6440 0 6446 0 6477 0 7509 0 7510 0 7511 0 7512 0 7513 0 7514 0 7478 0 7477 0 7479 0 7515 0 7475 0 7516 0 7515 0 7516 0 7474 0 7472 0 7475 0 7517 0 7470 0 7472 0 7517 0 6520 0 6516 0 6517 0 6511 0 7518 0 6507 0 7519 0 6504 0 6494 0 7520 0 7521 0 7522 0 7520 0 7522 0 7523 0 7523 0 7522 0 7524 0 7523 0 7524 0 7525 0 7523 0 7525 0 7526 0 7526 0 7525 0 7527 0 7528 0 7529 0 7530 0 7530 0 7529 0 7531 0 7532 0 7531 0 7533 0 7532 0 7533 0 7534 0 7535 0 7536 0 7537 0 7537 0 7538 0 7539 0 7540 0 7541 0 7542 0 7543 0 7542 0 7544 0 7545 0 7543 0 7546 0 7545 0 7546 0 7547 0 7547 0 7546 0 7548 0 7547 0 7548 0 7549 0 7550 0 7523 0 7526 0 7550 0 7526 0 7551 0 7552 0 7530 0 7532 0 7552 0 7532 0 7553 0 7554 0 7555 0 7535 0 7513 0 7556 0 7557 0 7513 0 7557 0 7558 0 7559 0 7543 0 7560 0 7560 0 7543 0 7545 0 7561 0 7547 0 7549 0 7561 0 7549 0 7562 0 7562 0 7563 0 7564 0 7564 0 7563 0 7565 0 7564 0 7565 0 7517 0 7521 0 7520 0 7523 0 7551 0 7528 0 7530 0 7530 0 7531 0 7532 0 7553 0 7532 0 7534 0 7553 0 7534 0 7566 0 7566 0 7534 0 7567 0 7566 0 7567 0 7568 0 7566 0 7568 0 7555 0 7555 0 7568 0 7536 0 7555 0 7536 0 7535 0 7556 0 7537 0 7539 0 7556 0 7539 0 7557 0 7558 0 7557 0 7569 0 7558 0 7569 0 7540 0 7540 0 7569 0 7541 0 7559 0 7540 0 7542 0 7559 0 7542 0 7543 0 7562 0 7549 0 7563 0 7517 0 7565 0 7487 0 7517 0 7487 0 7470 0 7470 0 7487 0 7471 0 7570 0 7479 0 7515 0 7515 0 7479 0 7477 0 7515 0 7477 0 7571 0 7571 0 7477 0 7572 0 7573 0 7572 0 7574 0 7573 0 7574 0 7575 0 7576 0 7554 0 7535 0 7577 0 7540 0 7578 0 7578 0 7540 0 7559 0 7578 0 7559 0 7579 0 7579 0 7559 0 7560 0 7573 0 7561 0 7572 0 7572 0 7561 0 7571 0 7515 0 7564 0 7475 0 7575 0 7579 0 7560 0 7575 0 7560 0 7573 0 7571 0 7564 0 7515 0 7570 0 7515 0 7474 0 7580 0 7552 0 7553 0 7580 0 7553 0 7511 0 7511 0 7553 0 7566 0 7511 0 7566 0 7555 0 7511 0 7555 0 7509 0 7509 0 7555 0 7554 0 7576 0 7535 0 7537 0 7576 0 7537 0 7556 0 7576 0 7556 0 7513 0 7514 0 7513 0 7558 0 7514 0 7558 0 7577 0 7577 0 7558 0 7540 0 7560 0 7545 0 7573 0 7573 0 7545 0 7547 0 7573 0 7547 0 7561 0 7571 0 7561 0 7562 0 7571 0 7562 0 7564 0 7564 0 7517 0 7475 0 6432 0 7581 0 6541 0 6432 0 6541 0 6540 0 6538 0 6541 0 6539 0 6530 0 6528 0 7582 0 6530 0 7582 0 6531 0 6523 0 6526 0 6570 0 7583 0 7519 0 7584 0 7585 0 7586 0 7587 0 7587 0 7586 0 7588 0 7589 0 7590 0 6507 0 7591 0 7518 0 7592 0 7593 0 7592 0 6514 0 7593 0 6514 0 7594 0 7594 0 6514 0 6516 0 7594 0 6516 0 7595 0 7595 0 6520 0 7596 0 7596 0 6520 0 6519 0 7596 0 6519 0 7597 0 7597 0 6519 0 6522 0 7597 0 6522 0 6523 0 7597 0 6523 0 7598 0 7598 0 6523 0 7599 0 7600 0 7599 0 7582 0 7601 0 6534 0 6536 0 7601 0 6536 0 7602 0 7602 0 6536 0 6539 0 7602 0 6539 0 7486 0 7519 0 6494 0 7584 0 7584 0 6494 0 7586 0 7586 0 6494 0 6493 0 7586 0 6493 0 7588 0 7588 0 6493 0 7590 0 7590 0 6493 0 6507 0 7518 0 6511 0 7592 0 7592 0 6511 0 6513 0 7592 0 6513 0 6514 0 7595 0 6516 0 6520 0 7599 0 6523 0 6570 0 7599 0 6570 0 6531 0 7599 0 6531 0 7582 0 6528 0 6532 0 7603 0 7603 0 6532 0 6534 0 7486 0 6539 0 6541 0 7486 0 6541 0 7581 0 7604 0 7583 0 7605 0 7605 0 7583 0 7584 0 7606 0 7605 0 7528 0 7528 0 7605 0 7585 0 7528 0 7585 0 7587 0 7607 0 7587 0 7588 0 7608 0 7609 0 7518 0 7608 0 7518 0 7591 0 7610 0 7611 0 7612 0 7610 0 7612 0 7613 0 7613 0 7612 0 7594 0 7613 0 7594 0 7595 0 7614 0 7615 0 7596 0 7614 0 7596 0 7597 0 7614 0 7597 0 7616 0 7617 0 7618 0 7582 0 7617 0 7582 0 7619 0 7620 0 7601 0 7602 0 7620 0 7602 0 7486 0 7524 0 7604 0 7527 0 7527 0 7604 0 7605 0 7527 0 7606 0 7526 0 7528 0 7587 0 7529 0 7568 0 7608 0 7591 0 7568 0 7591 0 7610 0 7613 0 7595 0 7537 0 7537 0 7595 0 7538 0 7538 0 7595 0 7615 0 7538 0 7615 0 7614 0 7538 0 7614 0 7557 0 7557 0 7614 0 7621 0 7557 0 7621 0 7569 0 7569 0 7621 0 7616 0 7569 0 7616 0 7622 0 7622 0 7616 0 7598 0 7622 0 7598 0 7623 0 7542 0 7623 0 7624 0 7546 0 7625 0 7548 0 7527 0 7605 0 7606 0 7587 0 7607 0 7529 0 7529 0 7607 0 7626 0 7626 0 7607 0 7589 0 7626 0 7589 0 6507 0 7626 0 6507 0 7533 0 7533 0 6507 0 7609 0 7533 0 7609 0 7608 0 7591 0 7611 0 7610 0 7621 0 7614 0 7616 0 7623 0 7598 0 7599 0 7623 0 7599 0 7624 0 7624 0 7599 0 7618 0 7624 0 7618 0 7617 0 7624 0 7617 0 7544 0 7544 0 7617 0 7619 0 7544 0 7619 0 7546 0 7546 0 7619 0 7625 0 7548 0 7625 0 7601 0 7548 0 7601 0 7620 0 7627 0 7620 0 7486 0 7627 0 7486 0 7565 0 7565 0 7486 0 7488 0 7605 0 7584 0 7586 0 7605 0 7586 0 7585 0 7607 0 7588 0 7590 0 7607 0 7590 0 7589 0 7609 0 6507 0 7518 0 7611 0 7591 0 7592 0 7611 0 7592 0 7612 0 7612 0 7592 0 7593 0 7612 0 7593 0 7594 0 7615 0 7595 0 7596 0 7616 0 7597 0 7598 0 7618 0 7599 0 7600 0 7618 0 7600 0 7582 0 7619 0 7582 0 6528 0 7619 0 6528 0 7625 0 7625 0 6528 0 7603 0 7625 0 7603 0 6534 0 7625 0 6534 0 7601 0 7524 0 7527 0 7525 0 7526 0 7606 0 7551 0 7551 0 7606 0 7528 0 7531 0 7529 0 7626 0 7531 0 7626 0 7533 0 7534 0 7533 0 7608 0 7534 0 7608 0 7567 0 7567 0 7608 0 7568 0 7568 0 7610 0 7536 0 7536 0 7610 0 7613 0 7536 0 7613 0 7537 0 7539 0 7538 0 7557 0 7569 0 7622 0 7541 0 7541 0 7622 0 7623 0 7541 0 7623 0 7542 0 7542 0 7624 0 7544 0 7543 0 7544 0 7546 0 7549 0 7548 0 7620 0 7549 0 7620 0 7563 0 7563 0 7620 0 7627 0 7563 0 7627 0 7565 0 7628 0 7629 0 7630 0 6504 0 7583 0 7604 0 6504 0 7519 0 7583 0 7631 0 7248 0 7250 0 7632 0 7633 0 7628 0 7631 0 7250 0 7229 0 7229 0 7250 0 7230 0 7228 0 7633 0 7229 0 7229 0 7633 0 7631 0 7248 0 7631 0 7633 0 7521 0 7629 0 7628 0 7634 0 7521 0 7628 0 7634 0 7628 0 7635 0 7635 0 7628 0 7633 0 7635 0 7228 0 7604 0 7635 0 7604 0 7522 0 7635 0 7522 0 7521 0 7228 0 7227 0 6504 0 7228 0 6504 0 7604 0 7522 0 7604 0 7524 0 7633 0 7228 0 7635 0 7634 0 7635 0 7521 0 6740 0 6745 0 7636 0 7637 0 6740 0 7636 0 7637 0 6741 0 6740 0 6743 0 7638 0 6745 0 6745 0 7638 0 7639 0 7638 0 6743 0 4833 0 7638 0 4833 0 7640 0 6704 0 6723 0 7641 0 7642 0 6704 0 7641 0 6705 0 6704 0 7642 0 7643 0 6694 0 6705 0 7643 0 6695 0 6694 0 7644 0 6695 0 7643 0 6731 0 6732 0 7645 0 7637 0 7646 0 6741 0 7647 0 6757 0 6756 0 7647 0 6773 0 6757 0 7648 0 6773 0 7647 0 7649 0 6753 0 7648 0 7648 0 6753 0 6773 0 6753 0 7649 0 6754 0 6754 0 7649 0 7650 0 7651 0 6750 0 6754 0 7651 0 6754 0 7650 0 6751 0 6750 0 7652 0 7652 0 6750 0 7651 0 6771 0 6751 0 7652 0 6769 0 6770 0 7653 0 7653 0 6770 0 6771 0 7654 0 6768 0 6769 0 7654 0 6769 0 7653 0 7655 0 6767 0 6768 0 7655 0 6768 0 7654 0 7656 0 6766 0 6767 0 7656 0 6767 0 7655 0 6766 0 7656 0 6765 0 6765 0 7656 0 7657 0 7658 0 4798 0 6764 0 7658 0 6764 0 7657 0 7657 0 6764 0 6765 0 7658 0 6763 0 4798 0 6763 0 7658 0 4795 0 4795 0 7658 0 7659 0 7659 0 6710 0 4795 0 6710 0 7659 0 7660 0 6710 0 7660 0 6699 0 6739 0 6699 0 7661 0 7661 0 6738 0 6739 0 6738 0 7661 0 7662 0 7663 0 6737 0 7662 0 7662 0 6737 0 6738 0 7664 0 5605 0 7663 0 7663 0 5605 0 6737 0 5605 0 7664 0 6736 0 6735 0 6736 0 7665 0 7665 0 6736 0 7664 0 7666 0 6735 0 7665 0 6733 0 6735 0 7666 0 6733 0 7666 0 7645 0 6733 0 7645 0 6732 0 6731 0 7667 0 6730 0 6728 0 6730 0 7667 0 6708 0 7668 0 6709 0 6726 0 6727 0 7668 0 7668 0 6727 0 6709 0 7669 0 6700 0 6726 0 7670 0 6701 0 6700 0 7671 0 6725 0 6701 0 7671 0 6723 0 6725 0 7672 0 7641 0 6723 0 7673 0 7674 0 7675 0 7676 0 7677 0 7678 0 7679 0 7680 0 7681 0 7682 0 7680 0 7683 0 7683 0 7680 0 7679 0 7684 0 7685 0 7682 0 7686 0 7685 0 7684 0 7686 0 7687 0 7685 0 7688 0 7689 0 7687 0 7690 0 7691 0 7692 0 7693 0 7694 0 7695 0 7696 0 7697 0 7698 0 7698 0 7697 0 7699 0 7700 0 7697 0 7696 0 7701 0 7702 0 7703 0 7701 0 7703 0 7704 0 7705 0 7706 0 7707 0 7705 0 7707 0 7708 0 7709 0 7710 0 7705 0 7705 0 7710 0 7706 0 7709 0 7711 0 7710 0 7712 0 7713 0 7714 0 7713 0 7712 0 7715 0 7716 0 7717 0 7718 0 7717 0 7716 0 7714 0 7719 0 7718 0 7720 0 7719 0 7720 0 7721 0 7722 0 7723 0 7724 0 7720 0 7722 0 7721 0 7725 0 7726 0 7727 0 7727 0 7726 0 7724 0 7728 0 7729 0 7730 0 7731 0 7732 0 7728 0 7728 0 7732 0 7729 0 7733 0 7734 0 7735 0 7736 0 7737 0 7738 0 7739 0 7740 0 7741 0 7742 0 7743 0 7744 0 7745 0 7746 0 7743 0 7747 0 7746 0 7745 0 7646 0 7637 0 7747 0 7748 0 6790 0 6789 0 6792 0 7748 0 6789 0 6784 0 6791 0 7749 0 6791 0 6790 0 7749 0 7750 0 6782 0 6781 0 7750 0 6781 0 6780 0 7750 0 6780 0 6779 0 7751 0 7752 0 6898 0 7751 0 6898 0 7753 0 6898 0 6896 0 7753 0 7753 0 6896 0 6895 0 7753 0 6895 0 7754 0 7754 0 6895 0 7755 0 6895 0 6893 0 7755 0 6893 0 6892 0 7755 0 7755 0 6892 0 7756 0 7756 0 6892 0 7757 0 6892 0 6889 0 7757 0 7757 0 6889 0 7758 0 6889 0 6815 0 7758 0 7758 0 6815 0 7759 0 7759 0 6815 0 7760 0 6815 0 6814 0 7760 0 6814 0 6887 0 7760 0 7760 0 6887 0 7761 0 7761 0 6887 0 7762 0 6887 0 6886 0 7762 0 7762 0 6886 0 7763 0 6886 0 6928 0 7763 0 7763 0 6928 0 6817 0 7763 0 6817 0 7764 0 7764 0 6817 0 7765 0 7765 0 6817 0 6816 0 7765 0 6816 0 7766 0 6816 0 6819 0 7766 0 7766 0 6819 0 7767 0 6819 0 6883 0 7767 0 7767 0 6883 0 7768 0 7768 0 6883 0 6882 0 7768 0 6882 0 7769 0 7769 0 6882 0 7770 0 6882 0 6880 0 7770 0 7770 0 6880 0 6879 0 7770 0 6879 0 7771 0 6879 0 6878 0 7771 0 7771 0 6878 0 7772 0 6878 0 6876 0 7772 0 7772 0 6876 0 7773 0 6876 0 6875 0 7773 0 7773 0 6875 0 7774 0 6875 0 6873 0 7774 0 7774 0 6873 0 7775 0 6873 0 6872 0 7775 0 7775 0 6872 0 7776 0 6872 0 6820 0 7776 0 7776 0 6820 0 7777 0 7777 0 6820 0 6822 0 7777 0 6822 0 7778 0 7778 0 6822 0 7779 0 6822 0 6823 0 7779 0 7779 0 6823 0 7780 0 6823 0 6825 0 7780 0 7780 0 6825 0 7781 0 7781 0 6825 0 6867 0 7781 0 6867 0 7782 0 7782 0 6867 0 7783 0 6867 0 6865 0 7783 0 6865 0 6864 0 7783 0 7783 0 6864 0 7784 0 6864 0 6863 0 7784 0 7784 0 6863 0 7785 0 7785 0 6863 0 6861 0 7785 0 6861 0 7786 0 6861 0 6860 0 7786 0 7786 0 6860 0 6857 0 7786 0 6857 0 7787 0 6857 0 6858 0 7787 0 7787 0 6858 0 7788 0 6858 0 6856 0 7788 0 7788 0 6856 0 6854 0 7788 0 6854 0 7789 0 6854 0 6851 0 7789 0 7789 0 6851 0 7790 0 7790 0 6851 0 7791 0 7791 0 6851 0 6849 0 7791 0 6849 0 7792 0 7792 0 6849 0 7793 0 6849 0 6848 0 7793 0 6848 0 6847 0 7793 0 7793 0 6847 0 7794 0 6847 0 6846 0 7794 0 7794 0 6846 0 7795 0 6846 0 6844 0 7795 0 7795 0 6844 0 7796 0 6844 0 6842 0 7796 0 7796 0 6842 0 6841 0 7796 0 6841 0 7797 0 6841 0 6840 0 7797 0 7797 0 6840 0 7798 0 6840 0 6838 0 7798 0 7798 0 6838 0 7799 0 6838 0 6837 0 7799 0 7799 0 6837 0 6924 0 7799 0 6924 0 7800 0 6924 0 6835 0 7800 0 7800 0 6835 0 7801 0 6835 0 6834 0 7801 0 7801 0 6834 0 7802 0 6834 0 6832 0 7802 0 7802 0 6832 0 7803 0 6832 0 6831 0 7803 0 7803 0 6831 0 7804 0 6831 0 6829 0 7804 0 7804 0 6829 0 7805 0 6829 0 6828 0 7805 0 7805 0 6828 0 7806 0 6828 0 6922 0 7806 0 7806 0 6922 0 7807 0 6922 0 6920 0 7807 0 7807 0 6920 0 7808 0 6920 0 6826 0 7808 0 6777 0 6778 0 7808 0 6777 0 7808 0 6826 0 7748 0 6792 0 6919 0 7748 0 6919 0 7809 0 7809 0 6919 0 7810 0 6919 0 6917 0 7810 0 7810 0 6917 0 7811 0 7811 0 6917 0 6805 0 7811 0 6805 0 7812 0 7812 0 6805 0 6804 0 7812 0 6804 0 7813 0 6804 0 6807 0 7813 0 6807 0 6806 0 7813 0 7813 0 6806 0 7814 0 6806 0 6914 0 7814 0 6914 0 6913 0 7814 0 7814 0 6913 0 7815 0 6913 0 6912 0 7815 0 6912 0 6910 0 7815 0 7815 0 6910 0 7816 0 6910 0 6907 0 7816 0 7816 0 6907 0 7817 0 6907 0 6906 0 7817 0 7817 0 6906 0 7818 0 6906 0 6905 0 7818 0 6905 0 6904 0 7818 0 7818 0 6904 0 7819 0 7819 0 6904 0 6902 0 7819 0 6902 0 7820 0 7820 0 6902 0 7821 0 6902 0 6901 0 7821 0 7821 0 6901 0 6810 0 7821 0 6810 0 7822 0 6810 0 6809 0 7822 0 7822 0 6809 0 7823 0 6809 0 6811 0 7823 0 7823 0 6811 0 7752 0 7752 0 6811 0 6898 0 7810 0 7824 0 7646 0 7810 0 7646 0 7809 0 7809 0 7646 0 7825 0 7809 0 7825 0 7748 0 7748 0 7825 0 7745 0 7748 0 7745 0 7749 0 7748 0 7749 0 6790 0 6778 0 6782 0 7750 0 6778 0 7750 0 7808 0 7808 0 7750 0 7736 0 7808 0 7736 0 7826 0 7808 0 7826 0 7807 0 7807 0 7826 0 7827 0 7807 0 7827 0 7806 0 7806 0 7827 0 7828 0 7806 0 7828 0 7805 0 7805 0 7828 0 7829 0 7805 0 7829 0 7804 0 7804 0 7829 0 7830 0 7804 0 7830 0 7803 0 7803 0 7830 0 7831 0 7803 0 7831 0 7802 0 7802 0 7831 0 7731 0 7802 0 7731 0 7832 0 7802 0 7832 0 7801 0 7801 0 7832 0 7833 0 7801 0 7833 0 7800 0 7800 0 7833 0 7834 0 7800 0 7834 0 7799 0 7799 0 7834 0 7835 0 7799 0 7835 0 7723 0 7799 0 7723 0 7798 0 7798 0 7723 0 7836 0 7798 0 7836 0 7797 0 7797 0 7836 0 7837 0 7797 0 7837 0 7796 0 7796 0 7837 0 7717 0 7796 0 7717 0 7838 0 7796 0 7838 0 7795 0 7795 0 7838 0 7839 0 7795 0 7839 0 7794 0 7794 0 7839 0 7840 0 7794 0 7840 0 7793 0 7793 0 7840 0 7709 0 7793 0 7709 0 7792 0 7792 0 7709 0 7841 0 7792 0 7841 0 7842 0 7792 0 7842 0 7791 0 7791 0 7842 0 7843 0 7791 0 7843 0 7790 0 7790 0 7843 0 7789 0 7789 0 7843 0 7701 0 7789 0 7701 0 7844 0 7789 0 7844 0 7788 0 7788 0 7844 0 7845 0 7788 0 7845 0 7787 0 7787 0 7845 0 7696 0 7787 0 7696 0 7786 0 7786 0 7696 0 7698 0 7786 0 7698 0 7846 0 7786 0 7846 0 7785 0 7785 0 7846 0 7847 0 7785 0 7847 0 7784 0 7784 0 7847 0 7783 0 7783 0 7847 0 7848 0 7783 0 7848 0 7782 0 7781 0 7782 0 7849 0 7781 0 7849 0 7780 0 7780 0 7849 0 7850 0 7780 0 7850 0 7779 0 7779 0 7850 0 7686 0 7779 0 7686 0 7684 0 7779 0 7684 0 7778 0 7778 0 7684 0 7851 0 7778 0 7851 0 7777 0 7777 0 7851 0 7683 0 7777 0 7683 0 7679 0 7777 0 7679 0 7776 0 7776 0 7679 0 7852 0 7776 0 7852 0 7775 0 7775 0 7852 0 7853 0 7775 0 7853 0 7774 0 7774 0 7853 0 7854 0 7774 0 7854 0 7773 0 7773 0 7854 0 7855 0 7773 0 7855 0 7772 0 7772 0 7855 0 7856 0 7772 0 7856 0 7771 0 7771 0 7856 0 7857 0 7771 0 7857 0 7770 0 7770 0 7857 0 7858 0 7770 0 7858 0 7769 0 7769 0 7858 0 7859 0 7769 0 7859 0 7860 0 7769 0 7860 0 7768 0 7768 0 7860 0 7767 0 7767 0 7860 0 7861 0 7767 0 7861 0 7766 0 7766 0 7861 0 7862 0 7766 0 7862 0 7765 0 7765 0 7862 0 7670 0 7765 0 7670 0 7764 0 7764 0 7670 0 7863 0 7764 0 7863 0 7763 0 7763 0 7863 0 7864 0 7763 0 7864 0 7762 0 7762 0 7864 0 7865 0 7762 0 7865 0 7761 0 7760 0 7761 0 7866 0 7760 0 7866 0 7759 0 7759 0 7866 0 7867 0 7759 0 7867 0 7758 0 7758 0 7867 0 7868 0 7758 0 7868 0 7757 0 7757 0 7868 0 7869 0 7757 0 7869 0 7870 0 7757 0 7870 0 7756 0 7756 0 7870 0 7755 0 7755 0 7870 0 7871 0 7755 0 7871 0 7754 0 7754 0 7871 0 7872 0 7754 0 7872 0 7753 0 7753 0 7872 0 7873 0 7753 0 7873 0 7751 0 7751 0 7873 0 7874 0 7751 0 7874 0 7752 0 7752 0 7874 0 7875 0 7752 0 7875 0 7823 0 7823 0 7875 0 7876 0 7823 0 7876 0 7822 0 7822 0 7876 0 7877 0 7822 0 7877 0 7821 0 7821 0 7877 0 7820 0 7820 0 7877 0 7878 0 7820 0 7878 0 7879 0 7820 0 7879 0 7819 0 7819 0 7879 0 7880 0 7819 0 7880 0 7818 0 7818 0 7880 0 7881 0 7818 0 7881 0 7817 0 7817 0 7881 0 7816 0 7816 0 7881 0 7882 0 7816 0 7882 0 7815 0 7815 0 7882 0 7651 0 7815 0 7651 0 7650 0 7815 0 7650 0 7814 0 7814 0 7650 0 7649 0 7814 0 7649 0 7883 0 7814 0 7883 0 7813 0 7813 0 7883 0 7884 0 7813 0 7884 0 7812 0 7812 0 7884 0 7885 0 7812 0 7885 0 7811 0 7811 0 7885 0 7810 0 7810 0 7885 0 7824 0 7865 0 7668 0 7761 0 7761 0 7668 0 6708 0 7761 0 6708 0 7866 0 7866 0 6708 0 6728 0 7866 0 6728 0 7667 0 7866 0 7667 0 7867 0 7867 0 7667 0 6731 0 7867 0 6731 0 7645 0 7867 0 7645 0 7868 0 7868 0 7645 0 7666 0 7868 0 7666 0 7869 0 7869 0 7666 0 7870 0 7870 0 7666 0 7665 0 7870 0 7665 0 7664 0 7870 0 7664 0 7871 0 7871 0 7664 0 7663 0 7871 0 7663 0 7872 0 7872 0 7663 0 7662 0 7872 0 7662 0 7873 0 7873 0 7662 0 7661 0 7873 0 7661 0 7874 0 7874 0 7661 0 6699 0 7874 0 6699 0 7660 0 7874 0 7660 0 7875 0 7875 0 7660 0 7659 0 7875 0 7659 0 7876 0 7876 0 7659 0 7658 0 7876 0 7658 0 7877 0 7877 0 7658 0 7657 0 7877 0 7657 0 7878 0 7878 0 7657 0 7656 0 7878 0 7656 0 7879 0 7879 0 7656 0 7655 0 7879 0 7655 0 7880 0 7880 0 7655 0 7654 0 7880 0 7654 0 7881 0 7881 0 7654 0 7653 0 7881 0 7653 0 6771 0 7881 0 6771 0 7882 0 7882 0 6771 0 7652 0 7882 0 7652 0 7651 0 7883 0 7649 0 7648 0 7883 0 7648 0 7647 0 7883 0 7647 0 7884 0 7884 0 7647 0 6756 0 7884 0 6756 0 7885 0 7885 0 6756 0 6741 0 7885 0 6741 0 7824 0 7824 0 6741 0 7646 0 7825 0 7646 0 7747 0 7825 0 7747 0 7745 0 7749 0 7745 0 7743 0 7749 0 7743 0 6784 0 6784 0 7743 0 7742 0 6784 0 7742 0 7744 0 6784 0 7744 0 6783 0 6783 0 7744 0 7886 0 6783 0 7886 0 7887 0 6783 0 7887 0 6788 0 6788 0 7887 0 7888 0 6788 0 7888 0 7741 0 6788 0 7741 0 6786 0 6786 0 7741 0 7740 0 6786 0 7740 0 7739 0 6786 0 7739 0 6787 0 6787 0 7739 0 7889 0 6787 0 7889 0 7890 0 6787 0 7890 0 6785 0 6785 0 7890 0 7891 0 6785 0 7891 0 6779 0 6779 0 7891 0 7892 0 6779 0 7892 0 7750 0 7750 0 7892 0 7737 0 7750 0 7737 0 7736 0 7826 0 7736 0 7738 0 7826 0 7738 0 7893 0 7826 0 7893 0 7827 0 7827 0 7893 0 7894 0 7827 0 7894 0 7828 0 7828 0 7894 0 7733 0 7828 0 7733 0 7829 0 7829 0 7733 0 7735 0 7829 0 7735 0 7734 0 7829 0 7734 0 7830 0 7830 0 7734 0 7895 0 7830 0 7895 0 7896 0 7830 0 7896 0 7831 0 7831 0 7896 0 7732 0 7831 0 7732 0 7731 0 7832 0 7731 0 7728 0 7832 0 7728 0 7730 0 7832 0 7730 0 7833 0 7833 0 7730 0 7834 0 7834 0 7730 0 7725 0 7834 0 7725 0 7727 0 7834 0 7727 0 7835 0 7835 0 7727 0 7724 0 7835 0 7724 0 7723 0 7836 0 7723 0 7722 0 7836 0 7722 0 7720 0 7836 0 7720 0 7837 0 7837 0 7720 0 7718 0 7837 0 7718 0 7717 0 7838 0 7717 0 7714 0 7838 0 7714 0 7839 0 7839 0 7714 0 7713 0 7839 0 7713 0 7715 0 7839 0 7715 0 7840 0 7840 0 7715 0 7897 0 7840 0 7897 0 7711 0 7840 0 7711 0 7709 0 7841 0 7709 0 7705 0 7841 0 7705 0 7842 0 7842 0 7705 0 7708 0 7842 0 7708 0 7843 0 7843 0 7708 0 7702 0 7843 0 7702 0 7701 0 7844 0 7701 0 7704 0 7844 0 7704 0 7898 0 7844 0 7898 0 7845 0 7845 0 7898 0 7700 0 7845 0 7700 0 7696 0 7846 0 7698 0 7699 0 7846 0 7699 0 7899 0 7846 0 7899 0 7847 0 7847 0 7899 0 7900 0 7847 0 7900 0 7694 0 7847 0 7694 0 7848 0 7848 0 7694 0 7693 0 7848 0 7693 0 7695 0 7848 0 7695 0 7782 0 7782 0 7695 0 7691 0 7782 0 7691 0 7849 0 7849 0 7691 0 7690 0 7849 0 7690 0 7692 0 7849 0 7692 0 7850 0 7850 0 7692 0 7688 0 7850 0 7688 0 7687 0 7850 0 7687 0 7686 0 7851 0 7684 0 7682 0 7851 0 7682 0 7683 0 7852 0 7679 0 7681 0 7852 0 7681 0 7853 0 7853 0 7681 0 7901 0 7853 0 7901 0 7676 0 7853 0 7676 0 7854 0 7854 0 7676 0 7678 0 7854 0 7678 0 7855 0 7855 0 7678 0 7902 0 7855 0 7902 0 7903 0 7855 0 7903 0 7856 0 7856 0 7903 0 7904 0 7856 0 7904 0 7857 0 7857 0 7904 0 7905 0 7857 0 7905 0 7906 0 7857 0 7906 0 7858 0 7858 0 7906 0 7674 0 7858 0 7674 0 7673 0 7858 0 7673 0 7859 0 7859 0 7673 0 7675 0 7859 0 7675 0 7860 0 7860 0 7675 0 7907 0 7860 0 7907 0 7641 0 7860 0 7641 0 7861 0 7861 0 7641 0 7672 0 7861 0 7672 0 6723 0 7861 0 6723 0 7862 0 7862 0 6723 0 7671 0 7862 0 7671 0 6701 0 7862 0 6701 0 7670 0 7863 0 7670 0 6700 0 7863 0 6700 0 7669 0 7863 0 7669 0 7864 0 7864 0 7669 0 6726 0 7864 0 6726 0 7865 0 7865 0 6726 0 7668 0 7908 0 7909 0 7910 0 7909 0 7908 0 7911 0 7912 0 7913 0 7914 0 7915 0 7916 0 7917 0 7150 0 7918 0 7919 0 7036 0 7920 0 7037 0 7037 0 7920 0 7921 0 7037 0 7921 0 7035 0 7922 0 7096 0 7035 0 7922 0 7035 0 7923 0 7071 0 7095 0 7924 0 7089 0 7071 0 7925 0 7926 0 7088 0 7927 0 7927 0 7088 0 7925 0 7925 0 7088 0 7101 0 7926 0 7087 0 7088 0 7928 0 7100 0 7929 0 7930 0 7032 0 7100 0 7930 0 7100 0 7928 0 7033 0 7032 0 7930 0 7931 0 7098 0 7041 0 7098 0 7931 0 7010 0 7932 0 7014 0 7010 0 7014 0 7932 0 7933 0 7933 0 6998 0 7014 0 7933 0 6999 0 6998 0 6985 0 6999 0 7934 0 6170 0 7342 0 6215 0 7935 0 7338 0 7340 0 7936 0 6039 0 7338 0 6039 0 7936 0 7937 0 6039 0 7937 0 6953 0 6954 0 6953 0 7937 0 7938 0 6976 0 6954 0 7939 0 6976 0 7938 0 6952 0 6976 0 7940 0 7940 0 6976 0 7939 0 6952 0 7941 0 6950 0 7941 0 6952 0 7940 0 6946 0 6977 0 7942 0 7942 0 6977 0 7943 0 7942 0 6947 0 6946 0 6947 0 7942 0 7944 0 7944 0 6978 0 6947 0 7945 0 6980 0 6979 0 7945 0 6981 0 6980 0 7946 0 6981 0 7945 0 7947 0 6982 0 6981 0 7947 0 6981 0 7946 0 7948 0 6945 0 7947 0 7947 0 6945 0 6982 0 7949 0 6943 0 7948 0 7948 0 6943 0 6945 0 4938 0 6943 0 7949 0 7911 0 6944 0 7909 0 7909 0 6944 0 7949 0 7949 0 6944 0 4938 0 7911 0 4934 0 6944 0 4830 0 4881 0 7950 0 7951 0 4828 0 6940 0 7952 0 4833 0 4832 0 7952 0 7640 0 4833 0 7640 0 7952 0 7953 0 7954 0 7955 0 7953 0 7956 0 7954 0 7957 0 7958 0 7959 0 7960 0 7961 0 7939 0 7938 0 7940 0 7939 0 7961 0 7940 0 7961 0 7962 0 7962 0 7961 0 7010 0 7963 0 7010 0 7964 0 7963 0 7964 0 7965 0 7965 0 7964 0 7966 0 7965 0 7966 0 7967 0 7965 0 7967 0 7968 0 7968 0 7967 0 7969 0 7968 0 7969 0 7970 0 7971 0 7970 0 7972 0 7971 0 7972 0 7973 0 7973 0 7972 0 7974 0 7973 0 7974 0 7975 0 7941 0 7940 0 7962 0 7941 0 7962 0 7010 0 7941 0 7010 0 7963 0 7976 0 7963 0 7965 0 7976 0 7965 0 7977 0 7977 0 7965 0 7968 0 7978 0 7968 0 7970 0 7978 0 7970 0 7979 0 7979 0 7970 0 7971 0 7979 0 7971 0 7973 0 7980 0 7973 0 7975 0 7980 0 7975 0 7981 0 7982 0 7983 0 7984 0 7982 0 7985 0 7983 0 7983 0 7985 0 7986 0 7983 0 7986 0 7987 0 6950 0 7941 0 6951 0 6951 0 7941 0 7943 0 7943 0 7941 0 7963 0 7943 0 7963 0 7976 0 7988 0 7977 0 7968 0 7988 0 7968 0 7989 0 7989 0 7968 0 7978 0 7989 0 7978 0 7979 0 7990 0 7979 0 7973 0 7990 0 7973 0 7991 0 7991 0 7973 0 7980 0 7981 0 7992 0 7980 0 7980 0 7992 0 7993 0 7980 0 7993 0 7991 0 7991 0 7993 0 7990 0 7979 0 7990 0 7989 0 7977 0 7988 0 7994 0 7977 0 7994 0 7976 0 7976 0 7994 0 7942 0 7976 0 7942 0 7943 0 6951 0 7943 0 6977 0 7995 0 7996 0 7997 0 7997 0 7996 0 7998 0 7997 0 7998 0 7999 0 7997 0 7999 0 8000 0 8000 0 7999 0 8001 0 8001 0 7999 0 8002 0 8003 0 7982 0 8004 0 8004 0 7982 0 7984 0 8004 0 7984 0 8005 0 8005 0 7984 0 8006 0 8005 0 8006 0 8007 0 7987 0 8008 0 7983 0 7983 0 8008 0 7984 0 7984 0 8008 0 8006 0 8009 0 8010 0 8011 0 8011 0 8010 0 8012 0 8011 0 8012 0 7917 0 7917 0 8012 0 7915 0 7952 0 8013 0 7953 0 7953 0 8013 0 8014 0 7953 0 8014 0 7954 0 7954 0 8014 0 7957 0 8015 0 8016 0 8011 0 8015 0 8011 0 8017 0 8017 0 8011 0 7917 0 8018 0 7917 0 7916 0 8013 0 8019 0 8014 0 8014 0 8019 0 8020 0 8014 0 8020 0 7957 0 8020 0 8019 0 8021 0 8019 0 8013 0 8022 0 8022 0 8013 0 7952 0 8022 0 7952 0 4832 0 4828 0 7951 0 4832 0 4832 0 7951 0 8022 0 8022 0 8023 0 8024 0 8022 0 8024 0 8019 0 8019 0 8024 0 8021 0 8023 0 8022 0 8025 0 8025 0 8022 0 7951 0 6940 0 8026 0 7951 0 7951 0 8026 0 8025 0 8025 0 8015 0 8023 0 8024 0 8027 0 8021 0 8028 0 8027 0 8018 0 8018 0 8027 0 8024 0 8018 0 8024 0 8029 0 8029 0 8024 0 8023 0 8029 0 8023 0 8015 0 8015 0 8025 0 8026 0 4830 0 7950 0 6940 0 6940 0 7950 0 8016 0 6940 0 8016 0 8026 0 8026 0 8016 0 8015 0 8015 0 8017 0 7917 0 8015 0 7917 0 8029 0 8029 0 7917 0 8018 0 7998 0 8003 0 8030 0 8030 0 8003 0 8004 0 8030 0 8004 0 8031 0 8031 0 8004 0 8005 0 8031 0 8005 0 7912 0 7912 0 8005 0 8007 0 7912 0 8007 0 7913 0 7942 0 7994 0 7944 0 7944 0 7994 0 7988 0 7944 0 7988 0 8032 0 8032 0 7988 0 7989 0 8032 0 7989 0 8033 0 8033 0 7989 0 8034 0 8034 0 7989 0 7990 0 8034 0 7990 0 8035 0 8035 0 7990 0 7993 0 7993 0 7992 0 8036 0 8036 0 7992 0 8037 0 7998 0 8030 0 7999 0 7999 0 8030 0 8031 0 7999 0 8031 0 8002 0 8002 0 8031 0 7912 0 8038 0 8002 0 7908 0 7908 0 8002 0 8039 0 8039 0 8040 0 6938 0 7995 0 7997 0 8041 0 8041 0 7997 0 8000 0 8041 0 8000 0 8001 0 8038 0 8001 0 8002 0 8002 0 7912 0 8039 0 8039 0 7912 0 7914 0 8039 0 7914 0 8040 0 8034 0 8035 0 8042 0 8042 0 8035 0 8043 0 8043 0 8035 0 7993 0 8043 0 7993 0 8036 0 8043 0 8036 0 8044 0 8044 0 8036 0 8037 0 8044 0 8037 0 7910 0 7910 0 7909 0 7949 0 7910 0 7949 0 8044 0 8044 0 7949 0 7948 0 8044 0 7948 0 8043 0 8043 0 7948 0 7947 0 8043 0 7947 0 8042 0 8042 0 7947 0 7946 0 8042 0 7946 0 8034 0 8034 0 7946 0 7945 0 8034 0 7945 0 8033 0 8033 0 7945 0 8032 0 8032 0 7945 0 6979 0 8032 0 6979 0 7944 0 7944 0 6979 0 6978 0 7975 0 7995 0 7981 0 7981 0 7995 0 8041 0 7981 0 8041 0 7992 0 7992 0 8041 0 8001 0 7992 0 8001 0 8037 0 8037 0 8001 0 8038 0 8037 0 8038 0 7910 0 7910 0 8038 0 7908 0 7908 0 8039 0 7911 0 7911 0 8039 0 6938 0 7911 0 6938 0 4934 0 8009 0 8011 0 8016 0 8009 0 8016 0 8045 0 8045 0 8016 0 8046 0 8046 0 8016 0 7950 0 8046 0 7950 0 8047 0 8047 0 7950 0 4881 0 7987 0 8048 0 8008 0 8008 0 8048 0 8049 0 8008 0 8049 0 8006 0 8006 0 8049 0 8050 0 8006 0 8050 0 8007 0 8007 0 8050 0 8051 0 8007 0 8051 0 7913 0 7913 0 8051 0 8052 0 7913 0 8052 0 7914 0 7914 0 8052 0 8053 0 7914 0 8053 0 8040 0 8040 0 8053 0 6939 0 8040 0 6939 0 6938 0 7927 0 8054 0 7926 0 7926 0 8054 0 8055 0 7926 0 8055 0 7087 0 7087 0 8055 0 8056 0 7087 0 8056 0 7086 0 7086 0 8056 0 7929 0 7086 0 7929 0 7100 0 7095 0 7096 0 7924 0 7924 0 7096 0 7922 0 8057 0 7144 0 7150 0 8057 0 7150 0 8058 0 8058 0 7150 0 7919 0 7144 0 8059 0 7091 0 7920 0 7036 0 7090 0 7920 0 7090 0 8060 0 8060 0 7090 0 7091 0 8060 0 7091 0 8061 0 8061 0 7091 0 8059 0 8059 0 7144 0 7959 0 7959 0 7144 0 8057 0 7959 0 7958 0 8059 0 8059 0 7958 0 8061 0 7921 0 7920 0 7923 0 7921 0 7923 0 7035 0 8061 0 7958 0 8062 0 8061 0 8062 0 8060 0 8060 0 8062 0 8063 0 8060 0 8063 0 7920 0 7920 0 8063 0 8064 0 7920 0 8064 0 7923 0 7922 0 7923 0 8065 0 7922 0 8065 0 7924 0 8066 0 8067 0 7958 0 7958 0 8067 0 8062 0 8064 0 8063 0 8068 0 8064 0 8068 0 7923 0 7923 0 8068 0 8069 0 7923 0 8069 0 8065 0 7924 0 8065 0 8070 0 7924 0 8070 0 8071 0 7924 0 8071 0 7071 0 7071 0 8071 0 8072 0 7071 0 8072 0 7925 0 7925 0 8072 0 7927 0 8073 0 8054 0 8074 0 8074 0 8054 0 8075 0 8067 0 8076 0 8062 0 8062 0 8076 0 8077 0 8062 0 8077 0 8063 0 8065 0 8069 0 8070 0 8076 0 8078 0 8077 0 8077 0 8078 0 8063 0 8063 0 8079 0 8068 0 8068 0 8080 0 8069 0 8070 0 8081 0 8071 0 8071 0 8081 0 8075 0 8071 0 8075 0 8072 0 8072 0 8075 0 7927 0 7927 0 8075 0 8054 0 8063 0 8078 0 8079 0 8079 0 8082 0 8068 0 8068 0 8082 0 8080 0 8069 0 8080 0 8083 0 8069 0 8083 0 8070 0 8078 0 8084 0 8079 0 8079 0 8084 0 8085 0 8079 0 8085 0 8082 0 8080 0 8082 0 8086 0 8080 0 8086 0 8083 0 8070 0 8083 0 8087 0 8070 0 8087 0 8081 0 8082 0 8085 0 8088 0 8082 0 8088 0 8086 0 8086 0 8089 0 8083 0 8083 0 8089 0 8090 0 8083 0 8090 0 8087 0 8081 0 8087 0 8091 0 8081 0 8091 0 8075 0 8075 0 8091 0 8074 0 8092 0 7957 0 8093 0 8092 0 8093 0 8085 0 8085 0 8093 0 8088 0 8088 0 8093 0 8086 0 8086 0 8094 0 8089 0 8089 0 8094 0 8027 0 8089 0 8027 0 8028 0 8089 0 8028 0 8090 0 8090 0 8028 0 7916 0 8090 0 7916 0 8091 0 8091 0 7916 0 7915 0 8092 0 7956 0 7957 0 8093 0 7957 0 8020 0 8093 0 8020 0 8086 0 8086 0 8020 0 8094 0 8094 0 8020 0 8021 0 8094 0 8021 0 8027 0 8028 0 8018 0 7916 0 8048 0 7915 0 8012 0 8048 0 8012 0 8010 0 8048 0 8010 0 8049 0 8049 0 8010 0 8009 0 8049 0 8009 0 8045 0 8049 0 8045 0 8050 0 8050 0 8045 0 8046 0 8050 0 8046 0 8051 0 8051 0 8046 0 8052 0 8052 0 8046 0 8047 0 8052 0 8047 0 8053 0 8053 0 8047 0 4881 0 8053 0 4881 0 6939 0 6999 0 7933 0 8095 0 6999 0 8095 0 7934 0 7342 0 6170 0 6985 0 7342 0 6985 0 7934 0 7934 0 8095 0 7343 0 7934 0 7343 0 7342 0 8096 0 8095 0 7933 0 8096 0 7935 0 7340 0 8096 0 7340 0 8095 0 8095 0 7340 0 7339 0 7933 0 7932 0 8097 0 7933 0 8097 0 8096 0 8096 0 8097 0 7935 0 7343 0 8095 0 7339 0 6954 0 7937 0 8098 0 7936 0 7338 0 7935 0 7936 0 7935 0 8099 0 8099 0 7935 0 8097 0 8100 0 8097 0 7932 0 8100 0 7932 0 7010 0 7937 0 7936 0 8099 0 7937 0 8099 0 8098 0 8098 0 8099 0 8097 0 8098 0 8097 0 8100 0 7964 0 7010 0 7966 0 7966 0 7010 0 7931 0 7966 0 7931 0 7967 0 7967 0 7931 0 7041 0 7967 0 7041 0 7969 0 7969 0 7041 0 7040 0 7969 0 7040 0 8101 0 8101 0 7040 0 7043 0 8101 0 7043 0 7972 0 7972 0 7043 0 7029 0 7972 0 7029 0 7974 0 7974 0 7029 0 7028 0 7974 0 7028 0 8102 0 8102 0 7028 0 7031 0 8102 0 7031 0 8103 0 8103 0 7031 0 7034 0 8103 0 7034 0 7996 0 7996 0 7034 0 7033 0 7996 0 7033 0 7930 0 8104 0 7928 0 7929 0 8104 0 7929 0 8105 0 8105 0 7929 0 8056 0 8105 0 8056 0 8106 0 8106 0 8056 0 8055 0 8106 0 8055 0 8073 0 8073 0 8055 0 8054 0 7925 0 7101 0 7089 0 8084 0 8092 0 8085 0 8087 0 8090 0 8091 0 8091 0 7915 0 8074 0 8074 0 7915 0 8048 0 8074 0 8048 0 8073 0 8073 0 8048 0 7987 0 8073 0 7987 0 8106 0 8106 0 7987 0 7986 0 8106 0 7986 0 8105 0 8105 0 7986 0 7985 0 8105 0 7985 0 8104 0 8104 0 7985 0 7982 0 8104 0 7982 0 7928 0 7928 0 7982 0 8003 0 7928 0 8003 0 7930 0 7930 0 8003 0 7998 0 7930 0 7998 0 7996 0 8103 0 7996 0 7995 0 8103 0 7995 0 8102 0 8102 0 7995 0 7975 0 8102 0 7975 0 7974 0 8101 0 7972 0 7970 0 8101 0 7970 0 7969 0 7010 0 7961 0 8100 0 8100 0 7961 0 7938 0 8100 0 7938 0 8098 0 8098 0 7938 0 6954 0 8107 0 8108 0 8109 0 8110 0 8111 0 8109 0 8112 0 8113 0 8114 0 8115 0 8116 0 8117 0 8117 0 8116 0 8118 0 8117 0 8118 0 8113 0 8115 0 8117 0 8119 0 7175 0 7214 0 8120 0 8121 0 7918 0 7150 0 8122 0 7154 0 8123 0 8123 0 7154 0 8124 0 8122 0 8124 0 8119 0 8125 0 8122 0 8119 0 8111 0 8122 0 8125 0 8111 0 8125 0 8109 0 7154 0 8122 0 7146 0 7145 0 7154 0 7146 0 8123 0 8124 0 8122 0 8122 0 8121 0 7146 0 7146 0 8121 0 7147 0 7147 0 8121 0 7150 0 8107 0 8109 0 8125 0 8111 0 8110 0 8121 0 8110 0 7918 0 8121 0 8111 0 8121 0 8122 0 8107 0 8112 0 8126 0 8127 0 7173 0 7175 0 8124 0 8115 0 8119 0 8107 0 8113 0 8112 0 8124 0 7173 0 8127 0 8113 0 8107 0 8125 0 8113 0 8125 0 8119 0 7175 0 8120 0 8127 0 8124 0 8127 0 8120 0 8124 0 8120 0 8115 0 8119 0 8117 0 8113 0 8112 0 8114 0 8126 0 7173 0 8124 0 7154 0 8128 0 8129 0 8130 0 7220 0 8131 0 8132 0 7220 0 8132 0 8133 0 7220 0 8133 0 8134 0 7220 0 8134 0 7217 0 7221 0 7217 0 8135 0 7221 0 8135 0 8136 0 7221 0 8137 0 8138 0 7221 0 8138 0 7216 0 8139 0 8116 0 8115 0 8139 0 8114 0 8140 0 8141 0 8142 0 8126 0 8143 0 8144 0 8145 0 8146 0 8147 0 8148 0 8146 0 8148 0 8149 0 8150 0 8151 0 8152 0 8153 0 8154 0 8155 0 8156 0 8157 0 8158 0 8159 0 8160 0 8161 0 8162 0 8163 0 8164 0 8165 0 8166 0 8167 0 8167 0 8166 0 8168 0 8169 0 8170 0 8171 0 8169 0 8172 0 8173 0 8169 0 8173 0 8174 0 8115 0 7214 0 7211 0 8175 0 7211 0 7215 0 8175 0 7215 0 8176 0 8176 0 7215 0 8177 0 8178 0 7215 0 8179 0 8179 0 7215 0 7216 0 8180 0 7216 0 8181 0 8181 0 7216 0 8138 0 8181 0 8138 0 8137 0 8181 0 8137 0 8182 0 8182 0 8137 0 7221 0 8136 0 8135 0 7217 0 8183 0 8136 0 7217 0 8183 0 7217 0 8134 0 8132 0 8134 0 8133 0 8130 0 8132 0 8131 0 8130 0 8131 0 8128 0 8115 0 8120 0 7214 0 8184 0 8115 0 7211 0 8184 0 7211 0 8185 0 8185 0 7211 0 8175 0 8185 0 8175 0 8176 0 8185 0 8176 0 8177 0 8177 0 7215 0 8186 0 8186 0 7215 0 8178 0 8186 0 8178 0 8187 0 8178 0 8179 0 8187 0 8187 0 8179 0 8188 0 8188 0 8179 0 7216 0 8188 0 7216 0 8189 0 8189 0 7216 0 8190 0 8190 0 7216 0 8180 0 8190 0 8180 0 8191 0 8192 0 7221 0 8136 0 8193 0 8136 0 8183 0 8194 0 8132 0 8195 0 8195 0 8132 0 8130 0 8196 0 8115 0 8184 0 8197 0 8188 0 8189 0 8198 0 8189 0 8190 0 8198 0 8190 0 8191 0 8198 0 8191 0 8180 0 8198 0 8180 0 8199 0 8199 0 8180 0 8200 0 8200 0 8180 0 8181 0 8200 0 8181 0 8201 0 8201 0 8181 0 8182 0 8182 0 7221 0 8202 0 8203 0 7221 0 8192 0 8192 0 8136 0 8204 0 8205 0 8183 0 8134 0 8205 0 8134 0 8206 0 8206 0 8134 0 8132 0 8207 0 8132 0 8194 0 8195 0 8130 0 8129 0 8139 0 8115 0 8208 0 8208 0 8115 0 8196 0 8209 0 8185 0 8177 0 8209 0 8177 0 8210 0 8210 0 8177 0 8211 0 8211 0 8177 0 8186 0 8212 0 8187 0 8197 0 8197 0 8187 0 8188 0 8213 0 8197 0 8189 0 8213 0 8189 0 8198 0 8214 0 8200 0 8201 0 8215 0 8201 0 8202 0 8202 0 8201 0 8182 0 8202 0 7221 0 8203 0 8203 0 8192 0 8216 0 8216 0 8192 0 8204 0 8216 0 8204 0 8193 0 8193 0 8204 0 8136 0 8217 0 8193 0 8183 0 8217 0 8183 0 8218 0 8218 0 8183 0 8205 0 8206 0 8132 0 8207 0 8219 0 8207 0 8194 0 8219 0 8194 0 8169 0 8169 0 8194 0 8195 0 8169 0 8195 0 8129 0 8113 0 8116 0 8139 0 8196 0 8139 0 8208 0 8220 0 8196 0 8184 0 8220 0 8184 0 8221 0 8221 0 8184 0 8185 0 8221 0 8185 0 8222 0 8222 0 8185 0 8223 0 8223 0 8185 0 8209 0 8209 0 8210 0 8211 0 8211 0 8186 0 8224 0 8224 0 8186 0 8225 0 8225 0 8186 0 8187 0 8225 0 8187 0 8226 0 8226 0 8187 0 8212 0 8227 0 8212 0 8197 0 8228 0 8197 0 8213 0 8228 0 8213 0 8198 0 8229 0 8198 0 8199 0 8229 0 8199 0 8230 0 8230 0 8199 0 8231 0 8231 0 8199 0 8200 0 8231 0 8200 0 8232 0 8232 0 8200 0 8233 0 8233 0 8200 0 8214 0 8233 0 8214 0 8234 0 8234 0 8214 0 8201 0 8234 0 8201 0 8215 0 8235 0 8202 0 8203 0 8236 0 8193 0 8217 0 8237 0 8217 0 8218 0 8237 0 8218 0 8205 0 8163 0 8206 0 8207 0 8163 0 8207 0 8219 0 8169 0 8129 0 8172 0 8140 0 8113 0 8139 0 8142 0 8139 0 8196 0 8144 0 8220 0 8221 0 8238 0 8222 0 8223 0 8238 0 8223 0 8209 0 8238 0 8209 0 8239 0 8239 0 8209 0 8150 0 8150 0 8209 0 8211 0 8150 0 8211 0 8151 0 8151 0 8211 0 8240 0 8240 0 8211 0 8224 0 8240 0 8224 0 8225 0 8240 0 8225 0 8241 0 8241 0 8225 0 8226 0 8241 0 8226 0 8242 0 8242 0 8226 0 8212 0 8242 0 8212 0 8227 0 8242 0 8227 0 8228 0 8228 0 8227 0 8197 0 8243 0 8228 0 8198 0 8243 0 8198 0 8244 0 8244 0 8198 0 8229 0 8244 0 8229 0 8245 0 8245 0 8229 0 8230 0 8245 0 8230 0 8246 0 8246 0 8230 0 8231 0 8246 0 8231 0 8154 0 8154 0 8231 0 8232 0 8154 0 8232 0 8155 0 8155 0 8232 0 8233 0 8155 0 8233 0 8247 0 8247 0 8233 0 8234 0 8247 0 8234 0 8248 0 8248 0 8234 0 8215 0 8235 0 8215 0 8202 0 8249 0 8235 0 8203 0 8249 0 8203 0 8250 0 8250 0 8203 0 8216 0 8250 0 8216 0 8158 0 8158 0 8216 0 8251 0 8251 0 8216 0 8193 0 8251 0 8193 0 8252 0 8252 0 8193 0 8236 0 8236 0 8217 0 8253 0 8253 0 8217 0 8237 0 8254 0 8237 0 8205 0 8254 0 8205 0 8206 0 8255 0 8206 0 8163 0 8164 0 8163 0 8219 0 8164 0 8219 0 8168 0 8168 0 8219 0 8169 0 8141 0 8114 0 8139 0 8141 0 8139 0 8142 0 8142 0 8196 0 8143 0 8143 0 8196 0 8220 0 8143 0 8220 0 8144 0 8147 0 8144 0 8221 0 8147 0 8221 0 8148 0 8148 0 8221 0 8222 0 8148 0 8222 0 8149 0 8149 0 8222 0 8238 0 8149 0 8238 0 8256 0 8256 0 8238 0 8239 0 8256 0 8239 0 8150 0 8257 0 8151 0 8240 0 8257 0 8240 0 8258 0 8258 0 8240 0 8241 0 8259 0 8228 0 8243 0 8259 0 8243 0 8260 0 8260 0 8243 0 8244 0 8260 0 8244 0 8245 0 8261 0 8155 0 8247 0 8261 0 8247 0 8248 0 8248 0 8215 0 8235 0 8158 0 8251 0 8156 0 8156 0 8251 0 8252 0 8156 0 8252 0 8262 0 8262 0 8252 0 8236 0 8262 0 8236 0 8160 0 8160 0 8236 0 8253 0 8160 0 8253 0 8161 0 8161 0 8253 0 8237 0 8161 0 8237 0 8254 0 8263 0 8254 0 8206 0 8263 0 8206 0 8264 0 8264 0 8206 0 8255 0 8168 0 8169 0 8167 0 8167 0 8169 0 8171 0 8265 0 8167 0 8266 0 8267 0 8266 0 8268 0 7633 0 7632 0 7248 0 8128 0 8131 0 7243 0 8129 0 8128 0 8269 0 8129 0 8269 0 8174 0 8169 0 8174 0 8170 0 8270 0 8170 0 8266 0 8270 0 8266 0 8171 0 8266 0 8167 0 8271 0 8266 0 8271 0 8171 0 8272 0 8269 0 8128 0 8266 0 8170 0 8269 0 8269 0 8170 0 8174 0 7248 0 7247 0 7249 0 7632 0 7628 0 8273 0 8273 0 7248 0 7632 0 8268 0 7628 0 8274 0 8274 0 7628 0 7630 0 7628 0 8268 0 8266 0 8269 0 7247 0 7248 0 7628 0 8266 0 8275 0 7628 0 8275 0 8269 0 8269 0 8272 0 7247 0 7247 0 7243 0 7245 0 7628 0 8269 0 8273 0 8274 0 8276 0 8268 0 7248 0 8273 0 8269 0 8275 0 8266 0 8269 0 8272 0 8128 0 7247 0 7247 0 8128 0 7243 0 7220 0 7243 0 8131 0 8277 0 8278 0 8279 0 8280 0 8281 0 8282 0 8283 0 8284 0 8285 0 8286 0 8287 0 8283 0 8288 0 8289 0 8290 0 7644 0 8291 0 5582 0 5583 0 8292 0 5619 0 5619 0 8292 0 8293 0 8294 0 5624 0 5619 0 8295 0 5645 0 5644 0 8295 0 5644 0 7277 0 5579 0 5645 0 8296 0 8296 0 5645 0 8295 0 8296 0 7278 0 5579 0 7292 0 5740 0 8297 0 7279 0 7292 0 8298 0 8299 0 7279 0 8298 0 8300 0 7315 0 8299 0 8299 0 7315 0 7279 0 8301 0 7316 0 8300 0 8300 0 7316 0 7315 0 8302 0 7316 0 8301 0 8303 0 7317 0 8302 0 8302 0 7317 0 7316 0 8303 0 7290 0 7317 0 8304 0 7289 0 7291 0 8305 0 7318 0 7289 0 7288 0 7318 0 8306 0 7285 0 7288 0 8307 0 7285 0 8308 0 8309 0 7285 0 8309 0 7286 0 8309 0 7283 0 7286 0 8310 0 7283 0 8311 0 8310 0 6089 0 7283 0 7320 0 7351 0 7321 0 7463 0 7319 0 7346 0 7319 0 7463 0 6134 0 8312 0 7480 0 7508 0 7508 0 7507 0 8312 0 7477 0 7480 0 8313 0 8313 0 7572 0 7477 0 8314 0 7574 0 8315 0 8315 0 7574 0 7572 0 7579 0 7575 0 8314 0 8314 0 7575 0 7574 0 8316 0 7554 0 7576 0 7554 0 8316 0 8317 0 7554 0 8317 0 7509 0 7509 0 8317 0 7510 0 7510 0 8317 0 8318 0 7580 0 8319 0 8320 0 7580 0 7511 0 8319 0 7530 0 8321 0 7551 0 8322 0 7550 0 7551 0 8323 0 7630 0 7629 0 8311 0 7283 0 8309 0 8324 0 8325 0 8326 0 8326 0 8325 0 8327 0 8327 0 8328 0 8329 0 8329 0 8328 0 8330 0 8329 0 8330 0 8331 0 8329 0 8331 0 8332 0 8332 0 8331 0 8333 0 8332 0 8333 0 8334 0 8334 0 8333 0 8335 0 8334 0 8335 0 8336 0 8336 0 8335 0 8337 0 8336 0 8337 0 8338 0 8338 0 8337 0 8339 0 8338 0 8339 0 8340 0 8340 0 8339 0 8308 0 8340 0 8308 0 7285 0 8340 0 7285 0 8338 0 8338 0 7285 0 8307 0 8338 0 8307 0 8341 0 8338 0 8341 0 8336 0 8336 0 8341 0 8342 0 8336 0 8342 0 8334 0 8334 0 8342 0 8343 0 8334 0 8343 0 8332 0 8332 0 8343 0 8344 0 8332 0 8344 0 8329 0 8329 0 8344 0 8345 0 8329 0 8345 0 8327 0 8327 0 8345 0 8326 0 8326 0 8346 0 8324 0 8324 0 8346 0 8347 0 8348 0 8349 0 8350 0 8350 0 8349 0 8347 0 8350 0 8347 0 8351 0 8351 0 8347 0 8346 0 8346 0 8326 0 8352 0 8352 0 8326 0 8345 0 8352 0 8345 0 8353 0 8353 0 8345 0 8344 0 8353 0 8344 0 8354 0 8354 0 8344 0 8343 0 8354 0 8343 0 8306 0 8306 0 8343 0 8342 0 8306 0 8342 0 7288 0 7288 0 8342 0 8341 0 7288 0 8341 0 8307 0 8355 0 8281 0 8279 0 8279 0 8281 0 8280 0 8279 0 8280 0 8277 0 8278 0 8356 0 8357 0 8278 0 8357 0 8358 0 8278 0 8277 0 8359 0 8360 0 8359 0 8361 0 8361 0 8359 0 8277 0 8361 0 8277 0 8362 0 8362 0 8277 0 8280 0 8362 0 8280 0 8363 0 8363 0 8280 0 8282 0 8363 0 8282 0 8364 0 8365 0 8366 0 8367 0 8365 0 8367 0 8368 0 8368 0 8367 0 8369 0 8370 0 8371 0 8372 0 8372 0 8371 0 8373 0 8374 0 8375 0 8376 0 8377 0 8378 0 8379 0 8377 0 8379 0 8380 0 8376 0 8381 0 8382 0 8382 0 8381 0 8368 0 8368 0 8381 0 8383 0 8368 0 8383 0 8365 0 8384 0 8381 0 8376 0 8384 0 8376 0 8375 0 8378 0 8375 0 8374 0 8378 0 8374 0 8379 0 8292 0 5583 0 8385 0 8385 0 5583 0 5582 0 8385 0 5582 0 8291 0 8294 0 5619 0 8293 0 8294 0 8293 0 8292 0 8292 0 8385 0 8386 0 8386 0 8385 0 8291 0 8292 0 8383 0 8381 0 8292 0 8381 0 8294 0 8294 0 8381 0 8384 0 8384 0 8375 0 8387 0 8387 0 8375 0 8378 0 8387 0 8378 0 8295 0 8368 0 8370 0 8382 0 8364 0 8388 0 8363 0 8363 0 8388 0 8380 0 8363 0 8380 0 8362 0 8362 0 8380 0 8379 0 8362 0 8379 0 8361 0 8361 0 8379 0 8374 0 8361 0 8374 0 8360 0 8360 0 8374 0 8376 0 8360 0 8376 0 8372 0 8372 0 8376 0 8382 0 8372 0 8382 0 8370 0 7292 0 8297 0 8298 0 8298 0 8297 0 8389 0 8298 0 8389 0 8299 0 8299 0 8389 0 8390 0 8299 0 8390 0 8300 0 8300 0 8390 0 8301 0 8301 0 8391 0 8302 0 8302 0 8391 0 8303 0 8303 0 8391 0 8392 0 8303 0 8392 0 7290 0 7290 0 8392 0 8393 0 7290 0 8393 0 8304 0 7290 0 8304 0 7291 0 8305 0 7289 0 8304 0 8305 0 8304 0 8394 0 8394 0 8304 0 8393 0 8394 0 8393 0 8392 0 8394 0 8392 0 8395 0 8395 0 8392 0 8391 0 8395 0 8391 0 8351 0 8351 0 8391 0 8350 0 8350 0 8391 0 8301 0 8350 0 8301 0 8396 0 8396 0 8301 0 8390 0 8396 0 8390 0 8397 0 8397 0 8390 0 8389 0 8397 0 8389 0 8398 0 8398 0 8389 0 8297 0 8398 0 8297 0 8399 0 8399 0 8297 0 8400 0 8399 0 8400 0 8401 0 8295 0 8378 0 8377 0 8348 0 8364 0 8282 0 8348 0 8282 0 8349 0 8349 0 8282 0 8281 0 8349 0 8281 0 8347 0 8347 0 8281 0 8355 0 8347 0 8355 0 8324 0 8306 0 7318 0 8305 0 8306 0 8305 0 8354 0 8354 0 8305 0 8353 0 8353 0 8305 0 8394 0 8353 0 8394 0 8352 0 8352 0 8394 0 8395 0 8352 0 8395 0 8346 0 8346 0 8395 0 8351 0 8350 0 8396 0 8348 0 8348 0 8396 0 8397 0 8348 0 8397 0 8364 0 8364 0 8397 0 8398 0 8364 0 8398 0 8388 0 8388 0 8398 0 8399 0 8388 0 8399 0 8380 0 8380 0 8399 0 8401 0 8380 0 8401 0 8377 0 8377 0 8401 0 8296 0 8377 0 8296 0 8295 0 8291 0 8365 0 8386 0 8386 0 8365 0 8383 0 8386 0 8383 0 8292 0 8294 0 8384 0 5624 0 5624 0 8384 0 8387 0 5624 0 8387 0 7277 0 7277 0 8387 0 8295 0 8296 0 8401 0 7278 0 7278 0 8401 0 8400 0 7278 0 8400 0 5740 0 5740 0 8400 0 8297 0 8402 0 7523 0 7550 0 7552 0 7580 0 8320 0 7552 0 8320 0 7530 0 7530 0 8320 0 8321 0 8321 0 8320 0 8403 0 7510 0 8318 0 7511 0 7511 0 8318 0 8404 0 7511 0 8404 0 8319 0 8319 0 8404 0 8405 0 8319 0 8405 0 8320 0 8320 0 8405 0 8406 0 8320 0 8406 0 8403 0 8407 0 8408 0 8409 0 8402 0 7550 0 8410 0 8410 0 7550 0 8322 0 8411 0 8322 0 8403 0 8411 0 8403 0 8409 0 8409 0 8403 0 8406 0 8409 0 8406 0 8407 0 8407 0 8406 0 8412 0 8411 0 8409 0 8413 0 8413 0 8409 0 8408 0 8414 0 8413 0 8415 0 8414 0 8411 0 8413 0 8415 0 8413 0 8408 0 8416 0 8414 0 8417 0 8417 0 8414 0 8415 0 8417 0 8415 0 8418 0 8419 0 8415 0 8373 0 8420 0 8416 0 8418 0 8418 0 8416 0 8417 0 8421 0 8418 0 8415 0 8421 0 8415 0 8419 0 8422 0 8420 0 8423 0 8424 0 8425 0 8426 0 8422 0 8402 0 8416 0 8422 0 8416 0 8420 0 8423 0 8420 0 8418 0 8423 0 8418 0 8427 0 8427 0 8418 0 8421 0 8427 0 8421 0 8425 0 8425 0 8421 0 8419 0 8425 0 8419 0 8426 0 7521 0 8422 0 8428 0 8428 0 8422 0 8423 0 8429 0 8423 0 8427 0 8429 0 8427 0 8425 0 8429 0 8425 0 8430 0 8430 0 8425 0 8424 0 7629 0 7521 0 8323 0 8323 0 7521 0 8428 0 8323 0 8428 0 8431 0 8428 0 8423 0 8432 0 8432 0 8423 0 8429 0 8286 0 8430 0 8424 0 8286 0 8424 0 8433 0 8434 0 7630 0 8323 0 8434 0 8323 0 8435 0 8435 0 8323 0 8431 0 8435 0 8431 0 8436 0 8436 0 8431 0 8432 0 8436 0 8432 0 8285 0 8285 0 8430 0 8283 0 8283 0 8430 0 8286 0 8287 0 8286 0 8433 0 8287 0 8433 0 8437 0 8437 0 8433 0 8290 0 8290 0 8433 0 8438 0 8431 0 8428 0 8432 0 8432 0 8429 0 8285 0 8285 0 8429 0 8430 0 8422 0 7521 0 7523 0 8422 0 7523 0 8402 0 8416 0 8402 0 8410 0 8416 0 8410 0 8414 0 8414 0 8410 0 8322 0 8414 0 8322 0 8411 0 8408 0 8373 0 8415 0 8373 0 8371 0 8419 0 8419 0 8371 0 8426 0 8424 0 8426 0 8367 0 8424 0 8367 0 8433 0 8433 0 8367 0 8438 0 7351 0 8439 0 7350 0 7350 0 8439 0 8440 0 7350 0 8440 0 7348 0 7348 0 8440 0 8441 0 7348 0 8441 0 7346 0 7346 0 8441 0 7463 0 8440 0 8312 0 7507 0 8312 0 8442 0 7480 0 7480 0 8442 0 8313 0 6089 0 8310 0 8443 0 6089 0 8443 0 7320 0 7320 0 8443 0 8442 0 7320 0 8442 0 7351 0 7351 0 8442 0 8439 0 8291 0 8288 0 8366 0 8291 0 8366 0 8365 0 8368 0 8369 0 8370 0 8360 0 8372 0 8444 0 8360 0 8444 0 8359 0 8359 0 8444 0 8356 0 8359 0 8356 0 8278 0 8279 0 8278 0 8358 0 8279 0 8358 0 8355 0 8355 0 8358 0 8445 0 8355 0 8445 0 8324 0 8324 0 8445 0 8446 0 8324 0 8446 0 8325 0 8325 0 8446 0 8447 0 8325 0 8447 0 8327 0 8327 0 8447 0 8328 0 8328 0 8448 0 8330 0 8330 0 8448 0 8331 0 8331 0 8448 0 8449 0 8331 0 8449 0 8333 0 8333 0 8449 0 8450 0 8333 0 8450 0 8335 0 8335 0 8450 0 8451 0 8335 0 8451 0 8337 0 8337 0 8451 0 8452 0 8337 0 8452 0 8339 0 8339 0 8452 0 8453 0 8339 0 8453 0 8454 0 8339 0 8454 0 8308 0 8308 0 8454 0 8309 0 8309 0 8454 0 8311 0 8441 0 7481 0 7463 0 8315 0 7572 0 8455 0 8455 0 7572 0 8313 0 8455 0 8313 0 8456 0 8456 0 8313 0 8442 0 8322 0 7551 0 8321 0 8322 0 8321 0 8403 0 8412 0 8406 0 8457 0 8457 0 8406 0 8405 0 8457 0 8405 0 8446 0 8446 0 8405 0 8404 0 8446 0 8404 0 8447 0 8447 0 8404 0 8318 0 8447 0 8318 0 8458 0 8458 0 8318 0 8317 0 8458 0 8317 0 8459 0 8459 0 8317 0 8316 0 8459 0 8316 0 8460 0 8460 0 8316 0 7576 0 8460 0 7576 0 8461 0 8461 0 7576 0 7513 0 8461 0 7513 0 7512 0 8461 0 7512 0 8462 0 8462 0 7512 0 7514 0 8462 0 7514 0 7577 0 8462 0 7577 0 8463 0 8463 0 7577 0 7578 0 8463 0 7578 0 7579 0 8463 0 7579 0 8464 0 8464 0 7579 0 8314 0 8464 0 8314 0 8465 0 8465 0 8314 0 8315 0 8465 0 8315 0 8466 0 8466 0 8315 0 8455 0 8466 0 8455 0 8467 0 8467 0 8455 0 8456 0 8288 0 8290 0 8366 0 8366 0 8290 0 8438 0 8366 0 8438 0 8367 0 8369 0 8367 0 8426 0 8369 0 8426 0 8370 0 8370 0 8426 0 8371 0 8372 0 8373 0 8444 0 8444 0 8373 0 8408 0 8444 0 8408 0 8356 0 8356 0 8408 0 8407 0 8356 0 8407 0 8357 0 8357 0 8407 0 8412 0 8357 0 8412 0 8358 0 8358 0 8412 0 8457 0 8358 0 8457 0 8445 0 8445 0 8457 0 8446 0 8447 0 8458 0 8328 0 8328 0 8458 0 8459 0 8328 0 8459 0 8448 0 8448 0 8459 0 8460 0 8448 0 8460 0 8461 0 8448 0 8461 0 8449 0 8449 0 8461 0 8462 0 8449 0 8462 0 8450 0 8450 0 8462 0 8463 0 8450 0 8463 0 8451 0 8451 0 8463 0 8464 0 8451 0 8464 0 8452 0 8452 0 8464 0 8465 0 8452 0 8465 0 8453 0 8453 0 8465 0 8454 0 8454 0 8465 0 8466 0 8454 0 8466 0 8311 0 8311 0 8466 0 8467 0 8311 0 8467 0 8310 0 8310 0 8467 0 8456 0 8310 0 8456 0 8443 0 8443 0 8456 0 8442 0 8442 0 8312 0 8439 0 8439 0 8312 0 8440 0 8440 0 7507 0 8441 0 8441 0 7507 0 7481 0 7896 0 7895 0 8468 0 7636 0 6745 0 7639 0 7642 0 7641 0 8469 0 6695 0 7644 0 5582 0 8470 0 8471 0 8472 0 8472 0 8471 0 8473 0 8474 0 8475 0 8476 0 8477 0 8478 0 8479 0 8480 0 8481 0 8482 0 8480 0 8482 0 8483 0 8483 0 8484 0 8485 0 8486 0 8487 0 7640 0 7637 0 7746 0 7747 0 7886 0 7888 0 7887 0 8488 0 7739 0 7741 0 7890 0 7889 0 7739 0 8489 0 7892 0 7891 0 7737 0 7892 0 8489 0 8490 0 7738 0 7737 0 7734 0 7733 0 8491 0 7895 0 7734 0 8492 0 8468 0 7895 0 8492 0 8493 0 7896 0 8468 0 8493 0 7732 0 7896 0 7712 0 7714 0 7716 0 7715 0 7711 0 7897 0 7898 0 7704 0 8494 0 7899 0 7699 0 7900 0 7900 0 8495 0 7694 0 7695 0 7694 0 8495 0 7689 0 7688 0 7692 0 7689 0 8496 0 7687 0 8497 0 7685 0 8496 0 8496 0 7685 0 7687 0 7676 0 7901 0 8498 0 7676 0 8498 0 7677 0 7678 0 7677 0 8498 0 7903 0 7902 0 8499 0 8499 0 7904 0 7903 0 7905 0 7904 0 7906 0 7675 0 7674 0 8500 0 7675 0 8500 0 7907 0 7638 0 7640 0 8501 0 8501 0 7640 0 8487 0 8501 0 8487 0 8502 0 8502 0 8487 0 8503 0 8503 0 8487 0 8504 0 8503 0 8504 0 8505 0 8505 0 8504 0 8506 0 8505 0 8506 0 8507 0 8507 0 8506 0 8508 0 8507 0 8508 0 8509 0 8509 0 8508 0 8510 0 8511 0 8510 0 8512 0 8511 0 8512 0 8513 0 8513 0 8512 0 8514 0 8513 0 8514 0 8515 0 8515 0 8514 0 8516 0 8515 0 8516 0 8517 0 8517 0 8516 0 8518 0 8519 0 8517 0 8520 0 8519 0 8520 0 8521 0 8521 0 8520 0 8485 0 8521 0 8485 0 8484 0 8522 0 8484 0 8483 0 8522 0 8483 0 8523 0 8523 0 8483 0 8524 0 8524 0 8483 0 8482 0 8524 0 8482 0 8525 0 8525 0 8482 0 8526 0 8526 0 8482 0 8481 0 8526 0 8481 0 8527 0 8527 0 8481 0 8528 0 8529 0 8530 0 8531 0 8529 0 8531 0 8532 0 8532 0 8531 0 8533 0 8532 0 8533 0 8534 0 8534 0 8533 0 8535 0 8534 0 8535 0 8536 0 8534 0 8536 0 8537 0 8537 0 8536 0 8538 0 8537 0 8538 0 8539 0 8540 0 8541 0 8542 0 8540 0 8542 0 8543 0 8543 0 8542 0 8544 0 8544 0 8542 0 8545 0 8544 0 8545 0 8546 0 8547 0 8546 0 8548 0 8547 0 8548 0 8549 0 8549 0 8548 0 8550 0 8549 0 8550 0 8551 0 8551 0 8550 0 8552 0 8551 0 8552 0 8553 0 8553 0 8552 0 8478 0 8553 0 8478 0 8554 0 8554 0 8478 0 8477 0 8555 0 8477 0 8556 0 8555 0 8556 0 8557 0 8557 0 8556 0 8558 0 8558 0 8556 0 8559 0 8558 0 8559 0 8560 0 8560 0 8559 0 8561 0 8560 0 8561 0 8562 0 8560 0 8562 0 8476 0 8563 0 8475 0 8564 0 8563 0 8564 0 8565 0 8566 0 8567 0 8568 0 8566 0 8568 0 8569 0 8566 0 8569 0 8570 0 8570 0 8569 0 8571 0 8571 0 8569 0 8572 0 8571 0 8572 0 8573 0 8573 0 8572 0 8574 0 8573 0 8574 0 8575 0 8576 0 8575 0 8577 0 8576 0 8577 0 8578 0 8578 0 8577 0 8579 0 8579 0 8577 0 8580 0 8579 0 8580 0 8581 0 8582 0 8581 0 8583 0 8582 0 8583 0 8584 0 8584 0 8583 0 8585 0 8586 0 8585 0 8587 0 8586 0 8587 0 8588 0 8589 0 8590 0 8591 0 8589 0 8591 0 8592 0 8589 0 8592 0 8593 0 8594 0 8593 0 8595 0 8594 0 8595 0 8596 0 8597 0 8598 0 8599 0 8599 0 8598 0 8600 0 8599 0 8600 0 8601 0 8601 0 8600 0 8602 0 8601 0 8602 0 8603 0 8604 0 8603 0 8605 0 8604 0 8605 0 8606 0 8606 0 8605 0 8607 0 8606 0 8607 0 7643 0 7643 0 8607 0 7644 0 7639 0 7638 0 8502 0 8502 0 7638 0 8501 0 8608 0 8507 0 8509 0 8608 0 8509 0 8609 0 8609 0 8509 0 8510 0 8609 0 8510 0 8610 0 8610 0 8510 0 8511 0 8610 0 8511 0 8611 0 8611 0 8511 0 8513 0 8611 0 8513 0 8515 0 8612 0 8515 0 8517 0 8612 0 8517 0 8613 0 8613 0 8517 0 8519 0 8613 0 8519 0 8614 0 8614 0 8519 0 8521 0 8615 0 8521 0 8484 0 8615 0 8484 0 8616 0 8616 0 8484 0 8522 0 8616 0 8522 0 8617 0 8617 0 8522 0 8523 0 8617 0 8523 0 8524 0 8618 0 8524 0 8619 0 8619 0 8524 0 8525 0 8619 0 8525 0 8620 0 8620 0 8525 0 8526 0 8620 0 8526 0 8527 0 8620 0 8527 0 8621 0 8621 0 8527 0 8528 0 8621 0 8528 0 8529 0 8529 0 8528 0 8530 0 8622 0 8529 0 8532 0 8622 0 8532 0 8534 0 8623 0 8534 0 8537 0 8624 0 8537 0 8539 0 8624 0 8539 0 8625 0 8625 0 8539 0 8626 0 8625 0 8626 0 8627 0 8627 0 8626 0 8541 0 8627 0 8541 0 8540 0 8628 0 8540 0 8543 0 8628 0 8543 0 8629 0 8629 0 8543 0 8544 0 8629 0 8544 0 8630 0 8630 0 8544 0 8546 0 8630 0 8546 0 8547 0 8630 0 8547 0 8631 0 8631 0 8547 0 8549 0 8631 0 8549 0 8632 0 8632 0 8549 0 8551 0 8632 0 8551 0 8633 0 8633 0 8551 0 8553 0 8633 0 8553 0 8554 0 8634 0 8554 0 8477 0 8634 0 8477 0 8555 0 8635 0 8555 0 8557 0 8636 0 8557 0 8558 0 8636 0 8558 0 8560 0 8637 0 8560 0 8476 0 8637 0 8476 0 8638 0 8638 0 8476 0 8475 0 8638 0 8475 0 8563 0 8639 0 8563 0 8565 0 8639 0 8565 0 8567 0 8639 0 8567 0 8640 0 8640 0 8567 0 8566 0 8640 0 8566 0 8641 0 8641 0 8566 0 8642 0 8642 0 8566 0 8570 0 8642 0 8570 0 8571 0 8642 0 8571 0 8573 0 8643 0 8573 0 8575 0 8643 0 8575 0 8576 0 8644 0 8576 0 8578 0 8644 0 8578 0 8579 0 8645 0 8579 0 8581 0 8645 0 8581 0 8584 0 8584 0 8581 0 8582 0 8646 0 8584 0 8585 0 8646 0 8585 0 8586 0 8647 0 8586 0 8588 0 8647 0 8588 0 8473 0 8647 0 8473 0 8648 0 8649 0 8648 0 8473 0 8649 0 8473 0 8471 0 8649 0 8471 0 8650 0 8650 0 8471 0 8470 0 8650 0 8470 0 8590 0 8650 0 8590 0 8651 0 8651 0 8590 0 8589 0 8652 0 8589 0 8653 0 8653 0 8589 0 8593 0 8653 0 8593 0 8594 0 8654 0 8594 0 8596 0 8654 0 8596 0 8655 0 8655 0 8596 0 8656 0 8655 0 8656 0 8657 0 8657 0 8656 0 8597 0 8657 0 8597 0 8599 0 8604 0 8601 0 8603 0 8658 0 7639 0 8502 0 8658 0 8502 0 8659 0 8659 0 8502 0 8503 0 8659 0 8503 0 8660 0 8660 0 8503 0 8505 0 8660 0 8505 0 8661 0 8661 0 8505 0 8507 0 8661 0 8507 0 8608 0 8610 0 8608 0 8609 0 8611 0 8515 0 8612 0 8662 0 8613 0 8614 0 8662 0 8614 0 8615 0 8615 0 8614 0 8521 0 8663 0 8617 0 8524 0 8663 0 8524 0 8618 0 8664 0 8620 0 8621 0 8665 0 8621 0 8529 0 8665 0 8529 0 8622 0 8666 0 8622 0 8534 0 8666 0 8534 0 8667 0 8667 0 8534 0 8623 0 8667 0 8623 0 8668 0 8668 0 8623 0 8537 0 8668 0 8537 0 8624 0 8669 0 8624 0 8625 0 8628 0 8627 0 8540 0 8670 0 8629 0 8630 0 8670 0 8630 0 8671 0 8671 0 8630 0 8631 0 8633 0 8631 0 8632 0 8672 0 8633 0 8554 0 8672 0 8554 0 8634 0 8672 0 8634 0 8673 0 8673 0 8634 0 8555 0 8673 0 8555 0 8635 0 8674 0 8635 0 8557 0 8674 0 8557 0 8675 0 8675 0 8557 0 8636 0 8675 0 8636 0 8676 0 8676 0 8636 0 8677 0 8677 0 8636 0 8560 0 8677 0 8560 0 8637 0 8677 0 8637 0 8638 0 8678 0 8638 0 8679 0 8679 0 8638 0 8563 0 8679 0 8563 0 8639 0 8680 0 8639 0 8640 0 8681 0 8642 0 8682 0 8682 0 8642 0 8573 0 8682 0 8573 0 8643 0 8683 0 8643 0 8576 0 8683 0 8576 0 8644 0 8684 0 8644 0 8685 0 8685 0 8644 0 8579 0 8685 0 8579 0 8645 0 8685 0 8645 0 8686 0 8686 0 8645 0 8584 0 8686 0 8584 0 8687 0 8687 0 8584 0 8688 0 8688 0 8584 0 8646 0 8688 0 8646 0 8689 0 8689 0 8646 0 8586 0 8689 0 8586 0 8647 0 8689 0 8647 0 8690 0 8690 0 8647 0 8648 0 8691 0 8648 0 8649 0 8692 0 8649 0 8650 0 8692 0 8650 0 8693 0 8693 0 8650 0 8694 0 8694 0 8650 0 8651 0 8694 0 8651 0 8652 0 8652 0 8651 0 8589 0 8695 0 8653 0 8594 0 8695 0 8594 0 8654 0 8696 0 8654 0 8655 0 8696 0 8655 0 8657 0 8697 0 8657 0 8698 0 8698 0 8657 0 8599 0 8698 0 8599 0 8601 0 8698 0 8601 0 8699 0 8699 0 8601 0 8604 0 8699 0 8604 0 8700 0 8700 0 8604 0 8701 0 8701 0 8604 0 8606 0 8701 0 8606 0 7642 0 7642 0 8606 0 7643 0 7642 0 7643 0 6705 0 7637 0 7636 0 8658 0 8658 0 7636 0 7639 0 7743 0 8659 0 7744 0 7744 0 8659 0 8660 0 7744 0 8660 0 8661 0 7886 0 8661 0 8608 0 7886 0 8608 0 8702 0 8702 0 8608 0 8610 0 8702 0 8610 0 8703 0 8703 0 8610 0 8488 0 8488 0 8610 0 8611 0 8488 0 8611 0 8704 0 8704 0 8611 0 8612 0 8704 0 8612 0 8613 0 8704 0 8613 0 8662 0 8705 0 8662 0 8615 0 8705 0 8615 0 8706 0 8706 0 8615 0 8489 0 8489 0 8615 0 8616 0 8489 0 8616 0 8707 0 8707 0 8616 0 8617 0 8707 0 8617 0 8663 0 8708 0 8663 0 8618 0 8708 0 8618 0 8709 0 8709 0 8618 0 8619 0 8709 0 8619 0 8620 0 8709 0 8620 0 8664 0 8710 0 8664 0 8621 0 8710 0 8621 0 8491 0 8491 0 8621 0 8665 0 8491 0 8665 0 8711 0 8711 0 8665 0 8622 0 8711 0 8622 0 8492 0 8492 0 8622 0 8666 0 8492 0 8666 0 8493 0 8493 0 8666 0 8667 0 8493 0 8667 0 8668 0 8712 0 8668 0 8624 0 8712 0 8624 0 8713 0 8713 0 8624 0 8669 0 8713 0 8669 0 8625 0 8713 0 8625 0 8714 0 8714 0 8625 0 8627 0 8714 0 8627 0 8715 0 8715 0 8627 0 8628 0 8715 0 8628 0 8670 0 8670 0 8628 0 8629 0 7721 0 8670 0 8671 0 7721 0 8671 0 7719 0 7719 0 8671 0 8631 0 7719 0 8631 0 8716 0 8716 0 8631 0 8633 0 8716 0 8633 0 8672 0 7712 0 8672 0 8673 0 7712 0 8673 0 8674 0 8674 0 8673 0 8635 0 7706 0 8676 0 8677 0 7706 0 8677 0 7707 0 7707 0 8677 0 8678 0 8678 0 8677 0 8638 0 8717 0 8679 0 8639 0 8717 0 8639 0 8494 0 8494 0 8639 0 8680 0 8494 0 8680 0 8640 0 8494 0 8640 0 8718 0 8718 0 8640 0 8641 0 8718 0 8641 0 8719 0 8719 0 8641 0 8642 0 8719 0 8642 0 8681 0 8719 0 8681 0 8720 0 8720 0 8681 0 8682 0 8720 0 8682 0 8643 0 8720 0 8643 0 8683 0 8721 0 8683 0 8644 0 8721 0 8644 0 8684 0 8722 0 8685 0 8686 0 8722 0 8686 0 8687 0 8496 0 8689 0 8497 0 8497 0 8689 0 8690 0 8497 0 8690 0 8648 0 8497 0 8648 0 8723 0 8723 0 8648 0 8691 0 8723 0 8691 0 8649 0 8723 0 8649 0 8692 0 7681 0 8692 0 8693 0 7681 0 8693 0 7901 0 7901 0 8693 0 8694 0 7901 0 8694 0 8498 0 8498 0 8694 0 8652 0 8498 0 8652 0 8724 0 8724 0 8652 0 8695 0 8695 0 8652 0 8653 0 8499 0 8695 0 8654 0 8499 0 8654 0 8696 0 8697 0 8696 0 8657 0 8725 0 8697 0 8698 0 8725 0 8698 0 8699 0 8500 0 8699 0 8700 0 8500 0 8700 0 8469 0 8469 0 8700 0 8701 0 8469 0 8701 0 7642 0 7637 0 8658 0 7746 0 7746 0 8658 0 8659 0 7746 0 8659 0 7743 0 7886 0 7744 0 8661 0 7888 0 7886 0 8702 0 7888 0 8702 0 8703 0 7888 0 8703 0 7741 0 7741 0 8703 0 8488 0 7739 0 8488 0 8704 0 7739 0 8704 0 7890 0 7890 0 8704 0 8662 0 7890 0 8662 0 8705 0 7890 0 8705 0 7891 0 7891 0 8705 0 8489 0 8489 0 8705 0 8706 0 7737 0 8489 0 8707 0 7737 0 8707 0 8490 0 8490 0 8707 0 8663 0 8490 0 8663 0 7738 0 7738 0 8663 0 8708 0 7738 0 8708 0 7893 0 7893 0 8708 0 8709 0 7893 0 8709 0 7894 0 7894 0 8709 0 8664 0 7894 0 8664 0 7733 0 7733 0 8664 0 8710 0 7733 0 8710 0 8491 0 7734 0 8491 0 8711 0 7734 0 8711 0 8492 0 8468 0 8492 0 8493 0 7732 0 8493 0 8668 0 7732 0 8668 0 7729 0 7729 0 8668 0 8712 0 7729 0 8712 0 7730 0 7730 0 8712 0 8713 0 7730 0 8713 0 7725 0 7725 0 8713 0 8714 0 7725 0 8714 0 7726 0 7726 0 8714 0 8715 0 7726 0 8715 0 7724 0 7724 0 8715 0 8670 0 7724 0 8670 0 7722 0 7722 0 8670 0 7721 0 7718 0 7719 0 8716 0 7718 0 8716 0 7716 0 7716 0 8716 0 8672 0 7716 0 8672 0 7712 0 7715 0 7712 0 8674 0 7715 0 8674 0 7711 0 7711 0 8674 0 8675 0 7711 0 8675 0 7710 0 7710 0 8675 0 8676 0 7710 0 8676 0 7706 0 7708 0 7707 0 8678 0 7708 0 8678 0 7702 0 7702 0 8678 0 7703 0 7703 0 8678 0 8679 0 7703 0 8679 0 7704 0 7704 0 8679 0 8717 0 7704 0 8717 0 8494 0 7898 0 8494 0 7700 0 7700 0 8494 0 8718 0 7700 0 8718 0 7697 0 7697 0 8718 0 8719 0 7697 0 8719 0 7699 0 7699 0 8719 0 8720 0 7699 0 8720 0 7900 0 7900 0 8720 0 8683 0 7900 0 8683 0 8721 0 7900 0 8721 0 8495 0 8495 0 8721 0 8684 0 8495 0 8684 0 7695 0 7695 0 8684 0 8685 0 7695 0 8685 0 8722 0 7695 0 8722 0 7691 0 7691 0 8722 0 7692 0 7692 0 8722 0 8687 0 7692 0 8687 0 8688 0 7692 0 8688 0 7689 0 7689 0 8688 0 8689 0 7689 0 8689 0 8496 0 7685 0 8497 0 7682 0 7682 0 8497 0 8723 0 7682 0 8723 0 7680 0 7680 0 8723 0 7681 0 7681 0 8723 0 8692 0 7678 0 8498 0 8724 0 7678 0 8724 0 8695 0 7678 0 8695 0 7902 0 7902 0 8695 0 8499 0 7904 0 8499 0 8696 0 7904 0 8696 0 8697 0 7904 0 8697 0 7906 0 7906 0 8697 0 8725 0 7906 0 8725 0 7674 0 7674 0 8725 0 8699 0 7674 0 8699 0 8500 0 7907 0 8500 0 8469 0 7907 0 8469 0 7641 0 8287 0 8437 0 8726 0 8267 0 8268 0 8276 0 8267 0 8265 0 8266 0 8165 0 8167 0 8265 0 8727 0 8166 0 8165 0 8168 0 8728 0 8164 0 8164 0 8728 0 8162 0 8163 0 8162 0 8255 0 8255 0 8729 0 8730 0 8255 0 8730 0 8264 0 8730 0 8263 0 8264 0 8731 0 8161 0 8254 0 8161 0 8731 0 8159 0 8160 0 8159 0 8262 0 8262 0 8732 0 8156 0 8733 0 8158 0 8157 0 8733 0 8250 0 8158 0 8250 0 8734 0 8249 0 8249 0 8735 0 8235 0 8736 0 8248 0 8235 0 8153 0 8155 0 8261 0 8154 0 8153 0 8246 0 8246 0 8260 0 8245 0 8228 0 8737 0 8242 0 8242 0 8737 0 8738 0 8258 0 8241 0 8739 0 8258 0 8739 0 8740 0 8258 0 8740 0 8257 0 8740 0 8151 0 8257 0 8150 0 8152 0 8741 0 8150 0 8741 0 8256 0 8256 0 8741 0 8742 0 8256 0 8742 0 8149 0 8149 0 8742 0 8743 0 8149 0 8743 0 8146 0 8147 0 8146 0 8144 0 8143 0 8145 0 8744 0 8744 0 8145 0 8144 0 8143 0 8745 0 8142 0 8746 0 8107 0 8126 0 8746 0 8126 0 8747 0 8748 0 8109 0 8108 0 8748 0 8108 0 8107 0 8748 0 8110 0 8109 0 7919 0 7918 0 8110 0 8057 0 8749 0 7959 0 7959 0 8749 0 7960 0 8092 0 8750 0 7956 0 8291 0 7644 0 8607 0 8290 0 8751 0 8437 0 8752 0 8436 0 8285 0 8753 0 8435 0 8436 0 8274 0 7630 0 8434 0 7640 0 7953 0 8486 0 8486 0 7953 0 7955 0 8486 0 7955 0 8487 0 8487 0 7955 0 8754 0 8487 0 8754 0 8504 0 8504 0 8754 0 8755 0 8504 0 8755 0 8506 0 8506 0 8755 0 8508 0 8508 0 8755 0 8756 0 8508 0 8756 0 8757 0 8508 0 8757 0 8510 0 8510 0 8757 0 8758 0 8510 0 8758 0 8512 0 8512 0 8758 0 8759 0 8512 0 8759 0 8514 0 8514 0 8759 0 8760 0 8514 0 8760 0 8516 0 8516 0 8760 0 8761 0 8516 0 8761 0 8518 0 8518 0 8761 0 8517 0 8517 0 8761 0 8762 0 8517 0 8762 0 8520 0 8520 0 8762 0 8763 0 8520 0 8763 0 8764 0 8520 0 8764 0 8485 0 8485 0 8764 0 8765 0 8485 0 8765 0 8766 0 8483 0 8767 0 8480 0 8480 0 8767 0 8768 0 8480 0 8768 0 8481 0 8481 0 8768 0 8769 0 8481 0 8769 0 8528 0 8528 0 8769 0 8770 0 8528 0 8770 0 8530 0 8530 0 8770 0 8771 0 8530 0 8771 0 8531 0 8531 0 8771 0 8533 0 8533 0 8771 0 8772 0 8533 0 8772 0 8535 0 8535 0 8772 0 8773 0 8535 0 8773 0 8536 0 8536 0 8773 0 8774 0 8536 0 8774 0 8538 0 8538 0 8774 0 8775 0 8538 0 8775 0 8776 0 8538 0 8776 0 8539 0 8539 0 8776 0 8777 0 8539 0 8777 0 8626 0 8626 0 8777 0 8778 0 8626 0 8778 0 8541 0 8541 0 8778 0 8779 0 8541 0 8779 0 8542 0 8542 0 8779 0 8780 0 8542 0 8780 0 8781 0 8542 0 8781 0 8545 0 8545 0 8781 0 8782 0 8545 0 8782 0 8546 0 8546 0 8782 0 8548 0 8548 0 8782 0 8783 0 8548 0 8783 0 8550 0 8550 0 8783 0 8784 0 8550 0 8784 0 8552 0 8552 0 8784 0 8785 0 8552 0 8785 0 8478 0 8478 0 8785 0 8479 0 8479 0 8785 0 8786 0 8479 0 8786 0 8477 0 8477 0 8786 0 8787 0 8477 0 8787 0 8556 0 8556 0 8787 0 8788 0 8556 0 8788 0 8789 0 8556 0 8789 0 8559 0 8559 0 8789 0 8790 0 8559 0 8790 0 8561 0 8561 0 8790 0 8562 0 8562 0 8790 0 8791 0 8562 0 8791 0 8476 0 8476 0 8791 0 8792 0 8476 0 8792 0 8474 0 8474 0 8792 0 8793 0 8474 0 8793 0 8475 0 8475 0 8793 0 8794 0 8475 0 8794 0 8564 0 8564 0 8794 0 8565 0 8565 0 8794 0 8795 0 8565 0 8795 0 8567 0 8567 0 8795 0 8796 0 8567 0 8796 0 8568 0 8568 0 8796 0 8797 0 8568 0 8797 0 8569 0 8569 0 8797 0 8798 0 8569 0 8798 0 8572 0 8572 0 8798 0 8574 0 8574 0 8798 0 8799 0 8574 0 8799 0 8575 0 8575 0 8799 0 8800 0 8575 0 8800 0 8577 0 8577 0 8800 0 8801 0 8577 0 8801 0 8580 0 8580 0 8801 0 8802 0 8580 0 8802 0 8803 0 8580 0 8803 0 8581 0 8581 0 8803 0 8804 0 8581 0 8804 0 8583 0 8583 0 8804 0 8805 0 8583 0 8805 0 8806 0 8583 0 8806 0 8585 0 8585 0 8806 0 8587 0 8587 0 8806 0 8807 0 8587 0 8807 0 8588 0 8588 0 8807 0 8808 0 8588 0 8808 0 8473 0 8472 0 8809 0 8810 0 8472 0 8810 0 8470 0 8470 0 8810 0 8811 0 8470 0 8811 0 8590 0 8590 0 8811 0 8812 0 8590 0 8812 0 8591 0 8591 0 8812 0 8813 0 8591 0 8813 0 8814 0 8591 0 8814 0 8592 0 8592 0 8814 0 8815 0 8592 0 8815 0 8593 0 8593 0 8815 0 8816 0 8593 0 8816 0 8595 0 8595 0 8816 0 8817 0 8595 0 8817 0 8596 0 8596 0 8817 0 8818 0 8596 0 8818 0 8656 0 8656 0 8818 0 8819 0 8656 0 8819 0 8597 0 8597 0 8819 0 8820 0 8597 0 8820 0 8598 0 8598 0 8820 0 8600 0 8600 0 8820 0 8821 0 8600 0 8821 0 8602 0 8602 0 8821 0 8603 0 8603 0 8821 0 8822 0 8603 0 8822 0 8605 0 8605 0 8822 0 8823 0 8605 0 8823 0 8607 0 8607 0 8823 0 8288 0 8607 0 8288 0 8291 0 7955 0 7954 0 8754 0 8754 0 7954 0 8824 0 8754 0 8824 0 8755 0 8755 0 8824 0 8825 0 8755 0 8825 0 8756 0 8756 0 8825 0 8826 0 8756 0 8826 0 8757 0 8757 0 8826 0 8827 0 8757 0 8827 0 8758 0 8758 0 8827 0 8828 0 8758 0 8828 0 8759 0 8760 0 8759 0 8829 0 8760 0 8829 0 8761 0 8761 0 8829 0 8830 0 8761 0 8830 0 8831 0 8761 0 8831 0 8762 0 8763 0 8762 0 8832 0 8763 0 8832 0 8764 0 8764 0 8832 0 8833 0 8764 0 8833 0 8765 0 8765 0 8833 0 8834 0 8765 0 8834 0 8766 0 8766 0 8834 0 8835 0 8766 0 8835 0 8483 0 8483 0 8835 0 8836 0 8483 0 8837 0 8767 0 8767 0 8837 0 8838 0 8767 0 8838 0 8768 0 8768 0 8838 0 8769 0 8771 0 8770 0 8839 0 8771 0 8839 0 8840 0 8771 0 8840 0 8772 0 8772 0 8840 0 8841 0 8772 0 8841 0 8773 0 8777 0 8776 0 8842 0 8777 0 8842 0 8778 0 8778 0 8842 0 8843 0 8778 0 8843 0 8779 0 8781 0 8780 0 8844 0 8781 0 8844 0 8782 0 8782 0 8844 0 8845 0 8782 0 8845 0 8783 0 8783 0 8845 0 8846 0 8783 0 8846 0 8784 0 8784 0 8846 0 8847 0 8784 0 8847 0 8785 0 8785 0 8847 0 8848 0 8785 0 8848 0 8786 0 8786 0 8848 0 8849 0 8786 0 8849 0 8787 0 8788 0 8787 0 8850 0 8788 0 8850 0 8789 0 8789 0 8850 0 8851 0 8789 0 8851 0 8790 0 8790 0 8851 0 8852 0 8790 0 8852 0 8853 0 8790 0 8853 0 8791 0 8791 0 8853 0 8792 0 8792 0 8853 0 8854 0 8792 0 8854 0 8793 0 8793 0 8854 0 8855 0 8793 0 8855 0 8794 0 8794 0 8855 0 8856 0 8794 0 8856 0 8857 0 8794 0 8857 0 8795 0 8797 0 8796 0 8858 0 8797 0 8858 0 8859 0 8797 0 8859 0 8798 0 8798 0 8859 0 8860 0 8798 0 8860 0 8861 0 8798 0 8861 0 8799 0 8799 0 8861 0 8862 0 8799 0 8862 0 8800 0 8800 0 8862 0 8863 0 8800 0 8863 0 8864 0 8800 0 8864 0 8801 0 8801 0 8864 0 8865 0 8801 0 8865 0 8802 0 8803 0 8802 0 8866 0 8803 0 8866 0 8804 0 8804 0 8866 0 8867 0 8804 0 8867 0 8805 0 8806 0 8805 0 8868 0 8806 0 8868 0 8869 0 8806 0 8869 0 8807 0 8473 0 8808 0 8870 0 8473 0 8870 0 8871 0 8473 0 8871 0 8809 0 8809 0 8871 0 8872 0 8809 0 8872 0 8810 0 8810 0 8872 0 8873 0 8810 0 8873 0 8811 0 8811 0 8873 0 8874 0 8811 0 8874 0 8812 0 8812 0 8874 0 8875 0 8812 0 8875 0 8813 0 8813 0 8875 0 8876 0 8813 0 8876 0 8814 0 8814 0 8876 0 8877 0 8814 0 8877 0 8815 0 8816 0 8815 0 8878 0 8816 0 8878 0 8817 0 8818 0 8817 0 8879 0 8818 0 8879 0 8819 0 8819 0 8879 0 8880 0 8819 0 8880 0 8820 0 8820 0 8880 0 8881 0 8820 0 8881 0 8882 0 8820 0 8882 0 8821 0 8821 0 8882 0 8883 0 8821 0 8883 0 8884 0 8821 0 8884 0 8822 0 8822 0 8884 0 8751 0 8822 0 8751 0 8823 0 8823 0 8751 0 8289 0 8823 0 8289 0 8288 0 7954 0 7956 0 8824 0 8824 0 7956 0 8750 0 8824 0 8750 0 8825 0 8759 0 8828 0 8885 0 8759 0 8885 0 8829 0 8830 0 8829 0 8886 0 8830 0 8886 0 8831 0 8831 0 8886 0 8887 0 8831 0 8887 0 8762 0 8762 0 8887 0 8888 0 8762 0 8888 0 8832 0 8833 0 8832 0 8889 0 8833 0 8889 0 8834 0 8835 0 8834 0 8890 0 8835 0 8890 0 8836 0 8836 0 8890 0 8891 0 8836 0 8891 0 8483 0 8483 0 8891 0 8892 0 8483 0 8892 0 8837 0 8837 0 8892 0 8893 0 8837 0 8893 0 8894 0 8837 0 8894 0 8838 0 8838 0 8894 0 8895 0 8838 0 8895 0 8769 0 8769 0 8895 0 8896 0 8769 0 8896 0 8770 0 8770 0 8896 0 8897 0 8770 0 8897 0 8839 0 8839 0 8897 0 8898 0 8839 0 8898 0 8840 0 8840 0 8898 0 8841 0 8773 0 8841 0 8899 0 8773 0 8899 0 8774 0 8774 0 8899 0 8775 0 8775 0 8899 0 8900 0 8775 0 8900 0 8776 0 8776 0 8900 0 8901 0 8776 0 8901 0 8842 0 8842 0 8901 0 8902 0 8842 0 8902 0 8843 0 8779 0 8843 0 8903 0 8779 0 8903 0 8780 0 8780 0 8903 0 8904 0 8780 0 8904 0 8844 0 8844 0 8904 0 8905 0 8844 0 8905 0 8845 0 8845 0 8905 0 8906 0 8845 0 8906 0 8907 0 8845 0 8907 0 8846 0 8846 0 8907 0 8908 0 8846 0 8908 0 8847 0 8847 0 8908 0 8909 0 8847 0 8909 0 8910 0 8847 0 8910 0 8848 0 8848 0 8910 0 8911 0 8848 0 8911 0 8849 0 8849 0 8911 0 8912 0 8849 0 8912 0 8913 0 8849 0 8913 0 8787 0 8787 0 8913 0 8914 0 8787 0 8914 0 8850 0 8850 0 8914 0 8915 0 8850 0 8915 0 8851 0 8851 0 8915 0 8916 0 8851 0 8916 0 8852 0 8853 0 8852 0 8917 0 8853 0 8917 0 8918 0 8853 0 8918 0 8854 0 8854 0 8918 0 8919 0 8854 0 8919 0 8855 0 8795 0 8857 0 8920 0 8795 0 8920 0 8796 0 8796 0 8920 0 8858 0 8861 0 8860 0 8921 0 8861 0 8921 0 8862 0 8863 0 8862 0 8922 0 8863 0 8922 0 8864 0 8864 0 8922 0 8923 0 8864 0 8923 0 8865 0 8802 0 8865 0 8924 0 8802 0 8924 0 8866 0 8805 0 8867 0 8925 0 8805 0 8925 0 8868 0 8807 0 8869 0 8926 0 8807 0 8926 0 8808 0 8808 0 8926 0 8870 0 8872 0 8871 0 8927 0 8872 0 8927 0 8873 0 8873 0 8927 0 8928 0 8873 0 8928 0 8874 0 8874 0 8928 0 8929 0 8874 0 8929 0 8875 0 8875 0 8929 0 8876 0 8877 0 8876 0 8930 0 8877 0 8930 0 8815 0 8815 0 8930 0 8878 0 8878 0 8930 0 8931 0 8878 0 8931 0 8817 0 8817 0 8931 0 8932 0 8817 0 8932 0 8879 0 8884 0 8883 0 8933 0 8884 0 8933 0 8751 0 8289 0 8751 0 8290 0 8092 0 8084 0 8750 0 8750 0 8084 0 8825 0 8825 0 8084 0 8934 0 8825 0 8934 0 8826 0 8826 0 8934 0 8935 0 8826 0 8935 0 8827 0 8827 0 8935 0 8936 0 8827 0 8936 0 8828 0 8828 0 8936 0 8937 0 8828 0 8937 0 8885 0 8829 0 8885 0 8938 0 8829 0 8938 0 8886 0 8886 0 8938 0 8939 0 8886 0 8939 0 8887 0 8887 0 8939 0 8888 0 8888 0 8939 0 8940 0 8888 0 8940 0 8832 0 8832 0 8940 0 8941 0 8832 0 8941 0 8889 0 8834 0 8889 0 8890 0 8891 0 8890 0 8942 0 8891 0 8942 0 8892 0 8892 0 8942 0 8893 0 8894 0 8893 0 8943 0 8894 0 8943 0 8895 0 8895 0 8943 0 8944 0 8895 0 8944 0 8945 0 8895 0 8945 0 8896 0 8896 0 8945 0 8946 0 8896 0 8946 0 8897 0 8897 0 8946 0 8947 0 8897 0 8947 0 8898 0 8898 0 8947 0 8948 0 8898 0 8948 0 8949 0 8898 0 8949 0 8841 0 8841 0 8949 0 8950 0 8841 0 8950 0 8899 0 8899 0 8950 0 8951 0 8899 0 8951 0 8952 0 8899 0 8952 0 8900 0 8900 0 8952 0 8901 0 8902 0 8901 0 8953 0 8902 0 8953 0 8843 0 8843 0 8953 0 8954 0 8843 0 8954 0 8903 0 8903 0 8954 0 8955 0 8903 0 8955 0 8904 0 8905 0 8904 0 8956 0 8905 0 8956 0 8906 0 8909 0 8908 0 8957 0 8909 0 8957 0 8910 0 8912 0 8911 0 8958 0 8912 0 8958 0 8913 0 8913 0 8958 0 8914 0 8914 0 8958 0 8959 0 8914 0 8959 0 8915 0 8915 0 8959 0 8960 0 8915 0 8960 0 8916 0 8852 0 8916 0 8961 0 8852 0 8961 0 8917 0 8917 0 8961 0 8962 0 8917 0 8962 0 8918 0 8918 0 8962 0 8919 0 8919 0 8962 0 8963 0 8919 0 8963 0 8855 0 8855 0 8963 0 8964 0 8855 0 8964 0 8856 0 8856 0 8964 0 8965 0 8856 0 8965 0 8857 0 8857 0 8965 0 8966 0 8857 0 8966 0 8920 0 8920 0 8966 0 8967 0 8920 0 8967 0 8968 0 8920 0 8968 0 8858 0 8858 0 8968 0 8969 0 8858 0 8969 0 8859 0 8859 0 8969 0 8970 0 8859 0 8970 0 8860 0 8860 0 8970 0 8971 0 8860 0 8971 0 8921 0 8921 0 8971 0 8972 0 8921 0 8972 0 8862 0 8862 0 8972 0 8973 0 8862 0 8973 0 8922 0 8922 0 8973 0 8974 0 8922 0 8974 0 8923 0 8865 0 8923 0 8975 0 8865 0 8975 0 8924 0 8866 0 8924 0 8976 0 8866 0 8976 0 8867 0 8867 0 8976 0 8925 0 8925 0 8976 0 8977 0 8925 0 8977 0 8868 0 8868 0 8977 0 8869 0 8869 0 8977 0 8978 0 8869 0 8978 0 8926 0 8926 0 8978 0 8979 0 8926 0 8979 0 8870 0 8870 0 8979 0 8980 0 8870 0 8980 0 8871 0 8871 0 8980 0 8981 0 8871 0 8981 0 8927 0 8927 0 8981 0 8928 0 8928 0 8981 0 8982 0 8928 0 8982 0 8929 0 8929 0 8982 0 8983 0 8929 0 8983 0 8876 0 8876 0 8983 0 8984 0 8876 0 8984 0 8930 0 8930 0 8984 0 8985 0 8930 0 8985 0 8931 0 8932 0 8931 0 8986 0 8932 0 8986 0 8879 0 8879 0 8986 0 8987 0 8879 0 8987 0 8880 0 8880 0 8987 0 8988 0 8880 0 8988 0 8881 0 8881 0 8988 0 8989 0 8881 0 8989 0 8882 0 8882 0 8989 0 8990 0 8882 0 8990 0 8883 0 8883 0 8990 0 8991 0 8883 0 8991 0 8933 0 8933 0 8991 0 8726 0 8933 0 8726 0 8751 0 8751 0 8726 0 8437 0 8084 0 8078 0 8934 0 8934 0 8078 0 8992 0 8934 0 8992 0 8935 0 8935 0 8992 0 8993 0 8935 0 8993 0 8936 0 8936 0 8993 0 8994 0 8936 0 8994 0 8937 0 8937 0 8994 0 8885 0 8885 0 8994 0 8995 0 8885 0 8995 0 8938 0 8938 0 8995 0 8996 0 8938 0 8996 0 8939 0 8939 0 8996 0 8997 0 8939 0 8997 0 8940 0 8941 0 8940 0 8998 0 8941 0 8998 0 8889 0 8889 0 8998 0 8999 0 8889 0 8999 0 9000 0 8889 0 9000 0 8890 0 8890 0 9000 0 9001 0 8890 0 9001 0 8942 0 8942 0 9001 0 9002 0 8942 0 9002 0 8893 0 8893 0 9002 0 9003 0 8893 0 9003 0 8943 0 8943 0 9003 0 8944 0 8946 0 8945 0 9004 0 8946 0 9004 0 8947 0 8950 0 8949 0 9005 0 8950 0 9005 0 8951 0 8951 0 9005 0 8952 0 8952 0 9005 0 9006 0 8952 0 9006 0 9007 0 8952 0 9007 0 8901 0 8901 0 9007 0 9008 0 8901 0 9008 0 8953 0 8955 0 8954 0 9009 0 8955 0 9009 0 8904 0 8904 0 9009 0 9010 0 8904 0 9010 0 8956 0 8956 0 9010 0 9011 0 8956 0 9011 0 8906 0 8906 0 9011 0 9012 0 8906 0 9012 0 8907 0 8907 0 9012 0 9013 0 8907 0 9013 0 8908 0 8908 0 9013 0 9014 0 8908 0 9014 0 8957 0 8957 0 9014 0 8910 0 8910 0 9014 0 9015 0 8910 0 9015 0 8911 0 8911 0 9015 0 9016 0 8911 0 9016 0 8958 0 8958 0 9016 0 9017 0 8958 0 9017 0 8959 0 8960 0 8959 0 9018 0 8960 0 9018 0 8916 0 8916 0 9018 0 8961 0 8962 0 8961 0 9019 0 8962 0 9019 0 9020 0 8962 0 9020 0 8963 0 8964 0 8963 0 9021 0 8964 0 9021 0 8965 0 8965 0 9021 0 8966 0 8966 0 9021 0 9022 0 8966 0 9022 0 8967 0 8968 0 8967 0 9023 0 8968 0 9023 0 8969 0 8970 0 8969 0 9024 0 8970 0 9024 0 8971 0 8971 0 9024 0 9025 0 8971 0 9025 0 8972 0 8923 0 8974 0 9026 0 8923 0 9026 0 8975 0 8975 0 9026 0 8924 0 8924 0 9026 0 9027 0 8924 0 9027 0 8976 0 8976 0 9027 0 9028 0 8976 0 9028 0 9029 0 8976 0 9029 0 8977 0 8977 0 9029 0 9030 0 8977 0 9030 0 9031 0 8977 0 9031 0 8978 0 8978 0 9031 0 9032 0 8978 0 9032 0 8979 0 8980 0 8979 0 9033 0 8980 0 9033 0 8981 0 8981 0 9033 0 9034 0 8981 0 9034 0 8982 0 8982 0 9034 0 9035 0 8982 0 9035 0 9036 0 8982 0 9036 0 8983 0 8983 0 9036 0 9037 0 8983 0 9037 0 8984 0 8984 0 9037 0 9038 0 8984 0 9038 0 9039 0 8984 0 9039 0 8985 0 8985 0 9039 0 9040 0 8985 0 9040 0 8931 0 8931 0 9040 0 9041 0 8931 0 9041 0 8986 0 8986 0 9041 0 8987 0 8989 0 8988 0 9042 0 8989 0 9042 0 8990 0 8990 0 9042 0 9043 0 8990 0 9043 0 8991 0 8991 0 9043 0 8726 0 8726 0 9043 0 8287 0 8078 0 8076 0 8992 0 8992 0 8076 0 8993 0 8993 0 8076 0 9044 0 8993 0 9044 0 8994 0 8994 0 9044 0 9045 0 8994 0 9045 0 9046 0 8994 0 9046 0 8995 0 8995 0 9046 0 9047 0 8995 0 9047 0 8996 0 8996 0 9047 0 9048 0 8996 0 9048 0 8997 0 8997 0 9048 0 9049 0 8997 0 9049 0 8940 0 8940 0 9049 0 9050 0 8940 0 9050 0 8998 0 8998 0 9050 0 9051 0 8998 0 9051 0 8999 0 8999 0 9051 0 9052 0 8999 0 9052 0 9000 0 9000 0 9052 0 9001 0 9001 0 9052 0 9053 0 9001 0 9053 0 9002 0 9002 0 9053 0 9054 0 9002 0 9054 0 9003 0 9003 0 9054 0 9055 0 9003 0 9055 0 8944 0 8944 0 9055 0 9056 0 8944 0 9056 0 8945 0 8945 0 9056 0 9004 0 9004 0 9056 0 9057 0 9004 0 9057 0 8947 0 8947 0 9057 0 8948 0 8948 0 9057 0 9058 0 8948 0 9058 0 8949 0 8949 0 9058 0 9059 0 8949 0 9059 0 9005 0 9005 0 9059 0 9060 0 9005 0 9060 0 9061 0 9005 0 9061 0 9006 0 9006 0 9061 0 9062 0 9006 0 9062 0 9007 0 8953 0 9008 0 9063 0 8953 0 9063 0 8954 0 8954 0 9063 0 9064 0 8954 0 9064 0 9009 0 9009 0 9064 0 9065 0 9009 0 9065 0 9010 0 9010 0 9065 0 9066 0 9010 0 9066 0 9011 0 9011 0 9066 0 9067 0 9011 0 9067 0 9012 0 9012 0 9067 0 9013 0 9013 0 9067 0 9068 0 9013 0 9068 0 9014 0 9014 0 9068 0 9069 0 9014 0 9069 0 9015 0 9015 0 9069 0 9016 0 9017 0 9016 0 9070 0 9017 0 9070 0 8959 0 8959 0 9070 0 9071 0 8959 0 9071 0 9018 0 9018 0 9071 0 9072 0 9018 0 9072 0 8961 0 8961 0 9072 0 9019 0 8963 0 9020 0 9073 0 8963 0 9073 0 9021 0 9021 0 9073 0 9074 0 9021 0 9074 0 9022 0 9022 0 9074 0 9075 0 9022 0 9075 0 8967 0 8967 0 9075 0 9076 0 8967 0 9076 0 9023 0 9023 0 9076 0 9077 0 9023 0 9077 0 8969 0 8969 0 9077 0 9078 0 8969 0 9078 0 9024 0 8972 0 9025 0 9079 0 8972 0 9079 0 8973 0 8973 0 9079 0 9080 0 8973 0 9080 0 8974 0 8974 0 9080 0 9026 0 9026 0 9080 0 9081 0 9026 0 9081 0 9082 0 9026 0 9082 0 9027 0 9027 0 9082 0 9028 0 9028 0 9082 0 9083 0 9028 0 9083 0 9029 0 9029 0 9083 0 9084 0 9029 0 9084 0 9030 0 9031 0 9030 0 9085 0 9031 0 9085 0 9086 0 9031 0 9086 0 9032 0 9032 0 9086 0 9087 0 9032 0 9087 0 8979 0 8979 0 9087 0 9088 0 8979 0 9088 0 9033 0 9034 0 9033 0 9089 0 9034 0 9089 0 9035 0 9037 0 9036 0 9090 0 9037 0 9090 0 9038 0 9038 0 9090 0 9091 0 9038 0 9091 0 9039 0 9039 0 9091 0 9092 0 9039 0 9092 0 9040 0 9040 0 9092 0 9093 0 9040 0 9093 0 9041 0 9041 0 9093 0 9094 0 9041 0 9094 0 8987 0 8987 0 9094 0 9095 0 8987 0 9095 0 8988 0 8988 0 9095 0 9042 0 9043 0 9042 0 9096 0 9043 0 9096 0 8284 0 9043 0 8284 0 8287 0 8287 0 8284 0 8283 0 8076 0 8067 0 9044 0 9044 0 8067 0 9045 0 9045 0 8067 0 8066 0 9045 0 8066 0 9046 0 9046 0 8066 0 8749 0 9046 0 8749 0 9047 0 9048 0 9047 0 9097 0 9048 0 9097 0 9049 0 9049 0 9097 0 9098 0 9049 0 9098 0 9050 0 9051 0 9050 0 9099 0 9051 0 9099 0 9052 0 9052 0 9099 0 9100 0 9052 0 9100 0 9101 0 9052 0 9101 0 9053 0 9053 0 9101 0 9102 0 9053 0 9102 0 9103 0 9053 0 9103 0 9054 0 9055 0 9054 0 9104 0 9055 0 9104 0 9105 0 9055 0 9105 0 9056 0 9056 0 9105 0 9106 0 9056 0 9106 0 9057 0 9057 0 9106 0 9107 0 9057 0 9107 0 9058 0 9058 0 9107 0 9108 0 9058 0 9108 0 9059 0 9059 0 9108 0 9109 0 9059 0 9109 0 9060 0 9060 0 9109 0 9110 0 9060 0 9110 0 9061 0 9061 0 9110 0 9111 0 9061 0 9111 0 9062 0 9062 0 9111 0 9112 0 9062 0 9112 0 9007 0 9007 0 9112 0 9008 0 9008 0 9112 0 9113 0 9008 0 9113 0 9063 0 9063 0 9113 0 9114 0 9063 0 9114 0 9064 0 9065 0 9064 0 9115 0 9065 0 9115 0 9066 0 9067 0 9066 0 9116 0 9067 0 9116 0 9068 0 9068 0 9116 0 9117 0 9068 0 9117 0 9118 0 9068 0 9118 0 9069 0 9069 0 9118 0 9119 0 9069 0 9119 0 9120 0 9069 0 9120 0 9016 0 9016 0 9120 0 9121 0 9016 0 9121 0 9070 0 9070 0 9121 0 9122 0 9070 0 9122 0 9071 0 9071 0 9122 0 9123 0 9071 0 9123 0 9072 0 9072 0 9123 0 9124 0 9072 0 9124 0 9125 0 9072 0 9125 0 9019 0 9019 0 9125 0 9126 0 9019 0 9126 0 9020 0 9020 0 9126 0 9127 0 9020 0 9127 0 9073 0 9073 0 9127 0 9128 0 9073 0 9128 0 9074 0 9074 0 9128 0 9129 0 9074 0 9129 0 9130 0 9074 0 9130 0 9075 0 9075 0 9130 0 9076 0 9077 0 9076 0 9131 0 9077 0 9131 0 9078 0 9078 0 9131 0 9132 0 9078 0 9132 0 9024 0 9024 0 9132 0 9133 0 9024 0 9133 0 9025 0 9025 0 9133 0 9079 0 9079 0 9133 0 9134 0 9079 0 9134 0 9080 0 9080 0 9134 0 9135 0 9080 0 9135 0 9081 0 9081 0 9135 0 9082 0 9082 0 9135 0 9136 0 9082 0 9136 0 9137 0 9082 0 9137 0 9083 0 9030 0 9084 0 9138 0 9030 0 9138 0 9085 0 9085 0 9138 0 9086 0 9088 0 9087 0 9139 0 9088 0 9139 0 9033 0 9033 0 9139 0 9089 0 9089 0 9139 0 9140 0 9089 0 9140 0 9141 0 9089 0 9141 0 9035 0 9035 0 9141 0 9142 0 9035 0 9142 0 9036 0 9036 0 9142 0 9090 0 9090 0 9142 0 9143 0 9090 0 9143 0 9091 0 9091 0 9143 0 9144 0 9091 0 9144 0 9092 0 9093 0 9092 0 9145 0 9093 0 9145 0 9094 0 9094 0 9145 0 9146 0 9094 0 9146 0 9147 0 9094 0 9147 0 9095 0 9095 0 9147 0 9148 0 9095 0 9148 0 9042 0 9042 0 9148 0 9149 0 9042 0 9149 0 9096 0 9096 0 9149 0 8752 0 9096 0 8752 0 8284 0 8284 0 8752 0 8285 0 8066 0 7958 0 7960 0 8066 0 7960 0 8749 0 9047 0 8749 0 9150 0 9047 0 9150 0 9097 0 9097 0 9150 0 9151 0 9097 0 9151 0 9098 0 9050 0 9098 0 9152 0 9050 0 9152 0 9099 0 9099 0 9152 0 9153 0 9099 0 9153 0 9100 0 9100 0 9153 0 9154 0 9100 0 9154 0 9101 0 9101 0 9154 0 9155 0 9101 0 9155 0 9102 0 9103 0 9102 0 9156 0 9103 0 9156 0 9054 0 9054 0 9156 0 9157 0 9054 0 9157 0 9104 0 9104 0 9157 0 9158 0 9104 0 9158 0 9105 0 9105 0 9158 0 9159 0 9105 0 9159 0 9106 0 9106 0 9159 0 9160 0 9106 0 9160 0 9107 0 9107 0 9160 0 9161 0 9107 0 9161 0 9162 0 9107 0 9162 0 9108 0 9111 0 9110 0 9163 0 9111 0 9163 0 9112 0 9112 0 9163 0 9164 0 9112 0 9164 0 9165 0 9112 0 9165 0 9113 0 9064 0 9114 0 9166 0 9064 0 9166 0 9115 0 9066 0 9115 0 9167 0 9066 0 9167 0 9116 0 9116 0 9167 0 9168 0 9116 0 9168 0 9117 0 9118 0 9117 0 9169 0 9118 0 9169 0 9119 0 9119 0 9169 0 9120 0 9120 0 9169 0 9170 0 9120 0 9170 0 9121 0 9121 0 9170 0 9171 0 9121 0 9171 0 9122 0 9122 0 9171 0 9172 0 9122 0 9172 0 9123 0 9123 0 9172 0 9173 0 9123 0 9173 0 9174 0 9123 0 9174 0 9124 0 9124 0 9174 0 9175 0 9124 0 9175 0 9125 0 9125 0 9175 0 9126 0 9127 0 9126 0 9176 0 9127 0 9176 0 9128 0 9128 0 9176 0 9177 0 9128 0 9177 0 9129 0 9130 0 9129 0 9178 0 9130 0 9178 0 9076 0 9076 0 9178 0 9179 0 9076 0 9179 0 9131 0 9131 0 9179 0 9180 0 9131 0 9180 0 9132 0 9133 0 9132 0 9181 0 9133 0 9181 0 9134 0 9134 0 9181 0 9182 0 9134 0 9182 0 9183 0 9134 0 9183 0 9135 0 9135 0 9183 0 9184 0 9135 0 9184 0 9136 0 9083 0 9137 0 9084 0 9084 0 9137 0 9185 0 9084 0 9185 0 9138 0 9138 0 9185 0 9186 0 9138 0 9186 0 9086 0 9086 0 9186 0 9087 0 9087 0 9186 0 9187 0 9087 0 9187 0 9139 0 9139 0 9187 0 9188 0 9139 0 9188 0 9189 0 9139 0 9189 0 9140 0 9140 0 9189 0 9190 0 9140 0 9190 0 9141 0 9141 0 9190 0 9142 0 9142 0 9190 0 9191 0 9142 0 9191 0 9192 0 9142 0 9192 0 9143 0 9143 0 9192 0 9144 0 9144 0 9192 0 9193 0 9144 0 9193 0 9092 0 9092 0 9193 0 9194 0 9092 0 9194 0 9145 0 9145 0 9194 0 9146 0 9146 0 9194 0 9195 0 9146 0 9195 0 9147 0 9147 0 9195 0 9196 0 9147 0 9196 0 9148 0 9149 0 9148 0 8753 0 9149 0 8753 0 8752 0 8752 0 8753 0 8436 0 8749 0 8057 0 8058 0 8749 0 8058 0 9150 0 9150 0 8058 0 9197 0 9150 0 9197 0 9198 0 9150 0 9198 0 9151 0 9151 0 9198 0 9098 0 9098 0 9198 0 9199 0 9098 0 9199 0 9152 0 9152 0 9199 0 9153 0 9153 0 9199 0 8746 0 9153 0 8746 0 9154 0 9154 0 8746 0 8747 0 9154 0 8747 0 9155 0 9155 0 8747 0 9102 0 9102 0 8747 0 9200 0 9102 0 9200 0 9156 0 9157 0 9156 0 9201 0 9157 0 9201 0 9158 0 9158 0 9201 0 9202 0 9158 0 9202 0 9159 0 9159 0 9202 0 9203 0 9159 0 9203 0 9160 0 9160 0 9203 0 9161 0 9161 0 9203 0 9204 0 9161 0 9204 0 9162 0 9162 0 9204 0 9108 0 9108 0 9204 0 8743 0 9108 0 8743 0 9109 0 9109 0 8743 0 8742 0 9109 0 8742 0 9110 0 9110 0 8742 0 9163 0 9163 0 8742 0 8741 0 9163 0 8741 0 9164 0 9164 0 8741 0 9205 0 9164 0 9205 0 9165 0 9165 0 9205 0 9206 0 9165 0 9206 0 9113 0 9113 0 9206 0 9114 0 9114 0 9206 0 8740 0 9114 0 8740 0 9166 0 9115 0 9166 0 9207 0 9115 0 9207 0 9167 0 9167 0 9207 0 9208 0 9167 0 9208 0 9168 0 9117 0 9168 0 9209 0 9117 0 9209 0 9169 0 9169 0 9209 0 9210 0 9169 0 9210 0 9211 0 9169 0 9211 0 9170 0 9171 0 9170 0 9212 0 9171 0 9212 0 9172 0 9172 0 9212 0 9213 0 9172 0 9213 0 9173 0 9173 0 9213 0 9214 0 9173 0 9214 0 9174 0 9174 0 9214 0 9175 0 9175 0 9214 0 9215 0 9175 0 9215 0 9216 0 9175 0 9216 0 9126 0 9126 0 9216 0 9176 0 9129 0 9177 0 9217 0 9129 0 9217 0 9218 0 9129 0 9218 0 9178 0 9178 0 9218 0 9219 0 9178 0 9219 0 9179 0 9179 0 9219 0 9220 0 9179 0 9220 0 9180 0 9180 0 9220 0 9132 0 9132 0 9220 0 9221 0 9132 0 9221 0 9181 0 9181 0 9221 0 9222 0 9181 0 9222 0 9182 0 9182 0 9222 0 9223 0 9182 0 9223 0 9183 0 9183 0 9223 0 9224 0 9183 0 9224 0 9184 0 9136 0 9184 0 9225 0 9136 0 9225 0 9137 0 9137 0 9225 0 9226 0 9137 0 9226 0 9185 0 9185 0 9226 0 9227 0 9185 0 9227 0 9186 0 9186 0 9227 0 9228 0 9186 0 9228 0 8730 0 9186 0 8730 0 9187 0 9187 0 8730 0 8729 0 9187 0 8729 0 9188 0 9189 0 9188 0 9229 0 9189 0 9229 0 9190 0 9190 0 9229 0 8728 0 9190 0 8728 0 9191 0 9191 0 8728 0 9230 0 9191 0 9230 0 9192 0 9192 0 9230 0 9231 0 9192 0 9231 0 9232 0 9192 0 9232 0 9193 0 9194 0 9193 0 9233 0 9194 0 9233 0 9234 0 9194 0 9234 0 9195 0 9195 0 9234 0 9235 0 9195 0 9235 0 9196 0 9196 0 9235 0 9148 0 9148 0 9235 0 8434 0 9148 0 8434 0 8753 0 8753 0 8434 0 8435 0 8058 0 7919 0 9197 0 9197 0 7919 0 9198 0 9198 0 7919 0 8110 0 9198 0 8110 0 8748 0 9198 0 8748 0 9199 0 9199 0 8748 0 8107 0 9199 0 8107 0 8746 0 8747 0 8126 0 9200 0 9200 0 8126 0 8142 0 9200 0 8142 0 9156 0 9156 0 8142 0 9201 0 9201 0 8142 0 8745 0 9201 0 8745 0 8143 0 9201 0 8143 0 9202 0 9202 0 8143 0 8744 0 9202 0 8744 0 9203 0 9203 0 8744 0 8144 0 9203 0 8144 0 9204 0 9204 0 8144 0 8146 0 9204 0 8146 0 8743 0 9205 0 8741 0 8152 0 9205 0 8152 0 9206 0 9206 0 8152 0 8151 0 9206 0 8151 0 8740 0 9166 0 8740 0 8739 0 9166 0 8739 0 9207 0 9207 0 8739 0 8241 0 9207 0 8241 0 8242 0 9207 0 8242 0 9208 0 9208 0 8242 0 9168 0 9168 0 8242 0 8738 0 9168 0 8738 0 9209 0 9209 0 8738 0 8737 0 9209 0 8737 0 9210 0 9210 0 8737 0 8228 0 9210 0 8228 0 9211 0 9211 0 8228 0 8259 0 9211 0 8259 0 9170 0 9170 0 8259 0 9212 0 9212 0 8259 0 8260 0 9212 0 8260 0 9213 0 9213 0 8260 0 8246 0 9213 0 8246 0 9214 0 9214 0 8246 0 8153 0 9214 0 8153 0 9215 0 9215 0 8153 0 9216 0 9216 0 8153 0 8261 0 9216 0 8261 0 8248 0 9216 0 8248 0 9176 0 9176 0 8248 0 9177 0 9177 0 8248 0 8736 0 9177 0 8736 0 9217 0 9217 0 8736 0 8235 0 9217 0 8235 0 9218 0 9218 0 8235 0 9219 0 9219 0 8235 0 8735 0 9219 0 8735 0 9220 0 9220 0 8735 0 8249 0 9220 0 8249 0 8734 0 9220 0 8734 0 9221 0 9221 0 8734 0 8250 0 9221 0 8250 0 9222 0 9222 0 8250 0 8733 0 9222 0 8733 0 9223 0 9223 0 8733 0 8157 0 9223 0 8157 0 9224 0 9224 0 8157 0 8156 0 9224 0 8156 0 8732 0 9224 0 8732 0 9184 0 9184 0 8732 0 8262 0 9184 0 8262 0 9225 0 9225 0 8262 0 8159 0 9225 0 8159 0 8731 0 9225 0 8731 0 9226 0 9226 0 8731 0 9227 0 9227 0 8731 0 8254 0 9227 0 8254 0 8263 0 9227 0 8263 0 9228 0 9228 0 8263 0 8730 0 9188 0 8729 0 8255 0 9188 0 8255 0 9229 0 9229 0 8255 0 8162 0 9229 0 8162 0 8728 0 9230 0 8728 0 8168 0 9230 0 8168 0 9231 0 9231 0 8168 0 8166 0 9231 0 8166 0 9232 0 9232 0 8166 0 8727 0 9232 0 8727 0 9193 0 9193 0 8727 0 8165 0 9193 0 8165 0 9233 0 9233 0 8165 0 8265 0 9233 0 8265 0 9234 0 9234 0 8265 0 8267 0 9234 0 8267 0 9235 0 9235 0 8267 0 8276 0 9235 0 8276 0 8274 0 9235 0 8274 0 8434 0</p>
        </triangles>
      </mesh>
    </geometry>
  </library_geometries>
  <library_images />
  <library_visual_scenes>
    <visual_scene id="Scene">
      <node id="node_1" sid="node_1" type="NODE">
        <matrix>1 0 0 0 0 1 0 0 0 0 1 0 0 0 0 1</matrix>
        <instance_geometry url="#mesh_1" />
      </node>
    </visual_scene>
  </library_visual_scenes>
  <library_animations />
  <scene>
    <instance_visual_scene url="#Scene" />
  </scene>
</COLLADA>