<?xml version="1.0" encoding="utf-8"?>
<COLLADA version="1.5.0" xmlns="http://www.collada.org/2008/03/COLLADASchema">
  <asset>
    <contributor />
    <unit meter="1" />
  </asset>
  <library_lights />
  <library_materials />
  <library_effects />
  <library_cameras />
  <library_geometries>
    <geometry id="mesh_1">
      <mesh>
        <source id="mesh_1-position" name="position">
          <float_array id="mesh_1-position-array" count="4530">0.03506995737552643 0.05236886814236641 0.07767520099878311 0.039148084819316864 0.05338100343942642 0.07779330760240555 0.03968440741300583 0.052652355283498764 0.07777515798807144 0.026894349604845047 0.050429727882146835 0.0727538913488388 0.028589025139808655 0.05088261887431145 0.07466540485620499 0.03419375419616699 0.04716091603040695 0.07495418190956116 0.03204946219921112 0.049654316157102585 0.07536851614713669 0.03549640253186226 0.04839351028203964 0.07616356015205383 0.03668753430247307 0.0495205856859684 0.07726940512657166 0.03318072482943535 0.05189115181565285 0.07737389951944351 0.0374678410589695 0.050332434475421906 0.07742863893508911 0.036762941628694534 0.04959466680884361 0.07731844484806061 0.03819004073739052 0.05108830705285072 0.0775415450334549 0.03865177556872368 0.054054491221904755 0.0778222307562828 0.03224217891693115 0.05344564467668533 0.07765767723321915 0.03876902908086777 0.0538959838449955 0.07780613005161285 0.019253715872764587 0.054445359855890274 0.07657480984926224 0.02159220539033413 0.05453309789299965 0.07674560695886612 0.020441517233848572 0.05419912189245224 0.07646672427654266 0.02200661599636078 0.053891949355602264 0.07646969705820084 0.009822710417211056 0.054327309131622314 0.0755811482667923 0.014563005417585373 0.054386645555496216 0.07608059048652649 0.016246886923909187 0.05409400910139084 0.07570910453796387 0.009688111953437328 0.0539521686732769 0.07366152852773666 0.004980821628123522 0.054076459258794785 0.07410035282373428 0.008531785570085049 0.05411066487431526 0.07453525811433792 0.01228065975010395 0.05406627058982849 0.07506202906370163 0.015032230876386166 0.05380525439977646 0.07484664022922516 0.018610050901770592 0.05270988494157791 0.07265947014093399 0.021510377526283264 0.052772726863622665 0.07437530159950256 0.025066861882805824 0.05193416401743889 0.07431363314390182 0.018312757834792137 0.053806524723768234 0.07561751455068588 0.026261454448103905 0.05294889956712723 0.07647727429866791 0.023930374532938004 0.05462082102894783 0.07691638171672821 0.028797030448913574 0.05226705223321915 0.07651914656162262 0.029191285371780396 0.05317584425210953 0.07725019752979279 0.03114502504467964 0.05258075147867203 0.07727362215518951 0.03140038996934891 0.051460862159729004 0.07672417908906937 0.034059878438711166 0.050559453666210175 0.07702229917049408 0.03673577681183815 0.04956623539328575 0.07731419801712036 0.03784662485122681 0.055142924189567566 0.07793279737234116 0.028598180040717125 0.054795943200588226 0.07725731283426285 0.005007741507142782 0.0542670376598835 0.07507383823394775 9.300908277509734E-05 0.0542055144906044 0.07455601543188095 0.03310859948396683 0.046243440359830856 0.07336438447237015 0.03222927078604698 0.045600831508636475 0.07165094465017319 0.025106387212872505 0.04953540489077568 0.07032489776611328 0.03410783410072327 0.047088272869586945 0.07482830435037613 0.0164448544383049 0.05257707089185715 0.07044274359941483 0.017084695398807526 0.05265304818749428 0.07156562805175781 0.00813074130564928 0.054125815629959106 0.07254121452569962 0.007625020574778318 0.05426846444606781 0.07114070653915405 6.20558494119905E-05 0.054773472249507904 0.0714932382106781 8.40082939248532E-05 0.05454888567328453 0.07313907146453857 0.04094652459025383 0.053515445441007614 0.07777515798807144 0.04094652459025383 0.05640353634953499 0.0782012939453125 0.04500000178813934 0.053515445441007614 0.07777515798807144 0.04500000178813934 0.05640353634953499 0.0782012939453125 0.039771709591150284 0.05300077050924301 0.07777515798807144 0.040002960711717606 0.053273726254701614 0.07777515798807144 0.03689304739236832 0.05640353634953499 0.0782012939453125 0.040523674339056015 0.053481392562389374 0.07777515798807144 0.03727823495864868 0.055900100618600845 0.07806594669818878 0.022482210770249367 0.0551772378385067 0.07779780775308609 0.022854242473840714 0.05484379082918167 0.07747557759284973 0.022592192515730858 0.05497307330369949 0.07764019817113876 0.02034280076622963 0.05469849333167076 0.0772768035531044 0.017390528693795204 0.05487614497542381 0.07759280502796173 0.017417525872588158 0.054741546511650085 0.07746243476867676 0.01749669387936592 0.054649826139211655 0.07732608914375305 0.01782490499317646 0.05455051735043526 0.07704252004623413 3.662493691081181E-05 0.05380871146917343 0.07601506263017654 3.13323107548058E-05 0.05379263311624527 0.0761016458272934 0.008308417163789272 0.05406080186367035 0.07630930095911026 0.007959162816405296 0.054096829146146774 0.0768333151936531 0.012922444380819798 0.05427838861942291 0.07660971581935883 5.292335481499322E-05 0.05385822430253029 0.07574842125177383 -2.955781383207068E-05 0.05408734083175659 0.0772443562746048 0.007863190025091171 0.054361600428819656 0.07729534059762955 -1.9095674360869452E-05 0.053921233862638474 0.07697492092847824 0.007880826480686665 0.054192204028367996 0.07707452028989792 -1.3213547390478197E-05 0.05382784456014633 0.07682344317436218 -5.195119229028933E-06 0.05382150784134865 0.07669351249933243 0.01844652369618416 0.05640353634953499 0.0782012939453125 0.027536416426301003 0.055461689829826355 0.07793627679347992 0 0.05640353634953499 0.0782012939453125 -0.007966095581650734 0.05394219234585762 0.07688725739717484 -0.017477834597229958 0.05442274361848831 0.07750633358955383 -0.01753917708992958 0.054307833313941956 0.07738552242517471 -0.02012002095580101 0.05441999062895775 0.07753950357437134 -0.017652196809649467 0.05422842502593994 0.07725940644741058 -0.017823031172156334 0.054173585027456284 0.07712922990322113 -0.02038160338997841 0.05426615849137306 0.07734211534261703 -0.019208688288927078 0.054047875106334686 0.07669161260128021 -0.024012040346860886 0.054107680916786194 0.0769730806350708 -0.022952621802687645 0.05435672029852867 0.0775202289223671 -0.028101077303290367 0.05452464520931244 0.07777350395917892 -0.027894483879208565 0.05473483353853226 0.07784450799226761 -0.02271207794547081 0.05453014001250267 0.07766688615083694 -0.022612135857343674 0.05479837954044342 0.07779958844184875 -0.020031463354825974 0.05469173565506935 0.07771925628185272 -0.004835671279579401 0.05416526272892952 0.075101338326931 -0.008073375560343266 0.05389440804719925 0.07664626091718674 -0.008243482559919357 0.05388856306672096 0.0763959139585495 -0.012876550666987896 0.0540081225335598 0.07671567797660828 -0.007914839312434196 0.05404866486787796 0.07711406797170639 -0.007912807166576385 0.05423055961728096 0.077321857213974 -0.014456230215728283 0.05408668890595436 0.07616578787565231 -0.00967532116919756 0.05412573367357254 0.07563681155443192 -0.037792664021253586 0.0552830807864666 0.07795212417840958 -0.03768519312143326 0.05541966110467911 0.07796939462423325 -0.027768654748797417 0.05499911308288574 0.07790889590978622 -0.03689304739236832 0.05640353634953499 0.0782012939453125 -0.01844652369618416 0.05640353634953499 0.0782012939453125 -0.028874574229121208 0.0541682243347168 0.07725801318883896 -0.03857489302754402 0.05428900569677353 0.07782642543315887 -0.017462022602558136 0.0545840822160244 0.07762055844068527 -0.04094652459025383 0.054975125938653946 0.07788226753473282 -0.04094652459025383 0.05640353634953499 0.0782012939453125 -0.03965028375387192 0.05291105806827545 0.07777515798807144 -0.03965601325035095 0.05297055467963219 0.07777515798807144 -0.03918726369738579 0.05350558087229729 0.07777941226959229 -0.03973766043782234 0.053176265209913254 0.07777515798807144 -0.03997201845049858 0.053361911326646805 0.07777515798807144 -0.04094652459025383 0.053515445441007614 0.07777515798807144 -0.04500000178813934 0.05640353634953499 0.0782012939453125 -0.04500000178813934 0.053515445441007614 0.07777515798807144 -0.037478186190128326 0.05061161890625954 0.07723820209503174 -0.038191139698028564 0.05136636644601822 0.07741444557905197 -0.03529907017946243 0.05224904045462608 0.07761301100254059 -0.029416697099804878 0.05286581441760063 0.07715146988630295 -0.02641192637383938 0.05270739644765854 0.07646726071834564 -0.03136755898594856 0.052376922219991684 0.07718071341514587 -0.028966030105948448 0.05211606249213219 0.07650426030158997 -0.03336690366268158 0.05181931331753731 0.07729457318782806 -0.031553786247968674 0.05142508074641228 0.07670136541128159 -0.03415761515498161 0.0506526343524456 0.07699991017580032 -0.03257391229271889 0.053054217249155045 0.07755099982023239 -0.02671314962208271 0.0503641813993454 0.07315880060195923 -0.025091353803873062 0.051794569939374924 0.0746079832315445 -0.022616421803832054 0.05144161731004715 0.07312926650047302 -0.021513432264328003 0.05257850140333176 0.07466201484203339 -0.018417462706565857 0.0525459386408329 0.07309900224208832 -0.03419363498687744 0.0473049059510231 0.07499755173921585 -0.035455122590065 0.04852067306637764 0.07631281018257141 -0.030472371727228165 0.048826780170202255 0.07408283650875092 -0.032069865614175797 0.049718499183654785 0.07551969587802887 -0.028618235141038895 0.05083329230546951 0.07491017132997513 -0.012018023990094662 0.05369323864579201 0.07445376366376877 -0.014941603876650333 0.05358394980430603 0.07507675886154175 -0.018283966928720474 0.05352775752544403 0.07577631622552872 -0.03598978742957115 0.04903595894575119 0.07687026262283325 -0.03666134923696518 0.04974689334630966 0.07703627645969391 -0.03677505999803543 0.04986726865172386 0.0770643875002861 -0.022049937397241592 0.05353744328022003 0.07652498781681061 -0.009505231864750385 0.053823601454496384 0.07391244173049927 -0.03407565504312515 0.04720037430524826 0.07482581585645676 -0.016651799902319908 0.0526031032204628 0.0718451514840126 -0.01606128178536892 0.05263430252671242 0.07075048983097076 -0.016782080754637718 0.05259855091571808 0.07194046676158905 -0.020437097176909447 0.05113524943590164 0.07067916542291641 -0.018186386674642563 0.05254948139190674 0.07296781241893768 -0.03309988975524902 0.04633583500981331 0.07340550422668457 -0.03221626579761505 0.045648444443941116 0.0716894343495369 -0.028528764843940735 0.047624457627534866 0.07115917652845383 -0.024706684052944183 0.04967258498072624 0.07060956209897995 -0.04500000178813934 0.04690415784716606 0.07777515798807144 -0.044601451605558395 0.04728329926729202 0.07777515798807144 -0.043703462928533554 0.046331312507390976 0.07768866419792175 -0.042764514684677124 0.0445740781724453 0.07723947614431381 -0.04214685410261154 0.04468110576272011 0.07680633664131165 -0.04247097298502922 0.04426811635494232 0.07701930403709412 -0.0420462042093277 0.04457440599799156 0.076749287545681 -0.040926333516836166 0.04265811666846275 0.07586072385311127 -0.0406675823032856 0.04311288520693779 0.07596785575151443 -0.040164317935705185 0.041863854974508286 0.07476003468036652 -0.039887893944978714 0.04228631779551506 0.07466963678598404 -0.039402298629283905 0.04106959328055382 0.07365933805704117 -0.03852396458387375 0.040840376168489456 0.07239864021539688 -0.03860021010041237 0.040233563631772995 0.07142820209264755 -0.03835586830973625 0.04066217318177223 0.07140768319368362 -0.03773969039320946 0.040008947253227234 0.06777516007423401 -0.03807692229747772 0.03968813270330429 0.06777516007423401 -0.03838128596544266 0.04068911820650101 0.07155750691890717 -0.038447778671979904 0.040074680000543594 0.07100418955087662 -0.007907385937869549 0.05407225340604782 0.07276621460914612 -0.0074068475514650345 0.05427001044154167 0.07131810486316681 0.04094652459025383 0.2964845597743988 0.07777515798807144 0.04500000178813934 0.2964845597743988 0.07777515798807144 0.04094652459025383 0.2950248718261719 0.07788226753473282 0.04500000178813934 0.293596476316452 0.0782012939453125 0.04094652459025383 0.293596476316452 0.0782012939453125 0.03689304739236832 0.293596476316452 0.0782012939453125 0.03965028375387192 0.29708895087242126 0.07777515798807144 0.03965601325035095 0.29702943563461304 0.07777515798807144 0.03918726369738579 0.29649442434310913 0.07777941226959229 0.03973766043782234 0.29682374000549316 0.07777515798807144 0.03857489302754402 0.2957109808921814 0.07782642543315887 0.03997201845049858 0.2966381013393402 0.07777515798807144 0.03779283165931702 0.2947162389755249 0.07794781774282455 0.017477834597229958 0.2955772578716278 0.07750633358955383 0.01753917708992958 0.29569217562675476 0.07738552242517471 0.02012002095580101 0.2955799996852875 0.07753950357437134 0.017652196809649467 0.2957715690135956 0.07725940644741058 0.017823031172156334 0.29582640528678894 0.07712922990322113 0.02038160338997841 0.29573383927345276 0.07734211534261703 0.019208688288927078 0.2959521412849426 0.07669161260128021 0.024012040346860886 0.2958923280239105 0.0769730806350708 0.022952621802687645 0.29564327001571655 0.0775202289223671 0.028101077303290367 0.2954753637313843 0.07777350395917892 0.027894483879208565 0.29526516795158386 0.07784450799226761 0.02271207794547081 0.29546985030174255 0.07766688615083694 0.022612135857343674 0.2952016294002533 0.07779958844184875 0.020031463354825974 0.29530826210975647 0.07771925628185272 -3.178934639436193E-05 0.29620638489723206 0.07609444111585617 -3.487958019832149E-05 0.29618561267852783 0.07601678371429443 0.008073375560343266 0.29610559344291687 0.07664626091718674 0.008243482559919357 0.29611143469810486 0.0763959139585495 0.012876550666987896 0.2959918677806854 0.07671567797660828 2.858708830899559E-05 0.2959626317024231 0.07719346880912781 1.150292155216448E-05 0.2961813509464264 0.0767921581864357 0.007914839312434196 0.29595133662223816 0.07711406797170639 5.41601639270084E-06 0.29618486762046814 0.076694056391716 0.007966095581650734 0.2960578203201294 0.07688725739717484 0.014456230215728283 0.29591330885887146 0.07616578787565231 0.00967532116919756 0.2958742678165436 0.07563681155443192 0.004835671279579401 0.2958347499370575 0.075101338326931 -9.300908277509734E-05 0.2957944869995117 0.07455601543188095 0.027768654748797417 0.2950008809566498 0.07790889590978622 0.01844652369618416 0.293596476316452 0.0782012939453125 3.0231807613745332E-05 0.295754611492157 0.07738269120454788 0.017462022602558136 0.2954159080982208 0.07762055844068527 -8.326203897013329E-06 0.2943541407585144 0.0779937282204628 0 0.293596476316452 0.0782012939453125 2.9003587769693695E-05 0.29590994119644165 0.07724138349294662 0.007912807166576385 0.29576945304870605 0.077321857213974 0.028874574229121208 0.2958317697048187 0.07725801318883896 0.04884174466133118 0.29381808638572693 0.07893598824739456 0.04805680736899376 0.29377281665802 0.07878587394952774 0.04764446243643761 0.29410097002983093 0.0786348208785057 0.046201907098293304 0.2936657965183258 0.0784311443567276 0.04683780297636986 0.29370248317718506 0.07855275273323059 0.051331356167793274 0.2942993640899658 0.08053138852119446 0.04861071705818176 0.295152485370636 0.07854540646076202 0.054999999701976776 0.2964845597743988 0.08777515590190887 0.054236579686403275 0.29537779092788696 0.08410628139972687 0.05432635545730591 0.2964845597743988 0.08432483673095703 0.05417795851826668 0.2953524589538574 0.08402234315872192 0.05426561459898949 0.2964845597743988 0.08401372283697128 0.052071068435907364 0.294442355632782 0.08100540935993195 0.05210430920124054 0.2964845597743988 0.08073749393224716 0.05170902982354164 0.2943723797798157 0.08077341318130493 0.05206596478819847 0.2964845597743988 0.08071167021989822 0.04884859174489975 0.2964845597743988 0.07854540646076202 0.048446811735630035 0.2964845597743988 0.07846499234437943 0.04500000178813934 0.04690415784716606 0.07777515798807144 0.04107974097132683 0.05037315562367439 0.07777515798807144 0.04066324234008789 0.05075153708457947 0.07777515798807144 0.03983423113822937 0.05193552374839783 0.07777515798807144 0.04764446243643761 0.05589904263615608 0.0786348208785057 0.04861071705818176 0.054847508668899536 0.07854540646076202 0.04884174466133118 0.056181907653808594 0.07893598824739456 0.051331356167793274 0.0557006299495697 0.08053138852119446 0.048446811735630035 0.053515445441007614 0.07846499234437943 0.04884859174489975 0.053515445441007614 0.07854540646076202 0.05206596478819847 0.053515445441007614 0.08071167021989822 0.05170902982354164 0.055627621710300446 0.08077341318130493 0.05210430920124054 0.053515445441007614 0.08073749393224716 0.052071068435907364 0.05555763468146324 0.08100540935993195 0.05426561459898949 0.053515445441007614 0.08401372283697128 0.05417795851826668 0.0546475350856781 0.08402234315872192 0.05432635545730591 0.053515445441007614 0.08432483673095703 0.054236579686403275 0.054622214287519455 0.08410628139972687 0.054999999701976776 0.053515445441007614 0.08777515590190887 0.046201907098293304 0.05633419752120972 0.0784311443567276 0.04683780297636986 0.05629751458764076 0.07855275273323059 0.04805680736899376 0.0562271885573864 0.07878587394952774 0.0540119931101799 0.011393779888749123 0.0827186107635498 0.054999999701976776 0 0.08777515590190887 0.053759559988975525 0.010458946228027344 0.08102808892726898 0.054049279540777206 0.012416239827871323 0.08443005383014679 0.05405537039041519 0.01234930194914341 0.08444797992706299 0.04010464623570442 0.041801657527685165 0.07484622299671173 0.04234695062041283 0.044138845056295395 0.07701173424720764 0.04512563720345497 0.03959646448493004 0.07692795991897583 0.04245578870177269 0.04425228759646416 0.07704305648803711 0.05166815593838692 0.02350555919110775 0.07989434897899628 0.051058150827884674 0.0224930327385664 0.07828967273235321 0.04983167722821236 0.02909792587161064 0.07846733927726746 0.04887693375349045 0.027788041159510612 0.076555997133255 0.04763108864426613 0.034491539001464844 0.07743701338768005 0.04625803232192993 0.0328490287065506 0.07529669255018234 0.043275266885757446 0.03757593408226967 0.07466966658830643 0.03860819712281227 0.04024188593029976 0.07161690294742584 0.052383843809366226 0.024509351700544357 0.08137538284063339 0.05328153446316719 0.020856384187936783 0.08217014372348785 0.053498655557632446 0.018469497561454773 0.08280924707651138 0.052781905978918076 0.01698913611471653 0.08038687705993652 0.053474120795726776 0.012865670025348663 0.0794755071401596 0.03807692229747772 0.03968813270330429 0.06777516007423401 0.038585077971220016 0.04021779075264931 0.07144973427057266 0.0420147180557251 0.035246893763542175 0.06861037015914917 0.04224998503923416 0.03608141094446182 0.07161655277013779 0.048459164798259735 0.026645317673683167 0.07436506450176239 0.04840102419257164 0.025722911581397057 0.0722699761390686 0.04605069383978844 0.029602667316794395 0.0705510750412941 0.045592550188302994 0.031514622271060944 0.07266218960285187 0.045449331402778625 0.03059535101056099 0.07011126726865768 0.043961767107248306 0.033050913363695145 0.06902334094047546 0.05256803333759308 0.01542389951646328 0.07798439264297485 0.05250183492898941 0.015610809437930584 0.07787545025348663 0.05081089958548546 0.0215617548674345 0.07654499262571335 0.05068352818489075 0.02074456587433815 0.07488314062356949 0.04965120926499367 0.023659195750951767 0.0731842964887619 0.054982010275125504 0.0021623927168548107 0.08717560768127441 0.047185566276311874 0.041678037494421005 0.07830248773097992 0.04840494692325592 0.03876226395368576 0.07859669625759125 0.04956008493900299 0.036000099033117294 0.07887540012598038 0.050932928919792175 0.03041357547044754 0.08009083569049835 0.051871296018362045 0.026595070958137512 0.08092160522937775 0.03672652691602707 0.045035120099782944 0.07464037835597992 0.03868834301829338 0.04744075611233711 0.0768401250243187 0.03868483379483223 0.04743644967675209 0.07683874666690826 0.03813684731721878 0.046764496713876724 0.07662449032068253 0.03475978225469589 0.04262344166636467 0.06777516007423401 0.03480858355760574 0.04268328472971916 0.06899400055408478 0.035989753901958466 0.04153504967689514 0.06777516007423401 0.03541062772274017 0.04342152550816536 0.07149955630302429 0.03541431576013565 0.04342604801058769 0.07151491194963455 0.03587871417403221 0.043995510786771774 0.07344762980937958 0.031217195093631744 0.04528230056166649 0.06777516007423401 0.03159162774682045 0.04527725279331207 0.0697733461856842 0.032192476093769073 0.045582156628370285 0.07154259830713272 0.016231607645750046 0.05256825312972069 0.06918854266405106 0.023694297298789024 0.04954960569739342 0.06777516007423401 0.022847825661301613 0.05002975836396217 0.06777516007423401 0.015955058857798576 0.05263493210077286 0.06777516007423401 3.117540109087713E-05 0.054925642907619476 0.0697043389081955 2.7919213033897522E-18 0.054999999701976776 0.06777516007423401 0.007827316410839558 0.054440177977085114 0.06777516007423401 0.008010921999812126 0.05439939722418785 0.06777516007423401 -0.04500000178813934 0.293596476316452 0.0782012939453125 -0.04094652459025383 0.293596476316452 0.0782012939453125 -0.04500000178813934 0.26450833678245544 0.0858260914683342 -0.03689304739236832 0.293596476316452 0.0782012939453125 -0.04500000178813934 0.25465327501296997 0.08765113353729248 0.04500000178813934 0.25465327501296997 0.08765113353729248 -0.01844652369618416 0.293596476316452 0.0782012939453125 0.04500000178813934 0.26450833678245544 0.0858260914683342 0.04500000178813934 0.09533404558897018 0.08773843199014664 -0.04500000178813934 0.09534671157598495 0.08765113353729248 0.04500000178813934 0.1031850278377533 0.08937153220176697 -0.04500000178813934 0.11505977064371109 0.09130176901817322 -0.04500000178813934 0.23494023084640503 0.09130176901817322 0.04500000178813934 0.23494023084640503 0.09130176901817322 -0.04500000178813934 0.21501287817955017 0.09350001066923141 0.04500000178813934 0.21501287817955017 0.09350001066923141 -0.04500000178813934 0.20505069196224213 0.09459897130727768 0.04500000178813934 0.20505069196224213 0.09459897130727768 -0.04500000178813934 0.17499999701976776 0.09570000320672989 0.04500000178813934 0.17499999701976776 0.09570000320672989 -0.04500000178813934 0.1449493169784546 0.09459897130727768 0.04500000178813934 0.15095171332359314 0.09499522298574448 -0.04500000178813934 0.13498711585998535 0.09350001066923141 0.04500000178813934 0.13497403264045715 0.0935872420668602 0.04500000178813934 0.12698595225811005 0.09288331866264343 0.04500000178813934 0.07963059842586517 0.0844719186425209 -0.04500000178813934 0.08549165725708008 0.0858260914683342 -0.03983170911669731 0.05230941250920296 0.07777515798807144 -0.04102424904704094 0.050777286291122437 0.07777515798807144 -0.031217187643051147 0.04528230428695679 0.06777516007423401 -0.03157750517129898 0.04529207572340965 0.06978455930948257 -0.02373219095170498 0.049616359174251556 0.06777516007423401 -0.03216644003987312 0.045620646327733994 0.07154085487127304 -0.022847825661301613 0.05002975836396217 0.06777516007423401 -0.023732168599963188 0.04961637035012245 0.06777516007423401 -0.015913309529423714 0.05264924094080925 0.06936973333358765 -0.015955058857798576 0.05263493210077286 0.06777516007423401 -0.03643566370010376 0.04509221389889717 0.07486846297979355 -0.03854379802942276 0.047694284468889236 0.07711061090230942 -0.03601733595132828 0.04156622290611267 0.06777516007423401 -0.054995790123939514 0.0006805973825976253 0.08732900768518448 -0.054999999701976776 0 0.08777515590190887 -0.0540119931101799 0.011393779888749123 0.0827186107635498 -0.043275266885757446 0.03757593408226967 0.07466966658830643 -0.047888047993183136 0.04058064892888069 0.07820126414299011 -0.047362878918647766 0.04173053056001663 0.0781237781047821 -0.04512563720345497 0.03959646448493004 0.07692795991897583 -0.04224998503923416 0.03608141094446182 0.07161655277013779 -0.045592550188302994 0.031514622271060944 0.07266218960285187 -0.04546741396188736 0.03059760481119156 0.07009728997945786 -0.046070925891399384 0.029613541439175606 0.07052840292453766 -0.048459164798259735 0.026645317673683167 0.07436506450176239 -0.04396756738424301 0.03304319828748703 0.06902588903903961 -0.0420142263174057 0.03524666279554367 0.06861114501953125 -0.04625803232192993 0.0328490287065506 0.07529669255018234 -0.04887693375349045 0.027788041159510612 0.076555997133255 -0.051058150827884674 0.0224930327385664 0.07828967273235321 -0.05081089958548546 0.0215617548674345 0.07654499262571335 -0.052519749850034714 0.015611383132636547 0.07787003368139267 -0.052781905978918076 0.01698913611471653 0.08038687705993652 -0.05258641019463539 0.015428534708917141 0.0779758170247078 -0.05337933450937271 0.013253449462354183 0.07923416793346405 -0.05404331162571907 0.012351933866739273 0.0844431072473526 -0.05403713509440422 0.012431714683771133 0.08442158997058868 -0.0535692535340786 0.018472561612725258 0.0827920138835907 -0.05166815593838692 0.02350555919110775 0.07989434897899628 -0.05347684025764465 0.01966574415564537 0.08247014135122299 -0.052527785301208496 0.02453191578388214 0.0812978520989418 -0.04983167722821236 0.02909792587161064 0.07846733927726746 -0.05205697566270828 0.026945944875478745 0.08071630448102951 -0.05195334553718567 0.02747729979455471 0.08058829605579376 -0.05104135349392891 0.03041684813797474 0.08005280047655106 -0.04763108864426613 0.034491539001464844 0.07743701338768005 -0.04925677180290222 0.036168940365314484 0.07900494337081909 -0.04840371757745743 0.03891853615641594 0.0785040482878685 -0.05373876914381981 0.010457757860422134 0.08103413134813309 -0.04845080152153969 0.02573299966752529 0.07222845405340195 -0.049385566264390945 0.024208810180425644 0.07289618998765945 -0.050649918615818024 0.02074054628610611 0.07490267604589462 -0.011998649686574936 0.053675249218940735 0.06777516007423401 -0.00801396369934082 0.05441301688551903 0.06777516007423401 -0.008013947866857052 0.054413020610809326 0.06777516007423401 -0.007827316410839558 0.054440177977085114 0.06777516007423401 -0.012922444380819798 0.2957216203212738 0.07660971581935883 -0.008308417163789272 0.29593920707702637 0.07630930095911026 -0.007959162816405296 0.29590317606925964 0.0768333151936531 -0.005007741507142782 0.2957329750061035 0.07507383823394775 -0.022482210770249367 0.2948227524757385 0.07779780775308609 -0.022854242473840714 0.29515621066093445 0.07747557759284973 -0.022592192515730858 0.2950269281864166 0.07764019817113876 -0.02034280076622963 0.29530149698257446 0.0772768035531044 -0.02857084944844246 0.2952083647251129 0.07762538641691208 -0.0281976368278265 0.2952224910259247 0.07761301845312119 -0.027536416426301003 0.29453831911087036 0.07793627679347992 -0.023919692263007164 0.2953813672065735 0.07711643725633621 -0.009822710417211056 0.2956726849079132 0.0755811482667923 -0.014563005417585373 0.2956133484840393 0.07608059048652649 -0.019253715872764587 0.29555463790893555 0.07657480984926224 -0.007880826480686665 0.295807808637619 0.07707452028989792 -0.007863190025091171 0.29563841223716736 0.07729534059762955 -0.021587908267974854 0.29546794295310974 0.07684576511383057 -0.03727831691503525 0.2941005527973175 0.07806863635778427 -0.03733784705400467 0.29417842626571655 0.07804813981056213 -0.03784662485122681 0.29485708475112915 0.07793279737234116 -0.01782490499317646 0.29544949531555176 0.07704252004623413 -0.01749669387936592 0.29535016417503357 0.07732608914375305 -0.017417525872588158 0.29525846242904663 0.07746243476867676 -0.017390528693795204 0.2951238453388214 0.07759280502796173 -0.039771709591150284 0.2969992458820343 0.07777515798807144 -0.03968440741300583 0.29734763503074646 0.07777515798807144 -0.03914806619286537 0.2966192066669464 0.07779752463102341 -0.040002960711717606 0.2967262864112854 0.07777515798807144 -0.03865174576640129 0.29594510793685913 0.07781822234392166 -0.040523674339056015 0.29651859402656555 0.07777515798807144 -0.04094652459025383 0.2964845597743988 0.07777515798807144 -0.04500000178813934 0.2964845597743988 0.07777515798807144 0.01610778272151947 0.29736849665641785 0.07091093063354492 0.016765248030424118 0.29740169644355774 0.07196345925331116 0.007907385937869549 0.2959277331829071 0.07276621460914612 -8.40082939248532E-05 0.2954511046409607 0.07313907146453857 -6.20558494119905E-05 0.295226514339447 0.0714932382106781 0.0074068475514650345 0.29572999477386475 0.07131810486316681 0.009505231864750385 0.29617640376091003 0.07391244173049927 0.018417462706565857 0.2974540591239929 0.07309900224208832 0.01606128178536892 0.2973656952381134 0.07075048983097076 0.03983170911669731 0.29769060015678406 0.07777515798807144 0.04102424904704094 0.2992227077484131 0.07777515798807144 0.044601451605558395 0.3027167022228241 0.07777515798807144 0.04500000178813934 0.30309584736824036 0.07777515798807144 0.037478186190128326 0.2993883788585663 0.07723820209503174 0.038191139698028564 0.2986336350440979 0.07741444557905197 0.03529907017946243 0.29775094985961914 0.07761301100254059 0.029416697099804878 0.2971341907978058 0.07715146988630295 0.02641192637383938 0.2972926199436188 0.07646726071834564 0.03136755898594856 0.29762306809425354 0.07718071341514587 0.028966030105948448 0.29788392782211304 0.07650426030158997 0.03336690366268158 0.2981806993484497 0.07729457318782806 0.031553786247968674 0.29857492446899414 0.07670136541128159 0.03415761515498161 0.2993473708629608 0.07699991017580032 0.03257391229271889 0.2969457805156708 0.07755099982023239 0.02671314962208271 0.2996358275413513 0.07315880060195923 0.025091353803873062 0.2982054352760315 0.0746079832315445 0.022616421803832054 0.29855838418006897 0.07312926650047302 0.021513432264328003 0.29742151498794556 0.07466201484203339 0.03419363498687744 0.302695095539093 0.07499755173921585 0.035455122590065 0.3014793395996094 0.07631281018257141 0.030472371727228165 0.30117321014404297 0.07408283650875092 0.032069865614175797 0.30028149485588074 0.07551969587802887 0.028618235141038895 0.2991667091846466 0.07491017132997513 0.012018023990094662 0.2963067591190338 0.07445376366376877 0.014941603876650333 0.2964160442352295 0.07507675886154175 0.018283966928720474 0.2964722514152527 0.07577631622552872 0.03598978742957115 0.30096402764320374 0.07687026262283325 0.03666134923696518 0.30025312304496765 0.07703627645969391 0.03677505999803543 0.30013272166252136 0.0770643875002861 0.022049937397241592 0.2964625656604767 0.07652498781681061 0.03407565504312515 0.30279961228370667 0.07482581585645676 0.020437097176909447 0.2988647520542145 0.07067916542291641 0.03309988975524902 0.3036641776561737 0.07340550422668457 0.03221626579761505 0.3043515682220459 0.0716894343495369 0.028528764843940735 0.30237555503845215 0.07115917652845383 0.024706684052944183 0.3003274202346802 0.07060956209897995 0.043703462928533554 0.30366867780685425 0.07768866419792175 0.042764514684677124 0.3054259121417999 0.07723947614431381 0.04214685410261154 0.3053188920021057 0.07680633664131165 0.04247097298502922 0.3057318925857544 0.07701930403709412 0.0420462042093277 0.30542558431625366 0.076749287545681 0.040926333516836166 0.30734187364578247 0.07586072385311127 0.0406675823032856 0.30688712000846863 0.07596785575151443 0.040164317935705185 0.30813613533973694 0.07476003468036652 0.039887893944978714 0.30771368741989136 0.07466963678598404 0.039402298629283905 0.3089303970336914 0.07365933805704117 0.03852396458387375 0.30915963649749756 0.07239864021539688 0.03860021010041237 0.3097664415836334 0.07142820209264755 0.03835586830973625 0.3093378245830536 0.07140768319368362 0.03773969039320946 0.3099910616874695 0.06777516007423401 0.03807692229747772 0.31031185388565063 0.06777516007423401 0.03838128596544266 0.3093108832836151 0.07155750691890717 0.038447778671979904 0.3099253177642822 0.07100418955087662 0.047805726528167725 0.3092142641544342 0.0781768336892128 0.048435475677251816 0.3109990060329437 0.07845447957515717 0.05486253276467323 0.34402793645858765 0.08612275123596191 0.054999999701976776 0.3499999940395355 0.08777515590190887 0.053595125675201416 0.33153098821640015 0.08279599249362946 0.053934235125780106 0.33349087834358215 0.08328299969434738 0.05428231880068779 0.33744195103645325 0.08434782177209854 0.054299820214509964 0.3376406133174896 0.08440136164426804 0.052043866366147995 0.32308700680732727 0.08073548972606659 0.052312761545181274 0.3241196274757385 0.08095434308052063 0.05254564434289932 0.3254655599594116 0.08128879219293594 0.049425121396780014 0.3138037323951721 0.07889080792665482 0.05019371956586838 0.31598198413848877 0.0792296752333641 0.0511261485517025 0.31956273317337036 0.07998856902122498 0.04737110435962677 0.3082664906978607 0.07811460644006729 0.054236579686403275 0.26585274934768677 0.09184560179710388 0.04884174466133118 0.20510685443878174 0.09536430239677429 0.04884174466133118 0.17499999701976776 0.09646739810705185 0.04884174466133118 0.2646756172180176 0.08657503128051758 0.04884174466133118 0.23505224287509918 0.09206094592809677 0.052071068435907364 0.26514676213264465 0.08868459612131119 0.052071068435907364 0.17499999701976776 0.098628930747509 0.052071068435907364 0.20526503026485443 0.09752004593610764 0.052071068435907364 0.2353677600622177 0.09419932961463928 0.054236579686403275 0.17499999701976776 0.10186781734228134 0.054236579686403275 0.20550204813480377 0.10075024515390396 0.054236579686403275 0.23584052920341492 0.09740352630615234 0.054999999701976776 0.17499999701976776 0.10570000112056732 0.054999999701976776 0.20578248798847198 0.10457215458154678 0.054999999701976776 0.23639991879463196 0.10119466483592987 0.054999999701976776 0.2666880786418915 0.09558563679456711 0.04884174466133118 0.1268962323665619 0.09364545345306396 0.04884174466133118 0.10305082052946091 0.09012710303068161 0.04884174466133118 0.1509067714214325 0.09576130658388138 0.04884174466133118 0.07945237308740616 0.08521832525730133 0.052071068435907364 0.07895036786794662 0.08732075989246368 0.052071068435907364 0.10267279297113419 0.09225532412528992 0.052071068435907364 0.12664349377155304 0.09579215943813324 0.052071068435907364 0.15078018605709076 0.09791912883520126 0.054999999701976776 0.07730814069509506 0.09419848769903183 0.054236579686403275 0.0781981498003006 0.09047108888626099 0.054999999701976776 0.10143616795539856 0.09921742230653763 0.054236579686403275 0.10210636258125305 0.09544429928064346 0.054999999701976776 0.1258167028427124 0.10281472653150558 0.054236579686403275 0.1262647807598114 0.09900882840156555 0.054999999701976776 0.15036608278751373 0.1049780622124672 0.054236579686403275 0.15059049427509308 0.1011524572968483 0.0016513261944055557 0.39143478870391846 0.11807707697153091 -0.0034987754188477993 0.3913147747516632 0.11808888614177704 -6.662307454536341E-18 0.3511958122253418 0.1216655895113945 -0.00862731970846653 0.39052122831344604 0.11816678196191788 -0.011683454737067223 0.3897128999233246 0.11824583262205124 -0.01650557853281498 0.3878805637359619 0.11842391639947891 -0.02108548954129219 0.3854192793369293 0.11866069585084915 -0.023716507479548454 0.3836265802383423 0.11883141845464706 -0.027666602283716202 0.3802819550037384 0.11914598196744919 -0.03117951564490795 0.376423716545105 0.1195024773478508 -0.03305995464324951 0.3738672137260437 0.11973494291305542 -0.03568732738494873 0.369386225938797 0.12013518065214157 -0.03773130103945732 0.36456620693206787 0.12055543810129166 -0.03865892067551613 0.3615367114543915 0.12081414461135864 -0.039660900831222534 0.35642874240875244 0.12124083191156387 -0.03999999910593033 0.3511958122253418 0.1216655895113945 -0.03999999910593033 0.3067081868648529 0.12450972944498062 0.03999999910593033 0.3511958122253418 0.1216655895113945 0.03977597504854202 0.35545220971107483 0.12132104486227036 0.039324790239334106 0.3585643470287323 0.12106388807296753 0.03805195540189743 0.3636108636856079 0.12063747644424438 0.03612738102674484 0.3684832453727722 0.12021472305059433 0.03469700738787651 0.3712345063686371 0.11997120827436447 0.031841445714235306 0.37557119131088257 0.11958033591508865 0.02842933125793934 0.3795265555381775 0.11921631544828415 0.026193127036094666 0.3816334903240204 0.11901948601007462 0.02208300679922104 0.3847754895687103 0.11872217804193497 0.017573541030287743 0.38737422227859497 0.11847285181283951 0.014761095866560936 0.3886265754699707 0.11835159361362457 0.009858710691332817 0.3902267515659332 0.11819561570882797 0.004756653215736151 0.39118337631225586 0.1181018054485321 0.03999999910593033 0.043291810899972916 0.12450972944498062 -0.03999999910593033 0.043291810899972916 0.12450972944498062 -0.03999999910593033 -0.00119580898899585 0.1216655895113945 -0.0016513261944055557 -0.04143480211496353 0.11807707697153091 0.0034987754188477993 -0.04131477698683739 0.11808888614177704 -2.7658639767209896E-19 -0.00119580898899585 0.1216655895113945 0.00862731970846653 -0.04052124172449112 0.11816678196191788 0.011683454737067223 -0.03971289470791817 0.11824583262205124 0.01650557853281498 -0.037880558520555496 0.11842391639947891 0.02108548954129219 -0.0354192852973938 0.11866069585084915 0.023716507479548454 -0.033626578748226166 0.11883141845464706 0.027666602283716202 -0.030281947925686836 0.11914598196744919 0.03117951564490795 -0.02642371878027916 0.1195024773478508 0.03305995464324951 -0.023867210373282433 0.11973494291305542 0.03568732738494873 -0.01938621699810028 0.12013518065214157 0.03773130103945732 -0.014566196128726006 0.12055543810129166 0.03865892067551613 -0.011536712758243084 0.12081414461135864 0.039660900831222534 -0.006428733002394438 0.12124083191156387 0.03999999910593033 -0.00119580898899585 0.1216655895113945 -0.03977597504854202 -0.005452203098684549 0.12132104486227036 -0.039324790239334106 -0.008564339950680733 0.12106388807296753 -0.03805195540189743 -0.013610869646072388 0.12063747644424438 -0.03612738102674484 -0.018483232706785202 0.12021472305059433 -0.03469700738787651 -0.02123451419174671 0.11997120827436447 -0.031841445714235306 -0.025571202859282494 0.11958033591508865 -0.02842933125793934 -0.029526548460125923 0.11921631544828415 -0.026193127036094666 -0.03163349628448486 0.11901948601007462 -0.02208300679922104 -0.03477548062801361 0.11872217804193497 -0.017573541030287743 -0.037374209612607956 0.11847285181283951 -0.014761095866560936 -0.03862658515572548 0.11835159361362457 -0.009858710691332817 -0.04022674262523651 0.11819561570882797 -0.004756653215736151 -0.04118336737155914 0.1181018054485321 -0.03999999910593033 0.06921064853668213 0.12616674602031708 0.03999999910593033 0.06921064853668213 0.12616674602031708 -0.03999999910593033 0.13107243180274963 0.12814217805862427 0.03999999910593033 0.13107243180274963 0.12814217805862427 -0.03999999910593033 0.13972489535808563 0.1284184753894806 0.03999999910593033 0.13972489535808563 0.1284184753894806 -0.03999999910593033 0.2102750986814499 0.1284184753894806 0.03999999910593033 0.2102750986814499 0.1284184753894806 -0.03999999910593033 0.21892757713794708 0.12814217805862427 0.03999999910593033 0.21892757713794708 0.12814217805862427 -0.03999999910593033 0.2807893455028534 0.12616674602031708 0.03999999910593033 0.2807893455028534 0.12616674602031708 0.03999999910593033 0.3067081868648529 0.12450972944498062 -0.048446811735630035 0.053515445441007614 0.07846499234437943 -0.05432635545730591 0.053515445441007614 0.08432483673095703 -0.05426561459898949 0.053515445441007614 0.08401372283697128 -0.054999999701976776 0.053515445441007614 0.08777515590190887 -0.04884859174489975 0.053515445441007614 0.07854540646076202 -0.05210430920124054 0.053515445441007614 0.08073749393224716 -0.05206596478819847 0.053515445441007614 0.08071167021989822 0.054999999701976776 0 0.10671333223581314 0.054533734917640686 -0.007146437652409077 0.10629145056009293 -0.036017339676618576 0.04156622663140297 0.06777516007423401 -0.03599918261170387 0.041548967361450195 0.065700002014637 -0.022742295637726784 0.049783848226070404 0.065700002014637 0.05324424058198929 0.013785889372229576 0.065700002014637 0.05263056606054306 0.015442866832017899 0.065700002014637 0.05478867515921593 1.0717116310843267E-05 0.065700002014637 0.05492940917611122 0.002785704331472516 0.065700002014637 0.04603392630815506 0.02958875522017479 0.065700002014637 0.049379248172044754 0.02422167919576168 0.065700002014637 0.03599918261170387 0.041548967361450195 0.065700002014637 0.04349266737699509 0.03366582840681076 0.065700002014637 0.03582548722624779 0.04173169657588005 0.065700002014637 0.026691608130931854 0.04808906465768814 0.065700002014637 0.022742295637726784 0.049783848226070404 0.065700002014637 0.016464971005916595 0.05247765779495239 0.065700002014637 0.007790357805788517 0.054260335862636566 0.065700002014637 0.005564257502555847 0.054717812687158585 0.065700002014637 -0.005564257502555847 0.054717812687158585 0.065700002014637 -0.007790357805788517 0.054260335862636566 0.065700002014637 -0.016464971005916595 0.05247765779495239 0.065700002014637 -0.03582548722624779 0.04173169657588005 0.065700002014637 -0.026691608130931854 0.04808906465768814 0.065700002014637 -0.04349266737699509 0.03366582840681076 0.065700002014637 -0.04603392630815506 0.02958875522017479 0.065700002014637 -0.049379248172044754 0.02422167919576168 0.065700002014637 -0.05263056606054306 0.015442866832017899 0.065700002014637 -0.05478867515921593 1.0717116310843267E-05 0.065700002014637 -0.05492940917611122 0.002785704331472516 0.065700002014637 -0.05324424058198929 0.013785889372229576 0.065700002014637 -0.05436575785279274 -0.008328528143465519 0.065700002014637 -0.05252661183476448 -0.015431726351380348 0.065700002014637 -0.05269693583250046 -0.015476196072995663 0.10578306019306183 -0.054071586579084396 -0.010062968358397484 0.10611571371555328 -0.054691966623067856 -0.005812821909785271 0.10637112706899643 -0.054999999701976776 0 0.10671333223581314 -0.046212270855903625 -0.02969137765467167 0.065700002014637 -0.04617784544825554 -0.029674850404262543 0.10487911850214005 -0.0466754324734211 -0.029093019664287567 0.065700002014637 -0.047708384692668915 -0.027366220951080322 0.10503044724464417 -0.051576368510723114 -0.019101789221167564 0.065700002014637 -0.04967515170574188 -0.02360888384282589 0.1052723079919815 -0.05232143774628639 -0.016954852268099785 0.10569219291210175 -0.02279268018901348 -0.049930404871702194 0.065700002014637 -0.022832980379462242 -0.04999619722366333 0.10350082069635391 -0.024163618683815002 -0.04940768703818321 0.103542260825634 -0.031419750303030014 -0.04514198750257492 0.065700002014637 -0.030364133417606354 -0.04585868865251541 0.10378989577293396 -0.03583391010761261 -0.04135255888104439 0.065700002014637 -0.036015551537275314 -0.04156777635216713 0.10408518463373184 -0.0360172800719738 -0.0415661595761776 0.1040852963924408 -0.03986360505223274 -0.037893179804086685 0.065700002014637 -0.03909033164381981 -0.038690388202667236 0.10428068041801453 -0.04378198832273483 -0.03328869864344597 0.10464222729206085 -0.020296506583690643 -0.051118019968271255 0.10342182964086533 -0.02168957144021988 -0.0505426786839962 0.065700002014637 -0.01355572696775198 -0.0533033050596714 0.10326690226793289 -0.011071418412029743 -0.053874146193265915 0.065700002014637 -0.007814699783921242 -0.054372429847717285 0.10319065302610397 -0.007803549058735371 -0.05420645698904991 0.065700002014637 -0.006540398113429546 -0.05460973456501961 0.10317373275756836 -0.002270573517307639 -0.054953113198280334 0.1031491756439209 1.6073793515465135E-17 -0.054999999701976776 0.065700002014637 0.004810816142708063 -0.05478919669985771 0.10316090285778046 0.007803549058735371 -0.05420645698904991 0.065700002014637 0.007810117211192846 -0.05432826653122902 0.10319380462169647 0.02269517071545124 -0.050099194049835205 0.10349365323781967 0.016064750030636787 -0.05260155722498894 0.1033167839050293 0.011862564831972122 -0.05370548740029335 0.10323826968669891 0.011071418412029743 -0.053874146193265915 0.065700002014637 0.02168957144021988 -0.0505426786839962 0.065700002014637 0.02284282073378563 -0.05002038553357124 0.10349917411804199 0.02279268018901348 -0.049930404871702194 0.065700002014637 0.0289925467222929 -0.0467379093170166 0.10372883081436157 0.031419750303030014 -0.04514198750257492 0.065700002014637 0.032610200345516205 -0.04428967088460922 0.10389839112758636 0.03583391010761261 -0.04135255888104439 0.065700002014637 0.046212270855903625 -0.02969137765467167 0.065700002014637 0.042871832847595215 -0.034452952444553375 0.10456490516662598 0.03986360505223274 -0.037893179804086685 0.065700002014637 0.038041576743125916 -0.0397220142185688 0.10421082377433777 0.03594744950532913 -0.04148312285542488 0.1040903627872467 0.05252661183476448 -0.015431726351380348 0.065700002014637 0.05188053846359253 -0.01825951226055622 0.10561071336269379 0.051576368510723114 -0.019101789221167564 0.065700002014637 0.049070071429014206 -0.02484206110239029 0.10519330948591232 0.0466754324734211 -0.029093019664287567 0.065700002014637 0.046204037964344025 -0.02969692461192608 0.10487794131040573 0.04545743763446808 -0.03096161037683487 0.10479579120874405 0.05436575785279274 -0.008328528143465519 0.065700002014637 0.05315601825714111 -0.014122242107987404 0.1058676615357399 0.05273614078760147 -0.015484200790524483 0.10578307509422302 -0.0457901693880558 0.3046649992465973 0.07780642807483673 -0.04500000178813934 0.30309584736824036 0.07777515798807144 -0.05117180943489075 0.3195551335811615 0.07996070384979248 -0.050937529653310776 0.31853213906288147 0.07972868531942368 -0.05206596478819847 0.2964845597743988 0.08071167021989822 -0.049404263496398926 0.3138056695461273 0.0789022445678711 -0.04884859174489975 0.2964845597743988 0.07854540646076202 -0.048460911959409714 0.31089767813682556 0.07839377969503403 -0.048446811735630035 0.2964845597743988 0.07846499234437943 -0.048457227647304535 0.31088632345199585 0.07839179039001465 -0.04733789712190628 0.3082753121852875 0.07814612239599228 -0.05432635545730591 0.2964845597743988 0.08432483673095703 -0.05298847332596779 0.32748761773109436 0.08175981789827347 -0.05252642557024956 0.32547008991241455 0.0813022330403328 -0.05199737101793289 0.32315996289253235 0.08077828586101532 -0.05210430920124054 0.2964845597743988 0.08073749393224716 -0.05426561459898949 0.2964845597743988 0.08401372283697128 -0.054999999701976776 0.2964845597743988 0.08777515590190887 -0.054999999701976776 0.3499999940395355 0.08777515590190887 -0.054500773549079895 0.33865097165107727 0.08465500921010971 -0.05436374247074127 0.3376394510269165 0.08439267426729202 -0.05433438718318939 0.33742278814315796 0.08433648198843002 -0.053536489605903625 0.33153292536735535 0.0828089565038681 -0.018312757834792137 0.2961934804916382 0.07561751455068588 -0.02200661599636078 0.29610803723335266 0.07646969705820084 -0.026261454448103905 0.2970511019229889 0.07647727429866791 -0.03114502504467964 0.2974192500114441 0.07727362215518951 -0.029191285371780396 0.2968241572380066 0.07725019752979279 -0.03224217891693115 0.2965543568134308 0.07765767723321915 -0.026894349604845047 0.2995702624320984 0.0727538913488388 -0.028589025139808655 0.29911738634109497 0.07466540485620499 -0.03419375419616699 0.302839070558548 0.07495418190956116 -0.03204946219921112 0.30034568905830383 0.07536851614713669 -0.03549640253186226 0.3016064763069153 0.07616356015205383 -0.03668753430247307 0.3004794120788574 0.07726940512657166 -0.03318072482943535 0.298108845949173 0.07737389951944351 -0.03506995737552643 0.2976311445236206 0.07767520099878311 -0.016246886923909187 0.2959059774875641 0.07570910453796387 -0.020441517233848572 0.2958008646965027 0.07646672427654266 -0.009688111953437328 0.2960478365421295 0.07366152852773666 -0.004980821628123522 0.29592353105545044 0.07410035282373428 -0.008531785570085049 0.29588934779167175 0.07453525811433792 -0.01228065975010395 0.29593372344970703 0.07506202906370163 -0.015032230876386166 0.29619473218917847 0.07484664022922516 -0.018610050901770592 0.2972901165485382 0.07265947014093399 -0.021510377526283264 0.29722726345062256 0.07437530159950256 -0.025066861882805824 0.29806584119796753 0.07431363314390182 -0.03819004073739052 0.2989116907119751 0.0775415450334549 -0.0374678410589695 0.2996675670146942 0.07742863893508911 -0.036762941628694534 0.3004053235054016 0.07731844484806061 -0.028797030448913574 0.297732949256897 0.07651914656162262 -0.03140038996934891 0.2985391318798065 0.07672417908906937 -0.034059878438711166 0.29944053292274475 0.07702229917049408 -0.03673577681183815 0.3004337549209595 0.07731419801712036 -0.04107974097132683 0.2996268570423126 0.07777515798807144 -0.04066324234008789 0.29924845695495605 0.07777515798807144 -0.03983423113822937 0.2980644702911377 0.07777515798807144 -0.03310859948396683 0.30375656485557556 0.07336438447237015 -0.03222927078604698 0.30439916253089905 0.07165094465017319 -0.025106387212872505 0.30046460032463074 0.07032489776611328 -0.03410783410072327 0.3029117286205292 0.07482830435037613 -0.0164448544383049 0.29742294549942017 0.07044274359941483 -0.017084695398807526 0.29734694957733154 0.07156562805175781 -0.00813074130564928 0.2958741784095764 0.07254121452569962 -0.007625020574778318 0.2957315444946289 0.07114070653915405 0.015913309529423714 0.29735076427459717 0.06936973333358765 0.015495290979743004 0.2972278892993927 0.06777516007423401 0.015955058857798576 0.29736506938934326 0.06777516007423401 0.011998649686574936 0.296324759721756 0.06777516007423401 0.00801396369934082 0.2955869734287262 0.06777516007423401 -3.117540109087713E-05 0.29507434368133545 0.0697043389081955 0.008013946935534477 0.2955869734287262 0.06777516007423401 0 0.29499998688697815 0.06777516007423401 0.03216644003987312 0.30437934398651123 0.07154085487127304 0.031217187643051147 0.30471768975257874 0.06777516007423401 0.03157750517129898 0.30470791459083557 0.06978455930948257 0.029735244810581207 0.3037310540676117 0.06777516007423401 0.02373219095170498 0.30038362741470337 0.06777516007423401 0.023732168599963188 0.30038362741470337 0.06777516007423401 0.03643566370010376 0.30490779876708984 0.07486846297979355 0.03854379802942276 0.3023057281970978 0.07711061090230942 0.043275266885757446 0.31242406368255615 0.07466966658830643 0.04512563720345497 0.3104035258293152 0.07692795991897583 0.04143452271819115 0.31409940123558044 0.06848806142807007 0.04224998503923416 0.3139185905456543 0.07161655277013779 0.04845080152153969 0.3242669999599457 0.07222845405340195 0.048459164798259735 0.32335469126701355 0.07436506450176239 0.04546741396188736 0.31940239667892456 0.07009728997945786 0.045592550188302994 0.3184853792190552 0.07266218960285187 0.04396756738424301 0.3169567883014679 0.06902588903903961 0.0420142263174057 0.31475332379341125 0.06861114501953125 0.04625803232192993 0.3171509802341461 0.07529669255018234 0.04887693375349045 0.32221195101737976 0.076555997133255 0.051058150827884674 0.327506959438324 0.07828967273235321 0.05081089958548546 0.32843825221061707 0.07654499262571335 0.052519749850034714 0.3343886137008667 0.07787003368139267 0.05373876914381981 0.3395422399044037 0.08103413134813309 0.0540119931101799 0.33860620856285095 0.0827186107635498 0.05337933450937271 0.33674654364585876 0.07923416793346405 0.052781905978918076 0.33301085233688354 0.08038687705993652 0.05166815593838692 0.3264944553375244 0.07989434897899628 0.04983167722821236 0.3209020793437958 0.07846733927726746 0.04763108864426613 0.3155084550380707 0.07743701338768005 0.05408293753862381 0.34221920371055603 0.08275765180587769 0.054995790123939514 0.3493193984031677 0.08732900768518448 0.049385566264390945 0.3257911801338196 0.07289618998765945 0.049899376928806305 0.32720062136650085 0.07371159642934799 0.050649918615818024 0.32925945520401 0.07490267604589462 0.054999999701976776 0.3499999940395355 0.10671333223581314 0.054999999701976776 0.2800713777542114 0.11118394881486893 0.054999999701976776 0.13996431231498718 0.11342038959264755 0.054999999701976776 0.0699286237359047 0.11118394881486893 0.054999999701976776 0.21003569662570953 0.11342038959264755 -0.054999999701976776 0.11360009014606476 0.10119466483592987 -0.054999999701976776 0.0699286237359047 0.11118394881486893 -0.054999999701976776 0.14421750605106354 0.10457215458154678 -0.054999999701976776 0.13996431231498718 0.11342038959264755 -0.054999999701976776 0.17499999701976776 0.10570000112056732 -0.054999999701976776 0.21003569662570953 0.11342038959264755 -0.054999999701976776 0.20578248798847198 0.10457215458154678 -0.054999999701976776 0.08331193029880524 0.09558563679456711 -0.054999999701976776 0.23639991879463196 0.10119466483592987 -0.054999999701976776 0.2800713777542114 0.11118394881486893 -0.054999999701976776 0.2666880786418915 0.09558563679456711 -0.054999999701976776 0.3499999940395355 0.10671333223581314 -0.04512563720345497 0.3104035258293152 0.07692795991897583 -0.04245578870177269 0.30574771761894226 0.07704305648803711 -0.04234695062041283 0.30586114525794983 0.07701173424720764 -0.04010464623570442 0.30819833278656006 0.07484622299671173 -0.04983167722821236 0.3209020793437958 0.07846733927726746 -0.04763108864426613 0.3155084550380707 0.07743701338768005 -0.05166815593838692 0.3264944553375244 0.07989434897899628 -0.051058150827884674 0.327506959438324 0.07828967273235321 -0.04887693375349045 0.32221195101737976 0.076555997133255 -0.04625803232192993 0.3171509802341461 0.07529669255018234 -0.043275266885757446 0.31242406368255615 0.07466966658830643 -0.03860819712281227 0.30975812673568726 0.07161690294742584 -0.0540119931101799 0.33860620856285095 0.0827186107635498 -0.052781905978918076 0.33301085233688354 0.08038687705993652 -0.03807692229747772 0.31031185388565063 0.06777516007423401 -0.038585077971220016 0.3097822070121765 0.07144973427057266 -0.041434865444898605 0.31409913301467896 0.06848738342523575 -0.04224998503923416 0.3139185905456543 0.07161655277013779 -0.0420147180557251 0.31475311517715454 0.06861037015914917 -0.05250183492898941 0.33438917994499207 0.07787545025348663 -0.05081089958548546 0.32843825221061707 0.07654499262571335 -0.05068352818489075 0.32925543189048767 0.07488314062356949 -0.048459164798259735 0.32335469126701355 0.07436506450176239 -0.049948956817388535 0.32718145847320557 0.0736742913722992 -0.04965120926499367 0.32634079456329346 0.0731842964887619 -0.04840102419257164 0.3242770731449127 0.0722699761390686 -0.045592550188302994 0.3184853792190552 0.07266218960285187 -0.045449331402778625 0.319404661655426 0.07011126726865768 -0.043961767107248306 0.31694909930229187 0.06902334094047546 -0.054076895117759705 0.34221670031547546 0.08275415748357773 -0.053759559988975525 0.3395410478115082 0.08102808892726898 -0.053474120795726776 0.33713433146476746 0.0794755071401596 -0.03672652691602707 0.3049648702144623 0.07464037835597992 -0.03868834301829338 0.3025592565536499 0.0768401250243187 -0.03868483379483223 0.30256354808807373 0.07683874666690826 -0.03813684731721878 0.3032355010509491 0.07662449032068253 -0.03475978225469589 0.30737656354904175 0.06777516007423401 -0.03480858355760574 0.30731672048568726 0.06899400055408478 -0.03541062772274017 0.30657848715782166 0.07149955630302429 -0.03541431576013565 0.3065739572048187 0.07151491194963455 -0.03587871417403221 0.30600449442863464 0.07344762980937958 -0.031217195093631744 0.30471768975257874 0.06777516007423401 -0.03159162774682045 0.30472275614738464 0.0697733461856842 -0.032192476093769073 0.30441784858703613 0.07154259830713272 -0.016231607645750046 0.29743173718452454 0.06918854266405106 -0.029735244810581207 0.3037310540676117 0.06777516007423401 -0.015955058857798576 0.29736506938934326 0.06777516007423401 -0.023513561114668846 0.3008568584918976 0.06777516007423401 -0.015495290979743004 0.2972278892993927 0.06777516007423401 -0.007934322580695152 0.29614078998565674 0.06777516007423401 -0.054163552820682526 0.3577849268913269 0.065700002014637 -0.05492940917611122 0.35278570652008057 0.065700002014637 -0.05439130216836929 0.342175155878067 0.065700002014637 -0.04979526996612549 0.32726719975471497 0.065700002014637 -0.051576368510723114 0.3308982253074646 0.065700002014637 -0.05436575785279274 0.3416714668273926 0.065700002014637 -0.0466754324734211 0.32090696692466736 0.065700002014637 -0.041409511119127274 0.31410396099090576 0.065700002014637 -0.03986360505223274 0.31210681796073914 0.065700002014637 -0.031419750303030014 0.30485799908638 0.065700002014637 -0.02965378388762474 0.3038778305053711 0.065700002014637 -0.02168957144021988 0.299457311630249 0.065700002014637 -0.015413609333336353 0.2974882125854492 0.065700002014637 -0.011071418412029743 0.2961258590221405 0.065700002014637 1.3471114385820111E-17 0.29499998688697815 0.065700002014637 0.011071418412029743 0.2961258590221405 0.065700002014637 0.015413609333336353 0.2974882125854492 0.065700002014637 0.02168957144021988 0.299457311630249 0.065700002014637 0.03986360505223274 0.31210681796073914 0.065700002014637 0.041409511119127274 0.31410396099090576 0.065700002014637 0.031419750303030014 0.30485799908638 0.065700002014637 0.02965378388762474 0.3038778305053711 0.065700002014637 0.04979526996612549 0.32726719975471497 0.065700002014637 0.0466754324734211 0.32090696692466736 0.065700002014637 0.05439130216836929 0.342175155878067 0.065700002014637 0.05436575785279274 0.3416714668273926 0.065700002014637 0.051576368510723114 0.3308982253074646 0.065700002014637 0.05492940917611122 0.35278570652008057 0.065700002014637 0.054163552820682526 0.3577849268913269 0.065700002014637 0.054691966623067856 0.35581281781196594 0.10637112706899643 0.05324424058198929 0.36378589272499084 0.065700002014637 0.04990515857934952 0.37280169129371643 0.065700002014637 0.04998491704463959 0.37282997369766235 0.10532145947217941 0.05232143774628639 0.36695486307144165 0.10569219291210175 0.054071586579084396 0.36006295680999756 0.10611571371555328 0.0543988011777401 0.3578212857246399 0.10625042766332626 0.029595373198390007 0.3960679769515991 0.065700002014637 0.030364133417606354 0.39585867524147034 0.10378989577293396 0.03582548722624779 0.39173170924186707 0.065700002014637 0.036015551537275314 0.39156776666641235 0.10408518463373184 0.041403986513614655 0.38586312532424927 0.065700002014637 0.03909033164381981 0.38869038224220276 0.10428068041801453 0.04147832468152046 0.3859409987926483 0.10446470230817795 0.04349266737699509 0.3836658298969269 0.065700002014637 0.04378198832273483 0.383288711309433 0.10464222729206085 0.049379248172044754 0.37422168254852295 0.065700002014637 0.047708384692668915 0.37736621499061584 0.10503044724464417 0.04967515170574188 0.37360888719558716 0.1052723079919815 0.015476522967219353 0.40268078446388245 0.065700002014637 0.01546666119247675 0.4026837944984436 0.10331082344055176 0.016464971005916595 0.4024776518344879 0.065700002014637 0.020296506583690643 0.4011180102825165 0.10342182964086533 0.026691608130931854 0.39808905124664307 0.065700002014637 0.024163618683815002 0.39940768480300903 0.103542260825634 0.02971355989575386 0.3962310552597046 0.10376391559839249 0 0.4047178030014038 0.065700002014637 0.002270573517307639 0.40495312213897705 0.1031491756439209 0.005564257502555847 0.4047178030014038 0.065700002014637 0.006540398113429546 0.404609739780426 0.10317373275756836 0.01355572696775198 0.4033032953739166 0.10326690226793289 -0.015476522967219353 0.40268078446388245 0.065700002014637 -0.011862564831972122 0.4037054777145386 0.10323826968669891 -0.005564257502555847 0.4047178030014038 0.065700002014637 -0.004810816142708063 0.4047892093658447 0.10316090285778046 2.300674623256782E-06 0.40490061044692993 0.10315293073654175 -0.029595373198390007 0.3960679769515991 0.065700002014637 -0.0289925467222929 0.3967379033565521 0.10372883081436157 -0.026691608130931854 0.39808905124664307 0.065700002014637 -0.02269517071545124 0.4000991880893707 0.10349365323781967 -0.016464971005916595 0.4024776518344879 0.065700002014637 -0.016064750030636787 0.40260156989097595 0.1033167839050293 -0.01549014076590538 0.40275251865386963 0.10330604761838913 -0.041403986513614655 0.38586312532424927 0.065700002014637 -0.038041576743125916 0.3897220194339752 0.10421082377433777 -0.03582548722624779 0.39173170924186707 0.065700002014637 -0.032610200345516205 0.39428967237472534 0.10389839112758636 -0.029719624668359756 0.3962458670139313 0.1037629097700119 -0.04990515857934952 0.37280169129371643 0.065700002014637 -0.049070071429014206 0.3748420476913452 0.10519330948591232 -0.049379248172044754 0.37422168254852295 0.065700002014637 -0.04545743763446808 0.3809615969657898 0.10479579120874405 -0.04349266737699509 0.3836658298969269 0.065700002014637 -0.042871832847595215 0.3844529390335083 0.10456490516662598 -0.0414964035153389 0.3859533369541168 0.1044640764594078 -0.054533734917640686 0.3571464419364929 0.10629145056009293 -0.05440079793334007 0.357819527387619 0.10625056177377701 -0.05324424058198929 0.36378589272499084 0.065700002014637 -0.05315601825714111 0.3641222417354584 0.1058676615357399 -0.05188053846359253 0.3682595193386078 0.10561071336269379 -0.04993821308016777 0.3728087246417999 0.10532224178314209 1.2068833143667141E-17 -0.04450000077486038 0.06270000338554382 0.01375125627964735 -0.04232201352715492 0.06270000338554382 0.010467522777616978 -0.05093555524945259 0.06270000338554382 0.036001257598400116 -0.02615644410252571 0.06270000338554382 0.037689223885536194 -0.03582628071308136 0.06270000338554382 0.02615644410252571 -0.036001257598400116 0.06270000338554382 0.029705947265028954 -0.04267969727516174 0.06270000338554382 0.02050650492310524 -0.04778580740094185 0.06270000338554382 -0.04232201352715492 0.01375125627964735 0.06270000338554382 -0.04450000077486038 -2.7248392304583862E-18 0.06270000338554382 -0.05193325877189636 0.002633756725117564 0.06270000338554382 2.6026787160547174E-18 -0.052000001072883606 0.06270000338554382 -0.010467522777616978 -0.05093555524945259 0.06270000338554382 -0.01375125627964735 -0.04232201352715492 0.06270000338554382 -0.02050650492310524 -0.04778580740094185 0.06270000338554382 -0.02615644410252571 -0.036001257598400116 0.06270000338554382 -0.029705947265028954 -0.04267969727516174 0.06270000338554382 -0.036001257598400116 -0.02615644410252571 0.06270000338554382 0.04450000077486038 4.769845681547408E-17 0.06270000338554382 0.04232201352715492 0.01375125627964735 0.06270000338554382 0.05034001171588898 0.013033932074904442 0.06270000338554382 0.01375125627964735 0.04232201352715492 0.06270000338554382 -2.4042171594337485E-17 0.04450000077486038 0.06270000338554382 0.005260752514004707 0.05173320323228836 0.06270000338554382 0.05193325877189636 0.002633756725117564 0.06270000338554382 0.05140035226941109 -0.007874244824051857 0.06270000338554382 0.04232201352715492 -0.01375125627964735 0.06270000338554382 0.04876311123371124 -0.018059873953461647 0.06270000338554382 0.04412950202822685 -0.027506127953529358 0.06270000338554382 -0.02615644410252571 0.036001257598400116 0.06270000338554382 -0.025235701352357864 0.04546602442860603 0.06270000338554382 -0.01375125627964735 0.04232201352715492 0.06270000338554382 -0.01556688267737627 0.04961524158716202 0.06270000338554382 -0.005260752514004707 0.05173320323228836 0.06270000338554382 -0.037689223885536194 -0.03582628071308136 0.06270000338554382 -0.04412950202822685 -0.027506127953529358 0.06270000338554382 -0.04232201352715492 -0.01375125627964735 0.06270000338554382 -0.04876311123371124 -0.018059873953461647 0.06270000338554382 -0.05140035226941109 -0.007874244824051857 0.06270000338554382 0.01556688267737627 0.04961524158716202 0.06270000338554382 0.025235701352357864 0.04546602442860603 0.06270000338554382 0.02615644410252571 0.036001257598400116 0.06270000338554382 0.0338713675737381 0.03945542126893997 0.06270000338554382 0.036001257598400116 0.02615644410252571 0.06270000338554382 0.041120339184999466 0.031829509884119034 0.06270000338554382 0.0466858372092247 0.022900495678186417 0.06270000338554382 -0.05034001171588898 0.013033932074904442 0.06270000338554382 -0.0466858372092247 0.022900495678186417 0.06270000338554382 -0.036001257598400116 0.02615644410252571 0.06270000338554382 -0.041120339184999466 0.031829509884119034 0.06270000338554382 -0.0338713675737381 0.03945542126893997 0.06270000338554382 1.2068833143667141E-17 0.30550000071525574 0.06270000338554382 0.01375125627964735 0.3076779842376709 0.06270000338554382 0.010467522777616978 0.2990644574165344 0.06270000338554382 0.04450000077486038 0.3499999940395355 0.06270000338554382 0.04232201352715492 0.36375126242637634 0.06270000338554382 0.05034001171588898 0.3630339205265045 0.06270000338554382 -0.04232201352715492 0.36375126242637634 0.06270000338554382 -0.04450000077486038 0.3499999940395355 0.06270000338554382 -0.05193325877189636 0.3526337444782257 0.06270000338554382 0.01375125627964735 0.39232200384140015 0.06270000338554382 -2.4042171594337485E-17 0.3944999873638153 0.06270000338554382 0.005260752514004707 0.4017332196235657 0.06270000338554382 -0.02615644410252571 0.38600125908851624 0.06270000338554382 -0.025235701352357864 0.39546602964401245 0.06270000338554382 -0.01375125627964735 0.39232200384140015 0.06270000338554382 -0.01556688267737627 0.39961522817611694 0.06270000338554382 -0.005260752514004707 0.4017332196235657 0.06270000338554382 0.01556688267737627 0.39961522817611694 0.06270000338554382 0.025235701352357864 0.39546602964401245 0.06270000338554382 0.02615644410252571 0.38600125908851624 0.06270000338554382 0.0338713675737381 0.3894554078578949 0.06270000338554382 0.036001257598400116 0.37615644931793213 0.06270000338554382 0.041120339184999466 0.38182950019836426 0.06270000338554382 0.0466858372092247 0.37290048599243164 0.06270000338554382 -0.05034001171588898 0.3630339205265045 0.06270000338554382 -0.0466858372092247 0.37290048599243164 0.06270000338554382 -0.036001257598400116 0.37615644931793213 0.06270000338554382 -0.041120339184999466 0.38182950019836426 0.06270000338554382 -0.0338713675737381 0.3894554078578949 0.06270000338554382 -0.036001257598400116 0.3238435685634613 0.06270000338554382 -0.04412950202822685 0.32249388098716736 0.06270000338554382 -0.04232201352715492 0.3362487554550171 0.06270000338554382 -0.04876311123371124 0.3319401144981384 0.06270000338554382 -0.05140035226941109 0.3421257436275482 0.06270000338554382 0.036001257598400116 0.3238435685634613 0.06270000338554382 0.037689223885536194 0.31417372822761536 0.06270000338554382 0.02615644410252571 0.3139987289905548 0.06270000338554382 0.029705947265028954 0.3073202967643738 0.06270000338554382 0.02050650492310524 0.30221420526504517 0.06270000338554382 0.05193325877189636 0.3526337444782257 0.06270000338554382 0.05140035226941109 0.3421257436275482 0.06270000338554382 0.04232201352715492 0.3362487554550171 0.06270000338554382 0.04876311123371124 0.3319401144981384 0.06270000338554382 0.04412950202822685 0.32249388098716736 0.06270000338554382 0 0.2980000078678131 0.06270000338554382 -0.010467522777616978 0.2990644574165344 0.06270000338554382 -0.01375125627964735 0.3076779842376709 0.06270000338554382 -0.02050650492310524 0.30221420526504517 0.06270000338554382 -0.02615644410252571 0.3139987289905548 0.06270000338554382 -0.029705947265028954 0.3073202967643738 0.06270000338554382 -0.037689223885536194 0.31417372822761536 0.06270000338554382 0.02615644410252571 0.3139987289905548 0.09269999712705612 0.01375125627964735 0.3076779842376709 0.09269999712705612 1.1694765320263258E-18 0.30550000071525574 0.09269999712705612 0.04232201352715492 0.36375126242637634 0.09269999712705612 0.04450000077486038 0.3499999940395355 0.09269999712705612 -0.02615644410252571 0.3139987289905548 0.09269999712705612 0.04232201352715492 0.3362487554550171 0.09269999712705612 -0.01375125627964735 0.3076779842376709 0.09269999712705612 -0.036001257598400116 0.3238435685634613 0.09269999712705612 -0.04232201352715492 0.3362487554550171 0.09269999712705612 0.02615644410252571 0.38600125908851624 0.09269999712705612 -0.04450000077486038 0.3499999940395355 0.09269999712705612 -0.01375125627964735 0.39232200384140015 0.09269999712705612 -2.4042171594337485E-17 0.3944999873638153 0.09269999712705612 -0.02615644410252571 0.38600125908851624 0.09269999712705612 0.01375125627964735 0.39232200384140015 0.09269999712705612 0.036001257598400116 0.37615644931793213 0.09269999712705612 0.036001257598400116 0.3238435685634613 0.09269999712705612 -0.04232201352715492 0.36375126242637634 0.09269999712705612 -0.036001257598400116 0.37615644931793213 0.09269999712705612 -0.036001257598400116 -0.02615644410252571 0.09269999712705612 0.036001257598400116 0.02615644410252571 0.09269999712705612 0.04232201352715492 0.01375125627964735 0.09269999712705612 -0.04232201352715492 -0.01375125627964735 0.09269999712705612 -0.04450000077486038 -2.7248392304583862E-18 0.09269999712705612 -0.04232201352715492 0.01375125627964735 0.09269999712705612 -0.01375125627964735 -0.04232201352715492 0.09269999712705612 0.04232201352715492 -0.01375125627964735 0.09269999712705612 0.036001257598400116 -0.02615644410252571 0.09269999712705612 0.04450000077486038 4.769845681547408E-17 0.09269999712705612 -0.02615644410252571 -0.036001257598400116 0.09269999712705612 -0.036001257598400116 0.02615644410252571 0.09269999712705612 -0.02615644410252571 0.036001257598400116 0.09269999712705612 -0.01375125627964735 0.04232201352715492 0.09269999712705612 -2.4042171594337485E-17 0.04450000077486038 0.09269999712705612 0.01375125627964735 0.04232201352715492 0.09269999712705612 0.02615644410252571 0.036001257598400116 0.09269999712705612 0.02615644410252571 -0.036001257598400116 0.09269999712705612 0.01375125627964735 -0.04232201352715492 0.09269999712705612 1.1694765320263258E-18 -0.04450000077486038 0.09269999712705612 -0.04764992743730545 0.29409050941467285 0.07863272726535797 -0.048555634915828705 0.2950117588043213 0.07854540646076202 -0.04882683604955673 0.29381629824638367 0.07893005758523941 -0.050931647419929504 0.29422247409820557 0.08027651906013489 -0.05423879623413086 0.2953793406486511 0.08411139994859695 -0.046357546001672745 0.29367443919181824 0.07845981419086456 -0.04684563726186752 0.29370248317718506 0.07855276763439178 -0.048052892088890076 0.2937718331813812 0.07878267019987106 -0.05417696759104729 0.29535260796546936 0.08402281254529953 -0.052071068435907364 0.294442355632782 0.08100540935993195 -0.0517086423933506 0.29437243938446045 0.08077356964349747 -0.05417696759104729 0.05464739352464676 0.08402281254529953 -0.05423879623413086 0.05462067201733589 0.08411139994859695 -0.05423879623413086 0.08414607495069504 0.09185081720352173 -0.0517086423933506 0.055627573281526566 0.08077356964349747 -0.052071068435907364 0.05555763468146324 0.08100540935993195 -0.052071068435907364 0.08485323190689087 0.08868459612131119 -0.04882683604955673 0.26467427611351013 0.08656898885965347 -0.048052892088890076 0.056228157132864 0.07878267019987106 -0.04882683604955673 0.056183695793151855 0.07893005758523941 -0.04882683604955673 0.08532573282718658 0.08656898885965347 -0.04882683604955673 0.23505134880542755 0.0920548215508461 -0.04882683604955673 0.20510639250278473 0.09535813331604004 -0.04882683604955673 0.17499999701976776 0.0964612066745758 -0.04882683604955673 0.1448936015367508 0.09535813331604004 -0.04882683604955673 0.11494865268468857 0.0920548215508461 -0.04684563726186752 0.056297510862350464 0.07855276763439178 -0.046357546001672745 0.05632555112242699 0.07845981419086456 -0.050931647419929504 0.05577751621603966 0.08027651906013489 -0.052071068435907364 0.11463223397731781 0.09419932961463928 -0.052071068435907364 0.1447349637746811 0.09752004593610764 -0.052071068435907364 0.17499999701976776 0.098628930747509 -0.052071068435907364 0.20526503026485443 0.09752004593610764 -0.052071068435907364 0.2353677600622177 0.09419932961463928 -0.052071068435907364 0.26514676213264465 0.08868459612131119 -0.05423879623413086 0.11415868252515793 0.09740881621837616 -0.05423879623413086 0.1444975584745407 0.10075557976961136 -0.05423879623413086 0.17499999701976776 0.10187316685914993 -0.05423879623413086 0.205502450466156 0.10075557976961136 -0.05423879623413086 0.2358413189649582 0.09740881621837616 -0.05423879623413086 0.2658539414405823 0.09185081720352173 -0.04764992743730545 0.055909495800733566 0.07863272726535797 -0.048555634915828705 0.05498823896050453 0.07854540646076202 -0.05452800169587135 0.0027653472498059273 0.06419999897480011 -0.052855148911476135 0.01368514634668827 0.06419999897480011 -0.03556368499994278 0.04142673313617706 0.06419999897480011 -0.026496553793549538 0.047737643122673035 0.06419999897480011 0.005523595958948135 0.05431795120239258 0.06419999897480011 -0.005523595958948135 0.05431795120239258 0.06419999897480011 0.052855148911476135 0.01368514634668827 0.06419999897480011 0.05452800169587135 0.0027653472498059273 0.06419999897480011 0.02153107151389122 -0.0501733273267746 0.06419999897480011 0.010990511626005173 -0.05348045006394386 0.06419999897480011 -0.03877641260623932 -0.03685972839593887 0.06310192495584488 -0.03056284971535206 -0.04391084238886833 0.06310192495584488 -0.031190145760774612 -0.04481210559606552 0.06419999897480011 -0.02109803818166256 -0.049164243042469025 0.06310192495584488 -0.05288305506110191 -0.0081013860180974 0.06310192495584488 0.02596365474164486 0.04677754268050194 0.06310192495584488 0.03484842926263809 0.04059356078505516 0.06310192495584488 0.045402467250823975 -0.028299573808908463 0.06310192495584488 0.04230650141835213 0.032747671008110046 0.06310192495584488 0.04803254455327988 0.023561086505651474 0.06310192495584488 0.05179212614893913 0.013409910723567009 0.06310192495584488 0.05343133211135864 0.00270973052829504 0.06310192495584488 0.05288305506110191 -0.0081013860180974 0.06310192495584488 0.05016973987221718 -0.018580831587314606 0.06310192495584488 0.016015926375985146 0.051046449691057205 0.06310192495584488 0.005412505008280277 0.05322550982236862 0.06310192495584488 -0.005412505008280277 0.05322550982236862 0.06310192495584488 -0.016015926375985146 0.051046449691057205 0.06310192495584488 -0.02596365474164486 0.04677754268050194 0.06310192495584488 -0.05343133211135864 0.00270973052829504 0.06310192495584488 -0.05179212614893913 0.013409910723567009 0.06310192495584488 -0.04803254455327988 0.023561086505651474 0.06310192495584488 -0.04230650141835213 0.032747671008110046 0.06310192495584488 -0.03484842926263809 0.04059356078505516 0.06310192495584488 0.03877641260623932 -0.03685972839593887 0.06310192495584488 0.03056284971535206 -0.04391084238886833 0.06310192495584488 0.02109803818166256 -0.049164243042469025 0.06310192495584488 0.01076947059482336 -0.05240485072135925 0.06310192495584488 2.6026787160547174E-18 -0.05350000038743019 0.06310192495584488 -0.01076947059482336 -0.05240485072135925 0.06310192495584488 0.04317483305931091 0.033419810235500336 0.06419999897480011 0.04901840165257454 0.024044673889875412 0.06419999897480011 0.05396847054362297 -0.008267665281891823 0.06419999897480011 0.05119946226477623 -0.018962198868393898 0.06419999897480011 0.026496553793549538 0.047737643122673035 0.06419999897480011 0.016344649717211723 0.052094168961048126 0.06419999897480011 -0.016344649717211723 0.052094168961048126 0.06419999897480011 -0.04901840165257454 0.024044673889875412 0.06419999897480011 -0.04317483305931091 0.033419810235500336 0.06419999897480011 -0.046334344893693924 -0.028880417346954346 0.06419999897480011 -0.05119946226477623 -0.018962198868393898 0.06419999897480011 -0.05016973987221718 -0.018580831587314606 0.06310192495584488 -0.045402467250823975 -0.028299573808908463 0.06310192495584488 -0.03957229107618332 -0.037616267800331116 0.06419999897480011 0.03957229107618332 -0.037616267800331116 0.06419999897480011 0.031190145760774612 -0.04481210559606552 0.06419999897480011 2.6026787160547174E-18 -0.05459807440638542 0.06419999897480011 -0.010990511626005173 -0.05348045006394386 0.06419999897480011 0.046334344893693924 -0.028880417346954346 0.06419999897480011 0.03556368499994278 0.04142673313617706 0.06419999897480011 -0.05396847054362297 -0.008267665281891823 0.06419999897480011 -0.02153107151389122 -0.0501733273267746 0.06419999897480011 -0.031190145760774612 0.3051878809928894 0.06419999897480011 -0.03957229107618332 0.3123837411403656 0.06419999897480011 -0.04901840165257454 0.3740446865558624 0.06419999897480011 -0.04317483305931091 0.38341981172561646 0.06419999897480011 0.03957229107618332 0.3123837411403656 0.06419999897480011 0.005412505008280277 0.40322551131248474 0.06310192495584488 -0.005412505008280277 0.40322551131248474 0.06310192495584488 -0.005523595958948135 0.4043179452419281 0.06419999897480011 0.05343133211135864 0.35270974040031433 0.06310192495584488 0.05179212614893913 0.3634099066257477 0.06310192495584488 0.052855148911476135 0.36368516087532043 0.06419999897480011 -0.02109803818166256 0.3008357584476471 0.06310192495584488 -0.05288305506110191 0.3418986201286316 0.06310192495584488 -0.016015926375985146 0.4010464549064636 0.06310192495584488 0.04230650141835213 0.38274767994880676 0.06310192495584488 0.04803254455327988 0.3735610842704773 0.06310192495584488 0.045402467250823975 0.32170042395591736 0.06310192495584488 0.03877641260623932 0.31314027309417725 0.06310192495584488 0.03056284971535206 0.3060891628265381 0.06310192495584488 0.03484842926263809 0.390593558549881 0.06310192495584488 0.02596365474164486 0.39677754044532776 0.06310192495584488 -0.05343133211135864 0.35270974040031433 0.06310192495584488 -0.05179212614893913 0.3634099066257477 0.06310192495584488 -0.04803254455327988 0.3735610842704773 0.06310192495584488 -0.04230650141835213 0.38274767994880676 0.06310192495584488 -0.03484842926263809 0.390593558549881 0.06310192495584488 -0.02596365474164486 0.39677754044532776 0.06310192495584488 -0.03056284971535206 0.3060891628265381 0.06310192495584488 -0.03877641260623932 0.31314027309417725 0.06310192495584488 -0.045402467250823975 0.32170042395591736 0.06310192495584488 -0.05016973987221718 0.3314191699028015 0.06310192495584488 0.01076947059482336 0.29759514331817627 0.06310192495584488 0 0.29649999737739563 0.06310192495584488 -0.01076947059482336 0.29759514331817627 0.06310192495584488 0.05396847054362297 0.34173232316970825 0.06419999897480011 0.05119946226477623 0.3310377895832062 0.06419999897480011 0.05016973987221718 0.3314191699028015 0.06310192495584488 0.05288305506110191 0.3418986201286316 0.06310192495584488 0.05452800169587135 0.35276535153388977 0.06419999897480011 0.04317483305931091 0.38341981172561646 0.06419999897480011 0.03556368499994278 0.3914267420768738 0.06419999897480011 0.026496553793549538 0.39773765206336975 0.06419999897480011 0.016344649717211723 0.40209415555000305 0.06419999897480011 -0.05452800169587135 0.35276535153388977 0.06419999897480011 -0.052855148911476135 0.36368516087532043 0.06419999897480011 -0.03556368499994278 0.3914267420768738 0.06419999897480011 -0.026496553793549538 0.39773765206336975 0.06419999897480011 -0.046334344893693924 0.3211195766925812 0.06419999897480011 -0.05119946226477623 0.3310377895832062 0.06419999897480011 0.010990511626005173 0.29651954770088196 0.06419999897480011 0 0.295401930809021 0.06419999897480011 -0.010990511626005173 0.29651954770088196 0.06419999897480011 0.02153107151389122 0.2998266816139221 0.06419999897480011 0.02109803818166256 0.3008357584476471 0.06310192495584488 0.031190145760774612 0.3051878809928894 0.06419999897480011 0.046334344893693924 0.3211195766925812 0.06419999897480011 0.04901840165257454 0.3740446865558624 0.06419999897480011 0.005523595958948135 0.4043179452419281 0.06419999897480011 0.016015926375985146 0.4010464549064636 0.06310192495584488 -0.016344649717211723 0.40209415555000305 0.06419999897480011 -0.05396847054362297 0.34173232316970825 0.06419999897480011 -0.02153107151389122 0.2998266816139221 0.06419999897480011 -0.04463525488972664 0.06924579292535782 0.12543344497680664 -0.04463525488972664 0.1397366225719452 0.12768441438674927 -0.05379200726747513 -0.00035940355155617 0.1112072691321373 -0.05426584929227829 0.0697067603468895 0.11581388860940933 -0.05426584929227829 0.13989032804965973 0.11805505305528641 -0.05426584929227829 0.2101096659898758 0.11805505305528641 -0.05426584929227829 0.2802932560443878 0.11581388860940933 -0.0540851391851902 0.35036665201187134 0.11129800230264664 -0.0538581945002079 0.3504576086997986 0.11243531107902527 -0.05213525518774986 0.2804933786392212 0.11999061703681946 -0.05190522223711014 0.350690633058548 0.11534883826971054 -0.0529903806746006 -0.000597904494497925 0.11418946087360382 -0.05213525518774986 0.06950660794973373 0.11999061703681946 -0.05060660094022751 0.3508455753326416 0.11728617548942566 -0.048816777765750885 0.2806522250175476 0.1233052909374237 -0.048663076013326645 0.35094907879829407 0.118580661714077 -0.04463525488972664 0.2807542085647583 0.12543344497680664 -0.04574025049805641 0.3511047959327698 0.12052741646766663 -0.04459930956363678 0.3511228859424591 0.12075363844633102 -0.04463525488972664 0.21026338636875153 0.12768441438674927 -0.05213525518774986 0.21017640829086304 0.12223605066537857 -0.048816777765750885 0.21022938191890717 0.12555409967899323 -0.05213525518774986 0.13982358574867249 0.12223605066537857 -0.048816777765750885 0.13977062702178955 0.12555409967899323 -0.048816777765750885 0.06934776902198792 0.1233052909374237 -0.051904428750276566 -0.0006844772724434733 0.11527195572853088 -0.04858595132827759 -0.000949028180912137 0.11857987195253372 -0.04749999940395355 -0.0010356009006500244 0.11966236680746078 -0.04450828954577446 -0.0010995070915669203 0.12046144157648087 0.0540851391851902 0.35036665201187134 0.11129800230264664 0.0535198338329792 0.35615450143814087 0.11206261068582535 0.0538581945002079 0.3504576086997986 0.11243531107902527 0.048663076013326645 0.35094907879829407 0.118580661714077 0.05060660094022751 0.3508455753326416 0.11728617548942566 0.0502779595553875 0.3562059700489044 0.11689700186252594 0.05190522223711014 0.350690633058548 0.11534883826971054 0.04459930956363678 0.3511228859424591 0.12075363844633102 0.04574025049805641 0.3511047959327698 0.12052741646766663 0.04545454680919647 0.3559595048427582 0.120146244764328 0.05288541689515114 0.36031463742256165 0.11178427934646606 0.051129452884197235 0.36705082654953003 0.11132250726222992 0.048501525074243546 0.37354254722595215 0.11086450517177582 0.04655792936682701 0.3772028088569641 0.11060062050819397 0.042691804468631744 0.382964164018631 0.11017701029777527 0.038088295608758926 0.3882099390029907 0.10978249460458755 0.03507803753018379 0.3910006880760193 0.10956918448209763 0.02955552376806736 0.39515775442123413 0.10924701392650604 0.023507986217737198 0.3985917568206787 0.10897688567638397 0.019740842282772064 0.4002452492713928 0.10884551703929901 0.01318034902215004 0.4023565649986267 0.10867655277252197 0.006358049809932709 0.40361806750297546 0.10857494175434113 0.00220715650357306 0.4039495289325714 0.10854816436767578 -0.00467656459659338 0.40379130840301514 0.1085609495639801 -0.011533385142683983 0.40274497866630554 0.10864531993865967 -0.015621517784893513 0.40167874097824097 0.10873094946146011 -0.02207714319229126 0.39926037192344666 0.10892385989427567 -0.02821687050163746 0.39600884914398193 0.10918040573596954 -0.03174896165728569 0.39363834261894226 0.10936538875102997 -0.03706103190779686 0.3892107903957367 0.10970627516508102 -0.041797589510679245 0.38409554958343506 0.1100926324725151 -0.044339679181575775 0.38070160150527954 0.11034457385540009 -0.047902923077344894 0.3747442960739136 0.11077830940485 -0.050690121948719025 0.3683246076107025 0.11123364418745041 -0.053356416523456573 0.3574603497982025 0.11197580397129059 -0.051963675767183304 0.3642837107181549 0.11151385307312012 0.04967401549220085 0.3601188659667969 0.11660625785589218 0.044916991144418716 0.3595048785209656 0.11986152082681656 0.04801184684038162 0.36645179986953735 0.11612378060817719 0.04342767968773842 0.3652459383010864 0.11938903480768204 0.04553202912211418 0.3725513517856598 0.11564509570598602 0.041197631508111954 0.3707791864871979 0.11892028152942657 0.04370070993900299 0.3759889602661133 0.11536926031112671 0.0395478717982769 0.37389928102493286 0.1186501607298851 0.04006194323301315 0.38139739632606506 0.11492640525102615 0.03626558929681778 0.37881073355674744 0.11821646243333817 0.035733792930841446 0.38631924986839294 0.11451394110918045 0.03235650807619095 0.3832830786705017 0.11781250685453415 0.03290553018450737 0.3889366686344147 0.11429091542959213 0.02980000525712967 0.3856625556945801 0.11759406328201294 0.027719847857952118 0.3928341567516327 0.1139540821313858 0.025109410285949707 0.38920721411705017 0.11726411432027817 0.022044459357857704 0.3960524797439575 0.11367165297269821 0.01997227780520916 0.39213553071022034 0.116987444460392 0.01851043477654457 0.3976017236709595 0.11353430896997452 0.01677200011909008 0.39354562759399414 0.11685288697481155 0.012357634492218494 0.39957955479621887 0.11335766315460205 0.011198381893336773 0.3953462243080139 0.11667982488870621 0.005960831418633461 0.40076106786727905 0.11325144022703171 0.00540204020217061 0.3964221179485321 0.11657574027776718 0.0020692325197160244 0.4010714888572693 0.11322344094514847 0.0018752900650724769 0.3967048227787018 0.11654830724000931 -0.004384361207485199 0.40092331171035767 0.11323681473731995 -0.003973393235355616 0.3965698778629303 0.1165614053606987 -0.010813278146088123 0.39994335174560547 0.11332501471042633 -0.009799114428460598 0.39567747712135315 0.11664783209562302 -0.01464688777923584 0.398944616317749 0.11341453343629837 -0.013272374868392944 0.3947681486606598 0.11673554033041 -0.0207020603120327 0.39667898416519165 0.1136162206530571 -0.018756764009594917 0.3927057385444641 0.11693313717842102 -0.026463311165571213 0.3936319053173065 0.11388443410396576 -0.023972326889634132 0.3899329602718353 0.11719588935375214 -0.02977910079061985 0.3914097845554352 0.11407783627510071 -0.026972496882081032 0.3879115879535675 0.11738534271717072 -0.0347684845328331 0.38725802302360535 0.11443424224853516 -0.03148411586880684 0.3841364085674286 0.11773444712162018 -0.03922088444232941 0.3824591338634491 0.11483819037675858 -0.03550632297992706 0.3797752559185028 0.11813007295131683 -0.041612375527620316 0.37927377223968506 0.11510158330202103 -0.03766469657421112 0.376881867647171 0.11838802695274353 -0.04496781900525093 0.37368014454841614 0.11555500328540802 -0.04068955406546593 0.3718035817146301 0.1188320517539978 -0.047596849501132965 0.3676488995552063 0.11603091657161713 -0.04305493086576462 0.36633163690567017 0.11929809302091599 -0.04880061373114586 0.36385077238082886 0.11632373183965683 -0.044135358184576035 0.36288753151893616 0.1195848360657692 -0.050121940672397614 0.35743436217308044 0.11680632829666138 -0.045316148549318314 0.3570723533630371 0.12005744874477386 0.05248868092894554 -0.007490342017263174 0.11372048407793045 0.05111066251993179 -0.014204047620296478 0.11324892938137054 -0.05265096202492714 -0.00620521605014801 0.11380909383296967 -0.04719705879688263 -0.0060733589343726635 0.11927539855241776 -0.05202200263738632 -0.010299038141965866 0.11352498084306717 -0.05028688535094261 -0.016926057636737823 0.1130535826086998 -0.0476948618888855 -0.02331044152379036 0.11258596926927567 -0.045779481530189514 -0.026909250766038895 0.11231653392314911 -0.04197193682193756 -0.03257237374782562 0.11188399791717529 -0.037441011518239975 -0.03772713989019394 0.11148115992546082 -0.034479398280382156 -0.040468864142894745 0.11126334965229034 -0.02904793806374073 -0.0445520393550396 0.11093439161777496 -0.023102130740880966 -0.0479242317378521 0.11065856367349625 -0.019399156793951988 -0.04954772815108299 0.11052443832159042 -0.012951470911502838 -0.05162050947546959 0.11035192012786865 -0.00624742591753602 -0.05285884067416191 0.11024817824363708 -0.002168734325096011 -0.05318421497941017 0.11022083461284637 0.004595174919813871 -0.0530289001762867 0.11023388803005219 0.011332985945045948 -0.052001796662807465 0.11032003164291382 0.01535053364932537 -0.05095507949590683 0.11040745675563812 0.02169559895992279 -0.04858075827360153 0.110604427754879 0.027731643989682198 -0.0453878790140152 0.11086637526750565 0.031204964965581894 -0.04305974021553993 0.11105525493621826 0.03643025457859039 -0.03871046006679535 0.11140333116054535 0.041091617196798325 -0.03368425369262695 0.11179783940315247 0.043594516813755035 -0.03034859336912632 0.11205509305000305 0.047104835510253906 -0.02449209615588188 0.1124979704618454 0.04985329881310463 -0.018178945407271385 0.11296286433935165 0.05379200726747513 -0.00035940355155617 0.1112072691321373 0.0529903806746006 -0.000597904494497925 0.11418946087360382 0.051904428750276566 -0.0006844772724434733 0.11527195572853088 0.047051895409822464 -0.007227984722703695 0.11918524652719498 0.0458182655274868 -0.013260157778859138 0.1187053844332695 0.04469210281968117 -0.016831738874316216 0.11841422319412231 0.04222977161407471 -0.022504642605781555 0.1179409846663475 0.03908419981598854 -0.027767585590481758 0.11749009788036346 0.03684106469154358 -0.0307653546333313 0.11722815781831741 0.0326630063354969 -0.0352826826274395 0.11682642251253128 0.027978934347629547 -0.039191894233226776 0.11647194623947144 0.02486511878669262 -0.04128457233309746 0.11627957969903946 0.019453471526503563 -0.044154658913612366 0.11601279675960541 0.013764387927949429 -0.04628904163837433 0.11581217497587204 0.01016205083578825 -0.047230008989572525 0.1157231256365776 0.004120430443435907 -0.048153363168239594 0.11563538014888763 -0.0019446767400950193 -0.048292990773916245 0.11562208086252213 -0.0056019737385213375 -0.048000480979681015 0.11564993113279343 -0.011613277718424797 -0.046887241303920746 0.1157556027173996 -0.01739448308944702 -0.045023899525403976 0.11593131721019745 -0.020714540034532547 -0.04356449097394943 0.11606793105602264 -0.026045192033052444 -0.04053325578570366 0.11634885519742966 -0.030914273113012314 -0.036863137036561966 0.11668387800455093 -0.033569008111953735 -0.034398894757032394 0.11690568178892136 -0.03763004392385483 -0.029766088351607323 0.1173158809542656 -0.04104220122098923 -0.024676773697137833 0.11775627732276917 -0.04275842383503914 -0.021442795172333717 0.11803057789802551 -0.045080479234457016 -0.015705961734056473 0.11850656569004059 -0.0466342493891716 -0.009751512669026852 0.11898631602525711 0.04858595132827759 -0.000949028180912137 0.11857987195253372 0.04749999940395355 -0.0010356009006500244 0.11966236680746078 0.04450828954577446 -0.0010995070915669203 0.12046144157648087 0.05426584929227829 0.0697067603468895 0.11581388860940933 0.05213525518774986 0.2804933786392212 0.11999061703681946 0.048816777765750885 0.2806522250175476 0.1233052909374237 0.048816777765750885 0.06934776902198792 0.1233052909374237 0.04463525488972664 0.2807542085647583 0.12543344497680664 0.04463525488972664 0.21026338636875153 0.12768441438674927 0.04463525488972664 0.1397366225719452 0.12768441438674927 0.04463525488972664 0.06924579292535782 0.12543344497680664 0.048816777765750885 0.13977062702178955 0.12555409967899323 0.048816777765750885 0.21022938191890717 0.12555409967899323 0.05213525518774986 0.06950660794973373 0.11999061703681946 0.05213525518774986 0.13982358574867249 0.12223605066537857 0.05213525518774986 0.21017640829086304 0.12223605066537857 0.05426584929227829 0.13989032804965973 0.11805505305528641 0.05426584929227829 0.2101096659898758 0.11805505305528641 0.05426584929227829 0.2802932560443878 0.11581388860940933 </float_array>
          <technique_common>
            <accessor source="#mesh_1-position-array" count="1510" stride="3">
              <param name="X" type="float" />
              <param name="Y" type="float" />
              <param name="Z" type="float" />
            </accessor>
          </technique_common>
        </source>
        <source id="mesh_1-normal" name="normal">
          <float_array id="mesh_1-normal-array" count="3">0 0 0 </float_array>
          <technique_common>
            <accessor source="#mesh_1-normal-array" count="1" stride="3">
              <param name="X" type="float" />
              <param name="Y" type="float" />
              <param name="Z" type="float" />
            </accessor>
          </technique_common>
        </source>
        <vertices id="mesh_1-vertices">
          <input semantic="POSITION" source="#mesh_1-position" />
        </vertices>
        <triangles material="default" count="3014">
          <input semantic="VERTEX" source="#mesh_1-vertices" offset="0" />
          <input semantic="NORMAL" source="#mesh_1-normal" offset="1" />
          <p>0 0 1 0 2 0 3 0 4 0 5 0 5 0 4 0 6 0 5 0 6 0 7 0 7 0 6 0 8 0 9 0 10 0 11 0 10 0 9 0 12 0 13 0 0 0 14 0 0 0 13 0 15 0 0 0 15 0 1 0 16 0 17 0 18 0 18 0 17 0 19 0 20 0 21 0 22 0 23 0 24 0 25 0 25 0 26 0 23 0 23 0 26 0 27 0 23 0 27 0 28 0 28 0 27 0 29 0 28 0 29 0 3 0 3 0 29 0 30 0 3 0 30 0 4 0 21 0 16 0 22 0 22 0 16 0 18 0 22 0 18 0 31 0 31 0 18 0 19 0 31 0 19 0 32 0 32 0 19 0 17 0 32 0 17 0 33 0 34 0 35 0 36 0 36 0 35 0 14 0 36 0 14 0 9 0 14 0 0 0 9 0 9 0 0 0 12 0 12 0 0 0 2 0 34 0 36 0 37 0 37 0 36 0 9 0 37 0 9 0 38 0 38 0 9 0 11 0 38 0 11 0 39 0 40 0 13 0 41 0 41 0 13 0 14 0 41 0 14 0 33 0 33 0 14 0 35 0 33 0 35 0 32 0 32 0 35 0 34 0 39 0 8 0 38 0 38 0 8 0 6 0 38 0 6 0 37 0 37 0 6 0 4 0 37 0 4 0 34 0 34 0 4 0 30 0 34 0 30 0 32 0 32 0 30 0 29 0 32 0 29 0 31 0 31 0 29 0 27 0 31 0 27 0 22 0 22 0 27 0 26 0 22 0 26 0 20 0 20 0 26 0 25 0 20 0 25 0 42 0 42 0 25 0 24 0 42 0 24 0 43 0 44 0 45 0 46 0 5 0 47 0 3 0 3 0 47 0 44 0 46 0 48 0 49 0 44 0 46 0 3 0 3 0 46 0 49 0 3 0 49 0 28 0 24 0 23 0 50 0 24 0 50 0 43 0 51 0 52 0 50 0 50 0 52 0 53 0 50 0 53 0 43 0 48 0 51 0 49 0 49 0 51 0 50 0 49 0 50 0 28 0 28 0 50 0 23 0 54 0 55 0 56 0 56 0 55 0 57 0 58 0 2 0 1 0 59 0 60 0 61 0 61 0 60 0 55 0 61 0 55 0 54 0 13 0 40 0 59 0 59 0 40 0 62 0 59 0 62 0 60 0 58 0 1 0 59 0 59 0 1 0 15 0 59 0 15 0 13 0 63 0 64 0 65 0 65 0 64 0 66 0 67 0 63 0 68 0 68 0 63 0 65 0 68 0 65 0 69 0 69 0 65 0 66 0 69 0 66 0 70 0 70 0 66 0 17 0 71 0 72 0 73 0 73 0 72 0 74 0 73 0 74 0 75 0 73 0 20 0 42 0 71 0 73 0 76 0 76 0 73 0 42 0 76 0 42 0 43 0 20 0 73 0 21 0 21 0 73 0 75 0 21 0 75 0 16 0 77 0 78 0 79 0 79 0 78 0 80 0 79 0 80 0 81 0 81 0 80 0 74 0 81 0 74 0 82 0 82 0 74 0 72 0 83 0 60 0 84 0 84 0 60 0 62 0 62 0 40 0 84 0 84 0 40 0 41 0 84 0 41 0 33 0 17 0 66 0 33 0 33 0 66 0 64 0 33 0 64 0 84 0 84 0 64 0 63 0 84 0 63 0 83 0 83 0 63 0 67 0 83 0 67 0 85 0 77 0 85 0 78 0 78 0 85 0 67 0 78 0 67 0 80 0 80 0 67 0 68 0 80 0 68 0 74 0 74 0 68 0 69 0 74 0 69 0 75 0 75 0 69 0 70 0 75 0 70 0 16 0 16 0 70 0 17 0 81 0 82 0 86 0 87 0 88 0 89 0 90 0 91 0 92 0 93 0 94 0 95 0 96 0 97 0 98 0 98 0 97 0 99 0 98 0 99 0 89 0 89 0 99 0 100 0 89 0 100 0 87 0 76 0 43 0 101 0 72 0 71 0 102 0 102 0 71 0 103 0 102 0 103 0 104 0 81 0 86 0 79 0 79 0 86 0 105 0 79 0 105 0 106 0 82 0 72 0 86 0 86 0 72 0 102 0 86 0 102 0 90 0 90 0 102 0 104 0 90 0 104 0 91 0 95 0 92 0 93 0 93 0 92 0 91 0 93 0 91 0 107 0 107 0 91 0 104 0 107 0 104 0 108 0 108 0 104 0 103 0 108 0 103 0 101 0 101 0 103 0 71 0 101 0 71 0 76 0 109 0 110 0 111 0 111 0 110 0 112 0 111 0 112 0 113 0 113 0 85 0 106 0 106 0 85 0 77 0 106 0 77 0 79 0 114 0 115 0 96 0 96 0 115 0 109 0 96 0 109 0 97 0 97 0 109 0 111 0 97 0 111 0 99 0 99 0 111 0 113 0 99 0 113 0 100 0 100 0 113 0 116 0 100 0 116 0 87 0 113 0 106 0 116 0 116 0 106 0 105 0 116 0 105 0 87 0 87 0 105 0 86 0 87 0 86 0 88 0 88 0 86 0 90 0 88 0 90 0 89 0 89 0 90 0 92 0 89 0 92 0 98 0 98 0 92 0 95 0 98 0 95 0 96 0 96 0 95 0 94 0 96 0 94 0 114 0 117 0 118 0 112 0 119 0 120 0 121 0 121 0 120 0 122 0 121 0 122 0 115 0 115 0 122 0 123 0 115 0 123 0 109 0 109 0 123 0 110 0 110 0 123 0 112 0 112 0 123 0 124 0 112 0 124 0 117 0 125 0 118 0 126 0 126 0 118 0 117 0 126 0 117 0 124 0 127 0 128 0 129 0 130 0 131 0 132 0 132 0 131 0 133 0 132 0 133 0 134 0 134 0 133 0 135 0 134 0 135 0 136 0 136 0 127 0 134 0 134 0 127 0 129 0 134 0 129 0 132 0 132 0 129 0 137 0 132 0 137 0 130 0 130 0 137 0 114 0 138 0 139 0 140 0 140 0 139 0 141 0 140 0 141 0 142 0 143 0 144 0 145 0 145 0 144 0 146 0 145 0 146 0 138 0 138 0 146 0 147 0 138 0 147 0 139 0 101 0 148 0 108 0 108 0 148 0 149 0 108 0 149 0 107 0 107 0 149 0 150 0 107 0 150 0 93 0 128 0 119 0 129 0 129 0 119 0 121 0 129 0 121 0 137 0 137 0 121 0 115 0 137 0 115 0 114 0 151 0 152 0 136 0 136 0 152 0 153 0 136 0 153 0 127 0 94 0 93 0 154 0 154 0 93 0 150 0 154 0 150 0 141 0 141 0 150 0 149 0 141 0 149 0 142 0 142 0 149 0 148 0 142 0 148 0 155 0 155 0 148 0 101 0 155 0 101 0 43 0 114 0 94 0 130 0 130 0 94 0 154 0 130 0 154 0 131 0 131 0 154 0 141 0 131 0 141 0 133 0 133 0 141 0 139 0 133 0 139 0 135 0 135 0 139 0 147 0 135 0 147 0 136 0 136 0 147 0 146 0 136 0 146 0 151 0 151 0 146 0 144 0 156 0 143 0 145 0 157 0 158 0 159 0 159 0 158 0 160 0 159 0 160 0 161 0 161 0 160 0 142 0 156 0 145 0 162 0 163 0 162 0 164 0 164 0 162 0 145 0 164 0 145 0 165 0 165 0 145 0 138 0 165 0 138 0 160 0 160 0 138 0 140 0 160 0 140 0 142 0 166 0 167 0 168 0 166 0 168 0 169 0 169 0 168 0 170 0 169 0 170 0 171 0 171 0 170 0 172 0 171 0 172 0 173 0 173 0 172 0 174 0 173 0 174 0 175 0 175 0 174 0 176 0 175 0 176 0 177 0 177 0 176 0 178 0 177 0 178 0 179 0 180 0 181 0 182 0 178 0 183 0 179 0 179 0 183 0 180 0 179 0 180 0 184 0 184 0 180 0 182 0 155 0 43 0 185 0 185 0 43 0 53 0 158 0 185 0 186 0 186 0 185 0 53 0 186 0 53 0 52 0 158 0 157 0 185 0 185 0 157 0 159 0 185 0 159 0 155 0 155 0 159 0 161 0 155 0 161 0 142 0 187 0 188 0 189 0 189 0 188 0 190 0 189 0 190 0 191 0 189 0 191 0 192 0 193 0 194 0 195 0 195 0 194 0 196 0 195 0 196 0 197 0 197 0 196 0 198 0 197 0 198 0 199 0 199 0 198 0 192 0 192 0 198 0 187 0 192 0 187 0 189 0 200 0 201 0 202 0 203 0 204 0 205 0 206 0 207 0 208 0 209 0 210 0 211 0 211 0 210 0 212 0 211 0 212 0 202 0 202 0 212 0 213 0 202 0 213 0 200 0 214 0 215 0 216 0 216 0 215 0 217 0 216 0 217 0 218 0 219 0 220 0 221 0 221 0 220 0 222 0 221 0 222 0 223 0 222 0 214 0 223 0 223 0 214 0 216 0 223 0 216 0 203 0 203 0 216 0 218 0 203 0 218 0 204 0 208 0 205 0 206 0 206 0 205 0 204 0 206 0 204 0 224 0 224 0 204 0 218 0 224 0 218 0 225 0 225 0 218 0 217 0 225 0 217 0 226 0 226 0 217 0 215 0 226 0 215 0 227 0 199 0 192 0 228 0 228 0 192 0 229 0 230 0 231 0 232 0 232 0 231 0 229 0 232 0 229 0 233 0 219 0 221 0 234 0 234 0 221 0 235 0 234 0 235 0 230 0 236 0 197 0 209 0 209 0 197 0 199 0 209 0 199 0 210 0 210 0 199 0 228 0 210 0 228 0 212 0 212 0 228 0 229 0 212 0 229 0 213 0 213 0 229 0 231 0 213 0 231 0 200 0 230 0 235 0 231 0 231 0 235 0 221 0 231 0 221 0 200 0 200 0 221 0 223 0 200 0 223 0 201 0 201 0 223 0 203 0 201 0 203 0 202 0 202 0 203 0 205 0 202 0 205 0 211 0 211 0 205 0 208 0 211 0 208 0 209 0 209 0 208 0 207 0 209 0 207 0 236 0 237 0 238 0 239 0 188 0 240 0 190 0 238 0 241 0 239 0 239 0 241 0 240 0 239 0 240 0 188 0 242 0 237 0 243 0 243 0 237 0 239 0 243 0 239 0 188 0 244 0 245 0 246 0 246 0 245 0 247 0 246 0 247 0 248 0 248 0 247 0 249 0 248 0 249 0 250 0 250 0 249 0 251 0 250 0 251 0 252 0 252 0 251 0 242 0 252 0 242 0 253 0 253 0 242 0 243 0 253 0 243 0 254 0 254 0 243 0 188 0 56 0 255 0 256 0 56 0 256 0 54 0 54 0 256 0 257 0 54 0 257 0 61 0 58 0 59 0 2 0 2 0 59 0 61 0 2 0 61 0 258 0 258 0 61 0 257 0 259 0 260 0 56 0 261 0 262 0 260 0 56 0 260 0 263 0 263 0 260 0 264 0 264 0 260 0 262 0 264 0 262 0 265 0 265 0 262 0 266 0 265 0 266 0 267 0 267 0 266 0 268 0 267 0 268 0 269 0 269 0 268 0 270 0 269 0 270 0 271 0 271 0 270 0 272 0 271 0 272 0 273 0 56 0 274 0 275 0 261 0 260 0 276 0 276 0 260 0 259 0 276 0 259 0 275 0 275 0 259 0 56 0 57 0 274 0 56 0 277 0 278 0 279 0 280 0 281 0 277 0 282 0 283 0 284 0 284 0 283 0 285 0 284 0 285 0 255 0 286 0 287 0 288 0 288 0 287 0 289 0 288 0 289 0 290 0 290 0 289 0 291 0 290 0 291 0 284 0 284 0 291 0 292 0 284 0 292 0 282 0 282 0 292 0 293 0 294 0 295 0 286 0 286 0 295 0 296 0 286 0 296 0 287 0 280 0 277 0 297 0 297 0 277 0 279 0 297 0 279 0 298 0 299 0 300 0 301 0 301 0 300 0 302 0 303 0 304 0 305 0 303 0 305 0 306 0 306 0 305 0 307 0 306 0 307 0 302 0 302 0 307 0 308 0 302 0 308 0 301 0 298 0 309 0 297 0 297 0 309 0 310 0 297 0 310 0 311 0 311 0 310 0 312 0 311 0 312 0 303 0 303 0 312 0 313 0 303 0 313 0 304 0 281 0 314 0 277 0 277 0 314 0 278 0 255 0 315 0 284 0 284 0 315 0 316 0 284 0 316 0 290 0 290 0 316 0 317 0 290 0 317 0 288 0 288 0 317 0 318 0 288 0 318 0 286 0 286 0 318 0 319 0 286 0 319 0 294 0 300 0 293 0 302 0 302 0 293 0 292 0 302 0 292 0 306 0 306 0 292 0 291 0 306 0 291 0 303 0 303 0 291 0 289 0 303 0 289 0 311 0 311 0 289 0 287 0 311 0 287 0 297 0 297 0 287 0 296 0 297 0 296 0 280 0 283 0 282 0 320 0 256 0 255 0 321 0 321 0 255 0 285 0 321 0 285 0 322 0 322 0 285 0 283 0 322 0 283 0 323 0 323 0 283 0 320 0 324 0 325 0 326 0 326 0 325 0 299 0 299 0 325 0 300 0 300 0 325 0 327 0 300 0 327 0 293 0 293 0 327 0 328 0 293 0 328 0 282 0 282 0 328 0 329 0 282 0 329 0 320 0 257 0 256 0 321 0 327 0 45 0 328 0 328 0 45 0 44 0 328 0 44 0 329 0 329 0 44 0 320 0 12 0 2 0 258 0 258 0 257 0 12 0 12 0 257 0 321 0 12 0 321 0 10 0 10 0 321 0 11 0 324 0 330 0 325 0 325 0 330 0 331 0 325 0 331 0 327 0 327 0 331 0 332 0 327 0 332 0 45 0 7 0 8 0 321 0 321 0 8 0 39 0 321 0 39 0 11 0 44 0 47 0 320 0 320 0 47 0 5 0 320 0 5 0 323 0 323 0 5 0 7 0 323 0 7 0 322 0 322 0 7 0 321 0 333 0 48 0 46 0 331 0 330 0 334 0 46 0 45 0 332 0 332 0 331 0 46 0 46 0 331 0 334 0 46 0 334 0 333 0 333 0 334 0 335 0 333 0 335 0 336 0 337 0 52 0 51 0 51 0 48 0 333 0 338 0 337 0 339 0 339 0 337 0 51 0 339 0 51 0 340 0 340 0 51 0 333 0 340 0 333 0 336 0 341 0 342 0 343 0 343 0 342 0 344 0 343 0 344 0 345 0 233 0 229 0 346 0 233 0 346 0 347 0 229 0 192 0 346 0 346 0 192 0 191 0 346 0 191 0 348 0 348 0 191 0 190 0 349 0 350 0 351 0 351 0 350 0 352 0 344 0 347 0 345 0 345 0 347 0 346 0 345 0 346 0 353 0 353 0 346 0 354 0 353 0 354 0 355 0 355 0 354 0 356 0 355 0 356 0 357 0 357 0 356 0 358 0 357 0 358 0 359 0 359 0 358 0 360 0 359 0 360 0 361 0 361 0 360 0 362 0 361 0 362 0 363 0 363 0 362 0 364 0 363 0 364 0 352 0 352 0 364 0 365 0 352 0 365 0 351 0 60 0 349 0 55 0 55 0 349 0 366 0 55 0 366 0 57 0 118 0 125 0 367 0 60 0 83 0 349 0 349 0 83 0 85 0 349 0 85 0 350 0 350 0 85 0 113 0 350 0 113 0 367 0 367 0 113 0 112 0 367 0 112 0 118 0 123 0 122 0 124 0 124 0 122 0 120 0 124 0 120 0 119 0 119 0 368 0 124 0 124 0 368 0 369 0 124 0 369 0 126 0 126 0 369 0 167 0 126 0 167 0 166 0 370 0 371 0 372 0 372 0 371 0 165 0 165 0 371 0 164 0 164 0 371 0 373 0 164 0 373 0 163 0 160 0 374 0 165 0 165 0 374 0 375 0 165 0 375 0 372 0 160 0 158 0 374 0 374 0 158 0 376 0 374 0 376 0 377 0 168 0 167 0 369 0 368 0 119 0 128 0 163 0 373 0 183 0 378 0 156 0 162 0 163 0 183 0 162 0 162 0 183 0 178 0 162 0 178 0 378 0 368 0 128 0 369 0 128 0 127 0 379 0 379 0 127 0 153 0 379 0 153 0 152 0 128 0 379 0 369 0 369 0 379 0 170 0 369 0 170 0 168 0 152 0 151 0 379 0 379 0 151 0 144 0 379 0 144 0 378 0 378 0 144 0 143 0 378 0 143 0 156 0 371 0 370 0 380 0 373 0 371 0 183 0 183 0 371 0 380 0 183 0 380 0 180 0 180 0 380 0 181 0 178 0 176 0 378 0 378 0 176 0 174 0 378 0 174 0 379 0 379 0 174 0 172 0 379 0 172 0 170 0 381 0 382 0 383 0 173 0 175 0 384 0 385 0 386 0 387 0 177 0 179 0 388 0 388 0 179 0 184 0 389 0 390 0 391 0 389 0 391 0 392 0 390 0 389 0 393 0 393 0 389 0 388 0 393 0 388 0 394 0 394 0 388 0 184 0 394 0 184 0 182 0 175 0 177 0 384 0 384 0 177 0 388 0 384 0 388 0 395 0 395 0 388 0 389 0 395 0 389 0 396 0 396 0 389 0 392 0 396 0 392 0 397 0 397 0 392 0 398 0 397 0 398 0 399 0 400 0 401 0 402 0 382 0 403 0 383 0 383 0 403 0 404 0 383 0 404 0 400 0 400 0 404 0 405 0 400 0 405 0 406 0 171 0 387 0 169 0 169 0 387 0 386 0 169 0 386 0 166 0 405 0 407 0 406 0 406 0 407 0 408 0 406 0 408 0 409 0 409 0 408 0 410 0 410 0 411 0 409 0 409 0 411 0 412 0 409 0 412 0 413 0 413 0 412 0 414 0 413 0 414 0 387 0 387 0 414 0 415 0 387 0 415 0 385 0 400 0 402 0 383 0 383 0 402 0 416 0 383 0 416 0 381 0 391 0 417 0 392 0 392 0 417 0 418 0 392 0 418 0 398 0 398 0 418 0 419 0 398 0 419 0 399 0 171 0 173 0 387 0 387 0 173 0 384 0 387 0 384 0 413 0 413 0 384 0 395 0 413 0 395 0 409 0 409 0 395 0 396 0 409 0 396 0 406 0 406 0 396 0 397 0 406 0 397 0 400 0 400 0 397 0 399 0 400 0 399 0 401 0 376 0 158 0 186 0 377 0 376 0 420 0 420 0 376 0 186 0 420 0 186 0 421 0 421 0 186 0 422 0 186 0 52 0 337 0 422 0 186 0 423 0 423 0 186 0 337 0 423 0 337 0 338 0 424 0 425 0 426 0 427 0 227 0 215 0 428 0 429 0 430 0 430 0 429 0 431 0 432 0 433 0 434 0 434 0 433 0 435 0 425 0 436 0 427 0 436 0 425 0 437 0 437 0 425 0 424 0 437 0 424 0 438 0 427 0 215 0 425 0 425 0 215 0 214 0 425 0 214 0 426 0 426 0 214 0 222 0 426 0 222 0 439 0 439 0 222 0 220 0 439 0 220 0 440 0 441 0 431 0 435 0 435 0 431 0 429 0 435 0 429 0 434 0 434 0 429 0 428 0 434 0 428 0 347 0 347 0 344 0 434 0 434 0 344 0 442 0 434 0 442 0 432 0 432 0 442 0 443 0 432 0 443 0 444 0 220 0 219 0 440 0 440 0 219 0 234 0 440 0 234 0 230 0 441 0 445 0 431 0 431 0 445 0 446 0 431 0 446 0 430 0 430 0 446 0 447 0 430 0 447 0 428 0 428 0 447 0 448 0 428 0 448 0 347 0 347 0 448 0 232 0 347 0 232 0 233 0 230 0 232 0 440 0 440 0 232 0 448 0 440 0 448 0 439 0 439 0 448 0 447 0 439 0 447 0 426 0 426 0 447 0 446 0 426 0 446 0 424 0 424 0 446 0 445 0 424 0 445 0 438 0 438 0 445 0 441 0 449 0 450 0 451 0 444 0 443 0 452 0 449 0 451 0 452 0 452 0 451 0 453 0 452 0 453 0 444 0 443 0 442 0 452 0 452 0 442 0 344 0 452 0 344 0 454 0 454 0 344 0 342 0 454 0 342 0 455 0 341 0 456 0 342 0 342 0 456 0 455 0 457 0 458 0 459 0 460 0 461 0 462 0 227 0 460 0 459 0 227 0 459 0 463 0 463 0 459 0 458 0 463 0 458 0 464 0 460 0 462 0 459 0 459 0 462 0 465 0 459 0 465 0 457 0 198 0 196 0 187 0 187 0 196 0 194 0 187 0 194 0 193 0 193 0 466 0 187 0 187 0 466 0 467 0 187 0 467 0 188 0 188 0 467 0 468 0 188 0 468 0 469 0 470 0 471 0 472 0 473 0 474 0 475 0 475 0 474 0 476 0 475 0 476 0 477 0 477 0 476 0 478 0 477 0 478 0 479 0 479 0 470 0 477 0 477 0 470 0 472 0 477 0 472 0 475 0 475 0 472 0 480 0 475 0 480 0 473 0 473 0 480 0 236 0 481 0 482 0 483 0 483 0 482 0 484 0 483 0 484 0 464 0 485 0 486 0 487 0 487 0 486 0 488 0 487 0 488 0 481 0 481 0 488 0 489 0 481 0 489 0 482 0 226 0 490 0 225 0 225 0 490 0 491 0 225 0 491 0 224 0 224 0 491 0 492 0 224 0 492 0 206 0 471 0 193 0 472 0 472 0 193 0 195 0 472 0 195 0 480 0 480 0 195 0 197 0 480 0 197 0 236 0 493 0 494 0 479 0 479 0 494 0 495 0 479 0 495 0 470 0 207 0 206 0 496 0 496 0 206 0 492 0 496 0 492 0 484 0 484 0 492 0 491 0 484 0 491 0 464 0 464 0 491 0 490 0 464 0 490 0 463 0 463 0 490 0 226 0 463 0 226 0 227 0 236 0 207 0 473 0 473 0 207 0 496 0 473 0 496 0 474 0 474 0 496 0 484 0 474 0 484 0 476 0 476 0 484 0 482 0 476 0 482 0 478 0 478 0 482 0 489 0 478 0 489 0 479 0 479 0 489 0 488 0 479 0 488 0 493 0 493 0 488 0 486 0 497 0 485 0 487 0 464 0 458 0 498 0 498 0 458 0 457 0 498 0 457 0 465 0 497 0 487 0 499 0 500 0 499 0 501 0 501 0 499 0 487 0 501 0 487 0 502 0 502 0 487 0 481 0 502 0 481 0 498 0 498 0 481 0 483 0 498 0 483 0 464 0 469 0 468 0 503 0 469 0 503 0 504 0 504 0 503 0 505 0 504 0 505 0 506 0 506 0 505 0 507 0 506 0 507 0 508 0 508 0 507 0 509 0 508 0 509 0 510 0 510 0 509 0 511 0 510 0 511 0 512 0 512 0 511 0 513 0 512 0 513 0 514 0 515 0 516 0 517 0 513 0 518 0 514 0 514 0 518 0 515 0 514 0 515 0 519 0 519 0 515 0 517 0 520 0 521 0 254 0 522 0 523 0 244 0 524 0 525 0 246 0 246 0 525 0 526 0 246 0 526 0 244 0 244 0 526 0 527 0 244 0 527 0 522 0 528 0 529 0 248 0 248 0 529 0 246 0 246 0 529 0 530 0 246 0 530 0 524 0 254 0 521 0 253 0 253 0 521 0 252 0 252 0 521 0 531 0 252 0 531 0 532 0 248 0 250 0 528 0 528 0 250 0 252 0 528 0 252 0 533 0 533 0 252 0 532 0 188 0 469 0 254 0 254 0 469 0 534 0 254 0 534 0 520 0 247 0 245 0 535 0 536 0 537 0 360 0 238 0 538 0 241 0 241 0 538 0 348 0 241 0 348 0 240 0 240 0 348 0 190 0 360 0 358 0 536 0 536 0 358 0 356 0 536 0 356 0 539 0 539 0 356 0 354 0 539 0 354 0 538 0 538 0 354 0 346 0 538 0 346 0 348 0 237 0 242 0 540 0 540 0 242 0 251 0 540 0 251 0 249 0 541 0 537 0 542 0 542 0 537 0 536 0 542 0 536 0 543 0 543 0 536 0 539 0 543 0 539 0 540 0 540 0 539 0 538 0 540 0 538 0 237 0 237 0 538 0 238 0 544 0 541 0 545 0 545 0 541 0 542 0 545 0 542 0 546 0 546 0 542 0 543 0 546 0 543 0 535 0 535 0 543 0 540 0 535 0 540 0 247 0 247 0 540 0 249 0 547 0 544 0 548 0 548 0 544 0 545 0 548 0 545 0 549 0 549 0 545 0 546 0 549 0 546 0 550 0 550 0 546 0 535 0 550 0 535 0 244 0 244 0 535 0 245 0 274 0 57 0 366 0 551 0 552 0 351 0 360 0 537 0 362 0 362 0 537 0 553 0 362 0 553 0 364 0 364 0 553 0 551 0 364 0 551 0 365 0 365 0 551 0 351 0 262 0 261 0 554 0 554 0 261 0 276 0 554 0 276 0 275 0 275 0 274 0 554 0 554 0 274 0 366 0 554 0 366 0 552 0 552 0 366 0 349 0 552 0 349 0 351 0 266 0 262 0 555 0 555 0 262 0 554 0 555 0 554 0 556 0 556 0 554 0 552 0 556 0 552 0 557 0 557 0 552 0 551 0 557 0 551 0 558 0 558 0 551 0 553 0 558 0 553 0 541 0 541 0 553 0 537 0 272 0 270 0 555 0 555 0 270 0 268 0 555 0 268 0 266 0 559 0 560 0 561 0 561 0 560 0 562 0 561 0 562 0 563 0 563 0 562 0 564 0 563 0 564 0 565 0 565 0 564 0 566 0 565 0 566 0 547 0 547 0 566 0 544 0 541 0 544 0 558 0 558 0 544 0 566 0 558 0 566 0 557 0 557 0 566 0 564 0 557 0 564 0 556 0 556 0 564 0 562 0 556 0 562 0 555 0 555 0 562 0 560 0 555 0 560 0 272 0 272 0 560 0 559 0 272 0 559 0 273 0 319 0 318 0 265 0 265 0 318 0 317 0 265 0 317 0 264 0 264 0 317 0 316 0 264 0 316 0 263 0 263 0 316 0 315 0 263 0 315 0 56 0 56 0 315 0 255 0 319 0 265 0 294 0 294 0 265 0 267 0 294 0 267 0 295 0 295 0 267 0 269 0 295 0 269 0 271 0 273 0 278 0 314 0 314 0 281 0 273 0 273 0 281 0 280 0 273 0 280 0 271 0 271 0 280 0 296 0 271 0 296 0 295 0 567 0 568 0 569 0 569 0 568 0 570 0 569 0 570 0 571 0 571 0 572 0 569 0 569 0 572 0 573 0 569 0 573 0 574 0 574 0 575 0 569 0 569 0 575 0 576 0 569 0 576 0 577 0 577 0 578 0 569 0 569 0 578 0 579 0 569 0 579 0 580 0 580 0 581 0 569 0 569 0 581 0 582 0 569 0 582 0 583 0 583 0 584 0 569 0 569 0 584 0 585 0 569 0 585 0 586 0 586 0 587 0 569 0 569 0 587 0 588 0 569 0 588 0 589 0 589 0 590 0 569 0 569 0 590 0 591 0 569 0 591 0 592 0 592 0 593 0 569 0 569 0 593 0 594 0 569 0 594 0 595 0 595 0 596 0 569 0 569 0 596 0 597 0 569 0 597 0 567 0 598 0 599 0 600 0 601 0 602 0 603 0 603 0 602 0 604 0 603 0 604 0 605 0 605 0 606 0 603 0 603 0 606 0 607 0 603 0 607 0 608 0 608 0 609 0 603 0 603 0 609 0 610 0 603 0 610 0 611 0 611 0 612 0 603 0 603 0 612 0 613 0 603 0 613 0 614 0 614 0 615 0 603 0 603 0 615 0 616 0 603 0 616 0 598 0 598 0 600 0 603 0 603 0 600 0 617 0 603 0 617 0 618 0 618 0 619 0 603 0 603 0 619 0 620 0 603 0 620 0 621 0 621 0 622 0 603 0 603 0 622 0 623 0 603 0 623 0 624 0 624 0 625 0 603 0 603 0 625 0 626 0 603 0 626 0 627 0 627 0 628 0 603 0 603 0 628 0 629 0 603 0 629 0 601 0 599 0 598 0 630 0 630 0 598 0 631 0 630 0 631 0 632 0 632 0 631 0 633 0 632 0 633 0 634 0 634 0 633 0 635 0 634 0 635 0 636 0 636 0 635 0 637 0 636 0 637 0 638 0 638 0 637 0 639 0 638 0 639 0 640 0 640 0 639 0 641 0 640 0 641 0 583 0 583 0 641 0 642 0 583 0 642 0 584 0 385 0 415 0 643 0 407 0 644 0 408 0 408 0 644 0 645 0 408 0 645 0 410 0 407 0 405 0 644 0 644 0 405 0 404 0 644 0 404 0 646 0 646 0 404 0 403 0 646 0 403 0 382 0 643 0 415 0 647 0 645 0 648 0 410 0 410 0 648 0 649 0 410 0 649 0 411 0 411 0 649 0 412 0 647 0 415 0 649 0 649 0 415 0 414 0 649 0 414 0 412 0 126 0 166 0 643 0 643 0 166 0 386 0 643 0 386 0 385 0 278 0 650 0 651 0 181 0 652 0 653 0 375 0 374 0 654 0 298 0 655 0 309 0 309 0 655 0 656 0 309 0 656 0 310 0 279 0 657 0 298 0 298 0 657 0 658 0 298 0 658 0 655 0 659 0 305 0 304 0 659 0 304 0 660 0 660 0 304 0 313 0 660 0 313 0 656 0 656 0 313 0 312 0 656 0 312 0 310 0 661 0 326 0 299 0 661 0 299 0 662 0 299 0 301 0 662 0 662 0 301 0 308 0 662 0 308 0 659 0 659 0 308 0 307 0 659 0 307 0 305 0 326 0 661 0 324 0 324 0 661 0 663 0 324 0 663 0 330 0 330 0 663 0 664 0 330 0 664 0 334 0 334 0 664 0 665 0 334 0 665 0 335 0 335 0 665 0 336 0 336 0 665 0 666 0 336 0 666 0 340 0 340 0 666 0 667 0 340 0 667 0 339 0 339 0 667 0 338 0 338 0 667 0 668 0 338 0 668 0 423 0 668 0 669 0 423 0 423 0 669 0 670 0 423 0 670 0 422 0 422 0 670 0 421 0 654 0 374 0 671 0 671 0 374 0 377 0 671 0 377 0 670 0 670 0 377 0 420 0 670 0 420 0 421 0 653 0 652 0 672 0 672 0 652 0 673 0 673 0 652 0 370 0 673 0 370 0 654 0 654 0 370 0 372 0 654 0 372 0 375 0 674 0 675 0 390 0 390 0 393 0 674 0 674 0 393 0 394 0 674 0 394 0 653 0 653 0 394 0 182 0 653 0 182 0 181 0 676 0 677 0 419 0 419 0 418 0 676 0 676 0 418 0 417 0 676 0 417 0 675 0 675 0 417 0 391 0 675 0 391 0 390 0 678 0 416 0 679 0 679 0 416 0 402 0 679 0 402 0 680 0 680 0 402 0 401 0 680 0 401 0 677 0 677 0 401 0 399 0 677 0 399 0 419 0 681 0 382 0 678 0 678 0 382 0 381 0 678 0 381 0 416 0 682 0 683 0 681 0 681 0 683 0 684 0 681 0 684 0 382 0 382 0 684 0 685 0 382 0 685 0 686 0 687 0 688 0 689 0 689 0 688 0 690 0 689 0 690 0 691 0 691 0 690 0 692 0 691 0 692 0 682 0 682 0 692 0 693 0 682 0 693 0 683 0 694 0 695 0 696 0 694 0 696 0 697 0 697 0 696 0 698 0 697 0 698 0 699 0 698 0 700 0 699 0 699 0 700 0 701 0 699 0 701 0 702 0 702 0 701 0 703 0 702 0 703 0 687 0 687 0 703 0 704 0 687 0 704 0 688 0 695 0 694 0 705 0 705 0 694 0 706 0 705 0 706 0 707 0 707 0 706 0 708 0 707 0 708 0 709 0 709 0 708 0 710 0 709 0 710 0 711 0 711 0 710 0 712 0 712 0 710 0 713 0 712 0 713 0 714 0 714 0 713 0 715 0 714 0 715 0 716 0 717 0 718 0 715 0 715 0 718 0 719 0 715 0 719 0 716 0 715 0 720 0 717 0 717 0 720 0 721 0 717 0 721 0 722 0 722 0 721 0 723 0 722 0 723 0 724 0 724 0 723 0 725 0 724 0 725 0 726 0 726 0 725 0 727 0 728 0 729 0 730 0 730 0 729 0 731 0 730 0 731 0 727 0 727 0 731 0 732 0 727 0 732 0 726 0 733 0 734 0 735 0 735 0 734 0 736 0 735 0 736 0 737 0 737 0 736 0 738 0 737 0 738 0 728 0 728 0 738 0 739 0 728 0 739 0 729 0 279 0 278 0 657 0 657 0 278 0 651 0 657 0 651 0 740 0 740 0 651 0 741 0 740 0 741 0 733 0 733 0 741 0 742 0 733 0 742 0 734 0 743 0 744 0 456 0 745 0 746 0 747 0 747 0 746 0 748 0 747 0 748 0 749 0 749 0 748 0 750 0 749 0 750 0 751 0 751 0 750 0 752 0 751 0 752 0 456 0 456 0 752 0 753 0 456 0 753 0 743 0 754 0 755 0 756 0 745 0 747 0 757 0 757 0 747 0 758 0 757 0 758 0 756 0 756 0 758 0 759 0 756 0 759 0 754 0 760 0 761 0 762 0 762 0 763 0 760 0 760 0 763 0 764 0 760 0 764 0 754 0 754 0 764 0 765 0 754 0 765 0 755 0 766 0 767 0 768 0 769 0 770 0 771 0 772 0 773 0 774 0 774 0 773 0 775 0 774 0 775 0 776 0 776 0 775 0 777 0 769 0 771 0 778 0 453 0 451 0 771 0 771 0 451 0 779 0 771 0 779 0 778 0 436 0 437 0 780 0 780 0 437 0 438 0 780 0 438 0 781 0 781 0 438 0 441 0 782 0 783 0 784 0 784 0 785 0 782 0 782 0 785 0 786 0 782 0 786 0 787 0 787 0 786 0 788 0 787 0 788 0 772 0 772 0 788 0 789 0 772 0 789 0 773 0 451 0 450 0 779 0 779 0 450 0 790 0 779 0 790 0 778 0 778 0 790 0 791 0 778 0 791 0 792 0 768 0 770 0 793 0 793 0 770 0 769 0 793 0 769 0 794 0 794 0 769 0 778 0 794 0 778 0 795 0 795 0 778 0 792 0 795 0 792 0 796 0 444 0 453 0 432 0 432 0 453 0 771 0 432 0 771 0 433 0 433 0 771 0 770 0 433 0 770 0 435 0 435 0 770 0 768 0 435 0 768 0 441 0 441 0 768 0 767 0 441 0 767 0 781 0 781 0 767 0 766 0 781 0 766 0 780 0 796 0 777 0 795 0 795 0 777 0 775 0 795 0 775 0 794 0 794 0 775 0 773 0 794 0 773 0 793 0 793 0 773 0 789 0 793 0 789 0 768 0 768 0 789 0 788 0 768 0 788 0 766 0 766 0 788 0 786 0 766 0 786 0 780 0 780 0 786 0 785 0 780 0 785 0 436 0 436 0 785 0 784 0 436 0 784 0 427 0 427 0 784 0 783 0 427 0 783 0 227 0 456 0 744 0 797 0 456 0 797 0 455 0 455 0 797 0 798 0 455 0 798 0 454 0 449 0 452 0 450 0 450 0 452 0 454 0 450 0 454 0 799 0 799 0 454 0 798 0 800 0 801 0 802 0 774 0 803 0 772 0 772 0 803 0 800 0 802 0 804 0 805 0 800 0 802 0 772 0 772 0 802 0 805 0 772 0 805 0 787 0 783 0 782 0 806 0 783 0 806 0 227 0 807 0 461 0 806 0 806 0 461 0 460 0 806 0 460 0 227 0 804 0 807 0 805 0 805 0 807 0 806 0 805 0 806 0 787 0 787 0 806 0 782 0 808 0 465 0 462 0 809 0 810 0 808 0 809 0 808 0 811 0 811 0 808 0 462 0 811 0 462 0 812 0 462 0 461 0 813 0 812 0 462 0 814 0 814 0 462 0 813 0 814 0 813 0 815 0 816 0 500 0 501 0 817 0 818 0 819 0 819 0 818 0 820 0 498 0 821 0 502 0 502 0 821 0 820 0 502 0 820 0 501 0 501 0 820 0 818 0 501 0 818 0 816 0 498 0 465 0 821 0 821 0 465 0 808 0 821 0 808 0 810 0 503 0 468 0 467 0 466 0 193 0 471 0 518 0 513 0 499 0 499 0 513 0 822 0 499 0 822 0 497 0 466 0 471 0 467 0 471 0 470 0 823 0 823 0 470 0 495 0 823 0 495 0 494 0 471 0 823 0 467 0 467 0 823 0 505 0 467 0 505 0 503 0 494 0 493 0 823 0 823 0 493 0 486 0 823 0 486 0 822 0 822 0 486 0 485 0 822 0 485 0 497 0 499 0 500 0 518 0 518 0 500 0 816 0 518 0 816 0 515 0 515 0 816 0 818 0 515 0 818 0 516 0 516 0 818 0 817 0 513 0 511 0 822 0 822 0 511 0 509 0 822 0 509 0 823 0 823 0 509 0 507 0 823 0 507 0 505 0 508 0 510 0 824 0 520 0 534 0 825 0 517 0 826 0 519 0 519 0 826 0 827 0 519 0 827 0 514 0 514 0 827 0 512 0 828 0 829 0 830 0 830 0 829 0 831 0 830 0 831 0 832 0 832 0 831 0 827 0 832 0 827 0 833 0 833 0 827 0 826 0 510 0 512 0 824 0 824 0 512 0 827 0 824 0 827 0 834 0 834 0 827 0 831 0 834 0 831 0 835 0 835 0 831 0 829 0 835 0 829 0 836 0 836 0 829 0 837 0 836 0 837 0 838 0 839 0 840 0 841 0 841 0 840 0 842 0 842 0 524 0 843 0 524 0 842 0 525 0 525 0 842 0 840 0 525 0 840 0 526 0 506 0 825 0 504 0 504 0 825 0 534 0 504 0 534 0 469 0 844 0 533 0 532 0 844 0 532 0 845 0 845 0 532 0 531 0 845 0 531 0 825 0 825 0 531 0 521 0 825 0 521 0 520 0 524 0 530 0 843 0 843 0 530 0 529 0 843 0 529 0 844 0 844 0 529 0 528 0 844 0 528 0 533 0 839 0 846 0 840 0 840 0 846 0 847 0 840 0 847 0 523 0 828 0 848 0 829 0 829 0 848 0 849 0 829 0 849 0 837 0 837 0 849 0 850 0 837 0 850 0 838 0 523 0 522 0 840 0 840 0 522 0 527 0 840 0 527 0 526 0 506 0 508 0 825 0 825 0 508 0 824 0 825 0 824 0 845 0 845 0 824 0 834 0 845 0 834 0 844 0 844 0 834 0 835 0 844 0 835 0 843 0 843 0 835 0 836 0 843 0 836 0 842 0 842 0 836 0 838 0 842 0 838 0 841 0 523 0 851 0 244 0 244 0 851 0 852 0 244 0 852 0 550 0 563 0 853 0 561 0 561 0 853 0 854 0 561 0 854 0 559 0 650 0 278 0 854 0 854 0 278 0 273 0 854 0 273 0 559 0 563 0 565 0 853 0 853 0 565 0 547 0 853 0 547 0 855 0 855 0 547 0 548 0 855 0 548 0 852 0 852 0 548 0 549 0 852 0 549 0 550 0 856 0 857 0 858 0 858 0 857 0 859 0 858 0 859 0 860 0 860 0 859 0 861 0 860 0 861 0 862 0 382 0 686 0 646 0 646 0 686 0 857 0 646 0 857 0 863 0 863 0 857 0 856 0 862 0 861 0 864 0 864 0 861 0 865 0 864 0 865 0 866 0 867 0 761 0 865 0 865 0 761 0 760 0 865 0 760 0 866 0 743 0 753 0 868 0 744 0 743 0 869 0 869 0 743 0 868 0 869 0 868 0 870 0 870 0 868 0 871 0 746 0 872 0 748 0 748 0 872 0 873 0 748 0 873 0 750 0 750 0 873 0 868 0 750 0 868 0 752 0 752 0 868 0 753 0 755 0 765 0 874 0 874 0 765 0 875 0 874 0 875 0 872 0 872 0 875 0 876 0 872 0 876 0 873 0 873 0 876 0 877 0 873 0 877 0 868 0 868 0 877 0 878 0 868 0 878 0 871 0 871 0 878 0 879 0 764 0 880 0 881 0 882 0 883 0 884 0 884 0 883 0 885 0 884 0 885 0 886 0 881 0 887 0 888 0 888 0 887 0 889 0 888 0 889 0 890 0 890 0 889 0 891 0 891 0 892 0 890 0 890 0 892 0 893 0 890 0 893 0 894 0 894 0 893 0 895 0 894 0 895 0 885 0 885 0 895 0 896 0 885 0 896 0 886 0 764 0 763 0 880 0 880 0 763 0 762 0 880 0 762 0 761 0 746 0 745 0 872 0 872 0 745 0 757 0 872 0 757 0 874 0 874 0 757 0 756 0 874 0 756 0 755 0 761 0 897 0 880 0 880 0 897 0 898 0 880 0 898 0 881 0 881 0 898 0 899 0 881 0 899 0 887 0 883 0 879 0 885 0 885 0 879 0 878 0 885 0 878 0 894 0 894 0 878 0 877 0 894 0 877 0 890 0 890 0 877 0 876 0 890 0 876 0 888 0 888 0 876 0 875 0 888 0 875 0 881 0 881 0 875 0 765 0 881 0 765 0 764 0 870 0 871 0 900 0 797 0 744 0 901 0 901 0 744 0 869 0 901 0 869 0 902 0 902 0 869 0 870 0 902 0 870 0 903 0 903 0 870 0 900 0 882 0 904 0 905 0 882 0 905 0 883 0 883 0 905 0 906 0 883 0 906 0 879 0 879 0 906 0 907 0 879 0 907 0 871 0 871 0 907 0 908 0 871 0 908 0 900 0 798 0 797 0 901 0 906 0 801 0 907 0 907 0 801 0 800 0 907 0 800 0 908 0 908 0 800 0 900 0 790 0 450 0 799 0 799 0 798 0 790 0 790 0 798 0 901 0 790 0 901 0 791 0 791 0 901 0 792 0 904 0 909 0 905 0 905 0 909 0 910 0 905 0 910 0 906 0 906 0 910 0 911 0 906 0 911 0 801 0 776 0 777 0 901 0 901 0 777 0 796 0 901 0 796 0 792 0 800 0 803 0 900 0 900 0 803 0 774 0 900 0 774 0 903 0 903 0 774 0 776 0 903 0 776 0 902 0 902 0 776 0 901 0 912 0 804 0 802 0 910 0 909 0 913 0 910 0 913 0 911 0 914 0 912 0 915 0 915 0 912 0 802 0 915 0 802 0 913 0 913 0 802 0 801 0 913 0 801 0 911 0 813 0 461 0 807 0 912 0 914 0 916 0 815 0 813 0 917 0 917 0 813 0 807 0 917 0 807 0 916 0 916 0 807 0 804 0 916 0 804 0 912 0 867 0 918 0 761 0 761 0 918 0 919 0 761 0 919 0 897 0 897 0 919 0 920 0 897 0 920 0 898 0 921 0 891 0 922 0 922 0 891 0 889 0 922 0 889 0 923 0 923 0 889 0 887 0 923 0 887 0 920 0 920 0 887 0 899 0 920 0 899 0 898 0 896 0 924 0 886 0 886 0 924 0 925 0 886 0 925 0 884 0 896 0 895 0 924 0 924 0 895 0 893 0 924 0 893 0 921 0 921 0 893 0 892 0 921 0 892 0 891 0 884 0 925 0 882 0 882 0 925 0 926 0 882 0 926 0 904 0 904 0 926 0 927 0 904 0 927 0 909 0 909 0 927 0 928 0 909 0 928 0 913 0 913 0 928 0 915 0 915 0 928 0 929 0 915 0 929 0 914 0 914 0 929 0 930 0 914 0 930 0 916 0 916 0 930 0 917 0 917 0 930 0 931 0 917 0 931 0 815 0 815 0 931 0 932 0 815 0 932 0 814 0 814 0 932 0 933 0 814 0 933 0 812 0 934 0 935 0 821 0 821 0 810 0 934 0 934 0 810 0 809 0 934 0 809 0 933 0 933 0 809 0 811 0 933 0 811 0 812 0 936 0 937 0 826 0 826 0 517 0 936 0 936 0 517 0 516 0 936 0 516 0 938 0 938 0 516 0 817 0 938 0 817 0 939 0 939 0 817 0 819 0 939 0 819 0 935 0 935 0 819 0 820 0 935 0 820 0 821 0 940 0 848 0 828 0 940 0 828 0 941 0 828 0 830 0 941 0 941 0 830 0 832 0 941 0 832 0 937 0 937 0 832 0 833 0 937 0 833 0 826 0 942 0 841 0 943 0 943 0 841 0 838 0 943 0 838 0 944 0 944 0 838 0 850 0 944 0 850 0 940 0 940 0 850 0 849 0 940 0 849 0 848 0 847 0 846 0 942 0 942 0 846 0 839 0 942 0 839 0 841 0 942 0 945 0 847 0 847 0 945 0 946 0 847 0 946 0 523 0 523 0 946 0 947 0 523 0 947 0 851 0 948 0 949 0 950 0 950 0 951 0 948 0 948 0 951 0 952 0 948 0 952 0 946 0 946 0 952 0 953 0 946 0 953 0 947 0 954 0 955 0 956 0 956 0 955 0 957 0 956 0 957 0 958 0 957 0 959 0 958 0 958 0 959 0 960 0 958 0 960 0 961 0 961 0 960 0 962 0 961 0 962 0 963 0 963 0 962 0 964 0 963 0 964 0 949 0 949 0 964 0 965 0 949 0 965 0 950 0 966 0 967 0 968 0 968 0 967 0 969 0 968 0 969 0 970 0 970 0 969 0 971 0 970 0 971 0 954 0 954 0 971 0 972 0 954 0 972 0 955 0 973 0 974 0 975 0 975 0 974 0 976 0 975 0 976 0 966 0 966 0 976 0 977 0 966 0 977 0 967 0 978 0 979 0 980 0 980 0 979 0 981 0 980 0 981 0 973 0 973 0 981 0 982 0 973 0 982 0 974 0 983 0 984 0 985 0 985 0 984 0 986 0 985 0 986 0 987 0 987 0 986 0 988 0 987 0 988 0 978 0 978 0 988 0 989 0 978 0 989 0 979 0 990 0 991 0 992 0 992 0 991 0 993 0 992 0 993 0 983 0 983 0 993 0 994 0 983 0 994 0 984 0 995 0 996 0 997 0 997 0 996 0 998 0 997 0 998 0 999 0 999 0 998 0 1000 0 999 0 1000 0 990 0 990 0 1000 0 1001 0 990 0 1001 0 991 0 867 0 1002 0 918 0 918 0 1002 0 1003 0 918 0 1003 0 1004 0 1003 0 1005 0 1004 0 1004 0 1005 0 1006 0 1004 0 1006 0 995 0 995 0 1006 0 1007 0 995 0 1007 0 996 0 1008 0 1009 0 1010 0 1011 0 1012 0 1013 0 1013 0 1012 0 1014 0 1013 0 1014 0 1009 0 1009 0 1014 0 1015 0 1009 0 1015 0 1010 0 1016 0 1017 0 1018 0 1010 0 1019 0 1008 0 1008 0 1019 0 1020 0 1008 0 1020 0 1021 0 1021 0 1020 0 1022 0 1021 0 1022 0 1023 0 1023 0 1022 0 1024 0 1023 0 1024 0 1025 0 1026 0 1027 0 1028 0 1029 0 1030 0 1031 0 1028 0 1032 0 1026 0 1026 0 1032 0 1033 0 1026 0 1033 0 1034 0 1034 0 1033 0 1035 0 1034 0 1035 0 1011 0 1011 0 1035 0 1036 0 1011 0 1036 0 1012 0 1037 0 1038 0 1039 0 1039 0 1038 0 1040 0 1039 0 1040 0 1030 0 1030 0 1040 0 1041 0 1030 0 1041 0 1031 0 1024 0 1042 0 1025 0 1025 0 1042 0 1043 0 1025 0 1043 0 1044 0 1044 0 1043 0 1045 0 1044 0 1045 0 1017 0 1017 0 1045 0 1046 0 1017 0 1046 0 1018 0 1031 0 1047 0 1029 0 1029 0 1047 0 1048 0 1029 0 1048 0 1049 0 1049 0 1048 0 1050 0 1049 0 1050 0 1051 0 1051 0 1050 0 1052 0 1051 0 1052 0 1027 0 1027 0 1052 0 1053 0 1027 0 1053 0 1028 0 1018 0 1054 0 1016 0 1016 0 1054 0 1055 0 1016 0 1055 0 1056 0 1056 0 1055 0 1057 0 1056 0 1057 0 1037 0 1037 0 1057 0 1058 0 1037 0 1058 0 1038 0 1059 0 1060 0 1061 0 1062 0 1063 0 1064 0 1065 0 1066 0 1067 0 1068 0 1069 0 1070 0 1071 0 1072 0 1073 0 1073 0 1072 0 1074 0 1073 0 1074 0 1069 0 1069 0 1074 0 1075 0 1069 0 1075 0 1070 0 1070 0 1076 0 1068 0 1068 0 1076 0 1077 0 1068 0 1077 0 1078 0 1078 0 1077 0 1079 0 1078 0 1079 0 1080 0 1080 0 1079 0 1081 0 1080 0 1081 0 1063 0 1063 0 1081 0 1082 0 1063 0 1082 0 1064 0 1067 0 1083 0 1065 0 1065 0 1083 0 1084 0 1065 0 1084 0 1085 0 1085 0 1084 0 1086 0 1085 0 1086 0 1071 0 1071 0 1086 0 1087 0 1071 0 1087 0 1072 0 1088 0 1089 0 1090 0 1090 0 1089 0 1091 0 1090 0 1091 0 1066 0 1066 0 1091 0 1092 0 1066 0 1092 0 1067 0 1093 0 1094 0 1095 0 1095 0 1094 0 1096 0 1095 0 1096 0 1060 0 1060 0 1096 0 1097 0 1060 0 1097 0 1061 0 1064 0 1098 0 1062 0 1062 0 1098 0 1099 0 1062 0 1099 0 1100 0 1100 0 1099 0 1101 0 1100 0 1101 0 1093 0 1093 0 1101 0 1102 0 1093 0 1102 0 1094 0 1061 0 1103 0 1059 0 1059 0 1103 0 1104 0 1059 0 1104 0 1105 0 1105 0 1104 0 1106 0 1105 0 1106 0 1107 0 1107 0 1106 0 1108 0 1107 0 1108 0 1088 0 1088 0 1108 0 1109 0 1088 0 1109 0 1089 0 1110 0 1111 0 1112 0 1113 0 1114 0 1115 0 1115 0 1114 0 1116 0 1115 0 1116 0 1117 0 1118 0 1119 0 1120 0 1120 0 1119 0 1121 0 1122 0 1123 0 1124 0 1124 0 1123 0 1125 0 1124 0 1125 0 1120 0 1118 0 1120 0 1115 0 1115 0 1120 0 1126 0 1115 0 1126 0 1113 0 1117 0 1116 0 1112 0 1112 0 1116 0 1127 0 1112 0 1127 0 1110 0 1121 0 1128 0 1120 0 1120 0 1128 0 1129 0 1120 0 1129 0 1124 0 1111 0 1059 0 1112 0 1112 0 1059 0 1105 0 1112 0 1105 0 1117 0 1117 0 1105 0 1107 0 1117 0 1107 0 1115 0 1115 0 1107 0 1088 0 1115 0 1088 0 1118 0 1118 0 1088 0 1090 0 1118 0 1090 0 1119 0 1119 0 1090 0 1066 0 1119 0 1066 0 1121 0 1121 0 1066 0 1065 0 1121 0 1065 0 1128 0 1128 0 1065 0 1085 0 1128 0 1085 0 1129 0 1129 0 1085 0 1071 0 1129 0 1071 0 1124 0 1124 0 1071 0 1073 0 1124 0 1073 0 1122 0 1122 0 1073 0 1069 0 1122 0 1069 0 1123 0 1123 0 1069 0 1068 0 1123 0 1068 0 1125 0 1125 0 1068 0 1078 0 1125 0 1078 0 1120 0 1120 0 1078 0 1080 0 1120 0 1080 0 1126 0 1126 0 1080 0 1063 0 1126 0 1063 0 1113 0 1113 0 1063 0 1062 0 1113 0 1062 0 1114 0 1114 0 1062 0 1100 0 1114 0 1100 0 1116 0 1116 0 1100 0 1093 0 1116 0 1093 0 1127 0 1127 0 1093 0 1095 0 1127 0 1095 0 1110 0 1110 0 1095 0 1060 0 1110 0 1060 0 1111 0 1111 0 1060 0 1059 0 1130 0 1131 0 1132 0 1130 0 1133 0 1131 0 1131 0 1133 0 1134 0 1131 0 1134 0 1135 0 1136 0 1137 0 1138 0 1132 0 1139 0 1130 0 1130 0 1139 0 1137 0 1130 0 1137 0 1140 0 1140 0 1137 0 1136 0 1135 0 1141 0 1131 0 1131 0 1141 0 1142 0 1131 0 1142 0 1143 0 1143 0 1144 0 1131 0 1131 0 1144 0 1145 0 1131 0 1145 0 1146 0 1138 0 1147 0 1136 0 1136 0 1147 0 1148 0 1136 0 1148 0 1149 0 1148 0 1008 0 1149 0 1149 0 1008 0 1021 0 1149 0 1021 0 1136 0 1136 0 1021 0 1023 0 1136 0 1023 0 1140 0 1140 0 1023 0 1025 0 1140 0 1025 0 1130 0 1130 0 1025 0 1044 0 1130 0 1044 0 1133 0 1133 0 1044 0 1017 0 1133 0 1017 0 1134 0 1134 0 1017 0 1016 0 1134 0 1016 0 1135 0 1135 0 1016 0 1056 0 1135 0 1056 0 1141 0 1141 0 1056 0 1037 0 1141 0 1037 0 1142 0 1142 0 1037 0 1039 0 1142 0 1039 0 1143 0 1143 0 1039 0 1030 0 1143 0 1030 0 1144 0 1144 0 1030 0 1029 0 1144 0 1029 0 1145 0 1145 0 1029 0 1049 0 1145 0 1049 0 1146 0 1146 0 1049 0 1051 0 1146 0 1051 0 1131 0 1131 0 1051 0 1027 0 1131 0 1027 0 1132 0 1132 0 1027 0 1026 0 1132 0 1026 0 1139 0 1139 0 1026 0 1034 0 1139 0 1034 0 1137 0 1137 0 1034 0 1011 0 1137 0 1011 0 1138 0 1138 0 1011 0 1013 0 1138 0 1013 0 1147 0 1147 0 1013 0 1009 0 1147 0 1009 0 1148 0 1148 0 1009 0 1008 0 1150 0 1151 0 456 0 1152 0 1153 0 1151 0 1154 0 760 0 754 0 456 0 1155 0 1156 0 1152 0 1151 0 1157 0 1157 0 1151 0 1150 0 1157 0 1150 0 1156 0 1156 0 1150 0 456 0 341 0 1155 0 456 0 1154 0 754 0 1158 0 1158 0 754 0 759 0 1158 0 759 0 1159 0 1159 0 759 0 758 0 1159 0 758 0 1160 0 1160 0 758 0 747 0 1160 0 747 0 1153 0 1153 0 747 0 749 0 1153 0 749 0 1151 0 1151 0 749 0 751 0 1151 0 751 0 456 0 1161 0 1162 0 1163 0 1164 0 1165 0 1166 0 1153 0 1152 0 1167 0 1168 0 1169 0 1170 0 1155 0 341 0 343 0 1152 0 1157 0 1167 0 1167 0 1157 0 1156 0 1167 0 1156 0 1155 0 1155 0 343 0 1167 0 1167 0 343 0 345 0 1167 0 345 0 1171 0 1171 0 345 0 353 0 1171 0 353 0 1172 0 353 0 355 0 1172 0 1172 0 355 0 357 0 1172 0 357 0 1173 0 1173 0 357 0 359 0 1173 0 359 0 1174 0 359 0 361 0 1174 0 1174 0 361 0 363 0 1174 0 363 0 1175 0 1175 0 363 0 352 0 1175 0 352 0 1170 0 1170 0 352 0 350 0 1170 0 350 0 367 0 1168 0 1170 0 1176 0 1176 0 1170 0 1177 0 1177 0 1170 0 367 0 1177 0 367 0 125 0 1164 0 1166 0 1178 0 1169 0 1178 0 1170 0 1170 0 1178 0 1166 0 1170 0 1166 0 1175 0 1175 0 1166 0 1179 0 1175 0 1179 0 1174 0 1174 0 1179 0 1180 0 1174 0 1180 0 1173 0 1173 0 1180 0 1181 0 1173 0 1181 0 1172 0 1172 0 1181 0 1182 0 1172 0 1182 0 1171 0 1171 0 1182 0 1183 0 1171 0 1183 0 1167 0 1167 0 1183 0 1184 0 1167 0 1184 0 1153 0 1153 0 1184 0 1160 0 1154 0 1158 0 1184 0 1184 0 1158 0 1159 0 1184 0 1159 0 1160 0 1165 0 1161 0 1166 0 1166 0 1161 0 1163 0 1166 0 1163 0 1179 0 1179 0 1163 0 1185 0 1179 0 1185 0 1180 0 1180 0 1185 0 1186 0 1180 0 1186 0 1181 0 1181 0 1186 0 1187 0 1181 0 1187 0 1182 0 1182 0 1187 0 1188 0 1182 0 1188 0 1183 0 1183 0 1188 0 1189 0 1183 0 1189 0 1184 0 1184 0 1189 0 1190 0 1184 0 1190 0 1154 0 1162 0 646 0 1163 0 1163 0 646 0 863 0 1163 0 863 0 1185 0 1185 0 863 0 856 0 1185 0 856 0 1186 0 1186 0 856 0 858 0 1186 0 858 0 1187 0 1187 0 858 0 860 0 1187 0 860 0 1188 0 1188 0 860 0 862 0 1188 0 862 0 1189 0 1189 0 862 0 864 0 1189 0 864 0 1190 0 1190 0 864 0 866 0 1190 0 866 0 1154 0 1154 0 866 0 760 0 644 0 646 0 1162 0 1169 0 1168 0 1191 0 125 0 126 0 1177 0 1168 0 1176 0 1191 0 1191 0 1176 0 1177 0 1191 0 1177 0 126 0 1178 0 1169 0 1192 0 1192 0 1169 0 1191 0 1192 0 1191 0 126 0 644 0 1162 0 645 0 1162 0 1161 0 645 0 645 0 1161 0 1165 0 645 0 1165 0 648 0 648 0 1165 0 1164 0 648 0 1164 0 649 0 649 0 1164 0 1178 0 649 0 1178 0 647 0 647 0 1178 0 1192 0 647 0 1192 0 643 0 643 0 1192 0 126 0 678 0 679 0 1193 0 1193 0 679 0 1194 0 653 0 672 0 1195 0 1195 0 672 0 1196 0 1197 0 1198 0 669 0 656 0 655 0 1199 0 1199 0 655 0 1200 0 723 0 721 0 1201 0 1201 0 721 0 1202 0 1203 0 1204 0 1205 0 1024 0 1022 0 1206 0 1018 0 1046 0 1207 0 1050 0 1048 0 1208 0 1052 0 1050 0 1209 0 1012 0 1036 0 1210 0 1052 0 1211 0 1053 0 1053 0 1211 0 1212 0 1053 0 1212 0 1028 0 1028 0 1212 0 1213 0 1028 0 1213 0 1032 0 1032 0 1213 0 1214 0 1032 0 1214 0 1033 0 1033 0 1214 0 1215 0 1033 0 1215 0 1035 0 1035 0 1215 0 1216 0 1035 0 1216 0 1036 0 1208 0 1048 0 1217 0 1217 0 1048 0 1047 0 1217 0 1047 0 1218 0 1218 0 1047 0 1031 0 1218 0 1031 0 1219 0 1219 0 1031 0 1041 0 1219 0 1041 0 1220 0 1220 0 1041 0 1040 0 1220 0 1040 0 1221 0 1018 0 1222 0 1054 0 1054 0 1222 0 1223 0 1054 0 1223 0 1055 0 1055 0 1223 0 1224 0 1055 0 1224 0 1057 0 1057 0 1224 0 1225 0 1057 0 1225 0 1058 0 1058 0 1225 0 1226 0 1058 0 1226 0 1038 0 1024 0 1204 0 1042 0 1042 0 1204 0 1203 0 1042 0 1203 0 1043 0 1012 0 1227 0 1014 0 1014 0 1227 0 1228 0 1014 0 1228 0 1015 0 1015 0 1228 0 1229 0 1015 0 1229 0 1010 0 1010 0 1229 0 1230 0 1010 0 1230 0 1019 0 1019 0 1230 0 1231 0 1019 0 1231 0 1020 0 1020 0 1231 0 1232 0 1020 0 1232 0 1022 0 1211 0 1233 0 1212 0 1212 0 1233 0 1234 0 1212 0 1234 0 1213 0 1213 0 1234 0 1199 0 1213 0 1199 0 1214 0 1214 0 1199 0 1200 0 1214 0 1200 0 1215 0 1215 0 1200 0 1235 0 1215 0 1235 0 1216 0 1216 0 1235 0 1236 0 1237 0 1208 0 1238 0 1238 0 1208 0 1217 0 1238 0 1217 0 1197 0 1197 0 1217 0 1218 0 1197 0 1218 0 1198 0 1198 0 1218 0 1219 0 1198 0 1219 0 1239 0 1239 0 1219 0 1220 0 1239 0 1220 0 1196 0 1196 0 1220 0 1221 0 1196 0 1221 0 1195 0 1222 0 1193 0 1223 0 1223 0 1193 0 1194 0 1223 0 1194 0 1224 0 1224 0 1194 0 1240 0 1224 0 1240 0 1225 0 1225 0 1240 0 1241 0 1225 0 1241 0 1226 0 1242 0 1243 0 1244 0 1046 0 1045 0 1244 0 1244 0 1045 0 1245 0 1244 0 1245 0 1242 0 1242 0 1245 0 1246 0 1227 0 1247 0 1228 0 1228 0 1247 0 1248 0 1228 0 1248 0 1229 0 1229 0 1248 0 1201 0 1229 0 1201 0 1230 0 1230 0 1201 0 1202 0 1230 0 1202 0 1231 0 1231 0 1202 0 1249 0 1231 0 1249 0 1232 0 1232 0 1249 0 1250 0 723 0 1201 0 725 0 725 0 1201 0 1248 0 725 0 1248 0 727 0 727 0 1248 0 1247 0 727 0 1247 0 730 0 1251 0 737 0 728 0 1012 0 1210 0 1227 0 1227 0 1210 0 1251 0 1227 0 1251 0 1247 0 1247 0 1251 0 728 0 1247 0 728 0 730 0 1036 0 1216 0 1210 0 1210 0 1216 0 1236 0 1210 0 1236 0 1251 0 1251 0 1236 0 735 0 1251 0 735 0 737 0 655 0 658 0 1200 0 1200 0 658 0 657 0 1200 0 657 0 1235 0 1235 0 657 0 740 0 1235 0 740 0 1236 0 1236 0 740 0 733 0 1236 0 733 0 735 0 656 0 1199 0 660 0 660 0 1199 0 1234 0 660 0 1234 0 659 0 659 0 1234 0 1233 0 659 0 1233 0 662 0 1252 0 663 0 661 0 1052 0 1209 0 1211 0 1211 0 1209 0 1252 0 1211 0 1252 0 1233 0 1233 0 1252 0 661 0 1233 0 661 0 662 0 1050 0 1208 0 1209 0 1209 0 1208 0 1237 0 1209 0 1237 0 1252 0 1252 0 1237 0 664 0 1252 0 664 0 663 0 669 0 668 0 1197 0 1197 0 668 0 667 0 1197 0 667 0 1238 0 1238 0 667 0 666 0 1238 0 666 0 1237 0 1237 0 666 0 665 0 1237 0 665 0 664 0 672 0 673 0 1196 0 1196 0 673 0 654 0 1196 0 654 0 1239 0 1239 0 654 0 671 0 1239 0 671 0 1198 0 1198 0 671 0 670 0 1198 0 670 0 669 0 674 0 653 0 1241 0 1241 0 653 0 1195 0 1241 0 1195 0 1226 0 1226 0 1195 0 1221 0 1226 0 1221 0 1038 0 1038 0 1221 0 1040 0 679 0 680 0 1194 0 1194 0 680 0 677 0 1194 0 677 0 1240 0 1240 0 677 0 676 0 1240 0 676 0 1241 0 1241 0 676 0 675 0 1241 0 675 0 674 0 1018 0 1207 0 1222 0 1222 0 1207 0 1253 0 1222 0 1253 0 1193 0 1193 0 1253 0 681 0 1193 0 681 0 678 0 1046 0 1244 0 1207 0 1207 0 1244 0 1243 0 1207 0 1243 0 1253 0 1253 0 1243 0 682 0 1253 0 682 0 681 0 699 0 702 0 1246 0 1246 0 702 0 687 0 1246 0 687 0 1242 0 1242 0 687 0 689 0 1242 0 689 0 1243 0 1243 0 689 0 691 0 1243 0 691 0 682 0 1045 0 1043 0 1245 0 1245 0 1043 0 1203 0 1245 0 1203 0 1246 0 1246 0 1203 0 1205 0 1246 0 1205 0 699 0 699 0 1205 0 697 0 1254 0 706 0 694 0 1024 0 1206 0 1204 0 1204 0 1206 0 1254 0 1204 0 1254 0 1205 0 1205 0 1254 0 694 0 1205 0 694 0 697 0 1022 0 1232 0 1206 0 1206 0 1232 0 1250 0 1206 0 1250 0 1254 0 1254 0 1250 0 708 0 1254 0 708 0 706 0 721 0 720 0 1202 0 1202 0 720 0 715 0 1202 0 715 0 1249 0 1249 0 715 0 713 0 1249 0 713 0 1250 0 1250 0 713 0 710 0 1250 0 710 0 708 0 928 0 927 0 1255 0 1255 0 927 0 1256 0 995 0 997 0 1257 0 1257 0 997 0 1258 0 937 0 936 0 1259 0 1260 0 1261 0 1262 0 1263 0 1264 0 1265 0 1108 0 1106 0 1266 0 1067 0 1092 0 1267 0 1075 0 1074 0 1268 0 1082 0 1081 0 1269 0 1064 0 1082 0 1270 0 1094 0 1102 0 1271 0 1096 0 1094 0 1272 0 1097 0 1096 0 1273 0 1064 0 1264 0 1098 0 1098 0 1264 0 1263 0 1098 0 1263 0 1099 0 1269 0 1081 0 1274 0 1274 0 1081 0 1079 0 1274 0 1079 0 1275 0 1075 0 1261 0 1070 0 1070 0 1261 0 1260 0 1070 0 1260 0 1076 0 1067 0 1276 0 1083 0 1083 0 1276 0 1277 0 1083 0 1277 0 1084 0 1084 0 1277 0 1278 0 1084 0 1278 0 1086 0 1086 0 1278 0 1279 0 1086 0 1279 0 1087 0 1087 0 1279 0 1280 0 1087 0 1280 0 1072 0 1072 0 1280 0 1281 0 1072 0 1281 0 1074 0 1108 0 1282 0 1109 0 1109 0 1282 0 1283 0 1109 0 1283 0 1089 0 1089 0 1283 0 1284 0 1089 0 1284 0 1091 0 1091 0 1284 0 1285 0 1091 0 1285 0 1092 0 1061 0 1286 0 1103 0 1103 0 1286 0 1287 0 1103 0 1287 0 1104 0 1104 0 1287 0 1288 0 1104 0 1288 0 1106 0 1289 0 1290 0 1291 0 1102 0 1101 0 1291 0 1291 0 1101 0 1292 0 1291 0 1292 0 1289 0 1289 0 1292 0 1293 0 1294 0 1269 0 1295 0 1295 0 1269 0 1274 0 1295 0 1274 0 1296 0 1296 0 1274 0 1275 0 1296 0 1275 0 1297 0 1276 0 1298 0 1277 0 1277 0 1298 0 1299 0 1277 0 1299 0 1278 0 1278 0 1299 0 1257 0 1278 0 1257 0 1279 0 1279 0 1257 0 1258 0 1279 0 1258 0 1280 0 1280 0 1258 0 1300 0 1280 0 1300 0 1281 0 1281 0 1300 0 1301 0 1282 0 1255 0 1283 0 1283 0 1255 0 1256 0 1283 0 1256 0 1284 0 1284 0 1256 0 1302 0 1284 0 1302 0 1285 0 1285 0 1302 0 1303 0 1286 0 1304 0 1287 0 1287 0 1304 0 1305 0 1287 0 1305 0 1288 0 1288 0 1305 0 1306 0 935 0 1304 0 1307 0 1307 0 1304 0 1286 0 1307 0 1286 0 1308 0 1308 0 1286 0 1061 0 1308 0 1061 0 1097 0 1309 0 938 0 939 0 1097 0 1273 0 1308 0 1308 0 1273 0 1309 0 1308 0 1309 0 1307 0 1307 0 1309 0 939 0 1307 0 939 0 935 0 1096 0 1272 0 1273 0 1273 0 1272 0 1259 0 1273 0 1259 0 1309 0 1309 0 1259 0 936 0 1309 0 936 0 938 0 1094 0 1271 0 1272 0 1272 0 1271 0 1310 0 1272 0 1310 0 1259 0 1259 0 1310 0 941 0 1259 0 941 0 937 0 1102 0 1291 0 1271 0 1271 0 1291 0 1290 0 1271 0 1290 0 1310 0 1310 0 1290 0 940 0 1310 0 940 0 941 0 946 0 945 0 1293 0 1293 0 945 0 942 0 1293 0 942 0 1289 0 1289 0 942 0 943 0 1289 0 943 0 1290 0 1290 0 943 0 944 0 1290 0 944 0 940 0 1101 0 1099 0 1292 0 1292 0 1099 0 1263 0 1292 0 1263 0 1293 0 1293 0 1263 0 1265 0 1293 0 1265 0 946 0 946 0 1265 0 948 0 1311 0 963 0 949 0 1064 0 1270 0 1264 0 1264 0 1270 0 1311 0 1264 0 1311 0 1265 0 1265 0 1311 0 949 0 1265 0 949 0 948 0 1082 0 1269 0 1270 0 1270 0 1269 0 1294 0 1270 0 1294 0 1311 0 1311 0 1294 0 961 0 1311 0 961 0 963 0 1296 0 954 0 1295 0 1295 0 954 0 956 0 1295 0 956 0 1294 0 1294 0 956 0 958 0 1294 0 958 0 961 0 973 0 975 0 1312 0 1312 0 975 0 1297 0 1312 0 1297 0 1313 0 1313 0 1297 0 1275 0 1313 0 1275 0 1077 0 1077 0 1275 0 1079 0 975 0 966 0 1297 0 1297 0 966 0 968 0 1297 0 968 0 1296 0 1296 0 968 0 970 0 1296 0 970 0 954 0 1077 0 1076 0 1313 0 1313 0 1076 0 1260 0 1313 0 1260 0 1312 0 1312 0 1260 0 1262 0 1312 0 1262 0 973 0 973 0 1262 0 980 0 1314 0 987 0 978 0 1075 0 1268 0 1261 0 1261 0 1268 0 1314 0 1261 0 1314 0 1262 0 1262 0 1314 0 978 0 1262 0 978 0 980 0 1074 0 1281 0 1268 0 1268 0 1281 0 1301 0 1268 0 1301 0 1314 0 1314 0 1301 0 985 0 1314 0 985 0 987 0 997 0 999 0 1258 0 1258 0 999 0 990 0 1258 0 990 0 1300 0 1300 0 990 0 992 0 1300 0 992 0 1301 0 1301 0 992 0 983 0 1301 0 983 0 985 0 995 0 1257 0 1004 0 1004 0 1257 0 1299 0 1004 0 1299 0 918 0 918 0 1299 0 1298 0 918 0 1298 0 919 0 1315 0 923 0 920 0 1067 0 1267 0 1276 0 1276 0 1267 0 1315 0 1276 0 1315 0 1298 0 1298 0 1315 0 920 0 1298 0 920 0 919 0 1092 0 1285 0 1267 0 1267 0 1285 0 1303 0 1267 0 1303 0 1315 0 1315 0 1303 0 922 0 1315 0 922 0 923 0 927 0 926 0 1256 0 1256 0 926 0 925 0 1256 0 925 0 1302 0 1302 0 925 0 924 0 1302 0 924 0 1303 0 1303 0 924 0 921 0 1303 0 921 0 922 0 1108 0 1266 0 1282 0 1282 0 1266 0 1316 0 1282 0 1316 0 1255 0 1255 0 1316 0 929 0 1255 0 929 0 928 0 1106 0 1288 0 1266 0 1266 0 1288 0 1306 0 1266 0 1306 0 1316 0 1316 0 1306 0 930 0 1316 0 930 0 929 0 935 0 934 0 1304 0 1304 0 934 0 933 0 1304 0 933 0 1305 0 1305 0 933 0 932 0 1305 0 932 0 1306 0 1306 0 932 0 931 0 1306 0 931 0 930 0 599 0 630 0 1317 0 632 0 634 0 1318 0 857 0 686 0 1319 0 859 0 857 0 1320 0 861 0 859 0 1321 0 865 0 861 0 1322 0 865 0 1323 0 867 0 867 0 1323 0 1324 0 1324 0 1323 0 1325 0 1325 0 1323 0 1326 0 1325 0 1326 0 1327 0 857 0 1319 0 1320 0 1320 0 1319 0 1328 0 1320 0 1328 0 1329 0 1327 0 1326 0 1330 0 1330 0 1326 0 1331 0 1330 0 1331 0 1332 0 1333 0 640 0 583 0 1332 0 1331 0 1334 0 1334 0 1331 0 1333 0 1334 0 1333 0 1335 0 1335 0 1333 0 583 0 1335 0 583 0 582 0 1336 0 636 0 638 0 865 0 1322 0 1323 0 1323 0 1322 0 1337 0 1323 0 1337 0 1326 0 1326 0 1337 0 1338 0 1326 0 1338 0 1331 0 1331 0 1338 0 1336 0 1331 0 1336 0 1333 0 1333 0 1336 0 638 0 1333 0 638 0 640 0 861 0 1321 0 1322 0 1322 0 1321 0 1339 0 1322 0 1339 0 1337 0 1337 0 1339 0 1340 0 1337 0 1340 0 1338 0 1338 0 1340 0 1318 0 1338 0 1318 0 1336 0 1336 0 1318 0 634 0 1336 0 634 0 636 0 859 0 1320 0 1321 0 1321 0 1320 0 1329 0 1321 0 1329 0 1339 0 1339 0 1329 0 1341 0 1339 0 1341 0 1340 0 1340 0 1341 0 1317 0 1340 0 1317 0 1318 0 1318 0 1317 0 630 0 1318 0 630 0 632 0 1328 0 1342 0 1329 0 1329 0 1342 0 1343 0 1329 0 1343 0 1341 0 1341 0 1343 0 1344 0 1341 0 1344 0 1317 0 1317 0 1344 0 1345 0 1317 0 1345 0 599 0 599 0 1345 0 600 0 1346 0 851 0 947 0 1347 0 1348 0 1346 0 1349 0 1350 0 1351 0 1351 0 1350 0 1352 0 1353 0 1354 0 1355 0 1355 0 1354 0 1349 0 585 0 584 0 1353 0 1346 0 947 0 1347 0 1347 0 947 0 953 0 1347 0 953 0 1356 0 953 0 952 0 1356 0 1356 0 952 0 951 0 1356 0 951 0 1357 0 1357 0 951 0 950 0 1357 0 950 0 1358 0 950 0 965 0 1358 0 1358 0 965 0 964 0 1358 0 964 0 1359 0 1359 0 964 0 962 0 1359 0 962 0 1360 0 1360 0 962 0 960 0 1360 0 960 0 1361 0 960 0 959 0 1361 0 1361 0 959 0 957 0 1361 0 957 0 1362 0 1362 0 957 0 955 0 1362 0 955 0 1363 0 1363 0 955 0 972 0 1363 0 972 0 1364 0 972 0 971 0 1364 0 1364 0 971 0 969 0 1364 0 969 0 1365 0 1365 0 969 0 967 0 1365 0 967 0 1366 0 967 0 977 0 1366 0 1366 0 977 0 976 0 1366 0 976 0 1367 0 1367 0 976 0 974 0 1367 0 974 0 1368 0 1368 0 974 0 982 0 1368 0 982 0 1369 0 982 0 981 0 1369 0 1369 0 981 0 979 0 1369 0 979 0 1370 0 1370 0 979 0 989 0 1370 0 989 0 1371 0 989 0 988 0 1371 0 1371 0 988 0 986 0 1371 0 986 0 1372 0 1372 0 986 0 984 0 1372 0 984 0 1373 0 1373 0 984 0 994 0 1373 0 994 0 1374 0 994 0 993 0 1374 0 1374 0 993 0 991 0 1374 0 991 0 1375 0 1375 0 991 0 1001 0 1375 0 1001 0 1376 0 1001 0 1000 0 1376 0 1376 0 1000 0 998 0 1376 0 998 0 1377 0 1377 0 998 0 996 0 1377 0 996 0 1378 0 1378 0 996 0 1007 0 1378 0 1007 0 1379 0 1002 0 1380 0 1003 0 1003 0 1380 0 1381 0 1003 0 1381 0 1005 0 1005 0 1381 0 1379 0 1005 0 1379 0 1006 0 1006 0 1379 0 1007 0 1349 0 1351 0 1355 0 1355 0 1351 0 1382 0 1355 0 1382 0 1383 0 1383 0 1382 0 1384 0 1383 0 1384 0 1385 0 1385 0 1384 0 1386 0 1385 0 1386 0 1387 0 1387 0 1386 0 1388 0 1387 0 1388 0 1389 0 1389 0 1388 0 1390 0 1389 0 1390 0 1391 0 1391 0 1390 0 1392 0 1391 0 1392 0 1393 0 1393 0 1392 0 1394 0 1393 0 1394 0 1395 0 1395 0 1394 0 1396 0 1395 0 1396 0 1397 0 1397 0 1396 0 1398 0 1397 0 1398 0 1399 0 1399 0 1398 0 1400 0 1399 0 1400 0 1401 0 1401 0 1400 0 1402 0 1401 0 1402 0 1403 0 1403 0 1402 0 1404 0 1403 0 1404 0 1405 0 1405 0 1404 0 1406 0 1405 0 1406 0 1407 0 1407 0 1406 0 1408 0 1407 0 1408 0 1409 0 1409 0 1408 0 1410 0 1409 0 1410 0 1411 0 1411 0 1410 0 1412 0 1411 0 1412 0 1413 0 1413 0 1412 0 1414 0 1413 0 1414 0 1415 0 1415 0 1414 0 1416 0 1415 0 1416 0 1417 0 1417 0 1416 0 1418 0 1417 0 1418 0 1419 0 1419 0 1418 0 1420 0 1419 0 1420 0 1421 0 1421 0 1420 0 1422 0 1421 0 1422 0 1423 0 1423 0 1422 0 1424 0 1423 0 1424 0 1425 0 1425 0 1424 0 1426 0 1425 0 1426 0 1427 0 1427 0 1426 0 1428 0 1427 0 1428 0 1429 0 1429 0 1428 0 1430 0 1429 0 1430 0 1431 0 1431 0 1430 0 1432 0 1431 0 1432 0 1433 0 1002 0 867 0 1324 0 1002 0 1324 0 1380 0 1380 0 1324 0 1325 0 1380 0 1325 0 1327 0 1327 0 1432 0 1380 0 1380 0 1432 0 1430 0 1380 0 1430 0 1381 0 1381 0 1430 0 1428 0 1381 0 1428 0 1379 0 1379 0 1428 0 1426 0 1379 0 1426 0 1378 0 1378 0 1426 0 1424 0 1378 0 1424 0 1377 0 1377 0 1424 0 1422 0 1377 0 1422 0 1376 0 1376 0 1422 0 1420 0 1376 0 1420 0 1375 0 1375 0 1420 0 1418 0 1375 0 1418 0 1374 0 1374 0 1418 0 1416 0 1374 0 1416 0 1373 0 1373 0 1416 0 1414 0 1373 0 1414 0 1372 0 1372 0 1414 0 1412 0 1372 0 1412 0 1371 0 1371 0 1412 0 1410 0 1371 0 1410 0 1370 0 1370 0 1410 0 1408 0 1370 0 1408 0 1369 0 1369 0 1408 0 1406 0 1369 0 1406 0 1368 0 1368 0 1406 0 1404 0 1368 0 1404 0 1367 0 1367 0 1404 0 1402 0 1367 0 1402 0 1366 0 1366 0 1402 0 1400 0 1366 0 1400 0 1365 0 1365 0 1400 0 1398 0 1365 0 1398 0 1364 0 1364 0 1398 0 1396 0 1364 0 1396 0 1363 0 1363 0 1396 0 1394 0 1363 0 1394 0 1362 0 1362 0 1394 0 1392 0 1362 0 1392 0 1361 0 1361 0 1392 0 1390 0 1361 0 1390 0 1360 0 1360 0 1390 0 1388 0 1360 0 1388 0 1359 0 1359 0 1388 0 1386 0 1359 0 1386 0 1358 0 1358 0 1386 0 1384 0 1358 0 1384 0 1357 0 1357 0 1384 0 1382 0 1357 0 1382 0 1356 0 1356 0 1382 0 1351 0 1356 0 1351 0 1347 0 1347 0 1351 0 1352 0 1347 0 1352 0 1348 0 1327 0 1330 0 1432 0 1432 0 1330 0 1332 0 1432 0 1332 0 1433 0 1433 0 1332 0 1334 0 1433 0 1334 0 1335 0 1353 0 1355 0 585 0 585 0 1355 0 1383 0 585 0 1383 0 586 0 586 0 1383 0 1385 0 586 0 1385 0 587 0 587 0 1385 0 1387 0 587 0 1387 0 588 0 588 0 1387 0 1389 0 588 0 1389 0 589 0 589 0 1389 0 1391 0 589 0 1391 0 590 0 590 0 1391 0 1393 0 590 0 1393 0 591 0 591 0 1393 0 1395 0 591 0 1395 0 592 0 592 0 1395 0 1397 0 592 0 1397 0 593 0 593 0 1397 0 1399 0 593 0 1399 0 594 0 594 0 1399 0 1401 0 594 0 1401 0 595 0 595 0 1401 0 1403 0 595 0 1403 0 596 0 596 0 1403 0 1405 0 596 0 1405 0 597 0 597 0 1405 0 1407 0 597 0 1407 0 567 0 567 0 1407 0 1409 0 567 0 1409 0 568 0 568 0 1409 0 1411 0 568 0 1411 0 570 0 570 0 1411 0 1413 0 570 0 1413 0 571 0 571 0 1413 0 1415 0 571 0 1415 0 572 0 572 0 1415 0 1417 0 572 0 1417 0 573 0 573 0 1417 0 1419 0 573 0 1419 0 574 0 574 0 1419 0 1421 0 574 0 1421 0 575 0 575 0 1421 0 1423 0 575 0 1423 0 576 0 576 0 1423 0 1425 0 576 0 1425 0 577 0 577 0 1425 0 1427 0 577 0 1427 0 578 0 578 0 1427 0 1429 0 578 0 1429 0 579 0 579 0 1429 0 1431 0 579 0 1431 0 580 0 580 0 1431 0 1433 0 580 0 1433 0 581 0 581 0 1433 0 1335 0 581 0 1335 0 582 0 651 0 1434 0 1435 0 1319 0 686 0 685 0 1436 0 1328 0 1319 0 1345 0 1344 0 1437 0 1437 0 1344 0 1343 0 1437 0 1343 0 1342 0 617 0 600 0 1345 0 1319 0 685 0 1436 0 1436 0 685 0 684 0 1436 0 684 0 1438 0 1438 0 684 0 683 0 1438 0 683 0 1439 0 683 0 693 0 1439 0 1439 0 693 0 692 0 1439 0 692 0 1440 0 1440 0 692 0 690 0 1440 0 690 0 1441 0 1441 0 690 0 688 0 1441 0 688 0 1442 0 688 0 704 0 1442 0 1442 0 704 0 703 0 1442 0 703 0 1443 0 1443 0 703 0 701 0 1443 0 701 0 1444 0 701 0 700 0 1444 0 1444 0 700 0 698 0 1444 0 698 0 1445 0 1445 0 698 0 696 0 1445 0 696 0 1446 0 1446 0 696 0 695 0 1446 0 695 0 1447 0 695 0 705 0 1447 0 1447 0 705 0 707 0 1447 0 707 0 1448 0 1448 0 707 0 709 0 1448 0 709 0 1449 0 709 0 711 0 1449 0 1449 0 711 0 712 0 1449 0 712 0 1450 0 1450 0 712 0 714 0 1450 0 714 0 1451 0 1451 0 714 0 716 0 1451 0 716 0 1452 0 716 0 719 0 1452 0 1452 0 719 0 718 0 1452 0 718 0 1453 0 1453 0 718 0 717 0 1453 0 717 0 1454 0 1454 0 717 0 722 0 1454 0 722 0 1455 0 722 0 724 0 1455 0 1455 0 724 0 726 0 1455 0 726 0 1456 0 1456 0 726 0 732 0 1456 0 732 0 1457 0 732 0 731 0 1457 0 1457 0 731 0 729 0 1457 0 729 0 1458 0 1458 0 729 0 739 0 1458 0 739 0 1459 0 1459 0 739 0 738 0 1459 0 738 0 1460 0 738 0 736 0 1460 0 1460 0 736 0 734 0 1460 0 734 0 1461 0 1461 0 734 0 742 0 1461 0 742 0 1435 0 1435 0 742 0 741 0 1435 0 741 0 651 0 651 0 650 0 1462 0 651 0 1462 0 1434 0 1434 0 1462 0 1463 0 1434 0 1463 0 1464 0 1464 0 1465 0 1434 0 1434 0 1465 0 1466 0 1434 0 1466 0 1435 0 1435 0 1466 0 1467 0 1435 0 1467 0 1461 0 1461 0 1467 0 1468 0 1461 0 1468 0 1460 0 1460 0 1468 0 1469 0 1460 0 1469 0 1459 0 1459 0 1469 0 1470 0 1459 0 1470 0 1458 0 1458 0 1470 0 1471 0 1458 0 1471 0 1457 0 1457 0 1471 0 1472 0 1457 0 1472 0 1456 0 1456 0 1472 0 1473 0 1456 0 1473 0 1455 0 1455 0 1473 0 1474 0 1455 0 1474 0 1454 0 1454 0 1474 0 1475 0 1454 0 1475 0 1453 0 1453 0 1475 0 1476 0 1453 0 1476 0 1452 0 1452 0 1476 0 1477 0 1452 0 1477 0 1451 0 1451 0 1477 0 1478 0 1451 0 1478 0 1450 0 1450 0 1478 0 1479 0 1450 0 1479 0 1449 0 1449 0 1479 0 1480 0 1449 0 1480 0 1448 0 1448 0 1480 0 1481 0 1448 0 1481 0 1447 0 1447 0 1481 0 1482 0 1447 0 1482 0 1446 0 1446 0 1482 0 1483 0 1446 0 1483 0 1445 0 1445 0 1483 0 1484 0 1445 0 1484 0 1444 0 1444 0 1484 0 1485 0 1444 0 1485 0 1443 0 1443 0 1485 0 1486 0 1443 0 1486 0 1442 0 1442 0 1486 0 1487 0 1442 0 1487 0 1441 0 1441 0 1487 0 1488 0 1441 0 1488 0 1440 0 1440 0 1488 0 1489 0 1440 0 1489 0 1439 0 1439 0 1489 0 1490 0 1439 0 1490 0 1438 0 1438 0 1490 0 1437 0 1438 0 1437 0 1436 0 1436 0 1437 0 1342 0 1436 0 1342 0 1328 0 1464 0 1491 0 1465 0 1465 0 1491 0 1492 0 1465 0 1492 0 1493 0 1345 0 1437 0 617 0 617 0 1437 0 1490 0 617 0 1490 0 618 0 618 0 1490 0 1489 0 618 0 1489 0 619 0 619 0 1489 0 1488 0 619 0 1488 0 620 0 620 0 1488 0 1487 0 620 0 1487 0 621 0 621 0 1487 0 1486 0 621 0 1486 0 622 0 622 0 1486 0 1485 0 622 0 1485 0 623 0 623 0 1485 0 1484 0 623 0 1484 0 624 0 624 0 1484 0 1483 0 624 0 1483 0 625 0 625 0 1483 0 1482 0 625 0 1482 0 626 0 626 0 1482 0 1481 0 626 0 1481 0 627 0 627 0 1481 0 1480 0 627 0 1480 0 628 0 628 0 1480 0 1479 0 628 0 1479 0 629 0 629 0 1479 0 1478 0 629 0 1478 0 601 0 601 0 1478 0 1477 0 601 0 1477 0 602 0 602 0 1477 0 1476 0 602 0 1476 0 604 0 604 0 1476 0 1475 0 604 0 1475 0 605 0 605 0 1475 0 1474 0 605 0 1474 0 606 0 606 0 1474 0 1473 0 606 0 1473 0 607 0 607 0 1473 0 1472 0 607 0 1472 0 608 0 608 0 1472 0 1471 0 608 0 1471 0 609 0 609 0 1471 0 1470 0 609 0 1470 0 610 0 610 0 1470 0 1469 0 610 0 1469 0 611 0 611 0 1469 0 1468 0 611 0 1468 0 612 0 612 0 1468 0 1467 0 612 0 1467 0 613 0 613 0 1467 0 1466 0 613 0 1466 0 614 0 614 0 1466 0 1465 0 614 0 1465 0 615 0 615 0 1465 0 1493 0 615 0 1493 0 616 0 1463 0 1462 0 1494 0 1348 0 1352 0 1495 0 1350 0 1349 0 1496 0 1492 0 1491 0 1497 0 1354 0 1353 0 1498 0 1353 0 584 0 642 0 1353 0 642 0 1498 0 1498 0 642 0 641 0 1498 0 641 0 1499 0 641 0 639 0 1499 0 1499 0 639 0 637 0 1499 0 637 0 1500 0 637 0 635 0 1500 0 1500 0 635 0 633 0 1500 0 633 0 1501 0 616 0 1493 0 598 0 598 0 1493 0 1501 0 598 0 1501 0 631 0 631 0 1501 0 633 0 1493 0 1492 0 1501 0 1501 0 1492 0 1497 0 1501 0 1497 0 1500 0 1500 0 1497 0 1502 0 1500 0 1502 0 1499 0 1499 0 1502 0 1503 0 1499 0 1503 0 1498 0 1498 0 1503 0 1496 0 1498 0 1496 0 1354 0 1354 0 1496 0 1349 0 1491 0 1464 0 1497 0 1497 0 1464 0 1504 0 1497 0 1504 0 1502 0 1502 0 1504 0 1505 0 1502 0 1505 0 1503 0 1503 0 1505 0 1506 0 1503 0 1506 0 1496 0 1496 0 1506 0 1495 0 1496 0 1495 0 1350 0 1350 0 1495 0 1352 0 1464 0 1463 0 1504 0 1504 0 1463 0 1494 0 1504 0 1494 0 1505 0 1505 0 1494 0 1507 0 1505 0 1507 0 1506 0 1506 0 1507 0 1508 0 1506 0 1508 0 1495 0 1495 0 1508 0 1509 0 1495 0 1509 0 1348 0 1348 0 1509 0 1346 0 1462 0 650 0 1494 0 1494 0 650 0 854 0 1494 0 854 0 1507 0 1507 0 854 0 853 0 1507 0 853 0 1508 0 1508 0 853 0 855 0 1508 0 855 0 1509 0 1509 0 855 0 852 0 1509 0 852 0 1346 0 1346 0 852 0 851 0</p>
        </triangles>
      </mesh>
    </geometry>
  </library_geometries>
  <library_images />
  <library_visual_scenes>
    <visual_scene id="Scene">
      <node id="node_1" sid="node_1" type="NODE">
        <matrix>1 0 0 0 0 1 0 0 0 0 1 0 0 0 0 1</matrix>
        <instance_geometry url="#mesh_1" />
      </node>
    </visual_scene>
  </library_visual_scenes>
  <library_animations />
  <scene>
    <instance_visual_scene url="#Scene" />
  </scene>
</COLLADA>