<?xml version="1.0" encoding="utf-8"?>
<COLLADA version="1.5.0" xmlns="http://www.collada.org/2008/03/COLLADASchema">
  <asset>
    <contributor />
    <unit meter="1" />
  </asset>
  <library_lights />
  <library_materials />
  <library_effects />
  <library_cameras />
  <library_geometries>
    <geometry id="mesh_1">
      <mesh>
        <source id="mesh_1-position" name="position">
          <float_array id="mesh_1-position-array" count="3144">-0.015642210841178894 0.08969999849796295 -0.030188096687197685 -0.024994848296046257 0.08969999849796295 -0.0362112894654274 -0.023206807672977448 0.08969999849796295 -0.024848422035574913 -0.03293447196483612 0.08969999849796295 -0.02917739748954773 -0.029050258919596672 0.08969999849796295 -0.01766585372388363 -0.03896006569266319 0.08969999849796295 -0.02044782042503357 -0.03273918852210045 0.08969999849796295 -0.009173090569674969 -0.04272143915295601 0.08969999849796295 -0.010529888793826103 -0.03400000184774399 0.08969999849796295 0 -0.04399999976158142 0.08969999849796295 0 -0.03273918852210045 0.08969999849796295 0.009173090569674969 -0.04272143915295601 0.08969999849796295 0.010529888793826103 -0.029050258919596672 0.08969999849796295 0.01766585372388363 -0.03896006569266319 0.08969999849796295 0.02044782042503357 -0.023206807672977448 0.08969999849796295 0.024848422035574913 -0.03293447196483612 0.08969999849796295 0.02917739748954773 -0.015642210841178894 0.08969999849796295 0.030188096687197685 -0.024994848296046257 0.08969999849796295 0.0362112894654274 -0.015602614730596542 0.08969999849796295 0.04114071652293205 -0.006917504593729973 0.08969999849796295 0.0332888588309288 -0.005303613841533661 0.08969999849796295 0.043679188936948776 0.002320242114365101 0.08969999849796295 0.033920738846063614 0.005303613841533661 0.08969999849796295 0.043679188936948776 0.011385906487703323 0.08969999849796295 0.03203687071800232 0.015602614730596542 0.08969999849796295 0.04114071652293205 0.01960713043808937 0.08969999849796295 0.02777697704732418 0.024994848296046257 0.08969999849796295 0.0362112894654274 0.02637418359518051 0.08969999849796295 0.021456990391016006 0.03293447196483612 0.08969999849796295 0.02917739748954773 0.03118518367409706 0.08969999849796295 0.013545637018978596 0.03896006569266319 0.08969999849796295 0.02044782042503357 0.03368332237005234 0.08969999849796295 0.004629665985703468 0.04272143915295601 0.08969999849796295 0.010529888793826103 0.03400000184774399 0.08969999849796295 -1.2491397532409243E-17 0.04399999976158142 0.08969999849796295 -5.388446002482228E-18 0.03368332237005234 0.08969999849796295 -0.004629665985703468 0.04272143915295601 0.08969999849796295 -0.010529888793826103 0.03118518367409706 0.08969999849796295 -0.013545637018978596 0.03896006569266319 0.08969999849796295 -0.02044782042503357 0.02637418359518051 0.08969999849796295 -0.021456990391016006 0.03293447196483612 0.08969999849796295 -0.02917739748954773 0.01960713043808937 0.08969999849796295 -0.02777697704732418 0.024994848296046257 0.08969999849796295 -0.0362112894654274 0.011385906487703323 0.08969999849796295 -0.03203687071800232 0.015602614730596542 0.08969999849796295 -0.04114071652293205 0.002320242114365101 0.08969999849796295 -0.033920738846063614 0.005303613841533661 0.08969999849796295 -0.043679188936948776 -0.006917504593729973 0.08969999849796295 -0.0332888588309288 -0.005303613841533661 0.08969999849796295 -0.043679188936948776 -0.015602614730596542 0.08969999849796295 -0.04114071652293205 -0.038947105407714844 -0.020439937710762024 -0.057621609419584274 -0.03594667464494705 -0.02537393383681774 -0.057621609419584274 -0.041788872331380844 -0.02949780598282814 -0.05137917399406433 -0.015571517869830132 -0.04105321690440178 -0.057621609419584274 -0.01187105756253004 -0.04236835986375809 -0.057621609419584274 -0.013800389133393764 -0.04925423488020897 -0.05137917399406433 -0.005300756543874741 -0.04363741725683212 -0.057621609419584274 0 -0.04399999976158142 -0.057621609419584274 0 -0.051151055842638016 -0.05137917399406433 -0.007819403894245625 0.05689038708806038 -0.04425596818327904 -7.969354151995163E-18 0.05742524936795235 -0.04425596818327904 -7.098634887900406E-18 0.051151055842638016 -0.05137917399406433 -0.03258572146296501 0.05358493700623512 -0.03637410327792168 -0.02498573623597622 0.057522933930158615 -0.03637410327792168 -0.022878281772136688 0.05267108604311943 -0.04425596818327904 -0.04223853349685669 0.05191813036799431 -0.027868689969182014 -0.03477560356259346 0.05718604475259781 -0.027868689969182014 0.006922503001987934 0.006465166341513395 0.071878582239151 0.007738366257399321 0.005462335422635078 0.071878582239151 0.015344076789915562 0.010831031948328018 0.07002498209476471 -0.004921516869217157 -0.008093088865280151 0.071878582239151 -0.005977686028927565 -0.007347563281655312 0.071878582239151 -0.011852899566292763 -0.014569170773029327 0.07002498209476471 0 -1.331803386011921E-17 0.07249999791383743 0.0025555239990353584 0.00912078469991684 0.071878582239151 0.0012897751294076443 0.009383810684084892 0.071878582239151 -0.02468753792345524 0.057621609419584274 -0.036372579634189606 -0.016158876940608025 0.057621609419584274 -0.04084876552224159 -0.015493147075176239 0.05529576539993286 -0.04425596818327904 0.03509634733200073 0.057621609419584274 -0.026045383885502815 0.03477560356259346 0.05718604475259781 -0.027868689969182014 0.03385135531425476 0.057621609419584274 -0.02784906141459942 0.03896006569266319 0.057621609419584274 0.02044782042503357 0.03509634733200073 0.057621609419584274 0.026045383885502815 0.03481840714812279 0.05725643038749695 0.02767001837491989 0.033990148454904556 0.057621609419584274 0.027647988870739937 -0.005303613841533661 0.057621609419584274 0.043679188936948776 -0.007945460267364979 0.057621609419584274 0.04302803426980972 -0.007837246172130108 0.05702020227909088 0.04408542066812515 -0.015602614730596542 0.057621609419584274 0.04114071652293205 -0.016158876940608025 0.057621609419584274 0.04084876552224159 -0.015528499148786068 0.055421940982341766 0.04408542066812515 -0.03509634733200073 0.057621609419584274 0.026045383885502815 -0.03481840714812279 0.05725643038749695 0.02767001837491989 -0.033990148454904556 0.057621609419584274 0.027647988870739937 -0.04272143915295601 0.057621609419584274 0.010529888793826103 -0.045370522886514664 0.05576786398887634 0.00936540775001049 -0.039639078080654144 0.057621609419584274 0.01865740679204464 -0.04420945420861244 0.05434072017669678 0.018677806481719017 -0.03896006569266319 0.057621609419584274 0.02044782042503357 -0.042290519922971725 0.051982033997774124 0.02767001837491989 -0.03293447196483612 0.057621609419584274 0.02917739748954773 -0.03264164552092552 0.053676895797252655 0.03618789464235306 -0.025029899552464485 0.057621609419584274 0.03618023917078972 -0.022930486127734184 0.05279127508401871 0.04408542066812515 -0.024994848296046257 0.057621609419584274 0.0362112894654274 -0.025028614327311516 0.05762165039777756 0.03618789464235306 -0.025021621957421303 0.057621609419584274 0.03618757054209709 0.007837246172130108 0.05702020227909088 0.04408542066812515 0.005303613841533661 0.057621609419584274 0.043679188936948776 -7.987538890581528E-18 0.057556282728910446 0.04408542066812515 -2.8362728832220796E-16 0.057621609419584274 0.043679188936948776 0.015528499148786068 0.055421940982341766 0.04408542066812515 0.015602614730596542 0.057621609419584274 0.04114071652293205 0.007945460267364979 0.057621609419584274 0.04302803426980972 0.03293447196483612 0.057621609419584274 0.02917739748954773 0.025029899552464485 0.057621609419584274 0.03618023917078972 0.025028614327311516 0.05762165039777756 0.03618789464235306 0.025021621957421303 0.057621609419584274 0.03618757054209709 0.024994848296046257 0.057621609419584274 0.0362112894654274 0.045370522886514664 0.05576786398887634 0.00936540775001049 0.04286349564790726 0.057621609419584274 0.009359946474432945 0.04272143915295601 0.057621609419584274 0.010529888793826103 0.04272143915295601 0.057621609419584274 -0.010529888793826103 0.04283749684691429 0.057621609419584274 -0.009574075229465961 0.045352790504693985 0.05574606731534004 -0.009578638710081577 0.04399999976158142 0.057621609419584274 -5.388446002482228E-18 0.04575382545590401 0.05623900517821312 -0.00010753711103461683 0.039559561759233475 0.057621609419584274 -0.01886707916855812 0.04417429119348526 0.05429749935865402 -0.018885537981987 0.03896006569266319 0.057621609419584274 -0.02044782042503357 0.04223853349685669 0.05191813036799431 -0.027868689969182014 0.03293447196483612 0.057621609419584274 -0.02917739748954773 0.03258572146296501 0.05358493700623512 -0.03637410327792168 0.025029899552464485 0.057621609419584274 -0.03618023917078972 0.015493147075176239 0.05529576539993286 -0.04425596818327904 0.016158876940608025 0.057621609419584274 -0.04084876552224159 0.022878281772136688 0.05267108604311943 -0.04425596818327904 0.02468753792345524 0.057621609419584274 -0.036372579634189606 0.02498573623597622 0.057522933930158615 -0.03637410327792168 0.024994848296046257 0.057621609419584274 -0.0362112894654274 -1.2472661792273243E-15 0.057621609419584274 -0.043679188936948776 0.005303613841533661 0.057621609419584274 -0.043679188936948776 0.007819403894245625 0.05689038708806038 -0.04425596818327904 0.007945460267364979 0.057621609419584274 -0.04302803426980972 0.015602614730596542 0.057621609419584274 -0.04114071652293205 -0.005303613841533661 0.057621609419584274 -0.043679188936948776 -0.007945460267364979 0.057621609419584274 -0.04302803426980972 -0.015602614730596542 0.057621609419584274 -0.04114071652293205 -0.025029899552464485 0.057621609419584274 -0.03618023917078972 -0.03293447196483612 0.057621609419584274 -0.02917739748954773 -0.03385135531425476 0.057621609419584274 -0.02784906141459942 -0.04286349564790726 0.057621609419584274 0.009359946474432945 -0.04399999976158142 0.057621609419584274 1.0776892004964457E-17 -0.04575382545590401 0.05623900517821312 -0.00010753711103461683 -0.04283749684691429 0.057621609419584274 -0.009574075229465961 -0.045352790504693985 0.05574606731534004 -0.009578638710081577 -0.04272143915295601 0.057621609419584274 -0.010529888793826103 -0.04417429119348526 0.05429749935865402 -0.018885537981987 -0.039559561759233475 0.057621609419584274 -0.01886707916855812 -0.03896006569266319 0.057621609419584274 -0.02044782042503357 -0.03509634733200073 0.057621609419584274 -0.026045383885502815 -0.02029486559331417 -0.01895408146083355 0.06697097420692444 -0.01372633595019579 -0.0128195034340024 0.07002498209476471 -0.006922503001987934 -0.006465166341513395 0.071878582239151 0.02465602569282055 0.0127757228910923 0.06697097420692444 0.016675986349582672 0.008640799671411514 0.07002498209476471 0.008410078473389149 0.0043577514588832855 0.071878582239151 -0.02964051626622677 -0.02092256210744381 0.06276891380548477 -0.022686751559376717 -0.016014058142900467 0.06697097420692444 -0.015344076789915562 -0.010831031948328018 0.07002498209476471 -0.007738366257399321 -0.005462335422635078 0.071878582239151 0.0037812641821801662 0.027510739862918854 0.06697097420692444 -3.853776157651371E-18 0.027769384905695915 0.06697097420692444 -2.606483333282155E-18 0.018781691789627075 0.07002498209476471 0.03418620675802231 0.012149780057370663 0.06276891380548477 0.026166006922721863 0.009299401193857193 0.06697097420692444 0.017697254195809364 0.006289605982601643 0.07002498209476471 0.008925126865506172 0.0031719908583909273 0.071878582239151 -0.03921854868531227 -0.02032141387462616 0.05749082937836647 -0.032213397324085236 -0.01669163815677166 0.06276891380548477 -0.02465602569282055 -0.0127757228910923 0.06697097420692444 -0.016675986349582672 -0.008640799671411514 0.07002498209476471 -0.008410078473389149 -0.0043577514588832855 0.071878582239151 0.04324687272310257 0.008986803703010082 0.05749082937836647 0.03552218899130821 0.00738159567117691 0.06276891380548477 0.027188561856746674 0.005649848375469446 0.06697097420692444 0.018388856202363968 0.0038212481886148453 0.07002498209476471 0.00927391741424799 0.0019271421479061246 0.071878582239151 0.009788507595658302 -0.034935638308525085 0.06276891380548477 0.014454405754804611 -0.03327737748622894 0.06276891380548477 0.011063353158533573 -0.025470392778515816 0.06697097420692444 -0.0483410470187664 -0.017180411145091057 0.051227208226919174 -0.041620366275310516 -0.014791881665587425 0.05749082937836647 -0.03418620675802231 -0.012149780057370663 0.06276891380548477 -0.026166006922721863 -0.009299401193857193 0.06697097420692444 -0.017697254195809364 -0.006289605982601643 0.07002498209476471 -0.008925126865506172 -0.0031719908583909273 0.071878582239151 0.006014582235366106 0.043759334832429886 0.05749082937836647 -6.1299220181783305E-18 0.044170744717121124 0.05749082937836647 -5.035005788808733E-18 0.0362810380756855 0.06276891380548477 0.05118364840745926 0.003501057391986251 0.051227208226919174 0.04406777024269104 0.0030143181793391705 0.05749082937836647 0.03619645908474922 0.0024759056977927685 0.06276891380548477 0.027704648673534393 0.0018950498197227716 0.06697097420692444 0.018737908452749252 0.001281708013266325 0.07002498209476471 0.009449952282011509 0.00064639444462955 0.071878582239151 -0.056352440267801285 -0.011710171587765217 0.04408542066812515 -0.05023019388318062 -0.01043795421719551 0.051227208226919174 -0.04324687272310257 -0.008986803703010082 0.05749082937836647 -0.03552218899130821 -0.00738159567117691 0.06276891380548477 -0.027188561856746674 -0.005649848375469446 0.06697097420692444 -0.018388856202363968 -0.0038212481886148453 0.07002498209476471 -0.00927391741424799 -0.0019271421479061246 0.071878582239151 -7.119756117661335E-18 0.05130324885249138 0.051227208226919174 0.006985791493207216 0.05082540586590767 0.051227208226919174 0.013841450214385986 0.04940078407526016 0.051227208226919174 0.057422105222940445 -0.003927779849618673 0.04408542066812515 0.05118364840745926 -0.003501057391986251 0.051227208226919174 0.04406777024269104 -0.0030143181793391705 0.05749082937836647 0.03619645908474922 -0.0024759056977927685 0.06276891380548477 0.027704648673534393 -0.0018950498197227716 0.06697097420692444 0.018737908452749252 -0.001281708013266325 0.07002498209476471 0.009449952282011509 -0.00064639444462955 0.071878582239151 -0.06267620623111725 -0.0042871697805821896 0.03618789464235306 -0.057422105222940445 -0.003927779849618673 0.04408542066812515 -0.05118364840745926 -0.003501057391986251 0.051227208226919174 -0.04406777024269104 -0.0030143181793391705 0.05749082937836647 -0.03619645908474922 -0.0024759056977927685 0.06276891380548477 -0.027704648673534393 -0.0018950498197227716 0.06697097420692444 -0.018737908452749252 -0.001281708013266325 0.07002498209476471 -0.009449952282011509 -0.00064639444462955 0.071878582239151 -0.0025555239990353584 0.00912078469991684 0.071878582239151 -0.003773668548092246 0.00868785660713911 0.071878582239151 -0.005067239981144667 0.018085217103362083 0.07002498209476471 -0.007482646498829126 0.017226779833436012 0.07002498209476471 -0.007492090575397015 0.02673962153494358 0.06697097420692444 -0.011063353158533573 0.025470392778515816 0.06697097420692444 -0.009788507595658302 0.034935638308525085 0.06276891380548477 -0.014454405754804611 0.03327737748622894 0.06276891380548477 -0.011917123571038246 0.042532771825790405 0.05749082937836647 -0.01759767159819603 0.04051390290260315 0.05749082937836647 -0.013841450214385986 0.04940078407526016 0.051227208226919174 -0.02043926902115345 0.0470559187233448 0.051227208226919174 -0.0012897751294076443 0.009383810684084892 0.071878582239151 -0.0025574401952326298 0.01860675774514675 0.07002498209476471 -0.0037812641821801662 0.027510739862918854 0.06697097420692444 -0.004940267652273178 0.03594311699271202 0.06276891380548477 -0.006014582235366106 0.043759334832429886 0.05749082937836647 -0.006985791493207216 0.05082540586590767 0.051227208226919174 0.022930486127734184 0.05279127508401871 0.04408542066812515 0.0615086629986763 -0.01278164703398943 0.03618789464235306 0.056352440267801285 -0.011710171587765217 0.04408542066812515 0.05023019388318062 -0.01043795421719551 0.051227208226919174 0.04324687272310257 -0.008986803703010082 0.05749082937836647 0.03552218899130821 -0.00738159567117691 0.06276891380548477 0.027188561856746674 -0.005649848375469446 0.06697097420692444 0.018388856202363968 -0.0038212481886148453 0.07002498209476471 0.00927391741424799 -0.0019271421479061246 0.071878582239151 -0.06685587018728256 0.004573066718876362 0.02767001837491989 -0.06267620623111725 0.0042871697805821896 0.03618789464235306 -0.057422105222940445 0.003927779849618673 0.04408542066812515 -0.05118364840745926 0.003501057391986251 0.051227208226919174 -0.04406777024269104 0.0030143181793391705 0.05749082937836647 -0.03619645908474922 0.0024759056977927685 0.06276891380548477 -0.027704648673534393 0.0018950498197227716 0.06697097420692444 -0.018737908452749252 0.001281708013266325 0.07002498209476471 -0.009449952282011509 0.00064639444462955 0.071878582239151 -0.029905321076512337 0.04917720705270767 0.04408542066812515 -0.026656344532966614 0.043834488838911057 0.051227208226919174 -0.02295040898025036 0.03774033859372139 0.05749082937836647 -0.01885104551911354 0.03099922277033329 0.06276891380548477 -0.014428527094423771 0.023726701736450195 0.06697097420692444 -0.009758666157722473 0.016047442331910133 0.07002498209476471 -0.004921516869217157 0.008093088865280151 0.071878582239151 0.03264164552092552 0.053676895797252655 0.03618789464235306 0.016158876940608025 0.057621609419584274 0.04084876552224159 0.06314287334680557 -0.02244098298251629 0.02767001837491989 0.05919533595442772 -0.021038027480244637 0.03618789464235306 0.05423303693532944 -0.019274426624178886 0.04408542066812515 0.0483410470187664 -0.017180411145091057 0.051227208226919174 0.041620366275310516 -0.014791881665587425 0.05749082937836647 0.03418620675802231 -0.012149780057370663 0.06276891380548477 0.026166006922721863 -0.009299401193857193 0.06697097420692444 0.017697254195809364 -0.006289605982601643 0.07002498209476471 0.008925126865506172 -0.0031719908583909273 0.071878582239151 0.016949350014328957 -0.060493022203445435 0.03618789464235306 0.025028614327311516 -0.05762165039777756 0.03618789464235306 0.022930486127734184 -0.05279127508401871 0.04408542066812515 -0.06858754903078079 0.014252656139433384 0.018677806481719017 -0.06561046838760376 0.013634012080729008 0.02767001837491989 -0.0615086629986763 0.01278164703398943 0.03618789464235306 -0.056352440267801285 0.011710171587765217 0.04408542066812515 -0.05023019388318062 0.01043795421719551 0.051227208226919174 -0.04324687272310257 0.008986803703010082 0.05749082937836647 -0.03552218899130821 0.00738159567117691 0.06276891380548477 -0.027188561856746674 0.005649848375469446 0.06697097420692444 -0.018388856202363968 0.0038212481886148453 0.07002498209476471 -0.00927391741424799 0.0019271421479061246 0.071878582239151 -0.03964662179350853 0.04873224347829819 0.03618789464235306 -0.036323077976703644 0.044647060334682465 0.04408542066812515 -0.032376859337091446 0.039796508848667145 0.051227208226919174 -0.027875622734427452 0.034263744950294495 0.05749082937836647 -0.022896526381373405 0.028143610805273056 0.06276891380548477 -0.017524924129247665 0.02154102548956871 0.06697097420692444 -0.011852899566292763 0.014569170773029327 0.07002498209476471 -0.005977686028927565 0.007347563281655312 0.071878582239151 0.042290519922971725 0.051982033997774124 0.02767001837491989 0.06219881400465965 -0.032228827476501465 0.018677806481719017 0.059499043971300125 -0.03082991950213909 0.02767001837491989 0.05577930808067322 -0.028902508318424225 0.03618789464235306 0.0511033721268177 -0.026479633525013924 0.04408542066812515 0.045551396906375885 -0.02360283024609089 0.051227208226919174 0.03921854868531227 -0.02032141387462616 0.05749082937836647 0.032213397324085236 -0.01669163815677166 0.06276891380548477 0.02465602569282055 -0.0127757228910923 0.06697097420692444 0.016675986349582672 -0.008640799671411514 0.07002498209476471 0.008410078473389149 -0.0043577514588832855 0.071878582239151 -0.06774154305458069 0.024075349792838097 0.00936540775001049 -0.06600797921419144 0.023459242656826973 0.018677806481719017 -0.06314287334680557 0.02244098298251629 0.02767001837491989 -0.05919533595442772 0.021038027480244637 0.03618789464235306 -0.05423303693532944 0.019274426624178886 0.04408542066812515 -0.0483410470187664 0.017180411145091057 0.051227208226919174 -0.041620366275310516 0.014791881665587425 0.05749082937836647 -0.03418620675802231 0.012149780057370663 0.06276891380548477 -0.026166006922721863 0.009299401193857193 0.06697097420692444 -0.017697254195809364 0.006289605982601643 0.07002498209476471 -0.008925126865506172 0.0031719908583909273 0.071878582239151 0.05873405188322067 -0.04145902022719383 0.00936540775001049 0.05723099783062935 -0.04039805009961128 0.018677806481719017 0.05474685877561569 -0.03864455223083496 0.02767001837491989 0.05132421851158142 -0.036228589713573456 0.03618789464235306 0.04702175036072731 -0.03319157660007477 0.04408542066812515 0.04191320762038231 -0.029585573822259903 0.051227208226919174 0.03608616814017296 -0.025472398847341537 0.05749082937836647 0.02964051626622677 -0.02092256210744381 0.06276891380548477 0.022686751559376717 -0.016014058142900467 0.06697097420692444 0.015344076789915562 -0.010831031948328018 0.07002498209476471 0.007738366257399321 -0.005462335422635078 0.071878582239151 -0.06437160819768906 0.03335467725992203 -0.00010753711103461683 -0.06383233517408371 0.033075250685214996 0.00936540775001049 -0.06219881400465965 0.032228827476501465 0.018677806481719017 -0.059499043971300125 0.03082991950213909 0.02767001837491989 -0.05577930808067322 0.028902508318424225 0.03618789464235306 -0.0511033721268177 0.026479633525013924 0.04408542066812515 -0.045551396906375885 0.02360283024609089 0.051227208226919174 -0.03921854868531227 0.02032141387462616 0.05749082937836647 -0.032213397324085236 0.01669163815677166 0.06276891380548477 -0.02465602569282055 0.0127757228910923 0.06697097420692444 -0.016675986349582672 0.008640799671411514 0.07002498209476471 -0.008410078473389149 0.0043577514588832855 0.071878582239151 0.052985548973083496 -0.04948505014181137 -0.00010753711103461683 0.05254166200757027 -0.049070488661527634 0.00936540775001049 0.051197078078985214 -0.047814734280109406 0.018677806481719017 0.04897484555840492 -0.0457393117249012 0.02767001837491989 0.045913055539131165 -0.042879801243543625 0.03618789464235306 0.04206420108675957 -0.039285220205783844 0.04408542066812515 0.03749425709247589 -0.035017192363739014 0.051227208226919174 0.03228156641125679 -0.030148878693580627 0.05749082937836647 0.02651548758149147 -0.024763736873865128 0.06276891380548477 0.02029486559331417 -0.01895408146083355 0.06697097420692444 0.01372633595019579 -0.0128195034340024 0.07002498209476471 0.006922503001987934 -0.006465166341513395 0.071878582239151 -0.05871109664440155 0.04144281521439552 -0.009578638710081577 -0.0592302531003952 0.04180927574634552 -0.00010753711103461683 -0.05873405188322067 0.04145902022719383 0.00936540775001049 -0.05723099783062935 0.04039805009961128 0.018677806481719017 -0.05474685877561569 0.03864455223083496 0.02767001837491989 -0.05132421851158142 0.036228589713573456 0.03618789464235306 -0.04702175036072731 0.03319157660007477 0.04408542066812515 -0.04191320762038231 0.029585573822259903 0.051227208226919174 -0.03608616814017296 0.025472398847341537 0.05749082937836647 -0.02964051626622677 0.02092256210744381 0.06276891380548477 -0.022686751559376717 0.016014058142900467 0.06697097420692444 -0.015344076789915562 0.010831031948328018 0.07002498209476471 -0.007738366257399321 0.005462335422635078 0.071878582239151 0.045352790504693985 -0.05574606731534004 -0.009578638710081577 0.04575382545590401 -0.05623900517821312 -0.00010753711103461683 0.045370522886514664 -0.05576786398887634 0.00936540775001049 0.04420945420861244 -0.05434072017669678 0.018677806481719017 0.042290519922971725 -0.051982033997774124 0.02767001837491989 0.03964662179350853 -0.04873224347829819 0.03618789464235306 0.036323077976703644 -0.044647060334682465 0.04408542066812515 0.032376859337091446 -0.039796508848667145 0.051227208226919174 0.027875622734427452 -0.034263744950294495 0.05749082937836647 0.022896526381373405 -0.028143610805273056 0.06276891380548477 0.017524924129247665 -0.02154102548956871 0.06697097420692444 0.011852899566292763 -0.014569170773029327 0.07002498209476471 0.005977686028927565 -0.007347563281655312 0.071878582239151 -0.05115635693073273 0.04777670279145241 -0.018885537981987 -0.052521128207445145 0.04905130714178085 -0.009578638710081577 -0.052985548973083496 0.04948505014181137 -0.00010753711103461683 -0.05254166200757027 0.049070488661527634 0.00936540775001049 -0.051197078078985214 0.047814734280109406 0.018677806481719017 -0.04897484555840492 0.0457393117249012 0.02767001837491989 -0.045913055539131165 0.042879801243543625 0.03618789464235306 -0.04206420108675957 0.039285220205783844 0.04408542066812515 -0.03749425709247589 0.035017192363739014 0.051227208226919174 -0.03228156641125679 0.030148878693580627 0.05749082937836647 -0.02651548758149147 0.024763736873865128 0.06276891380548477 -0.02029486559331417 0.01895408146083355 0.06697097420692444 -0.01372633595019579 0.0128195034340024 0.07002498209476471 -0.006922503001987934 0.006465166341513395 0.071878582239151 0.03636934235692024 -0.059806834906339645 -0.018885537981987 0.03733961656689644 -0.06140238419175148 -0.009578638710081577 0.037669796496629715 -0.06194533780217171 -0.00010753711103461683 0.03735421597957611 -0.06142639368772507 0.00936540775001049 0.03639829158782959 -0.05985444039106369 0.018677806481719017 0.03481840714812279 -0.05725643038749695 0.02767001837491989 0.03264164552092552 -0.053676895797252655 0.03618789464235306 0.029905321076512337 -0.04917720705270767 0.04408542066812515 0.026656344532966614 -0.043834488838911057 0.051227208226919174 0.02295040898025036 -0.03774033859372139 0.05749082937836647 0.01885104551911354 -0.03099922277033329 0.06276891380548477 0.014428527094423771 -0.023726701736450195 0.06697097420692444 0.009758666157722473 -0.016047442331910133 0.07002498209476471 0.004921516869217157 -0.008093088865280151 0.071878582239151 0.019388796761631966 -0.06919952481985092 -0.009578638710081577 0.028630876913666725 -0.06591489166021347 -0.009578638710081577 0.028884047642350197 -0.06649774312973022 -0.00010753711103461683 0.01805741898715496 -0.06444777548313141 -0.027868689969182014 0.026664869859814644 -0.061388686299324036 -0.027868689969182014 0.027886899188160896 -0.06420208513736725 -0.018885537981987 0.054109569638967514 0.019230544567108154 -0.04425596818327904 0.05098703131079674 0.026419349014759064 -0.04425596818327904 0.05568374693393707 0.02885299175977707 -0.03637410327792168 -0.006965067703276873 -0.05067463219165802 -0.05137917399406433 -0.007819403894245625 -0.05689038708806038 -0.04425596818327904 0 -0.05742524936795235 -0.04425596818327904 0 -0.06271503120660782 -0.03637410327792168 0.008539695292711258 -0.062130898237228394 -0.03637410327792168 0.009113593958318233 -0.06630632281303406 -0.027868689969182014 0.01888497732579708 -0.06740136444568634 -0.018885537981987 -0.026577267795801163 -0.043704453855752945 -0.05137917399406433 -0.020378636196255684 -0.04691632464528084 -0.05137917399406433 -0.022878281772136688 -0.05267108604311943 -0.04425596818327904 -0.015493147075176239 -0.05529576539993286 -0.04425596818327904 -0.016920311376452446 -0.060389384627342224 -0.03637410327792168 -0.008539695292711258 -0.062130898237228394 -0.03637410327792168 -0.009113593958318233 -0.06630632281303406 -0.027868689969182014 0 -0.06692971289157867 -0.027868689969182014 0 -0.06999704241752625 -0.018885537981987 0.009531263262033463 -0.06934508681297302 -0.018885537981987 0.009785542264580727 -0.0711951032280922 -0.009578638710081577 0.01956024393439293 -0.06981142610311508 -0.00010753711103461683 0.028642071411013603 -0.06594066321849823 0.00936540775001049 -0.0322808139026165 -0.03967845067381859 -0.05137917399406433 -0.029837237671017647 -0.0490652471780777 -0.04425596818327904 -0.02498573623597622 -0.057522933930158615 -0.03637410327792168 -0.01805741898715496 -0.06444777548313141 -0.027868689969182014 -0.009531263262033463 -0.06934508681297302 -0.018885537981987 0 -0.07186445593833923 -0.009578638710081577 0.00987207144498825 -0.07182465493679047 -0.00010753711103461683 0.019396377727389336 -0.06922658532857895 0.00936540775001049 0.02790909633040428 -0.06425318866968155 0.018677806481719017 -0.03288504481315613 -0.029137184843420982 -0.057621609419584274 -0.03215678408741951 -0.030032338574528694 -0.057621609419584274 -0.037383031100034714 -0.0349133126437664 -0.05137917399406433 -0.036240383982658386 -0.04454541578888893 -0.04425596818327904 -0.03258572146296501 -0.05358493700623512 -0.03637410327792168 -0.026664869859814644 -0.061388686299324036 -0.027868689969182014 -0.01888497732579708 -0.06740136444568634 -0.018885537981987 -0.009785542264580727 -0.0711951032280922 -0.009578638710081577 0 -0.07249992340803146 -0.00010753711103461683 0.009789368137717247 -0.0712229385972023 0.00936540775001049 0.018900008872151375 -0.06745501607656479 0.018677806481719017 0.026697689667344093 -0.06146424636244774 0.02767001837491989 -0.04819763824343681 -0.0171294454485178 -0.05137917399406433 -0.04541626572608948 -0.023532811552286148 -0.05137917399406433 -0.05098703131079674 -0.026419349014759064 -0.04425596818327904 -0.04691470041871071 -0.03311601281166077 -0.04425596818327904 -0.051236290484666824 -0.03616652265191078 -0.03637410327792168 -0.04583439603447914 -0.042806338518857956 -0.03637410327792168 -0.04891463741660118 -0.045683082193136215 -0.027868689969182014 -0.04223853349685669 -0.05191813036799431 -0.027868689969182014 -0.04417429119348526 -0.05429749935865402 -0.018885537981987 -0.03636934235692024 -0.059806834906339645 -0.018885537981987 -0.03733961656689644 -0.06140238419175148 -0.009578638710081577 -0.028630876913666725 -0.06591489166021347 -0.009578638710081577 -0.028884047642350197 -0.06649774312973022 -0.00010753711103461683 -0.01956024393439293 -0.06981142610311508 -0.00010753711103461683 -0.019396377727389336 -0.06922658532857895 0.00936540775001049 -0.009789368137717247 -0.0712229385972023 0.00936540775001049 -0.00953884981572628 -0.06940028816461563 0.018677806481719017 0 -0.07005276530981064 0.018677806481719017 0 -0.06701208651065826 0.02767001837491989 0.009124811738729477 -0.06638793647289276 0.02767001837491989 0.008554350584745407 -0.06223752349615097 0.03618789464235306 0.015528499148786068 -0.055421940982341766 0.04408542066812515 0.02043926902115345 -0.0470559187233448 0.051227208226919174 -0.05008118227124214 -0.010406989604234695 -0.05137917399406433 -0.054109569638967514 -0.019230544567108154 -0.04425596818327904 -0.05568374693393707 -0.02885299175977707 -0.03637410327792168 -0.05467955768108368 -0.038597047328948975 -0.027868689969182014 -0.05115635693073273 -0.04777670279145241 -0.018885537981987 -0.045352790504693985 -0.05574606731534004 -0.009578638710081577 -0.037669796496629715 -0.06194533780217171 -0.00010753711103461683 -0.028642071411013603 -0.06594066321849823 0.00936540775001049 -0.018900008872151375 -0.06745501607656479 0.018677806481719017 -0.009124811738729477 -0.06638793647289276 0.02767001837491989 0 -0.06282265484333038 0.03618789464235306 0.007837246172130108 -0.05702020227909088 0.04408542066812515 0.013841450214385986 -0.04940078407526016 0.051227208226919174 0.01759767159819603 -0.04051390290260315 0.05749082937836647 -0.04389742761850357 5.204170427930421E-18 -0.057621609419584274 -0.04389742761850357 -0.0030026661697775126 -0.057621609419584274 -0.05103180930018425 -0.0034906715154647827 -0.05137917399406433 -0.05622414872050285 -0.011683512479066849 -0.04425596818327904 -0.05909391865134239 -0.02100198343396187 -0.03637410327792168 -0.059425901621580124 -0.03079202026128769 -0.027868689969182014 -0.05718547850847244 -0.04036591947078705 -0.018885537981987 -0.052521128207445145 -0.04905130714178085 -0.009578638710081577 -0.04575382545590401 -0.05623900517821312 -0.00010753711103461683 -0.03735421597957611 -0.06142639368772507 0.00936540775001049 -0.02790909633040428 -0.06425318866968155 0.018677806481719017 -0.018079645931720734 -0.06452710181474686 0.02767001837491989 -0.008554350584745407 -0.06223752349615097 0.03618789464235306 0 -0.057556282728910446 0.04408542066812515 0.006985791493207216 -0.05082540586590767 0.051227208226919174 0.011917123571038246 -0.042532771825790405 0.05749082937836647 -0.05008118227124214 0.010406989604234695 -0.05137917399406433 -0.05103180930018425 0.0034906715154647827 -0.05137917399406433 -0.05729137733578682 0.003918837755918503 -0.04425596818327904 -0.05729137733578682 -0.003918837755918503 -0.04425596818327904 -0.06256882101297379 -0.004279824905097485 -0.03637410327792168 -0.06140328571200371 -0.01275974977761507 -0.03637410327792168 -0.06552981585264206 -0.013617251999676228 -0.027868689969182014 -0.06306525319814682 -0.02241339534521103 -0.027868689969182014 -0.06595548242330551 -0.023440584540367126 -0.018885537981987 -0.06214934214949608 -0.03220319375395775 -0.018885537981987 -0.06380738317966461 -0.033062323927879333 -0.009578638710081577 -0.05871109664440155 -0.04144281521439552 -0.009578638710081577 -0.0592302531003952 -0.04180927574634552 -0.00010753711103461683 -0.052985548973083496 -0.04948505014181137 -0.00010753711103461683 -0.05254166200757027 -0.049070488661527634 0.00936540775001049 -0.045370522886514664 -0.05576786398887634 0.00936540775001049 -0.04420945420861244 -0.05434072017669678 0.018677806481719017 -0.03639829158782959 -0.05985444039106369 0.018677806481719017 -0.03481840714812279 -0.05725643038749695 0.02767001837491989 -0.026697689667344093 -0.06146424636244774 0.02767001837491989 -0.025028614327311516 -0.05762165039777756 0.03618789464235306 -0.016949350014328957 -0.060493022203445435 0.03618789464235306 -0.015528499148786068 -0.055421940982341766 0.04408542066812515 -0.007837246172130108 -0.05702020227909088 0.04408542066812515 -0.006985791493207216 -0.05082540586590767 0.051227208226919174 0 -0.05130324885249138 0.051227208226919174 0 -0.044170744717121124 0.05749082937836647 0.006014582235366106 -0.043759334832429886 0.05749082937836647 0.004940267652273178 -0.03594311699271202 0.06276891380548477 0.007492090575397015 -0.02673962153494358 0.06697097420692444 0.007482646498829126 -0.017226779833436012 0.07002498209476471 -0.04819763824343681 0.0171294454485178 -0.05137917399406433 -0.05622414872050285 0.011683512479066849 -0.04425596818327904 -0.06256882101297379 0.004279824905097485 -0.03637410327792168 -0.0667736828327179 -0.0045674447901546955 -0.027868689969182014 -0.06853299587965012 -0.014241320081055164 -0.018885537981987 -0.06771506369113922 -0.024065939709544182 -0.009578638710081577 -0.06437160819768906 -0.03335467725992203 -0.00010753711103461683 -0.05873405188322067 -0.04145902022719383 0.00936540775001049 -0.051197078078985214 -0.047814734280109406 0.018677806481719017 -0.042290519922971725 -0.051982033997774124 0.02767001837491989 -0.03264164552092552 -0.053676895797252655 0.03618789464235306 -0.022930486127734184 -0.05279127508401871 0.04408542066812515 -0.013841450214385986 -0.04940078407526016 0.051227208226919174 -0.006014582235366106 -0.043759334832429886 0.05749082937836647 0 -0.0362810380756855 0.06276891380548477 0.0037812641821801662 -0.027510739862918854 0.06697097420692444 0.005067239981144667 -0.018085217103362083 0.07002498209476471 0.003773668548092246 -0.00868785660713911 0.071878582239151 0.0025555239990353584 -0.00912078469991684 0.071878582239151 0.0025574401952326298 -0.01860675774514675 0.07002498209476471 0 -0.027769384905695915 0.06697097420692444 -0.004940267652273178 -0.03594311699271202 0.06276891380548477 -0.011917123571038246 -0.042532771825790405 0.05749082937836647 -0.02043926902115345 -0.0470559187233448 0.051227208226919174 -0.029905321076512337 -0.04917720705270767 0.04408542066812515 -0.03964662179350853 -0.04873224347829819 0.03618789464235306 -0.04897484555840492 -0.0457393117249012 0.02767001837491989 -0.05723099783062935 -0.04039805009961128 0.018677806481719017 -0.06383233517408371 -0.033075250685214996 0.00936540775001049 -0.0683138445019722 -0.02427874505519867 -0.00010753711103461683 -0.07036134600639343 -0.014621254988014698 -0.009578638710081577 -0.06983386725187302 -0.0047767674550414085 -0.018885537981987 -0.0667736828327179 0.0045674447901546955 -0.027868689969182014 -0.06140328571200371 0.01275974977761507 -0.03637410327792168 -0.054109569638967514 0.019230544567108154 -0.04425596818327904 -0.04541626572608948 0.023532811552286148 -0.05137917399406433 -0.039066947996616364 0.020242862403392792 -0.057621609419584274 -0.038947105407714844 0.020439937710762024 -0.057621609419584274 -0.037383031100034714 0.0349133126437664 -0.05137917399406433 -0.041788872331380844 0.02949780598282814 -0.05137917399406433 -0.04691470041871071 0.03311601281166077 -0.04425596818327904 -0.05098703131079674 0.026419349014759064 -0.04425596818327904 -0.05568374693393707 0.02885299175977707 -0.03637410327792168 -0.05909391865134239 0.02100198343396187 -0.03637410327792168 -0.06306525319814682 0.02241339534521103 -0.027868689969182014 -0.06552981585264206 0.013617251999676228 -0.027868689969182014 -0.06853299587965012 0.014241320081055164 -0.018885537981987 -0.06983386725187302 0.0047767674550414085 -0.018885537981987 -0.0716969221830368 0.004904203582555056 -0.009578638710081577 -0.0716969221830368 -0.004904203582555056 -0.009578638710081577 -0.07233090698719025 -0.004947569686919451 -0.00010753711103461683 -0.07098352164030075 -0.014750544913113117 -0.00010753711103461683 -0.07038885354995728 -0.014626972377300262 0.00936540775001049 -0.06774154305458069 -0.024075349792838097 0.00936540775001049 -0.06600797921419144 -0.023459242656826973 0.018677806481719017 -0.06219881400465965 -0.032228827476501465 0.018677806481719017 -0.059499043971300125 -0.03082991950213909 0.02767001837491989 -0.05474685877561569 -0.03864455223083496 0.02767001837491989 -0.05132421851158142 -0.036228589713573456 0.03618789464235306 -0.045913055539131165 -0.042879801243543625 0.03618789464235306 -0.04206420108675957 -0.039285220205783844 0.04408542066812515 -0.036323077976703644 -0.044647060334682465 0.04408542066812515 -0.032376859337091446 -0.039796508848667145 0.051227208226919174 -0.026656344532966614 -0.043834488838911057 0.051227208226919174 -0.02295040898025036 -0.03774033859372139 0.05749082937836647 -0.01759767159819603 -0.04051390290260315 0.05749082937836647 -0.014454405754804611 -0.03327737748622894 0.06276891380548477 -0.009788507595658302 -0.034935638308525085 0.06276891380548477 -0.007492090575397015 -0.02673962153494358 0.06697097420692444 -0.0037812641821801662 -0.027510739862918854 0.06697097420692444 -0.0025574401952326298 -0.01860675774514675 0.07002498209476471 0 -0.018781691789627075 0.07002498209476471 0 -0.009472033940255642 0.071878582239151 0.0012897751294076443 -0.009383810684084892 0.071878582239151 -0.02493709698319435 0.03612947463989258 -0.057621609419584274 -0.02776786871254444 0.03413129597902298 -0.057621609419584274 -0.0322808139026165 0.03967845067381859 -0.05137917399406433 -0.041968438774347305 0.03919578343629837 -0.04425596818327904 -0.051236290484666824 0.03616652265191078 -0.03637410327792168 -0.059425901621580124 0.03079202026128769 -0.027868689969182014 -0.06595548242330551 0.023440584540367126 -0.018885537981987 -0.07036134600639343 0.014621254988014698 -0.009578638710081577 -0.07233090698719025 0.004947569686919451 -0.00010753711103461683 -0.07172495126724243 -0.004906121175736189 0.00936540775001049 -0.06858754903078079 -0.014252656139433384 0.018677806481719017 -0.06314287334680557 -0.02244098298251629 0.02767001837491989 -0.05577930808067322 -0.028902508318424225 0.03618789464235306 -0.04702175036072731 -0.03319157660007477 0.04408542066812515 -0.03749425709247589 -0.035017192363739014 0.051227208226919174 -0.027875622734427452 -0.034263744950294495 0.05749082937836647 -0.01885104551911354 -0.03099922277033329 0.06276891380548477 -0.011063353158533573 -0.025470392778515816 0.06697097420692444 -0.005067239981144667 -0.018085217103362083 0.07002498209476471 -0.0012897751294076443 -0.009383810684084892 0.071878582239151 -0.0025555239990353584 -0.00912078469991684 0.071878582239151 -0.003773668548092246 -0.00868785660713911 0.071878582239151 -0.007482646498829126 -0.017226779833436012 0.07002498209476471 -0.009758666157722473 -0.016047442331910133 0.07002498209476471 -0.014428527094423771 -0.023726701736450195 0.06697097420692444 -0.017524924129247665 -0.02154102548956871 0.06697097420692444 -0.022896526381373405 -0.028143610805273056 0.06276891380548477 -0.02651548758149147 -0.024763736873865128 0.06276891380548477 -0.03228156641125679 -0.030148878693580627 0.05749082937836647 -0.03608616814017296 -0.025472398847341537 0.05749082937836647 -0.04191320762038231 -0.029585573822259903 0.051227208226919174 -0.045551396906375885 -0.02360283024609089 0.051227208226919174 -0.0511033721268177 -0.026479633525013924 0.04408542066812515 -0.05423303693532944 -0.019274426624178886 0.04408542066812515 -0.05919533595442772 -0.021038027480244637 0.03618789464235306 -0.0615086629986763 -0.01278164703398943 0.03618789464235306 -0.06561046838760376 -0.013634012080729008 0.02767001837491989 -0.06685587018728256 -0.004573066718876362 0.02767001837491989 -0.06988945603370667 -0.004780569579452276 0.018677806481719017 -0.06988945603370667 0.004780569579452276 0.018677806481719017 -0.07172495126724243 0.004906121175736189 0.00936540775001049 -0.07038885354995728 0.014626972377300262 0.00936540775001049 -0.07098352164030075 0.014750544913113117 -0.00010753711103461683 -0.0683138445019722 0.02427874505519867 -0.00010753711103461683 -0.06771506369113922 0.024065939709544182 -0.009578638710081577 -0.06380738317966461 0.033062323927879333 -0.009578638710081577 -0.06214934214949608 0.03220319375395775 -0.018885537981987 -0.05718547850847244 0.04036591947078705 -0.018885537981987 -0.05467955768108368 0.038597047328948975 -0.027868689969182014 -0.04891463741660118 0.045683082193136215 -0.027868689969182014 -0.04583439603447914 0.042806338518857956 -0.03637410327792168 -0.039578698575496674 0.04864875599741936 -0.03637410327792168 -0.036240383982658386 0.04454541578888893 -0.04425596818327904 -0.029837237671017647 0.0490652471780777 -0.04425596818327904 -0.026577267795801163 0.043704453855752945 -0.05137917399406433 -0.020378636196255684 0.04691632464528084 -0.05137917399406433 -0.013800389133393764 0.04925423488020897 -0.05137917399406433 -0.024994848296046257 0.057621609419584274 -0.0362112894654274 -0.006965067703276873 0.05067463219165802 -0.05137917399406433 -0.005991332698613405 0.043590180575847626 -0.057621609419584274 -0.005300756543874741 0.04363741725683212 -0.057621609419584274 0.020378636196255684 0.04691632464528084 -0.05137917399406433 0.013800389133393764 0.04925423488020897 -0.05137917399406433 0.006965067703276873 0.05067463219165802 -0.05137917399406433 0.04541626572608948 0.023532811552286148 -0.05137917399406433 0.04819763824343681 0.0171294454485178 -0.05137917399406433 0.05008118227124214 0.010406989604234695 -0.05137917399406433 0.04399999976158142 -6.4145027545792365E-18 -0.057621609419584274 0.04389742761850357 0.0030026661697775126 -0.057621609419584274 0.05103180930018425 0.0034906715154647827 -0.05137917399406433 0.05622414872050285 0.011683512479066849 -0.04425596818327904 0.05909391865134239 0.02100198343396187 -0.03637410327792168 0.059425901621580124 0.03079202026128769 -0.027868689969182014 0.05008118227124214 -0.010406989604234695 -0.05137917399406433 0.05103180930018425 -0.0034906715154647827 -0.05137917399406433 0.05729137733578682 -0.003918837755918503 -0.04425596818327904 0.05729137733578682 0.003918837755918503 -0.04425596818327904 0.06256882101297379 0.004279824905097485 -0.03637410327792168 0.06140328571200371 0.01275974977761507 -0.03637410327792168 0.06552981585264206 0.013617251999676228 -0.027868689969182014 0.06306525319814682 0.02241339534521103 -0.027868689969182014 0.06595548242330551 0.023440584540367126 -0.018885537981987 0.06214934214949608 0.03220319375395775 -0.018885537981987 0.06380738317966461 0.033062323927879333 -0.009578638710081577 0.05871109664440155 0.04144281521439552 -0.009578638710081577 0.0592302531003952 0.04180927574634552 -0.00010753711103461683 0.052985548973083496 0.04948505014181137 -0.00010753711103461683 0.05254166200757027 0.049070488661527634 0.00936540775001049 0.04420945420861244 0.05434072017669678 0.018677806481719017 0.039639078080654144 0.057621609419584274 0.01865740679204464 0.04819763824343681 -0.0171294454485178 -0.05137917399406433 0.05622414872050285 -0.011683512479066849 -0.04425596818327904 0.06256882101297379 -0.004279824905097485 -0.03637410327792168 0.0667736828327179 0.0045674447901546955 -0.027868689969182014 0.06853299587965012 0.014241320081055164 -0.018885537981987 0.06771506369113922 0.024065939709544182 -0.009578638710081577 0.06437160819768906 0.03335467725992203 -0.00010753711103461683 0.05873405188322067 0.04145902022719383 0.00936540775001049 0.051197078078985214 0.047814734280109406 0.018677806481719017 0.038947105407714844 -0.020439937710762024 -0.057621609419584274 0.039066947996616364 -0.020242862403392792 -0.057621609419584274 0.04541626572608948 -0.023532811552286148 -0.05137917399406433 0.054109569638967514 -0.019230544567108154 -0.04425596818327904 0.06140328571200371 -0.01275974977761507 -0.03637410327792168 0.0667736828327179 -0.0045674447901546955 -0.027868689969182014 0.06983386725187302 0.0047767674550414085 -0.018885537981987 0.07036134600639343 0.014621254988014698 -0.009578638710081577 0.0683138445019722 0.02427874505519867 -0.00010753711103461683 0.06383233517408371 0.033075250685214996 0.00936540775001049 0.05723099783062935 0.04039805009961128 0.018677806481719017 0.04897484555840492 0.0457393117249012 0.02767001837491989 0.03964662179350853 0.04873224347829819 0.03618789464235306 0.029905321076512337 0.04917720705270767 0.04408542066812515 0.02043926902115345 0.0470559187233448 0.051227208226919174 0.011917123571038246 0.042532771825790405 0.05749082937836647 0.004940267652273178 0.03594311699271202 0.06276891380548477 0.037383031100034714 -0.0349133126437664 -0.05137917399406433 0.041788872331380844 -0.02949780598282814 -0.05137917399406433 0.04691470041871071 -0.03311601281166077 -0.04425596818327904 0.05098703131079674 -0.026419349014759064 -0.04425596818327904 0.05568374693393707 -0.02885299175977707 -0.03637410327792168 0.05909391865134239 -0.02100198343396187 -0.03637410327792168 0.06306525319814682 -0.02241339534521103 -0.027868689969182014 0.06552981585264206 -0.013617251999676228 -0.027868689969182014 0.06853299587965012 -0.014241320081055164 -0.018885537981987 0.06983386725187302 -0.0047767674550414085 -0.018885537981987 0.0716969221830368 -0.004904203582555056 -0.009578638710081577 0.0716969221830368 0.004904203582555056 -0.009578638710081577 0.07233090698719025 0.004947569686919451 -0.00010753711103461683 0.07098352164030075 0.014750544913113117 -0.00010753711103461683 0.07038885354995728 0.014626972377300262 0.00936540775001049 0.06774154305458069 0.024075349792838097 0.00936540775001049 0.06600797921419144 0.023459242656826973 0.018677806481719017 0.06219881400465965 0.032228827476501465 0.018677806481719017 0.059499043971300125 0.03082991950213909 0.02767001837491989 0.05474685877561569 0.03864455223083496 0.02767001837491989 0.05132421851158142 0.036228589713573456 0.03618789464235306 0.045913055539131165 0.042879801243543625 0.03618789464235306 0.04206420108675957 0.039285220205783844 0.04408542066812515 0.036323077976703644 0.044647060334682465 0.04408542066812515 0.032376859337091446 0.039796508848667145 0.051227208226919174 0.026656344532966614 0.043834488838911057 0.051227208226919174 0.02295040898025036 0.03774033859372139 0.05749082937836647 0.01759767159819603 0.04051390290260315 0.05749082937836647 0.014454405754804611 0.03327737748622894 0.06276891380548477 0.009788507595658302 0.034935638308525085 0.06276891380548477 0.007492090575397015 0.02673962153494358 0.06697097420692444 0.0025574401952326298 0.01860675774514675 0.07002498209476471 -1.3145086937646623E-18 0.009472033940255642 0.071878582239151 0.005067239981144667 0.018085217103362083 0.07002498209476471 0.011063353158533573 0.025470392778515816 0.06697097420692444 0.01885104551911354 0.03099922277033329 0.06276891380548477 0.027875622734427452 0.034263744950294495 0.05749082937836647 0.03749425709247589 0.035017192363739014 0.051227208226919174 0.04702175036072731 0.03319157660007477 0.04408542066812515 0.05577930808067322 0.028902508318424225 0.03618789464235306 0.06314287334680557 0.02244098298251629 0.02767001837491989 0.06858754903078079 0.014252656139433384 0.018677806481719017 0.07172495126724243 0.004906121175736189 0.00936540775001049 0.07233090698719025 -0.004947569686919451 -0.00010753711103461683 0.07036134600639343 -0.014621254988014698 -0.009578638710081577 0.06595548242330551 -0.023440584540367126 -0.018885537981987 0.059425901621580124 -0.03079202026128769 -0.027868689969182014 0.051236290484666824 -0.03616652265191078 -0.03637410327792168 0.041968438774347305 -0.03919578343629837 -0.04425596818327904 0.0322808139026165 -0.03967845067381859 -0.05137917399406433 0.02776786871254444 -0.03413129597902298 -0.057621609419584274 0.02493709698319435 -0.03612947463989258 -0.057621609419584274 0.020378636196255684 -0.04691632464528084 -0.05137917399406433 0.026577267795801163 -0.043704453855752945 -0.05137917399406433 0.029837237671017647 -0.0490652471780777 -0.04425596818327904 0.036240383982658386 -0.04454541578888893 -0.04425596818327904 0.039578698575496674 -0.04864875599741936 -0.03637410327792168 0.04583439603447914 -0.042806338518857956 -0.03637410327792168 0.04891463741660118 -0.045683082193136215 -0.027868689969182014 0.05467955768108368 -0.038597047328948975 -0.027868689969182014 0.05718547850847244 -0.04036591947078705 -0.018885537981987 0.06214934214949608 -0.03220319375395775 -0.018885537981987 0.06380738317966461 -0.033062323927879333 -0.009578638710081577 0.06771506369113922 -0.024065939709544182 -0.009578638710081577 0.0683138445019722 -0.02427874505519867 -0.00010753711103461683 0.07098352164030075 -0.014750544913113117 -0.00010753711103461683 0.07038885354995728 -0.014626972377300262 0.00936540775001049 0.07172495126724243 -0.004906121175736189 0.00936540775001049 0.06988945603370667 -0.004780569579452276 0.018677806481719017 0.06988945603370667 0.004780569579452276 0.018677806481719017 0.06685587018728256 0.004573066718876362 0.02767001837491989 0.06561046838760376 0.013634012080729008 0.02767001837491989 0.0615086629986763 0.01278164703398943 0.03618789464235306 0.05919533595442772 0.021038027480244637 0.03618789464235306 0.05423303693532944 0.019274426624178886 0.04408542066812515 0.0511033721268177 0.026479633525013924 0.04408542066812515 0.045551396906375885 0.02360283024609089 0.051227208226919174 0.04191320762038231 0.029585573822259903 0.051227208226919174 0.03608616814017296 0.025472398847341537 0.05749082937836647 0.03228156641125679 0.030148878693580627 0.05749082937836647 0.02651548758149147 0.024763736873865128 0.06276891380548477 0.022896526381373405 0.028143610805273056 0.06276891380548477 0.017524924129247665 0.02154102548956871 0.06697097420692444 0.014428527094423771 0.023726701736450195 0.06697097420692444 0.009758666157722473 0.016047442331910133 0.07002498209476471 0.007482646498829126 0.017226779833436012 0.07002498209476471 0.003773668548092246 0.00868785660713911 0.071878582239151 0.004921516869217157 0.008093088865280151 0.071878582239151 0.011852899566292763 0.014569170773029327 0.07002498209476471 0.02029486559331417 0.01895408146083355 0.06697097420692444 0.02964051626622677 0.02092256210744381 0.06276891380548477 0.03921854868531227 0.02032141387462616 0.05749082937836647 0.0483410470187664 0.017180411145091057 0.051227208226919174 0.056352440267801285 0.011710171587765217 0.04408542066812515 0.06267620623111725 0.0042871697805821896 0.03618789464235306 0.06685587018728256 -0.004573066718876362 0.02767001837491989 0.06858754903078079 -0.014252656139433384 0.018677806481719017 0.06774154305458069 -0.024075349792838097 0.00936540775001049 0.06437160819768906 -0.03335467725992203 -0.00010753711103461683 0.05871109664440155 -0.04144281521439552 -0.009578638710081577 0.05115635693073273 -0.04777670279145241 -0.018885537981987 0.04223853349685669 -0.05191813036799431 -0.027868689969182014 0.03258572146296501 -0.05358493700623512 -0.03637410327792168 0.022878281772136688 -0.05267108604311943 -0.04425596818327904 0.013800389133393764 -0.04925423488020897 -0.05137917399406433 0.005300756543874741 -0.04363741725683212 -0.057621609419584274 0.005991332698613405 -0.043590180575847626 -0.057621609419584274 0.006965067703276873 -0.05067463219165802 -0.05137917399406433 0.015493147075176239 -0.05529576539993286 -0.04425596818327904 0.02498573623597622 -0.057522933930158615 -0.03637410327792168 0.03477560356259346 -0.05718604475259781 -0.027868689969182014 0.04417429119348526 -0.05429749935865402 -0.018885537981987 0.052521128207445145 -0.04905130714178085 -0.009578638710081577 0.0592302531003952 -0.04180927574634552 -0.00010753711103461683 0.06383233517408371 -0.033075250685214996 0.00936540775001049 0.06600797921419144 -0.023459242656826973 0.018677806481719017 0.06561046838760376 -0.013634012080729008 0.02767001837491989 0.06267620623111725 -0.0042871697805821896 0.03618789464235306 0.057422105222940445 0.003927779849618673 0.04408542066812515 0.05023019388318062 0.01043795421719551 0.051227208226919174 0.041620366275310516 0.014791881665587425 0.05749082937836647 0.032213397324085236 0.01669163815677166 0.06276891380548477 0.022686751559376717 0.016014058142900467 0.06697097420692444 0.01372633595019579 0.0128195034340024 0.07002498209476471 0.005977686028927565 0.007347563281655312 0.071878582239151 0.016920311376452446 -0.060389384627342224 -0.03637410327792168 0.007819403894245625 -0.05689038708806038 -0.04425596818327904 -0.005991332698613405 -0.043590180575847626 -0.057621609419584274 -0.02776786871254444 -0.03413129597902298 -0.057621609419584274 -0.02493709698319435 -0.03612947463989258 -0.057621609419584274 -0.022861693054437637 -0.03759445250034332 -0.057621609419584274 -0.017529647797346115 -0.04035729542374611 -0.057621609419584274 -0.041968438774347305 -0.03919578343629837 -0.04425596818327904 -0.039578698575496674 -0.04864875599741936 -0.03637410327792168 -0.03477560356259346 -0.05718604475259781 -0.027868689969182014 -0.027886899188160896 -0.06420208513736725 -0.018885537981987 -0.019388796761631966 -0.06919952481985092 -0.009578638710081577 -0.00987207144498825 -0.07182465493679047 -0.00010753711103461683 0 -0.07189255207777023 0.00936540775001049 0.00953884981572628 -0.06940028816461563 0.018677806481719017 0.018079645931720734 -0.06452710181474686 0.02767001837491989 -0.04307970032095909 -0.00895206443965435 -0.057621609419584274 -0.0426437146961689 -0.01050811167806387 -0.057621609419584274 -0.04145948216319084 -0.014734703116118908 -0.057621609419584274 -0.039066947996616364 -0.020242862403392792 -0.057621609419584274 -0.04145948216319084 0.014734703116118908 -0.057621609419584274 -0.0426437146961689 0.01050811167806387 -0.057621609419584274 -0.04307970032095909 0.00895206443965435 -0.057621609419584274 -0.04389742761850357 0.0030026661697775126 -0.057621609419584274 -0.03215678408741951 0.030032338574528694 -0.057621609419584274 -0.03288504481315613 0.029137184843420982 -0.057621609419584274 -0.03594667464494705 0.02537393383681774 -0.057621609419584274 -0.022861693054437637 0.03759445250034332 -0.057621609419584274 -0.017529647797346115 0.04035729542374611 -0.057621609419584274 -0.015571517869830132 0.04105321690440178 -0.057621609419584274 -0.01187105756253004 0.04236835986375809 -0.057621609419584274 -6.1062266023511365E-18 0.04399999976158142 -0.057621609419584274 0.005991332698613405 0.043590180575847626 -0.057621609419584274 0.005300756543874741 0.04363741725683212 -0.057621609419584274 0.01187105756253004 0.04236835986375809 -0.057621609419584274 0.015571517869830132 0.04105321690440178 -0.057621609419584274 0.017529647797346115 0.04035729542374611 -0.057621609419584274 0.029837237671017647 0.0490652471780777 -0.04425596818327904 0.026577267795801163 0.043704453855752945 -0.05137917399406433 0.022861693054437637 0.03759445250034332 -0.057621609419584274 0.0322808139026165 0.03967845067381859 -0.05137917399406433 0.02776786871254444 0.03413129597902298 -0.057621609419584274 0.02493709698319435 0.03612947463989258 -0.057621609419584274 0.039578698575496674 0.04864875599741936 -0.03637410327792168 0.036240383982658386 0.04454541578888893 -0.04425596818327904 0.052521128207445145 0.04905130714178085 -0.009578638710081577 0.05115635693073273 0.04777670279145241 -0.018885537981987 0.04891463741660118 0.045683082193136215 -0.027868689969182014 0.04583439603447914 0.042806338518857956 -0.03637410327792168 0.041968438774347305 0.03919578343629837 -0.04425596818327904 0.037383031100034714 0.0349133126437664 -0.05137917399406433 0.03215678408741951 0.030032338574528694 -0.057621609419584274 0.041788872331380844 0.02949780598282814 -0.05137917399406433 0.03594667464494705 0.02537393383681774 -0.057621609419584274 0.03288504481315613 0.029137184843420982 -0.057621609419584274 0.05718547850847244 0.04036591947078705 -0.018885537981987 0.05467955768108368 0.038597047328948975 -0.027868689969182014 0.051236290484666824 0.03616652265191078 -0.03637410327792168 0.04691470041871071 0.03311601281166077 -0.04425596818327904 0.038947105407714844 0.020439937710762024 -0.057621609419584274 0.04307970032095909 0.00895206443965435 -0.057621609419584274 0.0426437146961689 0.01050811167806387 -0.057621609419584274 0.04145948216319084 0.014734703116118908 -0.057621609419584274 0.039066947996616364 0.020242862403392792 -0.057621609419584274 0.04145948216319084 -0.014734703116118908 -0.057621609419584274 0.0426437146961689 -0.01050811167806387 -0.057621609419584274 0.04307970032095909 -0.00895206443965435 -0.057621609419584274 0.04389742761850357 -0.0030026661697775126 -0.057621609419584274 0.03215678408741951 -0.030032338574528694 -0.057621609419584274 0.03288504481315613 -0.029137184843420982 -0.057621609419584274 0.03594667464494705 -0.02537393383681774 -0.057621609419584274 0.01187105756253004 -0.04236835986375809 -0.057621609419584274 0.015571517869830132 -0.04105321690440178 -0.057621609419584274 0.017529647797346115 -0.04035729542374611 -0.057621609419584274 0.022861693054437637 -0.03759445250034332 -0.057621609419584274 0.015642210841178894 0.030188096687197685 -0.08969999849796295 0.024994848296046257 0.0362112894654274 -0.08969999849796295 0.023206807672977448 0.024848422035574913 -0.08969999849796295 0.03293447196483612 0.02917739748954773 -0.08969999849796295 0.029050258919596672 0.01766585372388363 -0.08969999849796295 0.03896006569266319 0.02044782042503357 -0.08969999849796295 0.03273918852210045 0.009173090569674969 -0.08969999849796295 0.04272143915295601 0.010529888793826103 -0.08969999849796295 0.03400000184774399 0 -0.08969999849796295 0.04399999976158142 0 -0.08969999849796295 0.03273918852210045 -0.009173090569674969 -0.08969999849796295 0.04272143915295601 -0.010529888793826103 -0.08969999849796295 0.029050258919596672 -0.01766585372388363 -0.08969999849796295 0.03896006569266319 -0.02044782042503357 -0.08969999849796295 0.023206807672977448 -0.024848422035574913 -0.08969999849796295 0.03293447196483612 -0.02917739748954773 -0.08969999849796295 0.015642210841178894 -0.030188096687197685 -0.08969999849796295 0.024994848296046257 -0.0362112894654274 -0.08969999849796295 0.015602614730596542 -0.04114071652293205 -0.08969999849796295 0.006917504593729973 -0.0332888588309288 -0.08969999849796295 0.005303613841533661 -0.043679188936948776 -0.08969999849796295 -0.002320242114365101 -0.033920738846063614 -0.08969999849796295 -0.005303613841533661 -0.043679188936948776 -0.08969999849796295 -0.011385906487703323 -0.03203687071800232 -0.08969999849796295 -0.015602614730596542 -0.04114071652293205 -0.08969999849796295 -0.01960713043808937 -0.02777697704732418 -0.08969999849796295 -0.024994848296046257 -0.0362112894654274 -0.08969999849796295 -0.02637418359518051 -0.021456990391016006 -0.08969999849796295 -0.03293447196483612 -0.02917739748954773 -0.08969999849796295 -0.03118518367409706 -0.013545637018978596 -0.08969999849796295 -0.03896006569266319 -0.02044782042503357 -0.08969999849796295 -0.03368332237005234 -0.004629665985703468 -0.08969999849796295 -0.04272143915295601 -0.010529888793826103 -0.08969999849796295 -0.03400000184774399 1.2491397532409243E-17 -0.08969999849796295 -0.04399999976158142 5.388446002482228E-18 -0.08969999849796295 -0.03368332237005234 0.004629665985703468 -0.08969999849796295 -0.04272143915295601 0.010529888793826103 -0.08969999849796295 -0.03118518367409706 0.013545637018978596 -0.08969999849796295 -0.03896006569266319 0.02044782042503357 -0.08969999849796295 -0.02637418359518051 0.021456990391016006 -0.08969999849796295 -0.03293447196483612 0.02917739748954773 -0.08969999849796295 -0.01960713043808937 0.02777697704732418 -0.08969999849796295 -0.024994848296046257 0.0362112894654274 -0.08969999849796295 -0.011385906487703323 0.03203687071800232 -0.08969999849796295 -0.015602614730596542 0.04114071652293205 -0.08969999849796295 -0.002320242114365101 0.033920738846063614 -0.08969999849796295 -0.005303613841533661 0.043679188936948776 -0.08969999849796295 0.006917504593729973 0.0332888588309288 -0.08969999849796295 0.005303613841533661 0.043679188936948776 -0.08969999849796295 0.015602614730596542 0.04114071652293205 -0.08969999849796295 -8.08266879692819E-18 -0.04399999976158142 -0.057621609419584274 4.177407346308354E-17 0.04399999976158142 -0.057621609419584274 0.04399999976158142 0 -0.057621609419584274 -0.03368332237005234 0.004629665985703468 -0.10130000114440918 -0.03400000184774399 1.2491397532409243E-17 -0.10130000114440918 -0.03400000184774399 4.163799315333183E-18 -0.08969999849796295 -0.03118518367409706 0.013545637018978596 -0.10130000114440918 -0.02637418359518051 0.021456990391016006 -0.10130000114440918 -0.01960713043808937 0.02777697704732418 -0.10130000114440918 -0.011385906487703323 0.03203687071800232 -0.10130000114440918 -0.002320242114365101 0.033920738846063614 -0.10130000114440918 0.006917504593729973 0.0332888588309288 -0.10130000114440918 0.015642210841178894 0.030188096687197685 -0.10130000114440918 0.023206807672977448 0.024848422035574913 -0.10130000114440918 0.029050258919596672 0.01766585372388363 -0.10130000114440918 0.03273918852210045 0.009173090569674969 -0.10130000114440918 0.03400000184774399 0 -0.10130000114440918 0.03273918852210045 -0.009173090569674969 -0.10130000114440918 0.029050258919596672 -0.01766585372388363 -0.10130000114440918 0.023206807672977448 -0.024848422035574913 -0.10130000114440918 0.015642210841178894 -0.030188096687197685 -0.10130000114440918 0.006917504593729973 -0.0332888588309288 -0.10130000114440918 -0.002320242114365101 -0.033920738846063614 -0.10130000114440918 -0.011385906487703323 -0.03203687071800232 -0.10130000114440918 -0.01960713043808937 -0.02777697704732418 -0.10130000114440918 -0.02637418359518051 -0.021456990391016006 -0.10130000114440918 -0.03118518367409706 -0.013545637018978596 -0.10130000114440918 -0.03368332237005234 -0.004629665985703468 -0.10130000114440918 -0.03400000184774399 4.163799315333183E-18 -0.10130000114440918 -0.04399999976158142 0.057621609419584274 0 0.03368332237005234 0.10130000114440918 -0.004629665985703468 0.03400000184774399 0.10130000114440918 -1.2491397532409243E-17 0.03400000184774399 0.08969999849796295 -4.163799315333183E-18 0.03118518367409706 0.10130000114440918 -0.013545637018978596 0.02637418359518051 0.10130000114440918 -0.021456990391016006 0.01960713043808937 0.10130000114440918 -0.02777697704732418 0.011385906487703323 0.10130000114440918 -0.03203687071800232 0.002320242114365101 0.10130000114440918 -0.033920738846063614 -0.006917504593729973 0.10130000114440918 -0.0332888588309288 -0.015642210841178894 0.10130000114440918 -0.030188096687197685 -0.023206807672977448 0.10130000114440918 -0.024848422035574913 -0.029050258919596672 0.10130000114440918 -0.01766585372388363 -0.03273918852210045 0.10130000114440918 -0.009173090569674969 -0.03400000184774399 0.10130000114440918 0 -0.03273918852210045 0.10130000114440918 0.009173090569674969 -0.029050258919596672 0.10130000114440918 0.01766585372388363 -0.023206807672977448 0.10130000114440918 0.024848422035574913 -0.015642210841178894 0.10130000114440918 0.030188096687197685 -0.006917504593729973 0.10130000114440918 0.0332888588309288 0.002320242114365101 0.10130000114440918 0.033920738846063614 0.011385906487703323 0.10130000114440918 0.03203687071800232 0.01960713043808937 0.10130000114440918 0.02777697704732418 0.02637418359518051 0.10130000114440918 0.021456990391016006 0.03118518367409706 0.10130000114440918 0.013545637018978596 0.03368332237005234 0.10130000114440918 0.004629665985703468 0.03400000184774399 0.10130000114440918 -4.163799315333183E-18 </float_array>
          <technique_common>
            <accessor source="#mesh_1-position-array" count="1048" stride="3">
              <param name="X" type="float" />
              <param name="Y" type="float" />
              <param name="Z" type="float" />
            </accessor>
          </technique_common>
        </source>
        <source id="mesh_1-normal" name="normal">
          <float_array id="mesh_1-normal-array" count="3">0 0 0 </float_array>
          <technique_common>
            <accessor source="#mesh_1-normal-array" count="1" stride="3">
              <param name="X" type="float" />
              <param name="Y" type="float" />
              <param name="Z" type="float" />
            </accessor>
          </technique_common>
        </source>
        <vertices id="mesh_1-vertices">
          <input semantic="POSITION" source="#mesh_1-position" />
        </vertices>
        <triangles material="default" count="2076">
          <input semantic="VERTEX" source="#mesh_1-vertices" offset="0" />
          <input semantic="NORMAL" source="#mesh_1-normal" offset="1" />
          <p>0 0 1 0 2 0 2 0 1 0 3 0 2 0 3 0 4 0 4 0 3 0 5 0 4 0 5 0 6 0 6 0 5 0 7 0 6 0 7 0 8 0 8 0 7 0 9 0 8 0 9 0 10 0 10 0 9 0 11 0 10 0 11 0 12 0 12 0 11 0 13 0 12 0 13 0 14 0 14 0 13 0 15 0 14 0 15 0 16 0 15 0 17 0 16 0 16 0 17 0 18 0 16 0 18 0 19 0 19 0 18 0 20 0 19 0 20 0 21 0 21 0 20 0 22 0 21 0 22 0 23 0 23 0 22 0 24 0 23 0 24 0 25 0 25 0 24 0 26 0 25 0 26 0 27 0 27 0 26 0 28 0 27 0 28 0 29 0 29 0 28 0 30 0 29 0 30 0 31 0 31 0 30 0 32 0 31 0 32 0 33 0 33 0 32 0 34 0 33 0 34 0 35 0 35 0 34 0 36 0 35 0 36 0 37 0 37 0 36 0 38 0 37 0 38 0 39 0 39 0 38 0 40 0 39 0 40 0 41 0 41 0 40 0 42 0 41 0 42 0 43 0 43 0 42 0 44 0 43 0 44 0 45 0 45 0 44 0 46 0 45 0 46 0 47 0 47 0 46 0 48 0 48 0 0 0 47 0 0 0 48 0 49 0 0 0 49 0 1 0 50 0 51 0 52 0 53 0 54 0 55 0 56 0 57 0 58 0 59 0 60 0 61 0 62 0 63 0 64 0 65 0 66 0 62 0 67 0 68 0 69 0 70 0 71 0 72 0 68 0 67 0 73 0 73 0 74 0 75 0 71 0 70 0 73 0 76 0 77 0 78 0 79 0 80 0 81 0 82 0 83 0 84 0 84 0 83 0 85 0 86 0 87 0 88 0 89 0 90 0 91 0 92 0 93 0 94 0 95 0 96 0 97 0 97 0 96 0 98 0 97 0 98 0 99 0 99 0 98 0 100 0 99 0 100 0 92 0 94 0 93 0 101 0 101 0 93 0 102 0 101 0 102 0 103 0 104 0 105 0 106 0 106 0 105 0 107 0 106 0 107 0 103 0 108 0 109 0 110 0 110 0 109 0 111 0 110 0 111 0 86 0 112 0 113 0 108 0 108 0 113 0 114 0 108 0 114 0 109 0 115 0 116 0 117 0 117 0 116 0 118 0 117 0 118 0 119 0 120 0 121 0 122 0 123 0 124 0 125 0 125 0 124 0 126 0 125 0 126 0 127 0 127 0 126 0 121 0 123 0 125 0 128 0 128 0 125 0 129 0 128 0 129 0 130 0 130 0 129 0 131 0 130 0 131 0 79 0 81 0 80 0 132 0 132 0 80 0 133 0 132 0 133 0 134 0 135 0 136 0 137 0 137 0 136 0 138 0 137 0 138 0 139 0 139 0 138 0 140 0 139 0 140 0 134 0 141 0 142 0 143 0 143 0 142 0 144 0 143 0 144 0 135 0 135 0 144 0 145 0 135 0 145 0 136 0 141 0 60 0 146 0 146 0 60 0 59 0 146 0 59 0 147 0 147 0 59 0 148 0 149 0 63 0 150 0 150 0 63 0 62 0 150 0 62 0 151 0 151 0 62 0 66 0 95 0 152 0 96 0 96 0 152 0 153 0 96 0 153 0 154 0 154 0 153 0 155 0 154 0 155 0 156 0 156 0 155 0 157 0 156 0 157 0 158 0 158 0 157 0 159 0 158 0 159 0 65 0 65 0 159 0 160 0 65 0 160 0 66 0 66 0 160 0 161 0 66 0 161 0 151 0 162 0 72 0 163 0 163 0 72 0 71 0 163 0 71 0 164 0 164 0 71 0 73 0 165 0 69 0 166 0 166 0 69 0 68 0 166 0 68 0 167 0 167 0 68 0 73 0 168 0 162 0 169 0 169 0 162 0 163 0 169 0 163 0 170 0 170 0 163 0 164 0 170 0 164 0 171 0 171 0 164 0 73 0 172 0 173 0 174 0 175 0 165 0 176 0 176 0 165 0 166 0 176 0 166 0 177 0 177 0 166 0 167 0 177 0 167 0 178 0 178 0 167 0 73 0 179 0 168 0 180 0 180 0 168 0 169 0 180 0 169 0 181 0 181 0 169 0 170 0 181 0 170 0 182 0 182 0 170 0 171 0 182 0 171 0 183 0 183 0 171 0 73 0 184 0 175 0 185 0 185 0 175 0 176 0 185 0 176 0 186 0 186 0 176 0 177 0 186 0 177 0 187 0 187 0 177 0 178 0 187 0 178 0 188 0 188 0 178 0 73 0 189 0 190 0 191 0 192 0 179 0 193 0 193 0 179 0 180 0 193 0 180 0 194 0 194 0 180 0 181 0 194 0 181 0 195 0 195 0 181 0 182 0 195 0 182 0 196 0 196 0 182 0 183 0 196 0 183 0 197 0 197 0 183 0 73 0 198 0 199 0 200 0 201 0 184 0 202 0 202 0 184 0 185 0 202 0 185 0 203 0 203 0 185 0 186 0 203 0 186 0 204 0 204 0 186 0 187 0 204 0 187 0 205 0 205 0 187 0 188 0 205 0 188 0 206 0 206 0 188 0 73 0 207 0 192 0 208 0 208 0 192 0 193 0 208 0 193 0 209 0 209 0 193 0 194 0 209 0 194 0 210 0 210 0 194 0 195 0 210 0 195 0 211 0 211 0 195 0 196 0 211 0 196 0 212 0 212 0 196 0 197 0 212 0 197 0 213 0 213 0 197 0 73 0 214 0 199 0 215 0 215 0 199 0 198 0 215 0 198 0 216 0 217 0 201 0 218 0 218 0 201 0 202 0 218 0 202 0 219 0 219 0 202 0 203 0 219 0 203 0 220 0 220 0 203 0 204 0 220 0 204 0 221 0 221 0 204 0 205 0 221 0 205 0 222 0 222 0 205 0 206 0 222 0 206 0 223 0 223 0 206 0 73 0 224 0 207 0 225 0 225 0 207 0 208 0 225 0 208 0 226 0 226 0 208 0 209 0 226 0 209 0 227 0 227 0 209 0 210 0 227 0 210 0 228 0 228 0 210 0 211 0 228 0 211 0 229 0 229 0 211 0 212 0 229 0 212 0 230 0 230 0 212 0 213 0 230 0 213 0 231 0 231 0 213 0 73 0 73 0 232 0 233 0 233 0 232 0 234 0 233 0 234 0 235 0 235 0 234 0 236 0 235 0 236 0 237 0 237 0 236 0 238 0 237 0 238 0 239 0 239 0 238 0 240 0 239 0 240 0 241 0 241 0 240 0 242 0 241 0 242 0 243 0 243 0 242 0 91 0 243 0 91 0 104 0 104 0 91 0 90 0 104 0 90 0 105 0 73 0 244 0 232 0 232 0 244 0 245 0 232 0 245 0 234 0 234 0 245 0 246 0 234 0 246 0 236 0 236 0 246 0 247 0 236 0 247 0 238 0 238 0 247 0 248 0 238 0 248 0 240 0 240 0 248 0 249 0 240 0 249 0 242 0 242 0 249 0 88 0 242 0 88 0 91 0 91 0 88 0 87 0 91 0 87 0 89 0 110 0 214 0 108 0 108 0 214 0 215 0 108 0 215 0 112 0 112 0 215 0 216 0 112 0 216 0 250 0 251 0 217 0 252 0 252 0 217 0 218 0 252 0 218 0 253 0 253 0 218 0 219 0 253 0 219 0 254 0 254 0 219 0 220 0 254 0 220 0 255 0 255 0 220 0 221 0 255 0 221 0 256 0 256 0 221 0 222 0 256 0 222 0 257 0 257 0 222 0 223 0 257 0 223 0 258 0 258 0 223 0 73 0 259 0 224 0 260 0 260 0 224 0 225 0 260 0 225 0 261 0 261 0 225 0 226 0 261 0 226 0 262 0 262 0 226 0 227 0 262 0 227 0 263 0 263 0 227 0 228 0 263 0 228 0 264 0 264 0 228 0 229 0 264 0 229 0 265 0 265 0 229 0 230 0 265 0 230 0 266 0 266 0 230 0 231 0 266 0 231 0 267 0 267 0 231 0 73 0 103 0 102 0 106 0 106 0 102 0 268 0 106 0 268 0 104 0 104 0 268 0 269 0 104 0 269 0 243 0 243 0 269 0 270 0 243 0 270 0 241 0 241 0 270 0 271 0 241 0 271 0 239 0 239 0 271 0 272 0 239 0 272 0 237 0 237 0 272 0 273 0 237 0 273 0 235 0 235 0 273 0 274 0 235 0 274 0 233 0 233 0 274 0 73 0 85 0 115 0 275 0 275 0 115 0 117 0 275 0 117 0 250 0 250 0 117 0 119 0 250 0 119 0 112 0 112 0 119 0 276 0 112 0 276 0 113 0 277 0 251 0 278 0 278 0 251 0 252 0 278 0 252 0 279 0 279 0 252 0 253 0 279 0 253 0 280 0 280 0 253 0 254 0 280 0 254 0 281 0 281 0 254 0 255 0 281 0 255 0 282 0 282 0 255 0 256 0 282 0 256 0 283 0 283 0 256 0 257 0 283 0 257 0 284 0 284 0 257 0 258 0 284 0 258 0 285 0 285 0 258 0 73 0 286 0 287 0 288 0 289 0 259 0 290 0 290 0 259 0 260 0 290 0 260 0 291 0 291 0 260 0 261 0 291 0 261 0 292 0 292 0 261 0 262 0 292 0 262 0 293 0 293 0 262 0 263 0 293 0 263 0 294 0 294 0 263 0 264 0 294 0 264 0 295 0 295 0 264 0 265 0 295 0 265 0 296 0 296 0 265 0 266 0 296 0 266 0 297 0 297 0 266 0 267 0 297 0 267 0 298 0 298 0 267 0 73 0 92 0 100 0 93 0 93 0 100 0 299 0 93 0 299 0 102 0 102 0 299 0 300 0 102 0 300 0 268 0 268 0 300 0 301 0 268 0 301 0 269 0 269 0 301 0 302 0 269 0 302 0 270 0 270 0 302 0 303 0 270 0 303 0 271 0 271 0 303 0 304 0 271 0 304 0 272 0 272 0 304 0 305 0 272 0 305 0 273 0 273 0 305 0 306 0 273 0 306 0 274 0 274 0 306 0 73 0 85 0 275 0 84 0 84 0 275 0 307 0 84 0 307 0 82 0 308 0 277 0 309 0 309 0 277 0 278 0 309 0 278 0 310 0 310 0 278 0 279 0 310 0 279 0 311 0 311 0 279 0 280 0 311 0 280 0 312 0 312 0 280 0 281 0 312 0 281 0 313 0 313 0 281 0 282 0 313 0 282 0 314 0 314 0 282 0 283 0 314 0 283 0 315 0 315 0 283 0 284 0 315 0 284 0 316 0 316 0 284 0 285 0 316 0 285 0 317 0 317 0 285 0 73 0 318 0 289 0 319 0 319 0 289 0 290 0 319 0 290 0 320 0 320 0 290 0 291 0 320 0 291 0 321 0 321 0 291 0 292 0 321 0 292 0 322 0 322 0 292 0 293 0 322 0 293 0 323 0 323 0 293 0 294 0 323 0 294 0 324 0 324 0 294 0 295 0 324 0 295 0 325 0 325 0 295 0 296 0 325 0 296 0 326 0 326 0 296 0 297 0 326 0 297 0 327 0 327 0 297 0 298 0 327 0 298 0 328 0 328 0 298 0 73 0 329 0 308 0 330 0 330 0 308 0 309 0 330 0 309 0 331 0 331 0 309 0 310 0 331 0 310 0 332 0 332 0 310 0 311 0 332 0 311 0 333 0 333 0 311 0 312 0 333 0 312 0 334 0 334 0 312 0 313 0 334 0 313 0 335 0 335 0 313 0 314 0 335 0 314 0 336 0 336 0 314 0 315 0 336 0 315 0 337 0 337 0 315 0 316 0 337 0 316 0 338 0 338 0 316 0 317 0 338 0 317 0 339 0 339 0 317 0 73 0 340 0 318 0 341 0 341 0 318 0 319 0 341 0 319 0 342 0 342 0 319 0 320 0 342 0 320 0 343 0 343 0 320 0 321 0 343 0 321 0 344 0 344 0 321 0 322 0 344 0 322 0 345 0 345 0 322 0 323 0 345 0 323 0 346 0 346 0 323 0 324 0 346 0 324 0 347 0 347 0 324 0 325 0 347 0 325 0 348 0 348 0 325 0 326 0 348 0 326 0 349 0 349 0 326 0 327 0 349 0 327 0 350 0 350 0 327 0 328 0 350 0 328 0 351 0 351 0 328 0 73 0 352 0 329 0 353 0 353 0 329 0 330 0 353 0 330 0 354 0 354 0 330 0 331 0 354 0 331 0 355 0 355 0 331 0 332 0 355 0 332 0 356 0 356 0 332 0 333 0 356 0 333 0 357 0 357 0 333 0 334 0 357 0 334 0 358 0 358 0 334 0 335 0 358 0 335 0 359 0 359 0 335 0 336 0 359 0 336 0 360 0 360 0 336 0 337 0 360 0 337 0 361 0 361 0 337 0 338 0 361 0 338 0 362 0 362 0 338 0 339 0 362 0 339 0 363 0 363 0 339 0 73 0 364 0 340 0 365 0 365 0 340 0 341 0 365 0 341 0 366 0 366 0 341 0 342 0 366 0 342 0 367 0 367 0 342 0 343 0 367 0 343 0 368 0 368 0 343 0 344 0 368 0 344 0 369 0 369 0 344 0 345 0 369 0 345 0 370 0 370 0 345 0 346 0 370 0 346 0 371 0 371 0 346 0 347 0 371 0 347 0 372 0 372 0 347 0 348 0 372 0 348 0 373 0 373 0 348 0 349 0 373 0 349 0 374 0 374 0 349 0 350 0 374 0 350 0 375 0 375 0 350 0 351 0 375 0 351 0 376 0 376 0 351 0 73 0 377 0 352 0 378 0 378 0 352 0 353 0 378 0 353 0 379 0 379 0 353 0 354 0 379 0 354 0 380 0 380 0 354 0 355 0 380 0 355 0 381 0 381 0 355 0 356 0 381 0 356 0 382 0 382 0 356 0 357 0 382 0 357 0 383 0 383 0 357 0 358 0 383 0 358 0 384 0 384 0 358 0 359 0 384 0 359 0 385 0 385 0 359 0 360 0 385 0 360 0 386 0 386 0 360 0 361 0 386 0 361 0 387 0 387 0 361 0 362 0 387 0 362 0 388 0 388 0 362 0 363 0 388 0 363 0 389 0 389 0 363 0 73 0 390 0 364 0 391 0 391 0 364 0 365 0 391 0 365 0 392 0 392 0 365 0 366 0 392 0 366 0 393 0 393 0 366 0 367 0 393 0 367 0 394 0 394 0 367 0 368 0 394 0 368 0 395 0 395 0 368 0 369 0 395 0 369 0 396 0 396 0 369 0 370 0 396 0 370 0 397 0 397 0 370 0 371 0 397 0 371 0 398 0 398 0 371 0 372 0 398 0 372 0 399 0 399 0 372 0 373 0 399 0 373 0 400 0 400 0 373 0 374 0 400 0 374 0 401 0 401 0 374 0 375 0 401 0 375 0 402 0 402 0 375 0 376 0 402 0 376 0 403 0 403 0 376 0 73 0 404 0 377 0 405 0 405 0 377 0 378 0 405 0 378 0 406 0 406 0 378 0 379 0 406 0 379 0 407 0 407 0 379 0 380 0 407 0 380 0 408 0 408 0 380 0 381 0 408 0 381 0 409 0 409 0 381 0 382 0 409 0 382 0 410 0 410 0 382 0 383 0 410 0 383 0 411 0 411 0 383 0 384 0 411 0 384 0 412 0 412 0 384 0 385 0 412 0 385 0 413 0 413 0 385 0 386 0 413 0 386 0 414 0 414 0 386 0 387 0 414 0 387 0 415 0 415 0 387 0 388 0 415 0 388 0 416 0 416 0 388 0 389 0 416 0 389 0 417 0 417 0 389 0 73 0 418 0 419 0 420 0 65 0 390 0 158 0 158 0 390 0 391 0 158 0 391 0 156 0 156 0 391 0 392 0 156 0 392 0 154 0 154 0 392 0 393 0 154 0 393 0 96 0 96 0 393 0 394 0 96 0 394 0 98 0 98 0 394 0 395 0 98 0 395 0 100 0 100 0 395 0 396 0 100 0 396 0 299 0 299 0 396 0 397 0 299 0 397 0 300 0 300 0 397 0 398 0 300 0 398 0 301 0 301 0 398 0 399 0 301 0 399 0 302 0 302 0 399 0 400 0 302 0 400 0 303 0 303 0 400 0 401 0 303 0 401 0 304 0 304 0 401 0 402 0 304 0 402 0 305 0 305 0 402 0 403 0 305 0 403 0 306 0 306 0 403 0 73 0 421 0 422 0 423 0 424 0 425 0 426 0 55 0 427 0 428 0 428 0 427 0 429 0 428 0 429 0 430 0 430 0 429 0 431 0 430 0 431 0 432 0 432 0 431 0 421 0 432 0 421 0 433 0 433 0 421 0 423 0 433 0 423 0 419 0 434 0 435 0 436 0 436 0 435 0 437 0 436 0 437 0 438 0 438 0 437 0 439 0 438 0 439 0 440 0 440 0 439 0 441 0 440 0 441 0 442 0 442 0 441 0 443 0 442 0 443 0 444 0 444 0 443 0 418 0 444 0 418 0 445 0 445 0 418 0 420 0 445 0 420 0 446 0 447 0 434 0 448 0 448 0 434 0 436 0 448 0 436 0 449 0 449 0 436 0 438 0 449 0 438 0 450 0 450 0 438 0 440 0 450 0 440 0 451 0 451 0 440 0 442 0 451 0 442 0 452 0 452 0 442 0 444 0 452 0 444 0 453 0 453 0 444 0 445 0 453 0 445 0 454 0 454 0 445 0 446 0 454 0 446 0 455 0 456 0 457 0 458 0 458 0 457 0 447 0 458 0 447 0 459 0 459 0 447 0 448 0 459 0 448 0 460 0 460 0 448 0 449 0 460 0 449 0 461 0 461 0 449 0 450 0 461 0 450 0 462 0 462 0 450 0 451 0 462 0 451 0 463 0 463 0 451 0 452 0 463 0 452 0 464 0 464 0 452 0 453 0 464 0 453 0 465 0 465 0 453 0 454 0 465 0 454 0 466 0 466 0 454 0 455 0 466 0 455 0 467 0 468 0 469 0 470 0 470 0 469 0 471 0 470 0 471 0 472 0 472 0 471 0 473 0 472 0 473 0 474 0 474 0 473 0 475 0 474 0 475 0 476 0 476 0 475 0 477 0 476 0 477 0 478 0 478 0 477 0 479 0 478 0 479 0 480 0 480 0 479 0 481 0 480 0 481 0 482 0 482 0 481 0 483 0 482 0 483 0 484 0 484 0 483 0 485 0 484 0 485 0 486 0 486 0 485 0 487 0 486 0 487 0 488 0 488 0 487 0 286 0 488 0 286 0 489 0 489 0 286 0 288 0 489 0 288 0 490 0 491 0 468 0 492 0 492 0 468 0 470 0 492 0 470 0 493 0 493 0 470 0 472 0 493 0 472 0 494 0 494 0 472 0 474 0 494 0 474 0 495 0 495 0 474 0 476 0 495 0 476 0 496 0 496 0 476 0 478 0 496 0 478 0 497 0 497 0 478 0 480 0 497 0 480 0 498 0 498 0 480 0 482 0 498 0 482 0 499 0 499 0 482 0 484 0 499 0 484 0 500 0 500 0 484 0 486 0 500 0 486 0 501 0 501 0 486 0 488 0 501 0 488 0 502 0 502 0 488 0 489 0 502 0 489 0 503 0 503 0 489 0 490 0 503 0 490 0 504 0 505 0 506 0 507 0 507 0 506 0 491 0 507 0 491 0 508 0 508 0 491 0 492 0 508 0 492 0 509 0 509 0 492 0 493 0 509 0 493 0 510 0 510 0 493 0 494 0 510 0 494 0 511 0 511 0 494 0 495 0 511 0 495 0 512 0 512 0 495 0 496 0 512 0 496 0 513 0 513 0 496 0 497 0 513 0 497 0 514 0 514 0 497 0 498 0 514 0 498 0 515 0 515 0 498 0 499 0 515 0 499 0 516 0 516 0 499 0 500 0 516 0 500 0 517 0 517 0 500 0 501 0 517 0 501 0 518 0 518 0 501 0 502 0 518 0 502 0 519 0 519 0 502 0 503 0 519 0 503 0 520 0 520 0 503 0 504 0 520 0 504 0 190 0 521 0 522 0 523 0 523 0 522 0 524 0 523 0 524 0 525 0 525 0 524 0 526 0 525 0 526 0 527 0 527 0 526 0 528 0 527 0 528 0 529 0 529 0 528 0 530 0 529 0 530 0 531 0 531 0 530 0 532 0 531 0 532 0 533 0 533 0 532 0 534 0 533 0 534 0 535 0 535 0 534 0 536 0 535 0 536 0 537 0 537 0 536 0 538 0 537 0 538 0 539 0 539 0 538 0 540 0 539 0 540 0 541 0 541 0 540 0 542 0 541 0 542 0 543 0 543 0 542 0 544 0 543 0 544 0 545 0 545 0 544 0 546 0 545 0 546 0 547 0 547 0 546 0 548 0 547 0 548 0 549 0 549 0 548 0 189 0 549 0 189 0 550 0 550 0 189 0 191 0 550 0 191 0 551 0 552 0 521 0 553 0 553 0 521 0 523 0 553 0 523 0 554 0 554 0 523 0 525 0 554 0 525 0 555 0 555 0 525 0 527 0 555 0 527 0 556 0 556 0 527 0 529 0 556 0 529 0 557 0 557 0 529 0 531 0 557 0 531 0 558 0 558 0 531 0 533 0 558 0 533 0 559 0 559 0 533 0 535 0 559 0 535 0 560 0 560 0 535 0 537 0 560 0 537 0 561 0 561 0 537 0 539 0 561 0 539 0 562 0 562 0 539 0 541 0 562 0 541 0 563 0 563 0 541 0 543 0 563 0 543 0 564 0 564 0 543 0 545 0 564 0 545 0 565 0 565 0 545 0 547 0 565 0 547 0 566 0 566 0 547 0 549 0 566 0 549 0 567 0 567 0 549 0 550 0 567 0 550 0 568 0 568 0 550 0 551 0 568 0 551 0 569 0 569 0 570 0 568 0 568 0 570 0 571 0 568 0 571 0 567 0 567 0 571 0 572 0 567 0 572 0 566 0 566 0 572 0 573 0 566 0 573 0 565 0 565 0 573 0 574 0 565 0 574 0 564 0 564 0 574 0 575 0 564 0 575 0 563 0 563 0 575 0 576 0 563 0 576 0 562 0 562 0 576 0 577 0 562 0 577 0 561 0 561 0 577 0 578 0 561 0 578 0 560 0 560 0 578 0 579 0 560 0 579 0 559 0 559 0 579 0 580 0 559 0 580 0 558 0 558 0 580 0 581 0 558 0 581 0 557 0 557 0 581 0 582 0 557 0 582 0 556 0 556 0 582 0 583 0 556 0 583 0 555 0 555 0 583 0 584 0 555 0 584 0 554 0 554 0 584 0 585 0 554 0 585 0 553 0 553 0 585 0 586 0 553 0 586 0 552 0 552 0 586 0 587 0 552 0 587 0 588 0 588 0 587 0 589 0 590 0 591 0 592 0 592 0 591 0 593 0 592 0 593 0 594 0 594 0 593 0 595 0 594 0 595 0 596 0 596 0 595 0 597 0 596 0 597 0 598 0 598 0 597 0 599 0 598 0 599 0 600 0 600 0 599 0 601 0 600 0 601 0 602 0 602 0 601 0 603 0 602 0 603 0 604 0 604 0 603 0 605 0 604 0 605 0 606 0 606 0 605 0 607 0 606 0 607 0 608 0 608 0 607 0 609 0 608 0 609 0 610 0 610 0 609 0 611 0 610 0 611 0 612 0 612 0 611 0 613 0 612 0 613 0 614 0 614 0 613 0 615 0 614 0 615 0 616 0 616 0 615 0 617 0 616 0 617 0 618 0 618 0 617 0 619 0 618 0 619 0 620 0 620 0 619 0 621 0 620 0 621 0 622 0 622 0 621 0 623 0 622 0 623 0 624 0 624 0 623 0 625 0 624 0 625 0 73 0 570 0 73 0 625 0 626 0 627 0 628 0 628 0 627 0 590 0 628 0 590 0 629 0 629 0 590 0 592 0 629 0 592 0 630 0 630 0 592 0 594 0 630 0 594 0 631 0 631 0 594 0 596 0 631 0 596 0 632 0 632 0 596 0 598 0 632 0 598 0 633 0 633 0 598 0 600 0 633 0 600 0 634 0 634 0 600 0 602 0 634 0 602 0 635 0 635 0 602 0 604 0 635 0 604 0 636 0 636 0 604 0 606 0 636 0 606 0 637 0 637 0 606 0 608 0 637 0 608 0 638 0 638 0 608 0 610 0 638 0 610 0 639 0 639 0 610 0 612 0 639 0 612 0 640 0 640 0 612 0 614 0 640 0 614 0 641 0 641 0 614 0 616 0 641 0 616 0 642 0 642 0 616 0 618 0 642 0 618 0 643 0 643 0 618 0 620 0 643 0 620 0 644 0 644 0 620 0 622 0 644 0 622 0 645 0 645 0 622 0 624 0 645 0 624 0 73 0 646 0 647 0 648 0 648 0 647 0 649 0 648 0 649 0 650 0 650 0 649 0 651 0 650 0 651 0 652 0 652 0 651 0 653 0 652 0 653 0 654 0 654 0 653 0 655 0 654 0 655 0 656 0 656 0 655 0 657 0 656 0 657 0 658 0 658 0 657 0 659 0 658 0 659 0 660 0 660 0 659 0 661 0 660 0 661 0 662 0 662 0 661 0 663 0 662 0 663 0 664 0 664 0 663 0 665 0 664 0 665 0 666 0 666 0 665 0 667 0 666 0 667 0 668 0 668 0 667 0 669 0 668 0 669 0 670 0 670 0 669 0 671 0 670 0 671 0 672 0 672 0 671 0 673 0 672 0 673 0 674 0 674 0 673 0 675 0 674 0 675 0 676 0 676 0 675 0 677 0 676 0 677 0 678 0 678 0 677 0 679 0 678 0 679 0 680 0 680 0 679 0 681 0 682 0 681 0 64 0 64 0 681 0 679 0 64 0 679 0 62 0 62 0 679 0 677 0 62 0 677 0 65 0 65 0 677 0 675 0 65 0 675 0 390 0 390 0 675 0 673 0 390 0 673 0 364 0 364 0 673 0 671 0 364 0 671 0 340 0 340 0 671 0 669 0 340 0 669 0 318 0 318 0 669 0 667 0 318 0 667 0 289 0 289 0 667 0 665 0 289 0 665 0 259 0 259 0 665 0 663 0 259 0 663 0 224 0 224 0 663 0 661 0 224 0 661 0 207 0 207 0 661 0 659 0 207 0 659 0 192 0 192 0 659 0 657 0 192 0 657 0 179 0 179 0 657 0 655 0 179 0 655 0 168 0 168 0 655 0 653 0 168 0 653 0 162 0 162 0 653 0 651 0 162 0 651 0 72 0 72 0 651 0 649 0 72 0 649 0 70 0 70 0 649 0 647 0 70 0 647 0 73 0 646 0 73 0 647 0 149 0 683 0 63 0 63 0 683 0 76 0 63 0 76 0 64 0 64 0 76 0 78 0 64 0 78 0 682 0 682 0 78 0 684 0 682 0 684 0 685 0 685 0 684 0 686 0 137 0 687 0 135 0 135 0 687 0 688 0 135 0 688 0 143 0 143 0 688 0 689 0 690 0 425 0 691 0 691 0 425 0 424 0 691 0 424 0 692 0 693 0 694 0 695 0 695 0 694 0 692 0 695 0 692 0 696 0 696 0 692 0 424 0 696 0 424 0 697 0 697 0 424 0 426 0 697 0 426 0 698 0 699 0 700 0 701 0 701 0 700 0 702 0 701 0 702 0 703 0 703 0 702 0 704 0 703 0 704 0 705 0 705 0 704 0 706 0 705 0 706 0 707 0 707 0 706 0 708 0 707 0 708 0 709 0 709 0 708 0 710 0 709 0 710 0 711 0 711 0 710 0 712 0 711 0 712 0 713 0 713 0 712 0 120 0 713 0 120 0 714 0 714 0 120 0 122 0 714 0 122 0 715 0 716 0 699 0 717 0 717 0 699 0 701 0 717 0 701 0 718 0 718 0 701 0 703 0 718 0 703 0 719 0 719 0 703 0 705 0 719 0 705 0 720 0 720 0 705 0 707 0 720 0 707 0 721 0 721 0 707 0 709 0 721 0 709 0 722 0 722 0 709 0 711 0 722 0 711 0 723 0 723 0 711 0 713 0 723 0 713 0 724 0 724 0 713 0 714 0 724 0 714 0 307 0 307 0 714 0 715 0 307 0 715 0 82 0 725 0 726 0 727 0 727 0 726 0 716 0 727 0 716 0 728 0 728 0 716 0 717 0 728 0 717 0 729 0 729 0 717 0 718 0 729 0 718 0 730 0 730 0 718 0 719 0 730 0 719 0 731 0 731 0 719 0 720 0 731 0 720 0 732 0 732 0 720 0 721 0 732 0 721 0 733 0 733 0 721 0 722 0 733 0 722 0 734 0 734 0 722 0 723 0 734 0 723 0 735 0 735 0 723 0 724 0 735 0 724 0 736 0 736 0 724 0 307 0 736 0 307 0 737 0 737 0 307 0 275 0 737 0 275 0 738 0 738 0 275 0 250 0 738 0 250 0 739 0 739 0 250 0 216 0 739 0 216 0 740 0 740 0 216 0 198 0 740 0 198 0 741 0 741 0 198 0 200 0 741 0 200 0 173 0 742 0 743 0 744 0 744 0 743 0 745 0 744 0 745 0 746 0 746 0 745 0 747 0 746 0 747 0 748 0 748 0 747 0 749 0 748 0 749 0 750 0 750 0 749 0 751 0 750 0 751 0 752 0 752 0 751 0 753 0 752 0 753 0 754 0 754 0 753 0 755 0 754 0 755 0 756 0 756 0 755 0 757 0 756 0 757 0 758 0 758 0 757 0 759 0 758 0 759 0 760 0 760 0 759 0 761 0 760 0 761 0 762 0 762 0 761 0 763 0 762 0 763 0 764 0 764 0 763 0 765 0 764 0 765 0 766 0 766 0 765 0 767 0 766 0 767 0 768 0 768 0 767 0 769 0 768 0 769 0 770 0 770 0 769 0 771 0 770 0 771 0 772 0 772 0 771 0 172 0 772 0 172 0 773 0 773 0 172 0 174 0 773 0 174 0 774 0 774 0 75 0 773 0 773 0 75 0 775 0 773 0 775 0 772 0 772 0 775 0 776 0 772 0 776 0 770 0 770 0 776 0 777 0 770 0 777 0 768 0 768 0 777 0 778 0 768 0 778 0 766 0 766 0 778 0 779 0 766 0 779 0 764 0 764 0 779 0 780 0 764 0 780 0 762 0 762 0 780 0 781 0 762 0 781 0 760 0 760 0 781 0 782 0 760 0 782 0 758 0 758 0 782 0 783 0 758 0 783 0 756 0 756 0 783 0 784 0 756 0 784 0 754 0 754 0 784 0 785 0 754 0 785 0 752 0 752 0 785 0 786 0 752 0 786 0 750 0 750 0 786 0 787 0 750 0 787 0 748 0 748 0 787 0 788 0 748 0 788 0 746 0 746 0 788 0 789 0 746 0 789 0 744 0 744 0 789 0 790 0 744 0 790 0 742 0 742 0 790 0 791 0 742 0 791 0 792 0 792 0 791 0 793 0 794 0 795 0 796 0 796 0 795 0 797 0 796 0 797 0 798 0 798 0 797 0 799 0 798 0 799 0 800 0 800 0 799 0 801 0 800 0 801 0 802 0 802 0 801 0 803 0 802 0 803 0 804 0 804 0 803 0 805 0 804 0 805 0 806 0 806 0 805 0 807 0 806 0 807 0 808 0 808 0 807 0 809 0 808 0 809 0 810 0 810 0 809 0 811 0 810 0 811 0 812 0 812 0 811 0 813 0 812 0 813 0 814 0 814 0 813 0 815 0 814 0 815 0 816 0 816 0 815 0 817 0 816 0 817 0 818 0 818 0 817 0 819 0 818 0 819 0 820 0 820 0 819 0 821 0 820 0 821 0 822 0 822 0 821 0 823 0 822 0 823 0 824 0 824 0 823 0 825 0 824 0 825 0 826 0 826 0 825 0 827 0 826 0 827 0 828 0 828 0 829 0 826 0 826 0 829 0 830 0 826 0 830 0 824 0 824 0 830 0 831 0 824 0 831 0 822 0 822 0 831 0 832 0 822 0 832 0 820 0 820 0 832 0 833 0 820 0 833 0 818 0 818 0 833 0 834 0 818 0 834 0 816 0 816 0 834 0 835 0 816 0 835 0 814 0 814 0 835 0 836 0 814 0 836 0 812 0 812 0 836 0 837 0 812 0 837 0 810 0 810 0 837 0 838 0 810 0 838 0 808 0 808 0 838 0 839 0 808 0 839 0 806 0 806 0 839 0 840 0 806 0 840 0 804 0 804 0 840 0 841 0 804 0 841 0 802 0 802 0 841 0 842 0 802 0 842 0 800 0 800 0 842 0 843 0 800 0 843 0 798 0 798 0 843 0 844 0 798 0 844 0 796 0 796 0 844 0 845 0 796 0 845 0 794 0 794 0 845 0 846 0 847 0 848 0 849 0 849 0 848 0 846 0 849 0 846 0 850 0 850 0 846 0 845 0 850 0 845 0 851 0 851 0 845 0 844 0 851 0 844 0 852 0 852 0 844 0 843 0 852 0 843 0 853 0 853 0 843 0 842 0 853 0 842 0 854 0 854 0 842 0 841 0 854 0 841 0 855 0 855 0 841 0 840 0 855 0 840 0 856 0 856 0 840 0 839 0 856 0 839 0 857 0 857 0 839 0 838 0 857 0 838 0 858 0 858 0 838 0 837 0 858 0 837 0 859 0 859 0 837 0 836 0 859 0 836 0 860 0 860 0 836 0 835 0 860 0 835 0 861 0 861 0 835 0 834 0 861 0 834 0 862 0 862 0 834 0 833 0 862 0 833 0 863 0 863 0 833 0 832 0 863 0 832 0 864 0 864 0 832 0 831 0 864 0 831 0 865 0 865 0 831 0 830 0 865 0 830 0 866 0 866 0 830 0 829 0 866 0 829 0 73 0 828 0 73 0 829 0 827 0 74 0 828 0 828 0 74 0 73 0 422 0 421 0 867 0 867 0 421 0 431 0 867 0 431 0 868 0 868 0 431 0 429 0 868 0 429 0 58 0 58 0 429 0 427 0 58 0 427 0 56 0 55 0 54 0 427 0 427 0 54 0 869 0 427 0 869 0 56 0 419 0 418 0 433 0 433 0 418 0 443 0 433 0 443 0 432 0 432 0 443 0 441 0 432 0 441 0 430 0 430 0 441 0 439 0 430 0 439 0 428 0 428 0 439 0 437 0 428 0 437 0 55 0 55 0 437 0 435 0 55 0 435 0 53 0 457 0 870 0 447 0 447 0 870 0 871 0 447 0 871 0 434 0 434 0 871 0 872 0 434 0 872 0 435 0 435 0 872 0 873 0 435 0 873 0 53 0 51 0 456 0 52 0 52 0 456 0 458 0 52 0 458 0 874 0 874 0 458 0 459 0 874 0 459 0 875 0 875 0 459 0 460 0 875 0 460 0 876 0 876 0 460 0 461 0 876 0 461 0 877 0 877 0 461 0 462 0 877 0 462 0 878 0 878 0 462 0 463 0 878 0 463 0 879 0 879 0 463 0 464 0 879 0 464 0 880 0 880 0 464 0 465 0 880 0 465 0 881 0 881 0 465 0 466 0 881 0 466 0 882 0 882 0 466 0 467 0 882 0 467 0 287 0 287 0 286 0 882 0 882 0 286 0 487 0 882 0 487 0 881 0 881 0 487 0 485 0 881 0 485 0 880 0 880 0 485 0 483 0 880 0 483 0 879 0 879 0 483 0 481 0 879 0 481 0 878 0 878 0 481 0 479 0 878 0 479 0 877 0 877 0 479 0 477 0 877 0 477 0 876 0 876 0 477 0 475 0 876 0 475 0 875 0 875 0 475 0 473 0 875 0 473 0 874 0 874 0 473 0 471 0 874 0 471 0 52 0 52 0 471 0 469 0 52 0 469 0 50 0 506 0 883 0 491 0 491 0 883 0 884 0 491 0 884 0 468 0 468 0 884 0 885 0 468 0 885 0 469 0 469 0 885 0 886 0 469 0 886 0 50 0 190 0 189 0 520 0 520 0 189 0 548 0 520 0 548 0 519 0 519 0 548 0 546 0 519 0 546 0 518 0 518 0 546 0 544 0 518 0 544 0 517 0 517 0 544 0 542 0 517 0 542 0 516 0 516 0 542 0 540 0 516 0 540 0 515 0 515 0 540 0 538 0 515 0 538 0 514 0 514 0 538 0 536 0 514 0 536 0 513 0 513 0 536 0 534 0 513 0 534 0 512 0 512 0 534 0 532 0 512 0 532 0 511 0 511 0 532 0 530 0 511 0 530 0 510 0 510 0 530 0 528 0 510 0 528 0 509 0 509 0 528 0 526 0 509 0 526 0 508 0 508 0 526 0 524 0 508 0 524 0 507 0 507 0 524 0 522 0 507 0 522 0 505 0 588 0 887 0 552 0 552 0 887 0 888 0 552 0 888 0 521 0 521 0 888 0 889 0 521 0 889 0 522 0 522 0 889 0 890 0 522 0 890 0 505 0 570 0 625 0 571 0 571 0 625 0 623 0 571 0 623 0 572 0 572 0 623 0 621 0 572 0 621 0 573 0 573 0 621 0 619 0 573 0 619 0 574 0 574 0 619 0 617 0 574 0 617 0 575 0 575 0 617 0 615 0 575 0 615 0 576 0 576 0 615 0 613 0 576 0 613 0 577 0 577 0 613 0 611 0 577 0 611 0 578 0 578 0 611 0 609 0 578 0 609 0 579 0 579 0 609 0 607 0 579 0 607 0 580 0 580 0 607 0 605 0 580 0 605 0 581 0 581 0 605 0 603 0 581 0 603 0 582 0 582 0 603 0 601 0 582 0 601 0 583 0 583 0 601 0 599 0 583 0 599 0 584 0 584 0 599 0 597 0 584 0 597 0 585 0 585 0 597 0 595 0 585 0 595 0 586 0 586 0 595 0 593 0 586 0 593 0 587 0 587 0 593 0 591 0 587 0 591 0 589 0 569 0 73 0 570 0 422 0 404 0 423 0 423 0 404 0 405 0 423 0 405 0 419 0 419 0 405 0 406 0 419 0 406 0 420 0 420 0 406 0 407 0 420 0 407 0 446 0 446 0 407 0 408 0 446 0 408 0 455 0 455 0 408 0 409 0 455 0 409 0 467 0 467 0 409 0 410 0 467 0 410 0 287 0 287 0 410 0 411 0 287 0 411 0 288 0 288 0 411 0 412 0 288 0 412 0 490 0 490 0 412 0 413 0 490 0 413 0 504 0 504 0 413 0 414 0 504 0 414 0 190 0 190 0 414 0 415 0 190 0 415 0 191 0 191 0 415 0 416 0 191 0 416 0 551 0 551 0 416 0 417 0 551 0 417 0 569 0 569 0 417 0 73 0 627 0 891 0 590 0 590 0 891 0 892 0 590 0 892 0 591 0 591 0 892 0 893 0 591 0 893 0 589 0 894 0 680 0 895 0 895 0 680 0 681 0 895 0 681 0 896 0 896 0 681 0 682 0 896 0 682 0 897 0 897 0 682 0 685 0 898 0 686 0 61 0 61 0 686 0 684 0 61 0 684 0 59 0 59 0 684 0 78 0 59 0 78 0 148 0 148 0 78 0 77 0 689 0 899 0 900 0 141 0 143 0 60 0 60 0 143 0 689 0 60 0 689 0 61 0 61 0 689 0 900 0 61 0 900 0 898 0 899 0 689 0 901 0 901 0 689 0 688 0 901 0 688 0 902 0 902 0 688 0 687 0 902 0 687 0 903 0 134 0 133 0 139 0 139 0 133 0 904 0 139 0 904 0 137 0 137 0 904 0 905 0 137 0 905 0 687 0 687 0 905 0 906 0 687 0 906 0 903 0 907 0 908 0 909 0 79 0 131 0 80 0 80 0 131 0 910 0 80 0 910 0 133 0 133 0 910 0 911 0 133 0 911 0 904 0 904 0 911 0 907 0 904 0 907 0 905 0 905 0 907 0 909 0 905 0 909 0 906 0 127 0 912 0 125 0 125 0 912 0 913 0 125 0 913 0 129 0 129 0 913 0 914 0 129 0 914 0 131 0 131 0 914 0 915 0 131 0 915 0 910 0 910 0 915 0 916 0 910 0 916 0 911 0 911 0 916 0 917 0 911 0 917 0 907 0 907 0 917 0 918 0 907 0 918 0 908 0 919 0 920 0 921 0 912 0 922 0 913 0 913 0 922 0 923 0 913 0 923 0 914 0 914 0 923 0 924 0 914 0 924 0 915 0 915 0 924 0 925 0 915 0 925 0 916 0 916 0 925 0 919 0 916 0 919 0 917 0 917 0 919 0 921 0 917 0 921 0 918 0 922 0 698 0 923 0 923 0 698 0 426 0 923 0 426 0 924 0 924 0 426 0 425 0 924 0 425 0 925 0 925 0 425 0 690 0 925 0 690 0 919 0 919 0 690 0 926 0 919 0 926 0 920 0 694 0 927 0 692 0 692 0 927 0 928 0 692 0 928 0 691 0 691 0 928 0 929 0 691 0 929 0 690 0 690 0 929 0 930 0 690 0 930 0 926 0 121 0 120 0 127 0 127 0 120 0 712 0 127 0 712 0 912 0 912 0 712 0 710 0 912 0 710 0 922 0 922 0 710 0 708 0 922 0 708 0 698 0 698 0 708 0 706 0 698 0 706 0 697 0 697 0 706 0 704 0 697 0 704 0 696 0 696 0 704 0 702 0 696 0 702 0 695 0 695 0 702 0 700 0 695 0 700 0 693 0 726 0 931 0 716 0 716 0 931 0 932 0 716 0 932 0 699 0 699 0 932 0 933 0 699 0 933 0 700 0 700 0 933 0 934 0 700 0 934 0 693 0 173 0 172 0 741 0 741 0 172 0 771 0 741 0 771 0 740 0 740 0 771 0 769 0 740 0 769 0 739 0 739 0 769 0 767 0 739 0 767 0 738 0 738 0 767 0 765 0 738 0 765 0 737 0 737 0 765 0 763 0 737 0 763 0 736 0 736 0 763 0 761 0 736 0 761 0 735 0 735 0 761 0 759 0 735 0 759 0 734 0 734 0 759 0 757 0 734 0 757 0 733 0 733 0 757 0 755 0 733 0 755 0 732 0 732 0 755 0 753 0 732 0 753 0 731 0 731 0 753 0 751 0 731 0 751 0 730 0 730 0 751 0 749 0 730 0 749 0 729 0 729 0 749 0 747 0 729 0 747 0 728 0 728 0 747 0 745 0 728 0 745 0 727 0 727 0 745 0 743 0 727 0 743 0 725 0 792 0 935 0 742 0 742 0 935 0 936 0 742 0 936 0 743 0 743 0 936 0 937 0 743 0 937 0 725 0 75 0 74 0 775 0 775 0 74 0 827 0 775 0 827 0 776 0 776 0 827 0 825 0 776 0 825 0 777 0 777 0 825 0 823 0 777 0 823 0 778 0 778 0 823 0 821 0 778 0 821 0 779 0 779 0 821 0 819 0 779 0 819 0 780 0 780 0 819 0 817 0 780 0 817 0 781 0 781 0 817 0 815 0 781 0 815 0 782 0 782 0 815 0 813 0 782 0 813 0 783 0 783 0 813 0 811 0 783 0 811 0 784 0 784 0 811 0 809 0 784 0 809 0 785 0 785 0 809 0 807 0 785 0 807 0 786 0 786 0 807 0 805 0 786 0 805 0 787 0 787 0 805 0 803 0 787 0 803 0 788 0 788 0 803 0 801 0 788 0 801 0 789 0 789 0 801 0 799 0 789 0 799 0 790 0 790 0 799 0 797 0 790 0 797 0 791 0 791 0 797 0 795 0 791 0 795 0 793 0 774 0 73 0 75 0 86 0 88 0 110 0 110 0 88 0 249 0 110 0 249 0 214 0 214 0 249 0 248 0 214 0 248 0 199 0 199 0 248 0 247 0 199 0 247 0 200 0 200 0 247 0 246 0 200 0 246 0 173 0 173 0 246 0 245 0 173 0 245 0 174 0 174 0 245 0 244 0 174 0 244 0 774 0 774 0 244 0 73 0 848 0 938 0 846 0 846 0 938 0 939 0 846 0 939 0 794 0 794 0 939 0 940 0 794 0 940 0 795 0 795 0 940 0 941 0 795 0 941 0 793 0 57 0 847 0 58 0 58 0 847 0 849 0 58 0 849 0 868 0 868 0 849 0 850 0 868 0 850 0 867 0 867 0 850 0 851 0 867 0 851 0 422 0 422 0 851 0 852 0 422 0 852 0 404 0 404 0 852 0 853 0 404 0 853 0 377 0 377 0 853 0 854 0 377 0 854 0 352 0 352 0 854 0 855 0 352 0 855 0 329 0 329 0 855 0 856 0 329 0 856 0 308 0 308 0 856 0 857 0 308 0 857 0 277 0 277 0 857 0 858 0 277 0 858 0 251 0 251 0 858 0 859 0 251 0 859 0 217 0 217 0 859 0 860 0 217 0 860 0 201 0 201 0 860 0 861 0 201 0 861 0 184 0 184 0 861 0 862 0 184 0 862 0 175 0 175 0 862 0 863 0 175 0 863 0 165 0 165 0 863 0 864 0 165 0 864 0 69 0 69 0 864 0 865 0 69 0 865 0 67 0 67 0 865 0 866 0 67 0 866 0 73 0 894 0 626 0 680 0 680 0 626 0 628 0 680 0 628 0 678 0 678 0 628 0 629 0 678 0 629 0 676 0 676 0 629 0 630 0 676 0 630 0 674 0 674 0 630 0 631 0 674 0 631 0 672 0 672 0 631 0 632 0 672 0 632 0 670 0 670 0 632 0 633 0 670 0 633 0 668 0 668 0 633 0 634 0 668 0 634 0 666 0 666 0 634 0 635 0 666 0 635 0 664 0 664 0 635 0 636 0 664 0 636 0 662 0 662 0 636 0 637 0 662 0 637 0 660 0 660 0 637 0 638 0 660 0 638 0 658 0 658 0 638 0 639 0 658 0 639 0 656 0 656 0 639 0 640 0 656 0 640 0 654 0 654 0 640 0 641 0 654 0 641 0 652 0 652 0 641 0 642 0 652 0 642 0 650 0 650 0 642 0 643 0 650 0 643 0 648 0 648 0 643 0 644 0 648 0 644 0 646 0 646 0 644 0 645 0 646 0 645 0 73 0 942 0 943 0 944 0 944 0 943 0 945 0 944 0 945 0 946 0 946 0 945 0 947 0 946 0 947 0 948 0 948 0 947 0 949 0 948 0 949 0 950 0 950 0 949 0 951 0 950 0 951 0 952 0 952 0 951 0 953 0 952 0 953 0 954 0 954 0 953 0 955 0 954 0 955 0 956 0 956 0 955 0 957 0 956 0 957 0 958 0 957 0 959 0 958 0 958 0 959 0 960 0 958 0 960 0 961 0 961 0 960 0 962 0 961 0 962 0 963 0 963 0 962 0 964 0 963 0 964 0 965 0 965 0 964 0 966 0 965 0 966 0 967 0 967 0 966 0 968 0 967 0 968 0 969 0 969 0 968 0 970 0 969 0 970 0 971 0 971 0 970 0 972 0 971 0 972 0 973 0 973 0 972 0 974 0 973 0 974 0 975 0 975 0 974 0 976 0 975 0 976 0 977 0 977 0 976 0 978 0 977 0 978 0 979 0 979 0 978 0 980 0 979 0 980 0 981 0 981 0 980 0 982 0 981 0 982 0 983 0 983 0 982 0 984 0 983 0 984 0 985 0 985 0 984 0 986 0 985 0 986 0 987 0 987 0 986 0 988 0 987 0 988 0 989 0 989 0 988 0 990 0 989 0 990 0 942 0 942 0 990 0 991 0 942 0 991 0 943 0 951 0 934 0 953 0 953 0 934 0 933 0 953 0 933 0 932 0 932 0 931 0 953 0 953 0 931 0 726 0 953 0 726 0 955 0 726 0 725 0 955 0 955 0 725 0 937 0 955 0 937 0 957 0 937 0 936 0 957 0 957 0 936 0 935 0 957 0 935 0 959 0 959 0 935 0 792 0 959 0 792 0 793 0 939 0 960 0 940 0 940 0 960 0 959 0 940 0 959 0 941 0 941 0 959 0 793 0 939 0 938 0 960 0 960 0 938 0 848 0 960 0 848 0 962 0 56 0 964 0 992 0 992 0 964 0 962 0 992 0 962 0 847 0 847 0 962 0 848 0 53 0 966 0 54 0 54 0 966 0 964 0 54 0 964 0 869 0 869 0 964 0 56 0 871 0 968 0 872 0 872 0 968 0 966 0 872 0 966 0 873 0 873 0 966 0 53 0 871 0 870 0 968 0 968 0 870 0 457 0 968 0 457 0 970 0 50 0 972 0 51 0 51 0 972 0 970 0 51 0 970 0 456 0 456 0 970 0 457 0 884 0 974 0 885 0 885 0 974 0 972 0 885 0 972 0 886 0 886 0 972 0 50 0 505 0 976 0 506 0 506 0 976 0 974 0 506 0 974 0 883 0 883 0 974 0 884 0 888 0 978 0 889 0 889 0 978 0 976 0 889 0 976 0 890 0 890 0 976 0 505 0 888 0 887 0 978 0 978 0 887 0 588 0 978 0 588 0 980 0 892 0 982 0 893 0 893 0 982 0 980 0 893 0 980 0 589 0 589 0 980 0 588 0 626 0 984 0 627 0 627 0 984 0 982 0 627 0 982 0 891 0 891 0 982 0 892 0 896 0 986 0 895 0 895 0 986 0 984 0 895 0 984 0 894 0 894 0 984 0 626 0 896 0 897 0 986 0 986 0 897 0 685 0 986 0 685 0 988 0 900 0 990 0 993 0 993 0 990 0 988 0 993 0 988 0 686 0 686 0 988 0 685 0 902 0 991 0 901 0 901 0 991 0 990 0 901 0 990 0 899 0 899 0 990 0 900 0 902 0 903 0 991 0 991 0 903 0 906 0 991 0 906 0 943 0 918 0 945 0 908 0 908 0 945 0 943 0 908 0 943 0 909 0 909 0 943 0 906 0 926 0 947 0 920 0 920 0 947 0 945 0 920 0 945 0 921 0 921 0 945 0 918 0 928 0 949 0 929 0 929 0 949 0 947 0 929 0 947 0 930 0 930 0 947 0 926 0 928 0 927 0 949 0 949 0 927 0 694 0 949 0 694 0 951 0 951 0 694 0 994 0 951 0 994 0 934 0 995 0 996 0 997 0 997 0 996 0 973 0 997 0 977 0 995 0 995 0 977 0 979 0 995 0 979 0 998 0 998 0 979 0 981 0 998 0 981 0 999 0 999 0 981 0 983 0 999 0 983 0 1000 0 1000 0 983 0 985 0 1000 0 985 0 1001 0 1001 0 985 0 987 0 1001 0 987 0 1002 0 1002 0 987 0 989 0 1002 0 989 0 1003 0 1003 0 989 0 942 0 1003 0 942 0 1004 0 1004 0 942 0 944 0 1004 0 944 0 1005 0 1005 0 944 0 946 0 1005 0 946 0 1006 0 1006 0 946 0 948 0 1006 0 948 0 1007 0 1007 0 948 0 950 0 1007 0 950 0 1008 0 1008 0 950 0 952 0 1008 0 952 0 1009 0 1009 0 952 0 954 0 1009 0 954 0 1010 0 1010 0 954 0 956 0 1010 0 956 0 1011 0 1011 0 956 0 958 0 1011 0 958 0 1012 0 1012 0 958 0 961 0 1012 0 961 0 1013 0 1013 0 961 0 963 0 1013 0 963 0 1014 0 1014 0 963 0 965 0 1014 0 965 0 1015 0 1015 0 965 0 967 0 1015 0 967 0 1016 0 1016 0 967 0 969 0 1016 0 969 0 1017 0 1017 0 969 0 971 0 1017 0 971 0 1018 0 1018 0 971 0 973 0 1018 0 973 0 1019 0 1019 0 973 0 996 0 1009 0 1019 0 1008 0 1008 0 1019 0 1020 0 1008 0 1020 0 995 0 1009 0 1010 0 1019 0 1019 0 1010 0 1011 0 1019 0 1011 0 1012 0 1012 0 1013 0 1019 0 1019 0 1013 0 1014 0 1019 0 1014 0 1015 0 1015 0 1016 0 1019 0 1019 0 1016 0 1017 0 1019 0 1017 0 1018 0 1006 0 999 0 1005 0 1005 0 999 0 1000 0 1005 0 1000 0 1001 0 995 0 998 0 1008 0 1008 0 998 0 999 0 1008 0 999 0 1007 0 1007 0 999 0 1006 0 1001 0 1002 0 1005 0 1005 0 1002 0 1003 0 1005 0 1003 0 1004 0 152 0 11 0 9 0 152 0 95 0 11 0 11 0 95 0 97 0 11 0 97 0 13 0 97 0 99 0 13 0 13 0 99 0 92 0 13 0 92 0 15 0 92 0 94 0 15 0 15 0 94 0 101 0 15 0 101 0 17 0 17 0 101 0 103 0 17 0 103 0 107 0 107 0 105 0 17 0 17 0 105 0 90 0 17 0 90 0 18 0 90 0 89 0 18 0 18 0 89 0 87 0 18 0 87 0 20 0 87 0 86 0 20 0 20 0 86 0 111 0 20 0 111 0 22 0 111 0 109 0 22 0 22 0 109 0 114 0 22 0 114 0 24 0 116 0 115 0 28 0 114 0 113 0 24 0 24 0 113 0 276 0 24 0 276 0 26 0 26 0 276 0 119 0 26 0 119 0 28 0 28 0 119 0 118 0 28 0 118 0 116 0 115 0 85 0 28 0 28 0 85 0 83 0 28 0 83 0 30 0 83 0 82 0 30 0 30 0 82 0 715 0 30 0 715 0 32 0 715 0 122 0 32 0 32 0 122 0 121 0 32 0 121 0 34 0 121 0 126 0 34 0 34 0 126 0 124 0 34 0 124 0 36 0 124 0 123 0 36 0 36 0 123 0 128 0 36 0 128 0 38 0 38 0 128 0 130 0 38 0 130 0 40 0 40 0 130 0 79 0 40 0 79 0 81 0 140 0 42 0 134 0 134 0 42 0 40 0 134 0 40 0 132 0 132 0 40 0 81 0 140 0 138 0 42 0 42 0 138 0 136 0 42 0 136 0 44 0 136 0 145 0 44 0 44 0 145 0 144 0 44 0 144 0 46 0 144 0 142 0 46 0 46 0 142 0 141 0 46 0 141 0 48 0 148 0 49 0 147 0 147 0 49 0 48 0 147 0 48 0 146 0 146 0 48 0 141 0 148 0 77 0 49 0 49 0 77 0 76 0 49 0 76 0 1 0 1 0 76 0 683 0 1 0 683 0 3 0 3 0 683 0 149 0 3 0 149 0 150 0 150 0 151 0 3 0 3 0 151 0 161 0 3 0 161 0 5 0 161 0 160 0 5 0 5 0 160 0 159 0 5 0 159 0 7 0 159 0 157 0 7 0 7 0 157 0 155 0 7 0 155 0 9 0 9 0 155 0 1021 0 9 0 1021 0 152 0 1022 0 1023 0 1024 0 1024 0 1023 0 31 0 1024 0 35 0 1022 0 1022 0 35 0 37 0 1022 0 37 0 1025 0 1025 0 37 0 39 0 1025 0 39 0 1026 0 1026 0 39 0 41 0 1026 0 41 0 1027 0 1027 0 41 0 43 0 1027 0 43 0 1028 0 1028 0 43 0 45 0 1028 0 45 0 1029 0 1029 0 45 0 47 0 1029 0 47 0 1030 0 47 0 0 0 1030 0 1030 0 0 0 1031 0 1031 0 0 0 2 0 1031 0 2 0 1032 0 1032 0 2 0 4 0 1032 0 4 0 1033 0 1033 0 4 0 6 0 1033 0 6 0 1034 0 1034 0 6 0 8 0 1034 0 8 0 1035 0 1035 0 8 0 10 0 1035 0 10 0 1036 0 1036 0 10 0 12 0 1036 0 12 0 1037 0 1037 0 12 0 14 0 1037 0 14 0 1038 0 1038 0 14 0 16 0 1038 0 16 0 1039 0 1039 0 16 0 19 0 1039 0 19 0 1040 0 1040 0 19 0 21 0 1040 0 21 0 1041 0 1041 0 21 0 23 0 1041 0 23 0 1042 0 1042 0 23 0 25 0 1042 0 25 0 1043 0 1043 0 25 0 27 0 1043 0 27 0 1044 0 1044 0 27 0 29 0 1044 0 29 0 1045 0 1045 0 29 0 31 0 1045 0 31 0 1046 0 1046 0 31 0 1023 0 1036 0 1046 0 1035 0 1035 0 1046 0 1047 0 1035 0 1047 0 1022 0 1036 0 1037 0 1046 0 1046 0 1037 0 1038 0 1046 0 1038 0 1039 0 1039 0 1040 0 1046 0 1046 0 1040 0 1041 0 1046 0 1041 0 1042 0 1042 0 1043 0 1046 0 1046 0 1043 0 1044 0 1046 0 1044 0 1045 0 1033 0 1026 0 1032 0 1032 0 1026 0 1027 0 1032 0 1027 0 1028 0 1022 0 1025 0 1035 0 1035 0 1025 0 1026 0 1035 0 1026 0 1034 0 1034 0 1026 0 1033 0 1028 0 1029 0 1032 0 1032 0 1029 0 1030 0 1032 0 1030 0 1031 0</p>
        </triangles>
      </mesh>
    </geometry>
  </library_geometries>
  <library_images />
  <library_visual_scenes>
    <visual_scene id="Scene">
      <node id="node_1" sid="node_1" type="NODE">
        <matrix>1 0 0 0 0 1 0 0 0 0 1 0 0 0 0 1</matrix>
        <instance_geometry url="#mesh_1" />
      </node>
    </visual_scene>
  </library_visual_scenes>
  <library_animations />
  <scene>
    <instance_visual_scene url="#Scene" />
  </scene>
</COLLADA>