<?xml version="1.0" encoding="utf-8"?>
<COLLADA xmlns="http://www.collada.org/2005/11/COLLADASchema" version="1.4.1" xmlns:xsi="http://www.w3.org/2001/XMLSchema-instance">
  <asset>
    <contributor>
      <author>Blender User</author>
      <authoring_tool>Blender 3.3.1 commit date:2022-10-04, commit time:18:35, hash:b292cfe5a936</authoring_tool>
    </contributor>
    <created>2022-10-24T19:38:52</created>
    <modified>2022-10-24T19:38:52</modified>
    <unit name="meter" meter="1"/>
    <up_axis>Z_UP</up_axis>
  </asset>
  <library_effects/>
  <library_images/>
  <library_materials/>
  <library_geometries>
    <geometry id="Cylinder-mesh" name="Cylinder">
      <mesh>
        <source id="Cylinder-mesh-positions">
          <float_array id="Cylinder-mesh-positions-array" count="8502">0 0.9781736 -0.1879029 0.3482298 0.8407011 -0.9999986 0.5920607 0.5920607 3.857744 -0.3204208 -0.7735646 3.909982 0.8407011 0.3482298 -0.9999986 0.9037145 0.3743308 -0.1879029 0.9781736 0 -0.1879029 0.8407011 -0.3482298 -0.9999986 0.3204209 -0.7735646 3.909982 0 0.6557012 4.104821 0.3482298 -0.8407011 -0.9999986 -0.6557013 0 4.104821 -0.7735645 -0.320421 3.909982 -0.3482296 -0.8407011 -0.9999986 -0.3743306 -0.9037147 -0.1879029 -0.5920605 0.5920609 3.857744 -0.840701 -0.3482299 -0.9999986 -0.9037145 -0.3743309 -0.1879029 -0.9781737 0 -0.1879029 -0.840701 0.3482299 -0.9999986 -0.9037145 0.374331 -0.1879029 0 -0.6557012 4.104821 -0.3482294 0.8407012 -0.9999986 -0.3743304 0.9037148 -0.1879029 0.2660368 0.6422696 -0.9583719 0.6422696 0.2660368 -0.9583719 0.6422696 -0.2660369 -0.9583719 0.2660368 -0.6422696 -0.9583719 -0.2660366 -0.6422697 -0.9583719 -0.6422696 -0.2660369 -0.9583719 -0.6422695 0.2660369 -0.9583719 -0.2660365 0.6422698 -0.9583719 0.3815407 0.9211207 -0.7888022 0.9211207 0.3815407 -0.7888022 0.9211207 -0.3815407 -0.7888022 0.3815407 -0.9211207 -0.7888022 -0.3815405 -0.9211208 -0.7888022 -0.9211207 -0.3815408 -0.7888022 -0.9211206 0.3815408 -0.7888022 -0.3815402 0.9211209 -0.7888022 0.3790221 0.9150404 -0.5137653 0.9150404 0.3790221 -0.5137653 0.9150404 -0.3790223 -0.5137653 0.3790221 -0.9150404 -0.5137653 -0.379022 -0.9150404 -0.5137653 -0.9150403 -0.3790223 -0.5137653 -0.9150403 0.3790223 -0.5137653 -0.3790217 0.9150406 -0.5137653 0 0.1314242 -1.020848 0.05029392 0.1214201 -1.020848 0.09293097 0.09293097 -1.020848 0.1214202 0.05029386 -1.020848 0.1314243 0 -1.020848 0.1214202 -0.05029386 -1.020848 0.09293097 -0.09293091 -1.020848 0.05029392 -0.1214201 -1.020848 0 -0.1314242 -1.020848 -0.05029374 -0.1214201 -1.020848 -0.09293085 -0.09293097 -1.020848 -0.12142 -0.05029386 -1.020848 -0.1314241 0 -1.020848 -0.12142 0.05029386 -1.020848 -0.09293085 0.09293097 -1.020848 -0.05029374 0.1214202 -1.020848 -0.01318174 0.8256136 -0.9692953 0.0143671 0.8998568 -0.9999986 0.593118 0.574476 -0.9692953 0.6261357 0.646454 -0.9999986 0.8256136 -0.0131818 -0.9692953 0.8998569 0.01436704 -0.9999986 0.574476 -0.593118 -0.9692953 0.646454 -0.6261357 -0.9999986 -0.01318162 -0.8256136 -0.9692953 0.01436722 -0.8998568 -0.9999986 -0.5931177 -0.5744761 -0.9692953 -0.6261355 -0.6464542 -0.9999986 -0.8256136 0.01318174 -0.9692953 -0.8998568 -0.0143671 -0.9999986 -0.5744758 0.5931181 -0.9692953 -0.6464537 0.6261359 -0.9999986 -0.01318174 0.6827715 -0.9226072 0.01326352 0.6870078 -0.9583719 0 0.681701 -0.9850834 0.4734714 0.4921132 -0.9226072 0.4951665 0.476409 -0.9583719 0.4820354 0.4820354 -0.9850834 0.6827715 0.01318168 -0.9226072 0.6870078 -0.01326358 -0.9583719 0.6817011 0 -0.9850834 0.4921132 -0.4734714 -0.9226072 0.476409 -0.4951666 -0.9583719 0.4820354 -0.4820354 -0.9850834 0.01318186 -0.6827715 -0.9226072 -0.0132634 -0.6870078 -0.9583719 0 -0.681701 -0.9850834 -0.4734712 -0.4921134 -0.9226072 -0.4951664 -0.4764093 -0.9583719 -0.4820352 -0.4820356 -0.9850834 -0.6827715 -0.01318174 -0.9226072 -0.6870077 0.01326352 -0.9583719 -0.681701 0 -0.9850834 -0.4921129 0.4734716 -0.9226072 -0.4764088 0.4951668 -0.9583719 -0.4820352 0.4820356 -0.9850834 -0.01397901 0.9046822 -0.798558 0.01523602 0.9860357 -0.7888022 0.6864589 0.708006 -0.7888022 0.7080061 0.6864589 -0.7888022 0.9860357 0.01523602 -0.7888022 0.9860357 -0.01523607 -0.7888022 0.708006 -0.6864589 -0.7888022 0.6864589 -0.7080061 -0.7888022 0.01523619 -0.9860357 -0.7888022 -0.0152359 -0.9860357 -0.7888022 -0.6864587 -0.7080063 -0.7888022 -0.7080059 -0.6864591 -0.7888022 -0.9860357 -0.01523602 -0.7888022 -0.9860357 0.01523607 -0.7888022 -0.7080058 0.6864592 -0.7888022 -0.6864587 0.7080063 -0.7888022 0.01397895 0.9073516 -0.6746044 -0.01523607 0.9889451 -0.4232481 0.6514791 0.6317098 -0.6746044 0.6885162 0.7100633 -0.4232481 0.9073516 -0.01397901 -0.6746044 0.9889451 0.01523602 -0.4232481 0.6317098 -0.6514791 -0.6746044 0.7100633 -0.6885162 -0.4232481 -0.01397883 -0.9073516 -0.6746044 0.01523619 -0.9889451 -0.4232481 -0.6514789 -0.6317099 -0.6746044 -0.688516 -0.7100635 -0.4232481 -0.9073516 0.01397901 -0.6746044 -0.9889451 -0.01523602 -0.4232481 -0.6317095 0.6514793 -0.6746044 -0.710063 0.6885165 -0.4232481 0 0.6859307 -1.020848 -0.01326352 0.6870078 -0.9583719 0.01318174 0.6827715 -0.9226072 0.4850262 0.4850262 -1.020848 0.476409 0.4951665 -0.9583719 0.4921132 0.4734714 -0.9226072 0.6859307 0 -1.020848 0.6870078 0.01326352 -0.9583719 0.6827715 -0.0131818 -0.9226072 0.4850262 -0.4850262 -1.020848 0.4951665 -0.476409 -0.9583719 0.4734714 -0.4921132 -0.9226072 0 -0.6859307 -1.020848 0.01326364 -0.6870078 -0.9583719 -0.01318162 -0.6827715 -0.9226072 -0.4850261 -0.4850264 -1.020848 -0.4764089 -0.4951668 -0.9583719 -0.492113 -0.4734715 -0.9226072 -0.6859306 0 -1.020848 -0.6870077 -0.01326352 -0.9583719 -0.6827715 0.01318174 -0.9226072 -0.4850261 0.4850264 -1.020848 -0.4951664 0.4764093 -0.9583719 -0.4734711 0.4921134 -0.9226072 0 0.9457218 -0.4199011 0.01523602 0.9889451 -0.4232481 -0.01397901 0.9073516 -0.6746044 0.6687263 0.6687263 -0.4199011 0.7100633 0.6885162 -0.4232481 0.6317098 0.6514791 -0.6746044 0.9457218 0 -0.4199011 0.9889451 -0.01523607 -0.4232481 0.9073516 0.01397895 -0.6746044 0.6687263 -0.6687263 -0.4199011 0.6885162 -0.7100633 -0.4232481 0.6514791 -0.6317098 -0.6746044 1.30784e-7 -0.9457218 -0.4199011 -0.0152359 -0.9889451 -0.4232481 0.01397913 -0.9073516 -0.6746044 -0.6687261 -0.6687265 -0.4199011 -0.7100631 -0.6885164 -0.4232481 -0.6317096 -0.6514793 -0.6746044 -0.9457218 0 -0.4199011 -0.9889451 0.01523607 -0.4232481 -0.9073516 -0.01397895 -0.6746044 -0.668726 0.6687265 -0.4199011 -0.688516 0.7100635 -0.4232481 -0.6514788 0.63171 -0.6746044 0.6495916 0.6298221 -0.798558 0.646454 0.6261357 -0.9999986 0.574476 0.5931179 -0.9692953 0.6298221 0.6495915 -0.798558 0.9046822 -0.01397901 -0.798558 0.8998569 -0.01436716 -0.9999986 0.8256136 0.01318168 -0.9692953 0.9046822 0.01397895 -0.798558 0.6298221 -0.6495916 -0.798558 0.6261357 -0.646454 -0.9999986 0.5931179 -0.574476 -0.9692953 0.6495916 -0.6298221 -0.798558 -0.01397883 -0.9046822 -0.798558 -0.01436698 -0.8998568 -0.9999986 0.01318186 -0.8256136 -0.9692953 0.01397913 -0.9046822 -0.798558 -0.6495914 -0.6298224 -0.798558 -0.6464538 -0.6261359 -0.9999986 -0.5744758 -0.5931181 -0.9692953 -0.629822 -0.6495918 -0.798558 -0.9046822 0.01397901 -0.798558 -0.8998568 0.0143671 -0.9999986 -0.8256136 -0.01318174 -0.9692953 -0.9046822 -0.01397895 -0.798558 -0.629822 0.6495918 -0.798558 -0.6261355 0.6464542 -0.9999986 -0.5931176 0.5744761 -0.9692953 -0.6495913 0.6298224 -0.798558 -0.0143671 0.8998568 -0.9999986 0.01318174 0.8256136 -0.9692953 -0.01523607 0.9860357 -0.7888022 0.01397895 0.9046822 -0.798558 0 1 -0.05719161 0.3826834 0.9238795 -0.05719161 0.7071068 0.7071068 -0.05719161 0.9238795 0.3826834 -0.05719161 1 0 -0.05719161 0.9238795 -0.3826835 -0.05719161 0.7071068 -0.7071068 -0.05719161 0.3826835 -0.9238795 -0.05719161 1.34987e-7 -1 -0.05719161 -0.3826832 -0.9238796 -0.05719161 -0.7071066 -0.707107 -0.05719161 -0.9238795 -0.3826836 -0.05719161 -1 0 -0.05719161 -0.9238795 0.3826836 -0.05719161 -0.7071065 0.707107 -0.05719161 -0.382683 0.9238798 -0.05719161 0.8776856 0.3635492 -0.1005406 0.6717514 0.6717514 -0.1005406 -0.8776855 0.3635494 -0.1005406 -0.9500001 0 -0.1005406 1.31535e-7 -0.95 -0.1005406 0.3635493 -0.8776856 -0.1005406 -0.3635491 -0.8776856 -0.1005406 0.95 0 -0.1005406 -0.6717512 0.6717517 -0.1005406 0.8776856 -0.3635493 -0.1005406 -0.3635488 0.8776857 -0.1005406 -0.6717513 -0.6717517 -0.1005406 0.3635492 0.8776856 -0.1005406 0 0.95 -0.1005406 -0.8776855 -0.3635494 -0.1005406 0.6717514 -0.6717514 -0.1005406 0 1 0.04777276 0.3826834 0.9238795 0.04777276 0.7071068 0.7071068 0.04777276 0.9238795 0.3826834 0.04777276 1 0 0.04777276 0.9238795 -0.3826835 0.04777276 0.7071068 -0.7071068 0.04777276 0.3826835 -0.9238795 0.04777276 1.34987e-7 -1 0.04777276 -0.3826832 -0.9238796 0.04777276 -0.7071066 -0.707107 0.04777276 -0.9238795 -0.3826836 0.04777276 -1 0 0.04777276 -0.9238795 0.3826836 0.04777276 -0.7071065 0.707107 0.04777276 -0.382683 0.9238798 0.04777276 0 0.9504282 0.1080392 0.3637131 0.8780812 0.1080392 0.6720542 0.6720542 0.1080392 0.8780812 0.3637131 0.1080392 0.9504282 0 0.1080392 0.8780812 -0.3637132 0.1080392 0.6720542 -0.6720542 0.1080392 0.3637132 -0.8780812 0.1080392 1.31582e-7 -0.9504282 0.1080392 -0.363713 -0.8780813 0.1080392 -0.6720541 -0.6720544 0.1080392 -0.8780812 -0.3637133 0.1080392 -0.9504281 0 0.1080392 -0.8780811 0.3637133 0.1080392 -0.672054 0.6720544 0.1080392 -0.3637127 0.8780814 0.1080392 0 1 0.3179356 0.3826834 0.9238795 0.3179356 0.7071068 0.7071068 0.3179356 0.9238795 0.3826834 0.3179356 1 0 0.3179356 0.9238795 -0.3826835 0.3179356 0.7071068 -0.7071068 0.3179356 0.3826835 -0.9238795 0.3179356 1.34987e-7 -1 0.3179356 -0.3826832 -0.9238796 0.3179356 -0.7071066 -0.707107 0.3179356 -0.9238795 -0.3826836 0.3179356 -1 0 0.3179356 -0.9238795 0.3826836 0.3179356 -0.7071065 0.707107 0.3179356 -0.382683 0.9238798 0.3179356 0.8776856 0.3635492 0.2745866 0.6717514 0.6717514 0.2745866 -0.8776855 0.3635494 0.2745866 -0.9500001 0 0.2745866 1.31535e-7 -0.95 0.2745866 0.3635493 -0.8776856 0.2745866 -0.3635491 -0.8776856 0.2745866 0.95 0 0.2745866 -0.6717512 0.6717517 0.2745866 0.8776856 -0.3635493 0.2745866 -0.3635488 0.8776857 0.2745866 -0.6717513 -0.6717517 0.2745866 0.3635492 0.8776856 0.2745866 0 0.95 0.2745866 -0.8776855 -0.3635494 0.2745866 0.6717514 -0.6717514 0.2745866 0 0.9720727 0.1080392 -0.3719957 0.8980783 0.1080392 -0.6873589 0.6873594 0.1080392 -0.898078 0.3719963 0.1080392 -0.9720726 0 0.1080392 -0.898078 -0.3719962 0.1080392 -0.687359 -0.6873594 0.1080392 -0.3719959 -0.8980782 0.1080392 1.3338e-7 -0.9720727 0.1080392 0.3719961 -0.898078 0.1080392 0.6873592 -0.6873592 0.1080392 0.898078 -0.3719962 0.1080392 0.9720727 0 0.1080392 0.898078 0.3719961 0.1080392 0.6873592 0.6873592 0.1080392 0.3719961 0.898078 0.1080392 -0.382683 0.9238798 0.4224457 -0.7071065 0.707107 0.4224457 -0.9238795 0.3826836 0.4224457 -1 0 0.4224457 -0.9238795 -0.3826836 0.4224457 -0.7071066 -0.707107 0.4224457 -0.3826832 -0.9238796 0.4224457 1.34987e-7 -1 0.4224457 0.3826835 -0.9238795 0.4224457 0.7071068 -0.7071068 0.4224457 0.9238795 -0.3826835 0.4224457 1 0 0.4224457 0.9238795 0.3826834 0.4224457 0.7071068 0.7071068 0.4224457 0.3826834 0.9238795 0.4224457 0 1 0.4224457 0 0.9504282 0.4717795 0.3637131 0.8780812 0.4717795 0.6720542 0.6720542 0.4717795 0.8780812 0.3637131 0.4717795 0.9504282 0 0.4717795 0.8780812 -0.3637132 0.4717795 0.6720542 -0.6720542 0.4717795 0.3637132 -0.8780812 0.4717795 1.31582e-7 -0.9504282 0.4717795 -0.363713 -0.8780813 0.4717795 -0.6720541 -0.6720544 0.4717795 -0.8780812 -0.3637133 0.4717795 -0.9504281 0 0.4717795 -0.8780811 0.3637133 0.4717795 -0.672054 0.6720544 0.4717795 -0.3637127 0.8780814 0.4717795 0 1 0.6991054 0.3826834 0.9238795 0.6991054 0.7071068 0.7071068 0.6991054 0.9238795 0.3826834 0.6991054 1 0 0.6991054 0.9238795 -0.3826835 0.6991054 0.7071068 -0.7071068 0.6991054 0.3826835 -0.9238795 0.6991054 1.34987e-7 -1 0.6991054 -0.3826832 -0.9238796 0.6991054 -0.7071066 -0.707107 0.6991054 -0.9238795 -0.3826836 0.6991054 -1 0 0.6991054 -0.9238795 0.3826836 0.6991054 -0.7071065 0.707107 0.6991054 -0.382683 0.9238798 0.6991054 0.8776856 0.3635492 0.6523491 0.6717514 0.6717514 0.6523491 -0.8776855 0.3635494 0.6523491 -0.9500001 0 0.6523491 1.31535e-7 -0.95 0.6523491 0.3635493 -0.8776856 0.6523491 -0.3635491 -0.8776856 0.6523491 0.95 0 0.6523491 -0.6717512 0.6717517 0.6523491 0.8776856 -0.3635493 0.6523491 -0.3635488 0.8776857 0.6523491 -0.6717513 -0.6717517 0.6523491 0.3635492 0.8776856 0.6523491 0 0.95 0.6523491 -0.8776855 -0.3635494 0.6523491 0.6717514 -0.6717514 0.6523491 -0.382683 0.9238798 0.8219494 -0.7071065 0.707107 0.8219494 -0.9238795 0.3826836 0.8219494 -1 0 0.8219494 -0.9238795 -0.3826836 0.8219494 -0.7071066 -0.707107 0.8219494 -0.3826832 -0.9238796 0.8219494 1.34987e-7 -1 0.8219494 0.3826835 -0.9238795 0.8219494 0.7071068 -0.7071068 0.8219494 0.9238795 -0.3826835 0.8219494 1 0 0.8219494 0.9238795 0.3826834 0.8219494 0.7071068 0.7071068 0.8219494 0.3826834 0.9238795 0.8219494 0 1 0.8219494 0 0.9504282 0.8712832 0.3637131 0.8780812 0.8712832 0.6720542 0.6720542 0.8712832 0.8780812 0.3637131 0.8712832 0.9504282 0 0.8712832 0.8780812 -0.3637132 0.8712832 0.6720542 -0.6720542 0.8712832 0.3637132 -0.8780812 0.8712832 1.31582e-7 -0.9504282 0.8712832 -0.363713 -0.8780813 0.8712832 -0.6720541 -0.6720544 0.8712832 -0.8780812 -0.3637133 0.8712832 -0.9504281 0 0.8712832 -0.8780811 0.3637133 0.8712832 -0.672054 0.6720544 0.8712832 -0.3637127 0.8780814 0.8712832 0 1 1.105381 0.3826834 0.9238795 1.105381 0.7071068 0.7071068 1.105381 0.9238795 0.3826834 1.105381 1 0 1.105381 0.9238795 -0.3826835 1.105381 0.7071068 -0.7071068 1.105381 0.3826835 -0.9238795 1.105381 1.34987e-7 -1 1.105381 -0.3826832 -0.9238796 1.105381 -0.7071066 -0.707107 1.105381 -0.9238795 -0.3826836 1.105381 -1 0 1.105381 -0.9238795 0.3826836 1.105381 -0.7071065 0.707107 1.105381 -0.382683 0.9238798 1.105381 0.8776856 0.3635492 1.051853 0.6717514 0.6717514 1.051853 -0.8776855 0.3635494 1.051853 -0.9500001 0 1.051853 1.31535e-7 -0.95 1.051853 0.3635493 -0.8776856 1.051853 -0.3635491 -0.8776856 1.051853 0.95 0 1.051853 -0.6717512 0.6717517 1.051853 0.8776856 -0.3635493 1.051853 -0.3635488 0.8776857 1.051853 -0.6717513 -0.6717517 1.051853 0.3635492 0.8776856 1.051853 0 0.95 1.051853 -0.8776855 -0.3635494 1.051853 0.6717514 -0.6717514 1.051853 0.3718285 0.8976734 0.2745866 0.6870495 0.6870495 0.2745866 0.8976734 0.3718285 0.2745866 0.9716347 0 0.2745866 0.8976734 -0.3718286 0.2745866 0.6870495 -0.6870495 0.2745866 0.3718285 -0.8976734 0.2745866 1.33332e-7 -0.9716347 0.2745866 -0.3718283 -0.8976735 0.2745866 -0.6870493 -0.6870498 0.2745866 -0.8976734 -0.3718286 0.2745866 -0.9716348 0 0.2745866 -0.8976734 0.3718287 0.2745866 -0.6870493 0.6870498 0.2745866 -0.3718281 0.8976736 0.2745866 0 0.9716347 0.2745866 0.3719961 0.898078 0.4717795 0.6873592 0.6873592 0.4717795 0.898078 0.3719961 0.4717795 0.9720727 0 0.4717795 0.898078 -0.3719962 0.4717795 0.6873592 -0.6873592 0.4717795 0.3719961 -0.898078 0.4717795 1.3338e-7 -0.9720727 0.4717795 -0.3719959 -0.8980782 0.4717795 -0.687359 -0.6873594 0.4717795 -0.898078 -0.3719962 0.4717795 -0.9720726 0 0.4717795 -0.898078 0.3719963 0.4717795 -0.6873589 0.6873594 0.4717795 -0.3719957 0.8980783 0.4717795 0 0.9720727 0.4717795 0.3718285 0.8976734 0.6523491 0.6870495 0.6870495 0.6523491 0.8976734 0.3718285 0.6523491 0.9716347 0 0.6523491 0.8976734 -0.3718286 0.6523491 0.6870495 -0.6870495 0.6523491 0.3718285 -0.8976734 0.6523491 1.33332e-7 -0.9716347 0.6523491 -0.3718283 -0.8976735 0.6523491 -0.6870493 -0.6870498 0.6523491 -0.8976734 -0.3718286 0.6523491 -0.9716348 0 0.6523491 -0.8976734 0.3718287 0.6523491 -0.6870493 0.6870498 0.6523491 -0.3718281 0.8976736 0.6523491 0 0.9716347 0.6523491 0.3718285 0.8976734 1.051853 0.6870495 0.6870495 1.051853 0.8976734 0.3718285 1.051853 0.9716347 0 1.051853 0.8976734 -0.3718286 1.051853 0.6870495 -0.6870495 1.051853 0.3718285 -0.8976734 1.051853 1.33332e-7 -0.9716347 1.051853 -0.3718283 -0.8976735 1.051853 -0.6870493 -0.6870498 1.051853 -0.8976734 -0.3718286 1.051853 -0.9716348 0 1.051853 -0.8976734 0.3718287 1.051853 -0.6870493 0.6870498 1.051853 -0.3718281 0.8976736 1.051853 0 0.9716347 1.051853 0.6873592 0.6873592 0.8712832 0.898078 0.3719961 0.8712832 0.9720727 0 0.8712832 0.898078 -0.3719962 0.8712832 0.6873592 -0.6873592 0.8712832 0.3719961 -0.898078 0.8712832 1.3338e-7 -0.9720727 0.8712832 -0.3719959 -0.8980782 0.8712832 -0.687359 -0.6873594 0.8712832 -0.898078 -0.3719962 0.8712832 -0.9720726 0 0.8712832 -0.898078 0.3719963 0.8712832 -0.6873589 0.6873594 0.8712832 -0.3719957 0.8980783 0.8712832 0 0.9720727 0.8712832 0.3719961 0.898078 0.8712832 0 1 1.134632 0.3826834 0.9238795 1.134632 0.7071068 0.7071068 1.134632 0.9238795 0.3826834 1.134632 1 0 1.134632 0.9238795 -0.3826835 1.134632 0.7071068 -0.7071068 1.134632 0.3826835 -0.9238795 1.134632 1.34987e-7 -1 1.134632 -0.3826832 -0.9238796 1.134632 -0.7071066 -0.707107 1.134632 -0.9238795 -0.3826836 1.134632 -1 0 1.134632 -0.9238795 0.3826836 1.134632 -0.7071065 0.707107 1.134632 -0.382683 0.9238798 1.134632 0 1 1.404325 0.3826834 0.9238795 1.404325 0.7071068 0.7071068 1.404325 0.9238795 0.3826834 1.404325 1 0 1.404325 0.9238795 -0.3826835 1.404325 0.7071068 -0.7071068 1.404325 0.3826835 -0.9238795 1.404325 1.34987e-7 -1 1.404325 -0.3826832 -0.9238796 1.404325 -0.7071066 -0.707107 1.404325 -0.9238795 -0.3826836 1.404325 -1 0 1.404325 -0.9238795 0.3826836 1.404325 -0.7071065 0.707107 1.404325 -0.382683 0.9238798 1.404325 0 1 1.421876 0.3826834 0.9238795 1.421876 0.7071068 0.7071068 1.421876 0.9238795 0.3826834 1.421876 1 0 1.421876 0.9238795 -0.3826835 1.421876 0.7071068 -0.7071068 1.421876 0.3826835 -0.9238795 1.421876 1.34987e-7 -1 1.421876 -0.3826832 -0.9238796 1.421876 -0.7071066 -0.707107 1.421876 -0.9238795 -0.3826836 1.421876 -1 0 1.421876 -0.9238795 0.3826836 1.421876 -0.7071065 0.707107 1.421876 -0.382683 0.9238798 1.421876 0 0.9097725 1.636619 0.3481549 0.8405201 1.636619 0.6433063 0.6433063 1.636619 0.8405201 0.3481549 1.636619 0.9097725 0 1.636619 0.6464963 0.6464963 1.883693 0.9142838 0 1.883693 -0.6464961 0.6464965 1.883693 -0.844688 0.3498814 1.883693 -0.3481547 -0.8405202 1.636619 0.3498812 0.8446881 1.883693 -0.8405201 -0.348155 1.636619 0 0.9142838 1.883693 -0.84052 0.348155 1.636619 -0.643306 0.6433065 1.636619 -0.3498809 0.8446883 1.883693 1.27774e-7 -0.9142838 1.883693 -0.3498811 -0.8446882 1.883693 -0.6464961 -0.6464965 1.883693 0.8446881 0.3498812 1.883693 -0.8446881 -0.3498814 1.883693 0.8405201 -0.3481549 1.636619 0.6433063 -0.6433063 1.636619 0.3481549 -0.8405201 1.636619 1.27394e-7 -0.9097725 1.636619 -0.9142838 0 1.883693 -0.6433061 -0.6433065 1.636619 0.8446881 -0.3498814 1.883693 -0.9097724 0 1.636619 0.3498813 -0.8446881 1.883693 0.6464963 -0.6464963 1.883693 -0.3481544 0.8405203 1.636619 0 0.9461634 1.694904 0.3620811 0.874141 1.694904 0.6690385 0.6690385 1.694904 0.874141 0.3620811 1.694904 0.9461634 0 1.694904 0.874141 -0.3620812 1.694904 0.6690385 -0.6690385 1.694904 0.3620811 -0.874141 1.694904 1.29256e-7 -0.9461634 1.694904 -0.3620809 -0.8741411 1.694904 -0.6690384 -0.6690388 1.694904 -0.874141 -0.3620812 1.694904 -0.9461634 0 1.694904 -0.8741409 0.3620812 1.694904 -0.6690383 0.6690388 1.694904 -0.3620806 0.8741412 1.694904 0 0.9461634 1.810015 0.3620811 0.874141 1.810015 0.6690385 0.6690385 1.810015 0.874141 0.3620811 1.810015 0.9461634 0 1.810015 0.874141 -0.3620812 1.810015 0.6690385 -0.6690385 1.810015 0.3620811 -0.874141 1.810015 1.29256e-7 -0.9461634 1.810015 -0.3620809 -0.8741411 1.810015 -0.6690384 -0.6690388 1.810015 -0.874141 -0.3620812 1.810015 -0.9461634 0 1.810015 -0.8741409 0.3620812 1.810015 -0.6690383 0.6690388 1.810015 -0.3620806 0.8741412 1.810015 -0.6464961 -0.6464965 1.625882 -0.9142838 0 1.625882 0.6433063 0.6433063 1.870957 0.8446881 -0.3498814 1.625882 0.9097725 0 1.870957 0.6464963 -0.6464963 1.625882 0.3498813 -0.8446881 1.625882 -0.3498809 0.8446883 1.625882 1.27774e-7 -0.9142838 1.625882 0 0.9142838 1.625882 0.3498812 0.8446881 1.625882 -0.6464961 0.6464965 1.625882 -0.844688 0.3498814 1.625882 -0.84052 0.348155 1.870957 -0.643306 0.6433065 1.870957 0.9142838 0 1.625882 0 0.9097725 1.748903 0 0.9097725 1.749244 0.3481549 0.8405201 1.749244 0.3481549 0.8405201 1.748903 0.6433063 0.6433063 1.749244 0.6433063 0.6433063 1.748903 0.8405201 0.3481549 1.749244 0.8405201 0.3481549 1.748903 0.9097725 0 1.749244 0.9097725 0 1.748903 0.8405201 -0.3481549 1.749244 0.8405201 -0.3481549 1.748903 0.6433063 -0.6433063 1.749244 0.6433063 -0.6433063 1.748903 0.3481549 -0.8405201 1.749244 0.3481549 -0.8405201 1.748903 1.27394e-7 -0.9097725 1.749244 1.27394e-7 -0.9097725 1.748903 -0.3481547 -0.8405202 1.749244 -0.3481547 -0.8405202 1.748903 -0.6433061 -0.6433065 1.749244 -0.6433061 -0.6433065 1.748903 -0.8405201 -0.348155 1.749244 -0.8405201 -0.348155 1.748903 -0.9097724 0 1.749244 -0.9097724 0 1.748903 -0.84052 0.348155 1.749244 -0.84052 0.348155 1.748903 -0.643306 0.6433065 1.749244 -0.643306 0.6433065 1.748903 -0.3481544 0.8405203 1.749244 -0.3481544 0.8405203 1.748903 0.8364428 0.346466 3.89677 0.6557012 0 4.104821 0.5920607 -0.5920607 3.857744 -0.6937477 0 4.138882 -0.3204205 0.7735648 3.909982 0.346466 -0.8364428 3.89677 0.7735646 0.3204209 3.909982 0.6937476 0 4.138882 -0.6397774 0.6397778 3.863725 0.3204209 0.7735646 3.909982 -0.3464655 0.836443 3.89677 -0.7735645 0.3204211 3.909982 -0.5920606 -0.5920609 3.857744 0 0.6937476 4.138882 -0.8364428 -0.3464661 3.89677 0.6397776 -0.6397776 3.863725 0 1 3.530024 0.3826834 0.9238795 3.530024 0.7071068 0.7071068 3.530024 0.9238795 0.3826834 3.530024 1 0 3.530024 0.9238795 -0.3826835 3.530024 0.7071068 -0.7071068 3.530024 0.3826835 -0.9238795 3.530024 1.34987e-7 -1 3.530024 -0.3826832 -0.9238796 3.530024 -0.7071066 -0.707107 3.530024 -0.9238795 -0.3826836 3.530024 -1 0 3.530024 -0.9238795 0.3826836 3.530024 -0.7071065 0.707107 3.530024 -0.382683 0.9238798 3.530024 0 0.9504282 3.469757 0.3637131 0.8780812 3.469757 0.6720542 0.6720542 3.469757 0.8780812 0.3637131 3.469757 0.9504282 0 3.469757 0.8780812 -0.3637132 3.469757 0.6720542 -0.6720542 3.469757 0.3637132 -0.8780812 3.469757 1.31582e-7 -0.9504282 3.469757 -0.363713 -0.8780813 3.469757 -0.6720541 -0.6720544 3.469757 -0.8780812 -0.3637133 3.469757 -0.9504281 0 3.469757 -0.8780811 0.3637133 3.469757 -0.672054 0.6720544 3.469757 -0.3637127 0.8780814 3.469757 0 1 3.259861 0.3826834 0.9238795 3.259861 0.7071068 0.7071068 3.259861 0.9238795 0.3826834 3.259861 1 0 3.259861 0.9238795 -0.3826835 3.259861 0.7071068 -0.7071068 3.259861 0.3826835 -0.9238795 3.259861 1.34987e-7 -1 3.259861 -0.3826832 -0.9238796 3.259861 -0.7071066 -0.707107 3.259861 -0.9238795 -0.3826836 3.259861 -1 0 3.259861 -0.9238795 0.3826836 3.259861 -0.7071065 0.707107 3.259861 -0.382683 0.9238798 3.259861 0.8776856 0.3635492 3.30321 0.6717514 0.6717514 3.30321 -0.8776855 0.3635494 3.30321 -0.9500001 0 3.30321 1.31535e-7 -0.95 3.30321 0.3635493 -0.8776856 3.30321 -0.3635491 -0.8776856 3.30321 0.95 0 3.30321 -0.6717512 0.6717517 3.30321 0.8776856 -0.3635493 3.30321 -0.3635488 0.8776857 3.30321 -0.6717513 -0.6717517 3.30321 0.3635492 0.8776856 3.30321 0 0.95 3.30321 -0.8776855 -0.3635494 3.30321 0.6717514 -0.6717514 3.30321 0 0.9720727 3.469757 -0.3719957 0.8980783 3.469757 -0.6873589 0.6873594 3.469757 -0.898078 0.3719963 3.469757 -0.9720726 0 3.469757 -0.898078 -0.3719962 3.469757 -0.687359 -0.6873594 3.469757 -0.3719959 -0.8980782 3.469757 1.3338e-7 -0.9720727 3.469757 0.3719961 -0.898078 3.469757 0.6873592 -0.6873592 3.469757 0.898078 -0.3719962 3.469757 0.9720727 0 3.469757 0.898078 0.3719961 3.469757 0.6873592 0.6873592 3.469757 0.3719961 0.898078 3.469757 -0.382683 0.9238798 3.155351 -0.7071065 0.707107 3.155351 -0.9238795 0.3826836 3.155351 -1 0 3.155351 -0.9238795 -0.3826836 3.155351 -0.7071066 -0.707107 3.155351 -0.3826832 -0.9238796 3.155351 1.34987e-7 -1 3.155351 0.3826835 -0.9238795 3.155351 0.7071068 -0.7071068 3.155351 0.9238795 -0.3826835 3.155351 1 0 3.155351 0.9238795 0.3826834 3.155351 0.7071068 0.7071068 3.155351 0.3826834 0.9238795 3.155351 0 1 3.155351 0 0.9504282 3.106017 0.3637131 0.8780812 3.106017 0.6720542 0.6720542 3.106017 0.8780812 0.3637131 3.106017 0.9504282 0 3.106017 0.8780812 -0.3637132 3.106017 0.6720542 -0.6720542 3.106017 0.3637132 -0.8780812 3.106017 1.31582e-7 -0.9504282 3.106017 -0.363713 -0.8780813 3.106017 -0.6720541 -0.6720544 3.106017 -0.8780812 -0.3637133 3.106017 -0.9504281 0 3.106017 -0.8780811 0.3637133 3.106017 -0.672054 0.6720544 3.106017 -0.3637127 0.8780814 3.106017 0 1 2.878691 0.3826834 0.9238795 2.878691 0.7071068 0.7071068 2.878691 0.9238795 0.3826834 2.878691 1 0 2.878691 0.9238795 -0.3826835 2.878691 0.7071068 -0.7071068 2.878691 0.3826835 -0.9238795 2.878691 1.34987e-7 -1 2.878691 -0.3826832 -0.9238796 2.878691 -0.7071066 -0.707107 2.878691 -0.9238795 -0.3826836 2.878691 -1 0 2.878691 -0.9238795 0.3826836 2.878691 -0.7071065 0.707107 2.878691 -0.382683 0.9238798 2.878691 0.8776856 0.3635492 2.925448 0.6717514 0.6717514 2.925448 -0.8776855 0.3635494 2.925448 -0.9500001 0 2.925448 1.31535e-7 -0.95 2.925448 0.3635493 -0.8776856 2.925448 -0.3635491 -0.8776856 2.925448 0.95 0 2.925448 -0.6717512 0.6717517 2.925448 0.8776856 -0.3635493 2.925448 -0.3635488 0.8776857 2.925448 -0.6717513 -0.6717517 2.925448 0.3635492 0.8776856 2.925448 0 0.95 2.925448 -0.8776855 -0.3635494 2.925448 0.6717514 -0.6717514 2.925448 -0.382683 0.9238798 2.755847 -0.7071065 0.707107 2.755847 -0.9238795 0.3826836 2.755847 -1 0 2.755847 -0.9238795 -0.3826836 2.755847 -0.7071066 -0.707107 2.755847 -0.3826832 -0.9238796 2.755847 1.34987e-7 -1 2.755847 0.3826835 -0.9238795 2.755847 0.7071068 -0.7071068 2.755847 0.9238795 -0.3826835 2.755847 1 0 2.755847 0.9238795 0.3826834 2.755847 0.7071068 0.7071068 2.755847 0.3826834 0.9238795 2.755847 0 1 2.755847 0 0.9504282 2.706513 0.3637131 0.8780812 2.706513 0.6720542 0.6720542 2.706513 0.8780812 0.3637131 2.706513 0.9504282 0 2.706513 0.8780812 -0.3637132 2.706513 0.6720542 -0.6720542 2.706513 0.3637132 -0.8780812 2.706513 1.31582e-7 -0.9504282 2.706513 -0.363713 -0.8780813 2.706513 -0.6720541 -0.6720544 2.706513 -0.8780812 -0.3637133 2.706513 -0.9504281 0 2.706513 -0.8780811 0.3637133 2.706513 -0.672054 0.6720544 2.706513 -0.3637127 0.8780814 2.706513 0 1 2.472416 0.3826834 0.9238795 2.472416 0.7071068 0.7071068 2.472416 0.9238795 0.3826834 2.472416 1 0 2.472416 0.9238795 -0.3826835 2.472416 0.7071068 -0.7071068 2.472416 0.3826835 -0.9238795 2.472416 1.34987e-7 -1 2.472416 -0.3826832 -0.9238796 2.472416 -0.7071066 -0.707107 2.472416 -0.9238795 -0.3826836 2.472416 -1 0 2.472416 -0.9238795 0.3826836 2.472416 -0.7071065 0.707107 2.472416 -0.382683 0.9238798 2.472416 0.8776856 0.3635492 2.525944 0.6717514 0.6717514 2.525944 -0.8776855 0.3635494 2.525944 -0.9500001 0 2.525944 1.31535e-7 -0.95 2.525944 0.3635493 -0.8776856 2.525944 -0.3635491 -0.8776856 2.525944 0.95 0 2.525944 -0.6717512 0.6717517 2.525944 0.8776856 -0.3635493 2.525944 -0.3635488 0.8776857 2.525944 -0.6717513 -0.6717517 2.525944 0.3635492 0.8776856 2.525944 0 0.95 2.525944 -0.8776855 -0.3635494 2.525944 0.6717514 -0.6717514 2.525944 0.3718285 0.8976734 3.30321 0.6870495 0.6870495 3.30321 0.8976734 0.3718285 3.30321 0.9716347 0 3.30321 0.8976734 -0.3718286 3.30321 0.6870495 -0.6870495 3.30321 0.3718285 -0.8976734 3.30321 1.33332e-7 -0.9716347 3.30321 -0.3718283 -0.8976735 3.30321 -0.6870493 -0.6870498 3.30321 -0.8976734 -0.3718286 3.30321 -0.9716348 0 3.30321 -0.8976734 0.3718287 3.30321 -0.6870493 0.6870498 3.30321 -0.3718281 0.8976736 3.30321 0 0.9716347 3.30321 0.3719961 0.898078 3.106017 0.6873592 0.6873592 3.106017 0.898078 0.3719961 3.106017 0.9720727 0 3.106017 0.898078 -0.3719962 3.106017 0.6873592 -0.6873592 3.106017 0.3719961 -0.898078 3.106017 1.3338e-7 -0.9720727 3.106017 -0.3719959 -0.8980782 3.106017 -0.687359 -0.6873594 3.106017 -0.898078 -0.3719962 3.106017 -0.9720726 0 3.106017 -0.898078 0.3719963 3.106017 -0.6873589 0.6873594 3.106017 -0.3719957 0.8980783 3.106017 0 0.9720727 3.106017 0.3718285 0.8976734 2.925448 0.6870495 0.6870495 2.925448 0.8976734 0.3718285 2.925448 0.9716347 0 2.925448 0.8976734 -0.3718286 2.925448 0.6870495 -0.6870495 2.925448 0.3718285 -0.8976734 2.925448 1.33332e-7 -0.9716347 2.925448 -0.3718283 -0.8976735 2.925448 -0.6870493 -0.6870498 2.925448 -0.8976734 -0.3718286 2.925448 -0.9716348 0 2.925448 -0.8976734 0.3718287 2.925448 -0.6870493 0.6870498 2.925448 -0.3718281 0.8976736 2.925448 0 0.9716347 2.925448 0.3718285 0.8976734 2.525944 0.6870495 0.6870495 2.525944 0.8976734 0.3718285 2.525944 0.9716347 0 2.525944 0.8976734 -0.3718286 2.525944 0.6870495 -0.6870495 2.525944 0.3718285 -0.8976734 2.525944 1.33332e-7 -0.9716347 2.525944 -0.3718283 -0.8976735 2.525944 -0.6870493 -0.6870498 2.525944 -0.8976734 -0.3718286 2.525944 -0.9716348 0 2.525944 -0.8976734 0.3718287 2.525944 -0.6870493 0.6870498 2.525944 -0.3718281 0.8976736 2.525944 0 0.9716347 2.525944 0.6873592 0.6873592 2.706513 0.898078 0.3719961 2.706513 0.9720727 0 2.706513 0.898078 -0.3719962 2.706513 0.6873592 -0.6873592 2.706513 0.3719961 -0.898078 2.706513 1.3338e-7 -0.9720727 2.706513 -0.3719959 -0.8980782 2.706513 -0.687359 -0.6873594 2.706513 -0.898078 -0.3719962 2.706513 -0.9720726 0 2.706513 -0.898078 0.3719963 2.706513 -0.6873589 0.6873594 2.706513 -0.3719957 0.8980783 2.706513 0 0.9720727 2.706513 0.3719961 0.898078 2.706513 0 1 2.443164 0.3826834 0.9238795 2.443164 0.7071068 0.7071068 2.443164 0.9238795 0.3826834 2.443164 1 0 2.443164 0.9238795 -0.3826835 2.443164 0.7071068 -0.7071068 2.443164 0.3826835 -0.9238795 2.443164 1.34987e-7 -1 2.443164 -0.3826832 -0.9238796 2.443164 -0.7071066 -0.707107 2.443164 -0.9238795 -0.3826836 2.443164 -1 0 2.443164 -0.9238795 0.3826836 2.443164 -0.7071065 0.707107 2.443164 -0.382683 0.9238798 2.443164 0 1 2.143239 0.3826834 0.9238795 2.143239 0.7071068 0.7071068 2.143239 0.9238795 0.3826834 2.143239 1 0 2.143239 0.9238795 -0.3826835 2.143239 0.7071068 -0.7071068 2.143239 0.3826835 -0.9238795 2.143239 1.34987e-7 -1 2.143239 -0.3826832 -0.9238796 2.143239 -0.7071066 -0.707107 2.143239 -0.9238795 -0.3826836 2.143239 -1 0 2.143239 -0.9238795 0.3826836 2.143239 -0.7071065 0.707107 2.143239 -0.382683 0.9238798 2.143239 0 1 2.125687 0.3826834 0.9238795 2.125687 0.7071068 0.7071068 2.125687 0.9238795 0.3826834 2.125687 1 0 2.125687 0.9238795 -0.3826835 2.125687 0.7071068 -0.7071068 2.125687 0.3826835 -0.9238795 2.125687 1.34987e-7 -1 2.125687 -0.3826832 -0.9238796 2.125687 -0.7071066 -0.707107 2.125687 -0.9238795 -0.3826836 2.125687 -1 0 2.125687 -0.9238795 0.3826836 2.125687 -0.7071065 0.707107 2.125687 -0.382683 0.9238798 2.125687 0 0.9097725 1.870957 -0.3481544 0.8405203 1.870957 -0.8446881 -0.3498814 1.625882 0.6464963 0.6464963 1.625882 -0.9097724 0 1.870957 -0.8405201 -0.348155 1.870957 -0.6433061 -0.6433065 1.870957 -0.3481547 -0.8405202 1.870957 1.27394e-7 -0.9097725 1.870957 0.3481549 -0.8405201 1.870957 0.6433063 -0.6433063 1.870957 0.8405201 -0.3481549 1.870957 0.8446881 0.3498812 1.625882 0.8405201 0.3481549 1.870957 -0.3498811 -0.8446882 1.625882 0.3481549 0.8405201 1.870957 0 0 -1.020848 0.7735646 -0.320421 3.909982 0 -0.6945632 4.153114 1.33012e-7 -0.9781736 -0.1879029 0.6777001 -0.6777001 3.850307 0.6945632 0 4.153114 -0.6916729 0.6916734 -0.1879029 0.9037145 -0.3743309 -0.1879029 -0.6776998 0.6777004 3.850307 -0.691673 -0.6916734 -0.1879029 0.3743308 0.9037145 -0.1879029 -0.7999874 -0.3313658 4.005549 0.6916732 -0.6916732 -0.1879029 0.6916732 0.6916732 -0.1879029 -0.6945633 0 4.153114 0.3743308 -0.9037145 -0.1879029 0 0.6945632 4.153114 0.4193924 0.173718 4.457915 0.3209891 0.320989 4.457915 -0.4193923 0.173718 4.457915 -0.453947 0 4.457915 0 -0.453947 4.457915 0.173718 -0.4193924 4.457915 -0.1737179 -0.4193924 4.457915 0.4539471 0 4.457915 -0.3209889 0.3209891 4.457915 0.4193924 -0.173718 4.457915 -0.1737177 0.4193924 4.457915 -0.320989 -0.3209891 4.457915 0.173718 0.4193924 4.457915 0 0.453947 4.457915 -0.4193923 -0.173718 4.457915 0.3209891 -0.320989 4.457915 0.6894291 0.6894291 3.656663 -0.975 0 3.656663 0.3731164 -0.9007825 3.656663 0 0.975 3.656663 0.9007825 0.3731163 3.656663 -0.9007825 0.3731165 3.656663 1.33261e-7 -0.975 3.656663 -0.3731161 -0.9007826 3.656663 0.975 0 3.656663 -0.6894289 0.6894294 3.656663 0.9007825 -0.3731164 3.656663 -0.3731159 0.9007827 3.656663 -0.6894289 -0.6894294 3.656663 0.3731163 0.9007825 3.656663 -0.9007825 -0.3731165 3.656663 0.6894291 -0.6894291 3.656663 0 -0.4615687 4.442873 0.1766347 -0.4264339 4.442873 0.1766347 0.4264339 4.442873 0 0.4615687 4.442873 -0.4264338 0.1766347 4.442873 -0.4615688 0 4.442873 -0.3263782 -0.3263784 4.442873 -0.1766346 -0.4264339 4.442873 -0.4264338 -0.1766347 4.442873 0.4264339 0.1766347 4.442873 0.3263784 0.3263783 4.442873 -0.1766344 0.4264339 4.442873 -0.3263782 0.3263784 4.442873 0.4264339 -0.1766347 4.442873 0.4615687 0 4.442873 0.3263784 -0.3263783 4.442873 0 -0.6222324 4.2497 0.2806046 0.6774395 4.145512 -0.6774393 0.2806047 4.145512 -0.5184895 -0.5184898 4.145512 0.6774395 0.2806046 4.145512 -0.2806043 0.6774396 4.145512 0.6774395 -0.2806047 4.145512 0.2806046 -0.6774395 4.145512 0 0.6222324 4.2497 -0.6222324 0 4.2497 -0.2806044 -0.6774395 4.145512 -0.6774393 -0.2806047 4.145512 0.5184897 0.5184897 4.145512 -0.5184895 0.5184898 4.145512 0.6222324 0 4.2497 0.5184897 -0.5184897 4.145512 0.3313657 -0.7999876 4.005549 -0.8364428 0.3464661 3.89677 0 -0.6937476 4.138882 -0.3464658 -0.8364429 3.89677 -0.3313653 0.7999877 4.005549 0.7999876 0.3313657 4.005549 0.8364428 -0.346466 3.89677 0.3313657 0.7999876 4.005549 -0.6397774 -0.6397778 3.863725 0.346466 0.8364428 3.89677 -0.7999874 0.3313658 4.005549 -0.6776999 -0.6777004 3.850307 0.6397776 0.6397776 3.863725 0.7999876 -0.3313657 4.005549 -0.3313655 -0.7999876 4.005549 0.6777001 0.6777001 3.850307 0 0.5791833 4.490572 0 0.5791833 4.495886 -0.2216435 0.5350957 4.495886 -0.2216435 0.5350957 4.490572 0.2216439 -0.5350956 4.490572 0.2216439 -0.5350956 4.495886 0.4095445 -0.4095444 4.495886 0.4095445 -0.4095444 4.490572 0.4095445 0.4095444 4.490572 0.4095445 0.4095444 4.495886 0.2216439 0.5350956 4.495886 0.2216439 0.5350956 4.490572 -0.5791832 0 4.490572 -0.5791832 0 4.495886 -0.5350955 -0.2216439 4.495886 -0.5350955 -0.2216439 4.490572 0.4193924 0.173718 4.907167 0.3209891 0.320989 4.907167 -0.4193923 0.173718 4.907167 -0.453947 0 4.907167 0 -0.453947 4.907167 0.173718 -0.4193924 4.907167 -0.1737179 -0.4193924 4.907167 0.4539471 0 4.907167 -0.3209889 0.3209891 4.907167 0.4193924 -0.173718 4.907167 -0.1737177 0.4193924 4.907167 -0.320989 -0.3209891 4.907167 0.173718 0.4193924 4.907167 0 0.453947 4.907167 -0.4193923 -0.173718 4.907167 0.3209891 -0.320989 4.907167 -0.6672693 0.6672698 3.8518 0.8484365 0 3.873661 0.8718296 0.3611237 3.788383 0 0.8484365 3.873661 0.3611237 -0.8718296 3.788383 -0.8484365 0 3.873661 0.6672695 0.6672695 3.8518 -0.8718296 0.3611238 3.788383 0 -0.8484365 3.873661 -0.3611235 -0.8718298 3.788383 0.8718296 -0.3611238 3.788383 -0.6672694 -0.6672698 3.8518 0.3611237 0.8718296 3.788383 -0.3611233 0.8718299 3.788383 -0.8718296 -0.3611238 3.788383 0.6672695 -0.6672695 3.8518 0.4193924 -0.173718 4.88647 0.4539471 0 4.88647 0.173718 -0.4193924 4.88647 0.3209891 -0.320989 4.88647 -0.3209889 0.3209891 4.88647 -0.4193923 0.173718 4.88647 0 0.453947 4.88647 -0.1737177 0.4193924 4.88647 0.4193924 0.173718 4.88647 -0.1737179 -0.4193924 4.88647 0 -0.453947 4.88647 -0.4193923 -0.173718 4.88647 -0.320989 -0.3209891 4.88647 0.173718 0.4193924 4.88647 -0.453947 0 4.88647 0.3209891 0.320989 4.88647 0.4193924 -0.173718 4.774116 0.4193924 -0.173718 4.661761 0.4193924 -0.173718 4.549407 0.173718 -0.4193924 4.774116 0.173718 -0.4193924 4.661761 0.173718 -0.4193924 4.549407 -0.3209889 0.3209891 4.774116 -0.3209889 0.3209891 4.661761 -0.3209889 0.3209891 4.549407 0 0.453947 4.774116 0 0.453947 4.661761 0 0.453947 4.549407 -0.1737179 -0.4193924 4.774116 -0.1737179 -0.4193924 4.661761 -0.1737179 -0.4193924 4.549407 -0.4193923 -0.173718 4.774116 -0.4193923 -0.173718 4.661761 -0.4193923 -0.173718 4.549407 0.173718 0.4193924 4.774116 0.173718 0.4193924 4.661761 0.173718 0.4193924 4.549407 0.4539471 0 4.549406 0.4539471 0 4.661761 0.4539471 0 4.774116 0.3209891 -0.320989 4.549406 0.3209891 -0.320989 4.661761 0.3209891 -0.320989 4.774116 -0.4193923 0.173718 4.549406 -0.4193923 0.173718 4.661761 -0.4193923 0.173718 4.774116 -0.1737177 0.4193924 4.549406 -0.1737177 0.4193924 4.661761 -0.1737177 0.4193924 4.774116 0.4193924 0.173718 4.549406 0.4193924 0.173718 4.661761 0.4193924 0.173718 4.774116 0 -0.453947 4.549406 0 -0.453947 4.661761 0 -0.453947 4.774116 -0.320989 -0.3209891 4.549406 -0.320989 -0.3209891 4.661761 -0.320989 -0.3209891 4.774116 -0.453947 0 4.549406 -0.453947 0 4.661761 -0.453947 0 4.774116 0.3209891 0.320989 4.549406 0.3209891 0.320989 4.661761 0.3209891 0.320989 4.774116 0.457489 -0.1894981 4.831709 0.457489 -0.1894981 4.828877 0.457489 -0.1894981 4.719354 0.457489 -0.1894981 4.716523 0.457489 -0.1894981 4.606999 0.457489 -0.1894981 4.604168 0.1894982 -0.457489 4.831709 0.1894982 -0.457489 4.828877 0.1894982 -0.457489 4.719354 0.1894982 -0.457489 4.716523 0.1894982 -0.457489 4.606999 0.1894982 -0.457489 4.604168 -0.3501467 0.350147 4.831708 -0.3501468 0.350147 4.828877 -0.3501467 0.350147 4.719354 -0.3501468 0.350147 4.716523 -0.3501467 0.350147 4.606999 -0.3501468 0.350147 4.604168 0 0.4951825 4.831709 0 0.4951825 4.828877 0 0.4951825 4.719354 0 0.4951825 4.716523 0 0.4951825 4.606999 0 0.4951825 4.604168 -0.189498 -0.457489 4.831709 -0.189498 -0.457489 4.828877 -0.189498 -0.457489 4.719354 -0.189498 -0.457489 4.716523 -0.189498 -0.457489 4.606999 -0.189498 -0.457489 4.604168 -0.4574889 -0.1894981 4.831709 -0.4574889 -0.1894981 4.828877 -0.4574889 -0.1894981 4.719354 -0.4574889 -0.1894981 4.716523 -0.4574889 -0.1894981 4.606999 -0.4574889 -0.1894981 4.604168 0.1894981 0.457489 4.831709 0.1894981 0.457489 4.828877 0.1894981 0.457489 4.719354 0.1894981 0.457489 4.716523 0.1894981 0.457489 4.606999 0.1894981 0.457489 4.604168 0.4951825 0 4.604168 0.4951825 0 4.606999 0.4951825 0 4.716522 0.4951825 0 4.719354 0.4951825 0 4.828877 0.4951825 0 4.831709 0.350147 -0.3501469 4.604168 0.350147 -0.3501469 4.606999 0.350147 -0.3501469 4.716522 0.350147 -0.3501469 4.719354 0.350147 -0.3501469 4.828877 0.350147 -0.3501469 4.831709 -0.4574889 0.1894982 4.604168 -0.4574889 0.1894982 4.606999 -0.4574889 0.1894982 4.716522 -0.4574889 0.1894982 4.719354 -0.4574889 0.1894982 4.828877 -0.4574889 0.1894982 4.831709 -0.1894978 0.457489 4.604168 -0.1894978 0.457489 4.606999 -0.1894978 0.457489 4.716522 -0.1894978 0.457489 4.719354 -0.1894978 0.457489 4.828877 -0.1894978 0.457489 4.831709 0.457489 0.1894981 4.604168 0.457489 0.1894981 4.606999 0.457489 0.1894981 4.716522 0.457489 0.1894981 4.719354 0.457489 0.1894981 4.828877 0.457489 0.1894981 4.831709 0 -0.4951825 4.604168 0 -0.4951825 4.606999 0 -0.4951825 4.716522 0 -0.4951825 4.719354 0 -0.4951825 4.828877 0 -0.4951825 4.831709 -0.3501468 -0.350147 4.604167 -0.3501468 -0.350147 4.606999 -0.3501468 -0.350147 4.716522 -0.3501468 -0.350147 4.719354 -0.3501468 -0.350147 4.828877 -0.3501468 -0.350147 4.831709 -0.4951825 0 4.604168 -0.4951825 0 4.606999 -0.4951825 0 4.716522 -0.4951825 0 4.719354 -0.4951825 0 4.828877 -0.4951825 0 4.831709 0.350147 0.3501469 4.604168 0.350147 0.3501469 4.606999 0.350147 0.3501469 4.716522 0.350147 0.3501469 4.719354 0.350147 0.3501469 4.828877 0.350147 0.3501469 4.831709 0.4193924 0.173718 4.490572 0.4193924 0.173718 4.495886 0.3209891 0.320989 4.495886 0.3209891 0.320989 4.490572 -0.4193923 0.173718 4.490572 -0.4193923 0.173718 4.495886 -0.453947 0 4.495886 -0.453947 0 4.490572 0 -0.453947 4.490572 0 -0.453947 4.495886 0.173718 -0.4193924 4.495886 0.173718 -0.4193924 4.490572 -0.1737179 -0.4193924 4.490572 -0.1737179 -0.4193924 4.495886 0.4539471 0 4.490572 0.4539471 0 4.495886 -0.3209889 0.3209891 4.490572 -0.3209889 0.3209891 4.495886 0.4193924 -0.173718 4.490572 0.4193924 -0.173718 4.495886 -0.1737177 0.4193924 4.490572 -0.1737177 0.4193924 4.495886 -0.320989 -0.3209891 4.490572 -0.320989 -0.3209891 4.495886 0.173718 0.4193924 4.490572 0.173718 0.4193924 4.495886 0 0.453947 4.495886 0 0.453947 4.490572 -0.4193923 -0.173718 4.490572 -0.4193923 -0.173718 4.495886 0.3209891 -0.320989 4.490572 0.3209891 -0.320989 4.495886 0.5350957 -0.2216438 4.490572 0.5350957 -0.2216438 4.495886 -0.4095444 -0.4095445 4.490572 -0.4095444 -0.4095445 4.495886 -0.2216437 -0.5350956 4.490572 -0.2216437 -0.5350956 4.495886 -0.4095443 0.4095445 4.490572 -0.4095443 0.4095445 4.495886 0.5791834 0 4.490572 0.5791834 0 4.495886 -0.5350955 0.2216439 4.490572 -0.5350955 0.2216439 4.495886 0.5350957 0.2216438 4.490572 0.5350957 0.2216438 4.495886 0 -0.5791833 4.490572 0 -0.5791833 4.495886 0 0.9584941 -0.1914656 0.3441226 0.830785 -0.9831231 0.5786869 0.5786869 3.851242 -0.311087 -0.7620079 3.896592 0.830785 0.3441226 -0.9831231 0.8855218 0.3667952 -0.1913998 0.9584941 0 -0.1914656 0.830785 -0.3441227 -0.9831231 0.3110871 -0.7620078 3.896592 0 0.6391583 4.093582 0.3441227 -0.830785 -0.9831231 -0.6391584 0 4.093582 -0.7620078 -0.3110873 3.896592 -0.3441224 -0.830785 -0.9831231 -0.366795 -0.885522 -0.1913998 -0.5786867 0.5786871 3.851242 -0.8307849 -0.3441227 -0.9831231 -0.8855218 -0.3667953 -0.1913998 -0.9584941 0 -0.1914656 -0.8307849 0.3441227 -0.9831231 -0.8855218 0.3667954 -0.1913998 0 -0.6391583 4.093582 -0.3441222 0.8307852 -0.9831231 -0.3667948 0.8855221 -0.1913998 0.2662864 0.6428726 -0.9383829 0.6428726 0.2662864 -0.9383829 0.6428726 -0.2662865 -0.9383829 0.2662865 -0.6428726 -0.9383829 -0.2662863 -0.6428727 -0.9383829 -0.6428726 -0.2662866 -0.9383829 -0.6428725 0.2662866 -0.9383829 -0.2662861 0.6428728 -0.9383829 0.3740215 0.9029676 -0.7850721 0.9029676 0.3740215 -0.7850721 0.9029676 -0.3740216 -0.7850721 0.3740215 -0.9029676 -0.7850721 -0.3740213 -0.9029678 -0.7850721 -0.9029676 -0.3740217 -0.7850721 -0.9029676 0.3740217 -0.7850721 -0.3740211 0.9029679 -0.7850721 0.3713699 0.8965663 -0.5141442 0.8965663 0.3713699 -0.5141442 0.8965663 -0.37137 -0.5141442 0.3713699 -0.8965663 -0.5141442 -0.3713697 -0.8965663 -0.5141442 -0.8965662 -0.3713701 -0.5141442 -0.8965662 0.3713701 -0.5141442 -0.3713695 0.8965665 -0.5141442 0 0.1302364 -1.000884 0.04952728 0.1195682 -1.000949 0.09209114 0.09209108 -1.000884 0.1195683 0.04952722 -1.000949 0.1302365 0 -1.000884 0.1195683 -0.04952722 -1.000949 0.09209114 -0.09209108 -1.000884 0.04952728 -0.1195682 -1.000949 0 -0.1302364 -1.000884 -0.0495271 -0.1195682 -1.000949 -0.09209096 -0.09209108 -1.000884 -0.1195682 -0.04952722 -1.000949 -0.1302363 0 -1.000884 -0.1195682 0.04952722 -1.000949 -0.09209096 0.09209114 -1.000884 -0.0495271 0.1195683 -1.000949 -0.03087091 0.8219251 -0.9607239 0.02536475 0.8910058 -0.9858317 0.6030176 0.5593596 -0.9607239 0.6121003 0.6479713 -0.9858317 0.8219252 -0.03087091 -0.9607239 0.8910059 0.02536469 -0.9858317 0.5593596 -0.6030176 -0.9607239 0.6479713 -0.6121003 -0.9858317 -0.03087079 -0.8219251 -0.9607239 0.02536487 -0.8910058 -0.9858317 -0.6030173 -0.5593597 -0.9607239 -0.6121001 -0.6479715 -0.9858317 -0.8219251 0.03087091 -0.9607239 -0.8910058 -0.02536475 -0.9858317 -0.5593593 0.6030177 -0.9607239 -0.647971 0.6121004 -0.9858317 -0.02444857 0.6731789 -0.9091528 0.02571874 0.6779145 -0.9456377 0 0.6618145 -0.987211 0.4587212 0.4932967 -0.9091528 0.4975433 0.4611718 -0.9456377 0.4679737 0.4679737 -0.987211 0.6731789 0.02444851 -0.9091528 0.6779145 -0.0257188 -0.9456377 0.6618146 0 -0.987211 0.4932967 -0.4587212 -0.9091528 0.4611717 -0.4975434 -0.9456377 0.4679737 -0.4679737 -0.987211 0.02444869 -0.6731789 -0.9091528 -0.02571862 -0.6779145 -0.9456377 0 -0.6618145 -0.987211 -0.458721 -0.4932969 -0.9091528 -0.4975432 -0.461172 -0.9456377 -0.4679735 -0.4679739 -0.987211 -0.6731789 -0.02444857 -0.9091528 -0.6779145 0.02571874 -0.9456377 -0.6618145 0 -0.987211 -0.4932965 0.4587213 -0.9091528 -0.4611716 0.4975436 -0.9456377 -0.4679735 0.4679739 -0.987211 -0.02899533 0.8918052 -0.7956119 0.02709859 0.9702106 -0.7858288 0.6668813 0.7052044 -0.7858288 0.7052045 0.6668813 -0.7858288 0.9702106 0.02709853 -0.7858288 0.9702106 -0.02709865 -0.7858288 0.7052044 -0.6668813 -0.7858288 0.6668813 -0.7052045 -0.7858288 0.02709871 -0.9702106 -0.7858288 -0.02709847 -0.9702106 -0.7858288 -0.6668811 -0.7052047 -0.7858288 -0.7052043 -0.6668815 -0.7858288 -0.9702106 -0.02709859 -0.7858288 -0.9702106 0.02709859 -0.7858288 -0.7052042 0.6668816 -0.7858288 -0.666881 0.7052047 -0.7858288 0.02733814 0.8925824 -0.6727648 -0.0137071 0.9690178 -0.4225047 0.6504824 0.6118196 -0.6727648 0.6755068 0.6948913 -0.4225047 0.8925824 -0.0273382 -0.6727648 0.9690178 0.01370704 -0.4225047 0.6118196 -0.6504824 -0.6727648 0.6948913 -0.6755068 -0.4225047 -0.02733802 -0.8925824 -0.6727648 0.01370722 -0.9690178 -0.4225047 -0.6504822 -0.6118198 -0.6727648 -0.6755066 -0.6948916 -0.4225047 -0.8925824 0.02733814 -0.6727648 -0.9690178 -0.01370704 -0.4225047 -0.6118194 0.6504825 -0.6727648 -0.694891 0.6755071 -0.4225047 0 0.6811515 -1.001428 -0.02571874 0.6779145 -0.9456377 0.02444857 0.6731789 -0.9091528 0.4816472 0.4816472 -1.001428 0.4611717 0.4975433 -0.9456377 0.4932968 0.4587212 -0.9091528 0.6811515 0 -1.001428 0.6779145 0.02571868 -0.9456377 0.6731789 -0.02444863 -0.9091528 0.4816472 -0.4816472 -1.001428 0.4975433 -0.4611718 -0.9456377 0.4587212 -0.4932968 -0.9091528 0 -0.6811515 -1.001428 0.02571886 -0.6779145 -0.9456377 -0.02444845 -0.6731789 -0.9091528 -0.4816471 -0.4816474 -1.001428 -0.4611716 -0.4975436 -0.9456377 -0.4932965 -0.4587213 -0.9091528 -0.6811514 0 -1.001428 -0.6779145 -0.02571874 -0.9456377 -0.6731789 0.02444857 -0.9091528 -0.4816471 0.4816474 -1.001428 -0.4975438 0.4611721 -0.9456377 -0.4587209 0.4932969 -0.9091528 0 0.9257218 -0.4199011 0.01370704 0.9690178 -0.4225047 -0.02733814 0.8925824 -0.6727648 0.6545846 0.6545846 -0.4199011 0.6948914 0.6755068 -0.4225047 0.6118196 0.6504824 -0.6727648 0.9257218 0 -0.4199011 0.9690178 -0.0137071 -0.4225047 0.8925824 0.02733814 -0.6727648 0.6545846 -0.6545846 -0.4199011 0.6755068 -0.6948914 -0.4225047 0.6504824 -0.6118196 -0.6727648 1.30784e-7 -0.9257218 -0.4199011 -0.01370692 -0.9690178 -0.4225047 0.02733826 -0.8925824 -0.6727648 -0.6545844 -0.6545848 -0.4199011 -0.6948912 -0.675507 -0.4225047 -0.6118195 -0.6504825 -0.6727648 -0.9257218 0 -0.4199011 -0.9690178 0.0137071 -0.4225047 -0.8925824 -0.02733814 -0.6727648 -0.6545844 0.6545848 -0.4199011 -0.6755065 0.6948916 -0.4225047 -0.6504821 0.6118199 -0.6727648 0.651104 0.6100987 -0.7956119 0.6479714 0.6121003 -0.9858317 0.5593596 0.6030175 -0.9607239 0.6100987 0.651104 -0.7956119 0.8918052 -0.02899533 -0.7956119 0.8910059 -0.02536481 -0.9858317 0.8219252 0.03087085 -0.9607239 0.8918052 0.02899527 -0.7956119 0.6100987 -0.651104 -0.7956119 0.6121003 -0.6479714 -0.9858317 0.6030175 -0.5593596 -0.9607239 0.651104 -0.6100987 -0.7956119 -0.02899521 -0.8918052 -0.7956119 -0.02536463 -0.8910058 -0.9858317 0.03087103 -0.8219251 -0.9607239 0.02899545 -0.8918052 -0.7956119 -0.6511039 -0.6100989 -0.7956119 -0.6479712 -0.6121004 -0.9858317 -0.5593594 -0.6030177 -0.9607239 -0.6100985 -0.6511042 -0.7956119 -0.8918052 0.02899533 -0.7956119 -0.8910058 0.02536475 -0.9858317 -0.8219251 -0.03087085 -0.9607239 -0.8918052 -0.02899533 -0.7956119 -0.6100985 0.6511042 -0.7956119 -0.6121 0.6479715 -0.9858317 -0.6030172 0.5593597 -0.9607239 -0.6511038 0.610099 -0.7956119 -0.02536475 0.8910058 -0.9858317 0.03087085 0.8219251 -0.9607239 -0.02709859 0.9702106 -0.7858288 0.02899533 0.8918052 -0.7956119 0 0.9816437 -0.04925251 0.3756586 0.9069204 -0.04925251 0.6941273 0.6941267 -0.04925251 0.9069204 0.3756586 -0.04925251 0.9816437 0 -0.04925251 0.9069204 -0.3756588 -0.04925251 0.6941267 -0.6941267 -0.04925251 0.3756587 -0.9069204 -0.04925251 1.34987e-7 -0.9816437 -0.04925251 -0.3756585 -0.9069205 -0.04925251 -0.6941271 -0.6941269 -0.04925251 -0.9069204 -0.3756588 -0.04925251 -0.9816437 0 -0.04925251 -0.9069203 0.3756588 -0.04925251 -0.694127 0.6941269 -0.04925251 -0.3756582 0.9069206 -0.04925251 0.859994 0.3562211 -0.09477019 0.658211 0.658211 -0.09477019 -0.8599939 0.3562213 -0.09477019 -0.9308509 0 -0.09477019 1.31535e-7 -0.9308509 -0.09477019 0.3562212 -0.859994 -0.09477019 -0.356221 -0.8599941 -0.09477019 0.9308509 0 -0.09477019 -0.6582108 0.6582112 -0.09477019 0.859994 -0.3562212 -0.09477019 -0.3562207 0.8599942 -0.09477019 -0.6582108 -0.6582112 -0.09477019 0.3562211 0.859994 -0.09477019 0 0.9308509 -0.09477019 -0.8599939 -0.3562213 -0.09477019 0.658211 -0.658211 -0.09477019 0 0.9810847 0.0412774 0.375445 0.906404 0.0412774 0.6937317 0.6937317 0.0412774 0.906404 0.375445 0.0412774 0.9810847 0 0.0412774 0.906404 -0.3754451 0.0412774 0.6937317 -0.6937317 0.0412774 0.3754451 -0.906404 0.0412774 1.34987e-7 -0.9810847 0.0412774 -0.3754448 -0.9064041 0.0412774 -0.6937316 -0.693732 0.0412774 -0.906404 -0.3754452 0.0412774 -0.9810847 0 0.0412774 -0.906404 0.3754452 0.0412774 -0.6937315 0.693732 0.0412774 -0.3754446 0.9064043 0.0412774 0 0.9328538 0.1175855 0.356988 0.8618447 0.1175855 0.6596277 0.6596277 0.1175855 0.8618447 0.356988 0.1175855 0.9328538 0 0.1175855 0.8618447 -0.3569881 0.1175855 0.6596277 -0.6596277 0.1175855 0.3569881 -0.8618447 0.1175855 1.31582e-7 -0.9328538 0.1175855 -0.3569879 -0.8618448 0.1175855 -0.6596275 -0.6596279 0.1175855 -0.8618447 -0.3569882 0.1175855 -0.9328538 0 0.1175855 -0.8618446 0.3569882 0.1175855 -0.6596274 0.6596279 0.1175855 -0.3569877 0.8618449 0.1175855 0 0.9816437 0.3258747 0.3756586 0.9069204 0.3258747 0.6941267 0.6941267 0.3258747 0.9069204 0.3756586 0.3258747 0.9816437 0 0.3258747 0.9069204 -0.3756588 0.3258747 0.6941267 -0.6941267 0.3258747 0.3756587 -0.9069204 0.3258747 1.34987e-7 -0.9816437 0.3258747 -0.3756585 -0.9069205 0.3258747 -0.6941271 -0.6941269 0.3258747 -0.9069204 -0.3756588 0.3258747 -0.9816437 0 0.3258747 -0.9069203 0.3756588 0.3258747 -0.694127 0.6941269 0.3258747 -0.3756582 0.9069206 0.3258747 0.8607075 0.3565165 0.2666956 0.6587567 0.6587567 0.2666956 -0.8607074 0.3565167 0.2666956 -0.9316231 0 0.2666956 1.31535e-7 -0.931623 0.2666956 0.3565166 -0.8607075 0.2666956 -0.3565164 -0.8607075 0.2666956 0.931623 0 0.2666956 -0.6587564 0.6587569 0.2666956 0.8607075 -0.3565166 0.2666956 -0.3565161 0.8607077 0.2666956 -0.6587565 -0.6587569 0.2666956 0.3565165 0.8607075 0.2666956 0 0.931623 0.2666956 -0.8607074 -0.3565167 0.2666956 0.6587567 -0.6587567 0.2666956 0 0.9571314 0.1213338 -0.3662784 0.8842747 0.1213338 -0.676794 0.6767945 0.1213338 -0.8842744 0.366279 0.1213338 -0.9571313 0 0.1213338 -0.8842745 -0.3662789 0.1213338 -0.6767941 -0.6767945 0.1213338 -0.3662786 -0.8842746 0.1213338 1.3338e-7 -0.9571314 0.1213338 0.3662788 -0.8842745 0.1213338 0.6767942 -0.6767942 0.1213338 0.8842745 -0.3662788 0.1213338 0.9571314 0 0.1213338 0.8842745 0.3662788 0.1213338 0.6767942 0.6767942 0.1213338 0.3662788 0.8842745 0.1213338 -0.3755661 0.9066978 0.4150888 -0.6939561 0.6939566 0.4150888 -0.9066975 0.3755667 0.4150888 -0.9814026 0 0.4150888 -0.9066976 -0.3755667 0.4150888 -0.6939561 -0.6939566 0.4150888 -0.3755663 -0.9066977 0.4150888 1.34987e-7 -0.9814026 0.4150888 0.3755666 -0.9066976 0.4150888 0.6939563 -0.6939563 0.4150888 0.9066976 -0.3755666 0.4150888 0.9814026 0 0.4150888 0.9066976 0.3755665 0.4150888 0.6939563 0.6939563 0.4150888 0.3755665 0.9066976 0.4150888 0 0.9814026 0.4150888 0 0.9323624 0.4803594 0.3568 0.8613906 0.4803594 0.6592798 0.6592798 0.4803594 0.8613906 0.3568 0.4803594 0.9323624 0 0.4803594 0.8613906 -0.3568001 0.4803594 0.6592798 -0.6592798 0.4803594 0.3568001 -0.8613906 0.4803594 1.31582e-7 -0.9323624 0.4803594 -0.3567999 -0.8613907 0.4803594 -0.6592796 -0.65928 0.4803594 -0.8613906 -0.3568002 0.4803594 -0.9323624 0 0.4803594 -0.8613905 0.3568002 0.4803594 -0.6592796 0.65928 0.4803594 -0.3567997 0.8613908 0.4803594 0 0.9815095 0.7067272 0.3756074 0.9067965 0.7067272 0.694032 0.694032 0.7067272 0.9067965 0.3756074 0.7067272 0.9815095 0 0.7067272 0.9067965 -0.3756075 0.7067272 0.694032 -0.694032 0.7067272 0.3756074 -0.9067965 0.7067272 1.34987e-7 -0.9815095 0.7067272 -0.3756072 -0.9067966 0.7067272 -0.6940318 -0.6940323 0.7067272 -0.9067965 -0.3756076 0.7067272 -0.9815094 0 0.7067272 -0.9067964 0.3756076 0.7067272 -0.6940318 0.6940323 0.7067272 -0.375607 0.9067967 0.7067272 0.8608619 0.3565807 0.6440786 0.6588757 0.6588757 0.6440786 -0.8608618 0.3565808 0.6440786 -0.9317902 0 0.6440786 1.31535e-7 -0.9317902 0.6440786 0.3565807 -0.8608619 0.6440786 -0.3565805 -0.860862 0.6440786 0.9317902 0 0.6440786 -0.6588755 0.658876 0.6440786 0.8608619 -0.3565807 0.6440786 -0.3565803 0.8608621 0.6440786 -0.6588755 -0.658876 0.6440786 0.3565807 0.8608619 0.6440786 0 0.9317902 0.6440786 -0.8608618 -0.3565808 0.6440786 0.6588757 -0.6588757 0.6440786 -0.3755661 0.9066978 0.8145926 -0.6939561 0.6939566 0.8145926 -0.9066975 0.3755667 0.8145926 -0.9814026 0 0.8145926 -0.9066976 -0.3755667 0.8145926 -0.6939561 -0.6939566 0.8145926 -0.3755663 -0.9066977 0.8145926 1.34987e-7 -0.9814026 0.8145926 0.3755666 -0.9066976 0.8145926 0.6939563 -0.6939563 0.8145926 0.9066976 -0.3755666 0.8145926 0.9814026 0 0.8145926 0.9066976 0.3755665 0.8145926 0.6939563 0.6939563 0.8145926 0.3755665 0.9066976 0.8145926 0 0.9814026 0.8145926 0 0.9323624 0.8798632 0.3568 0.8613906 0.8798632 0.6592798 0.6592798 0.8798632 0.8613906 0.3568 0.8798632 0.9323624 0 0.8798632 0.8613906 -0.3568001 0.8798632 0.6592798 -0.6592798 0.8798632 0.3568001 -0.8613906 0.8798632 1.31582e-7 -0.9323624 0.8798632 -0.3567999 -0.8613907 0.8798632 -0.6592796 -0.65928 0.8798632 -0.8613906 -0.3568002 0.8798632 -0.9323624 0 0.8798632 -0.8613905 0.3568002 0.8798632 -0.6592796 0.65928 0.8798632 -0.3567997 0.8613908 0.8798632 0 0.9812818 1.112424 0.3755207 0.9065859 1.112424 0.6938709 0.6938709 1.112424 0.9065859 0.3755207 1.112424 0.9812818 0 1.112424 0.9065859 -0.3755208 1.112424 0.6938709 -0.6938709 1.112424 0.3755208 -0.9065859 1.112424 1.34987e-7 -0.9812818 1.112424 -0.3755205 -0.906586 1.112424 -0.6938707 -0.6938712 1.112424 -0.9065859 -0.3755209 1.112424 -0.9812817 0 1.112424 -0.9065858 0.3755209 1.112424 -0.6938707 0.6938712 1.112424 -0.3755203 0.9065861 1.112424 0.8611567 0.3567028 1.042914 0.6591009 0.6591009 1.042914 -0.8611567 0.3567029 1.042914 -0.9321089 0 1.042914 1.31535e-7 -0.9321088 1.042914 0.3567028 -0.8611567 1.042914 -0.3567026 -0.8611568 1.042914 0.9321088 0 1.042914 -0.6591007 0.6591011 1.042914 0.8611567 -0.3567028 1.042914 -0.3567023 0.8611569 1.042914 -0.6591007 -0.6591011 1.042914 0.3567028 0.8611567 1.042914 0 0.9321088 1.042914 -0.8611567 -0.3567029 1.042914 0.6591009 -0.6591009 1.042914 0.366124 0.8839017 0.261253 0.676509 0.676509 0.261253 0.8839017 0.366124 0.261253 0.9567282 0 0.261253 0.8839017 -0.366124 0.261253 0.676509 -0.676509 0.261253 0.366124 -0.8839017 0.261253 1.33332e-7 -0.9567282 0.261253 -0.3661238 -0.8839017 0.261253 -0.6765089 -0.6765093 0.261253 -0.8839016 -0.3661241 0.261253 -0.9567283 0 0.261253 -0.8839016 0.3661242 0.261253 -0.6765088 0.6765093 0.261253 -0.3661236 0.8839018 0.261253 0 0.9567282 0.261253 0.3662794 0.8842757 0.4850757 0.6767955 0.6767955 0.4850757 0.8842757 0.3662794 0.4850757 0.9571332 0 0.4850757 0.8842757 -0.3662794 0.4850757 0.6767955 -0.6767955 0.4850757 0.3662794 -0.8842757 0.4850757 1.3338e-7 -0.9571332 0.4850757 -0.3662792 -0.8842759 0.4850757 -0.6767953 -0.6767957 0.4850757 -0.8842757 -0.3662795 0.4850757 -0.9571332 0 0.4850757 -0.8842757 0.3662796 0.4850757 -0.6767953 0.6767957 0.4850757 -0.366279 0.884276 0.4850757 0 0.9571332 0.4850757 0.366124 0.8839004 0.6390174 0.6765084 0.6765084 0.6390174 0.8839004 0.366124 0.6390174 0.956727 0 0.6390174 0.8839004 -0.366124 0.6390174 0.6765084 -0.6765084 0.6390174 0.366124 -0.8839004 0.6390174 1.33332e-7 -0.956727 0.6390174 -0.3661238 -0.8839005 0.6390174 -0.6765083 -0.6765087 0.6390174 -0.8839004 -0.3661241 0.6390174 -0.9567271 0 0.6390174 -0.8839004 0.3661242 0.6390174 -0.6765082 0.6765087 0.6390174 -0.3661236 0.8839006 0.6390174 0 0.956727 0.6390174 0.366124 0.8839004 1.038521 0.6765084 0.6765084 1.038521 0.8839004 0.366124 1.038521 0.956727 0 1.038521 0.8839004 -0.366124 1.038521 0.6765084 -0.6765084 1.038521 0.366124 -0.8839004 1.038521 1.33332e-7 -0.956727 1.038521 -0.3661238 -0.8839005 1.038521 -0.6765083 -0.6765087 1.038521 -0.8839004 -0.3661241 1.038521 -0.9567271 0 1.038521 -0.8839004 0.3661242 1.038521 -0.6765082 0.6765087 1.038521 -0.3661236 0.8839006 1.038521 0 0.956727 1.038521 0.6767955 0.6767955 0.8845795 0.8842757 0.3662794 0.8845795 0.9571326 0 0.8845795 0.8842757 -0.3662794 0.8845795 0.6767955 -0.6767955 0.8845795 0.3662794 -0.8842757 0.8845795 1.3338e-7 -0.9571326 0.8845795 -0.3662792 -0.8842759 0.8845795 -0.6767953 -0.6767957 0.8845795 -0.8842757 -0.3662795 0.8845795 -0.9571326 0 0.8845795 -0.8842757 0.3662796 0.8845795 -0.6767953 0.6767957 0.8845795 -0.366279 0.884276 0.8845795 0 0.9571326 0.8845795 0.3662794 0.8842757 0.8845795 0 0.98 1.134632 0.37503 0.9054024 1.134632 0.6929651 0.6929651 1.134632 0.9054024 0.37503 1.134632 0.98 0 1.134632 0.9054024 -0.3750301 1.134632 0.6929651 -0.6929651 1.134632 0.37503 -0.9054024 1.134632 1.34987e-7 -0.98 1.134632 -0.3750298 -0.9054025 1.134632 -0.6929649 -0.6929653 1.134632 -0.9054024 -0.3750301 1.134632 -0.98 0 1.134632 -0.9054023 0.3750302 1.134632 -0.6929649 0.6929653 1.134632 -0.3750296 0.9054026 1.134632 0 0.9800006 1.404325 0.37503 0.9054024 1.404325 0.6929651 0.6929651 1.404325 0.9054024 0.37503 1.404325 0.98 0 1.404325 0.9054024 -0.3750301 1.404325 0.6929651 -0.6929651 1.404325 0.37503 -0.9054024 1.404325 1.34987e-7 -0.98 1.404325 -0.3750298 -0.9054025 1.404325 -0.6929649 -0.6929653 1.404325 -0.9054024 -0.3750301 1.404325 -0.98 0 1.404325 -0.9054023 0.3750302 1.404325 -0.6929649 0.6929653 1.404325 -0.3750296 0.9054026 1.404325 0 0.980376 1.418017 0.3751741 0.9057497 1.418017 0.6932306 0.6932306 1.418017 0.9057497 0.3751741 1.418017 0.980376 0 1.418017 0.9057497 -0.3751741 1.418017 0.6932306 -0.6932306 1.418017 0.3751741 -0.9057497 1.418017 1.34987e-7 -0.980376 1.418017 -0.3751739 -0.9057498 1.418017 -0.6932305 -0.6932309 1.418017 -0.9057497 -0.3751742 1.418017 -0.980376 0 1.418017 -0.9057496 0.3751742 1.418017 -0.6932304 0.6932309 1.418017 -0.3751736 0.9057499 1.418017 0 0.8898451 1.63832 0.3405295 0.8221101 1.63832 0.6292158 0.6292158 1.63832 0.8221101 0.3405295 1.63832 0.8898451 0 1.63832 0.6331658 0.6331658 1.890371 0.8954319 0 1.890371 -0.6331656 0.6331661 1.890371 -0.8272711 0.3426675 1.890371 -0.3405293 -0.8221096 1.63832 0.3426673 0.8272712 1.890371 -0.8221101 -0.3405296 1.63832 0 0.8954319 1.890371 -0.8221101 0.3405297 1.63832 -0.6292156 0.6292161 1.63832 -0.3426669 0.8272714 1.890371 1.27774e-7 -0.8954319 1.890371 -0.3426671 -0.8272713 1.890371 -0.6331657 -0.6331661 1.890371 0.8272712 0.3426673 1.890371 -0.8272712 -0.3426674 1.890371 0.8221101 -0.3405296 1.63832 0.6292158 -0.6292158 1.63832 0.3405295 -0.8221101 1.63832 1.27394e-7 -0.8898451 1.63832 -0.8954319 0 1.890371 -0.6292157 -0.6292161 1.63832 0.8272712 -0.3426674 1.890371 -0.889845 0 1.63832 0.3426673 -0.8272712 1.890371 0.6331658 -0.6331658 1.890371 -0.3405291 0.8221097 1.63832 0 0.9261665 1.694577 0.3544288 0.8556663 1.694577 0.6548987 0.6548987 1.694577 0.8556663 0.3544288 1.694577 0.9261665 0 1.694577 0.8556663 -0.354429 1.694577 0.6548987 -0.6548987 1.694577 0.3544288 -0.8556663 1.694577 1.29256e-7 -0.9261665 1.694577 -0.3544287 -0.8556664 1.694577 -0.6548985 -0.654899 1.694577 -0.8556663 -0.354429 1.694577 -0.9261664 0 1.694577 -0.8556662 0.354429 1.694577 -0.6548985 0.654899 1.694577 -0.3544284 0.8556665 1.694577 0 0.926164 1.810027 0.3544276 0.8556638 1.810027 0.6548969 0.6548969 1.810027 0.8556638 0.3544276 1.810027 0.926164 0 1.810027 0.8556638 -0.3544277 1.810027 0.6548969 -0.6548969 1.810027 0.3544276 -0.8556638 1.810027 1.29256e-7 -0.926164 1.810027 -0.3544275 -0.855664 1.810027 -0.6548967 -0.6548972 1.810027 -0.8556638 -0.3544278 1.810027 -0.926164 0 1.810027 -0.8556638 0.3544278 1.810027 -0.6548966 0.6548972 1.810027 -0.3544272 0.8556641 1.810027 -0.6334586 -0.633459 1.618135 -0.8958457 0 1.618135 0.6292415 0.6292415 1.868869 0.8276532 -0.3428255 1.618135 0.8898823 0 1.868869 0.6334588 -0.6334588 1.618135 0.3428254 -0.8276532 1.618135 -0.342825 0.8276535 1.618135 1.27774e-7 -0.8958458 1.618135 0 0.8958458 1.618135 0.3428254 0.8276532 1.618135 -0.6334586 0.633459 1.618135 -0.8276532 0.3428255 1.618135 -0.8221436 0.3405437 1.868869 -0.6292412 0.6292417 1.868869 0.8958458 0 1.618135 0 0.8907119 1.742847 0 0.8905464 1.754752 0.3407974 0.8227577 1.754752 0.3408609 0.8229103 1.742847 0.6297115 0.6297115 1.754752 0.6298287 0.6298287 1.742847 0.8227577 0.3407974 1.754752 0.8229103 0.3408609 1.742847 0.8905464 0 1.754752 0.8907119 0 1.742847 0.8227577 -0.3407976 1.754752 0.8229103 -0.340861 1.742847 0.6297115 -0.6297115 1.754752 0.6298287 -0.6298287 1.742847 0.3407975 -0.8227577 1.754752 0.340861 -0.8229103 1.742847 1.27394e-7 -0.8905464 1.754752 1.27394e-7 -0.8907119 1.742847 -0.3407973 -0.8227578 1.754752 -0.3408608 -0.8229104 1.742847 -0.6297113 -0.6297118 1.754752 -0.6298285 -0.6298289 1.742847 -0.8227577 -0.3407976 1.754752 -0.8229103 -0.3408611 1.742847 -0.8905463 0 1.754752 -0.8907118 0 1.742847 -0.8227577 0.3407976 1.754752 -0.8229103 0.3408611 1.742847 -0.6297113 0.6297118 1.754752 -0.6298285 0.6298289 1.742847 -0.3407971 0.822758 1.754752 -0.3408606 0.8229106 1.742847 0.8248537 0.3410038 3.881413 0.6391583 0 4.093582 0.5786869 -0.5786869 3.851242 -0.6891425 0 4.11942 -0.3110867 0.762008 3.896592 0.3410038 -0.8248537 3.881413 0.7620078 0.3110871 3.896592 0.6891424 0 4.11942 -0.6318243 0.6318247 3.847188 0.3110871 0.7620078 3.896592 -0.3410034 0.8248539 3.881413 -0.7620078 0.3110873 3.896592 -0.5786868 -0.5786871 3.851242 0 0.6891424 4.11942 -0.8248537 -0.3410038 3.881413 0.6318245 -0.6318245 3.847188 0 0.9805487 3.534674 0.37524 0.9059084 3.534674 0.6933527 0.6933527 3.534674 0.9059084 0.37524 3.534674 0.9805487 0 3.534674 0.9059084 -0.37524 3.534674 0.6933527 -0.6933527 3.534674 0.37524 -0.9059084 3.534674 1.34987e-7 -0.9805487 3.534674 -0.3752398 -0.9059085 3.534674 -0.6933525 -0.6933529 3.534674 -0.9059084 -0.3752401 3.534674 -0.9805487 0 3.534674 -0.9059083 0.3752402 3.534674 -0.6933525 0.6933529 3.534674 -0.3752396 0.9059086 3.534674 0 0.9328538 3.460211 0.356988 0.8618447 3.460211 0.6596277 0.6596277 3.460211 0.8618447 0.356988 3.460211 0.9328538 0 3.460211 0.8618447 -0.3569881 3.460211 0.6596277 -0.6596277 3.460211 0.3569881 -0.8618447 3.460211 1.31582e-7 -0.9328538 3.460211 -0.3569879 -0.8618448 3.460211 -0.6596275 -0.6596279 3.460211 -0.8618447 -0.3569882 3.460211 -0.9328538 0 3.460211 -0.8618446 0.3569882 3.460211 -0.6596274 0.6596279 3.460211 -0.3569877 0.8618449 3.460211 0 0.9816437 3.251922 0.3756586 0.9069204 3.251922 0.6941267 0.6941267 3.251922 0.9069204 0.3756586 3.251922 0.9816437 0 3.251922 0.9069204 -0.3756588 3.251922 0.6941267 -0.6941267 3.251922 0.3756587 -0.9069204 3.251922 1.34987e-7 -0.9816437 3.251922 -0.3756585 -0.9069205 3.251922 -0.6941265 -0.6941269 3.251922 -0.9069204 -0.3756588 3.251922 -0.9816437 0 3.251922 -0.9069203 0.3756588 3.251922 -0.6941264 0.6941269 3.251922 -0.3756582 0.9069206 3.251922 0.8607075 0.3565165 3.311101 0.6587573 0.6587573 3.311101 -0.8607074 0.3565167 3.311101 -0.9316231 0 3.311101 1.31535e-7 -0.931623 3.311101 0.3565166 -0.8607075 3.311101 -0.3565164 -0.8607075 3.311101 0.931623 0 3.311101 -0.658757 0.6587569 3.311101 0.8607075 -0.3565166 3.311101 -0.3565161 0.8607077 3.311101 -0.6587571 -0.6587569 3.311101 0.3565165 0.8607075 3.311101 0 0.931623 3.311101 -0.8607074 -0.3565167 3.311101 0.6587573 -0.6587573 3.311101 0 0.9571314 3.456463 -0.3662784 0.8842747 3.456463 -0.676794 0.6767945 3.456463 -0.8842744 0.366279 3.456463 -0.9571313 0 3.456463 -0.8842745 -0.3662789 3.456463 -0.6767941 -0.6767945 3.456463 -0.3662786 -0.8842746 3.456463 1.3338e-7 -0.9571314 3.456463 0.3662788 -0.8842745 3.456463 0.6767942 -0.6767942 3.456463 0.8842745 -0.3662788 3.456463 0.9571314 0 3.456463 0.8842745 0.3662788 3.456463 0.6767942 0.6767942 3.456463 0.3662788 0.8842745 3.456463 -0.3755661 0.9066978 3.162708 -0.6939561 0.6939566 3.162708 -0.9066975 0.3755667 3.162708 -0.9814026 0 3.162708 -0.9066976 -0.3755667 3.162708 -0.6939561 -0.6939566 3.162708 -0.3755663 -0.9066977 3.162708 1.34987e-7 -0.9814026 3.162708 0.3755666 -0.9066976 3.162708 0.6939563 -0.6939563 3.162708 0.9066976 -0.3755666 3.162708 0.9814026 0 3.162708 0.9066976 0.3755665 3.162708 0.6939563 0.6939563 3.162708 0.3755665 0.9066976 3.162708 0 0.9814026 3.162708 0 0.9323624 3.097437 0.3568 0.8613906 3.097437 0.6592798 0.6592798 3.097437 0.8613906 0.3568 3.097437 0.9323624 0 3.097437 0.8613906 -0.3568001 3.097437 0.6592798 -0.6592798 3.097437 0.3568001 -0.8613906 3.097437 1.31582e-7 -0.9323624 3.097437 -0.3567999 -0.8613907 3.097437 -0.6592796 -0.65928 3.097437 -0.8613906 -0.3568002 3.097437 -0.9323624 0 3.097437 -0.8613905 0.3568002 3.097437 -0.6592796 0.65928 3.097437 -0.3567997 0.8613908 3.097437 0 0.9815095 2.87107 0.3756074 0.9067965 2.87107 0.694032 0.694032 2.87107 0.9067965 0.3756074 2.87107 0.9815095 0 2.87107 0.9067965 -0.3756075 2.87107 0.694032 -0.694032 2.87107 0.3756074 -0.9067965 2.87107 1.34987e-7 -0.9815095 2.87107 -0.3756072 -0.9067966 2.87107 -0.6940318 -0.6940323 2.87107 -0.9067965 -0.3756076 2.87107 -0.9815094 0 2.87107 -0.9067964 0.3756076 2.87107 -0.6940318 0.6940323 2.87107 -0.375607 0.9067967 2.87107 0.8608619 0.3565807 2.933718 0.6588757 0.6588757 2.933718 -0.8608618 0.3565808 2.933718 -0.9317902 0 2.933718 1.31535e-7 -0.9317902 2.933718 0.3565807 -0.8608619 2.933718 -0.3565805 -0.860862 2.933718 0.9317902 0 2.933718 -0.6588755 0.658876 2.933718 0.8608619 -0.3565807 2.933718 -0.3565803 0.8608621 2.933718 -0.6588755 -0.658876 2.933718 0.3565807 0.8608619 2.933718 0 0.9317902 2.933718 -0.8608618 -0.3565808 2.933718 0.6588757 -0.6588757 2.933718 -0.3755661 0.9066978 2.763204 -0.6939561 0.6939566 2.763204 -0.9066975 0.3755667 2.763204 -0.9814026 0 2.763204 -0.9066976 -0.3755667 2.763204 -0.6939561 -0.6939566 2.763204 -0.3755663 -0.9066977 2.763204 1.34987e-7 -0.9814026 2.763204 0.3755666 -0.9066976 2.763204 0.6939563 -0.6939563 2.763204 0.9066976 -0.3755666 2.763204 0.9814026 0 2.763204 0.9066976 0.3755665 2.763204 0.6939563 0.6939563 2.763204 0.3755665 0.9066976 2.763204 0 0.9814026 2.763204 0 0.9323624 2.697933 0.3568 0.8613906 2.697933 0.6592798 0.6592798 2.697933 0.8613906 0.3568 2.697933 0.9323624 0 2.697933 0.8613906 -0.3568001 2.697933 0.6592798 -0.6592798 2.697933 0.3568001 -0.8613906 2.697933 1.31582e-7 -0.9323624 2.697933 -0.3567999 -0.8613907 2.697933 -0.6592796 -0.65928 2.697933 -0.8613906 -0.3568002 2.697933 -0.9323624 0 2.697933 -0.8613905 0.3568002 2.697933 -0.6592796 0.65928 2.697933 -0.3567997 0.8613908 2.697933 0 0.9812818 2.465373 0.3755207 0.9065859 2.465373 0.6938709 0.6938709 2.465373 0.9065859 0.3755207 2.465373 0.9812818 0 2.465373 0.9065859 -0.3755208 2.465373 0.6938709 -0.6938709 2.465373 0.3755208 -0.9065859 2.465373 1.34987e-7 -0.9812818 2.465373 -0.3755205 -0.906586 2.465373 -0.6938707 -0.6938712 2.465373 -0.9065859 -0.3755209 2.465373 -0.9812817 0 2.465373 -0.9065858 0.3755209 2.465373 -0.6938707 0.6938712 2.465373 -0.3755203 0.9065861 2.465373 0.8611567 0.3567028 2.534883 0.6591009 0.6591009 2.534883 -0.8611567 0.3567029 2.534883 -0.9321089 0 2.534883 1.31535e-7 -0.9321088 2.534883 0.3567028 -0.8611567 2.534883 -0.3567026 -0.8611568 2.534883 0.9321088 0 2.534883 -0.6591007 0.6591011 2.534883 0.8611567 -0.3567028 2.534883 -0.3567023 0.8611569 2.534883 -0.6591007 -0.6591011 2.534883 0.3567028 0.8611567 2.534883 0 0.9321088 2.534883 -0.8611567 -0.3567029 2.534883 0.6591009 -0.6591009 2.534883 0.366124 0.8839017 3.316544 0.676509 0.676509 3.316544 0.8839017 0.366124 3.316544 0.9567282 0 3.316544 0.8839017 -0.366124 3.316544 0.676509 -0.676509 3.316544 0.366124 -0.8839017 3.316544 1.33332e-7 -0.9567282 3.316544 -0.3661238 -0.8839017 3.316544 -0.6765089 -0.6765093 3.316544 -0.8839016 -0.3661241 3.316544 -0.9567283 0 3.316544 -0.8839016 0.3661242 3.316544 -0.6765088 0.6765093 3.316544 -0.3661236 0.8839018 3.316544 0 0.9567282 3.316544 0.3662794 0.8842757 3.092721 0.6767955 0.6767955 3.092721 0.8842757 0.3662794 3.092721 0.9571332 0 3.092721 0.8842757 -0.3662794 3.092721 0.6767955 -0.6767955 3.092721 0.3662794 -0.8842757 3.092721 1.3338e-7 -0.9571332 3.092721 -0.3662792 -0.8842759 3.092721 -0.6767953 -0.6767957 3.092721 -0.8842757 -0.3662795 3.092721 -0.9571332 0 3.092721 -0.8842757 0.3662796 3.092721 -0.6767953 0.6767957 3.092721 -0.366279 0.884276 3.092721 0 0.9571332 3.092721 0.366124 0.8839004 2.938779 0.6765084 0.6765084 2.938779 0.8839004 0.366124 2.938779 0.956727 0 2.938779 0.8839004 -0.366124 2.938779 0.6765084 -0.6765084 2.938779 0.366124 -0.8839004 2.938779 1.33332e-7 -0.956727 2.938779 -0.3661238 -0.8839005 2.938779 -0.6765083 -0.6765087 2.938779 -0.8839004 -0.3661241 2.938779 -0.9567271 0 2.938779 -0.8839004 0.3661242 2.938779 -0.6765082 0.6765087 2.938779 -0.3661236 0.8839006 2.938779 0 0.956727 2.938779 0.366124 0.8839004 2.539276 0.6765084 0.6765084 2.539276 0.8839004 0.366124 2.539276 0.956727 0 2.539276 0.8839004 -0.366124 2.539276 0.6765084 -0.6765084 2.539276 0.366124 -0.8839004 2.539276 1.33332e-7 -0.956727 2.539276 -0.3661238 -0.8839005 2.539276 -0.6765083 -0.6765087 2.539276 -0.8839004 -0.3661241 2.539276 -0.9567271 0 2.539276 -0.8839004 0.3661242 2.539276 -0.6765082 0.6765087 2.539276 -0.3661236 0.8839006 2.539276 0 0.956727 2.539276 0.6767955 0.6767955 2.693217 0.8842757 0.3662794 2.693217 0.9571332 0 2.693217 0.8842757 -0.3662794 2.693217 0.6767955 -0.6767955 2.693217 0.3662794 -0.8842757 2.693217 1.3338e-7 -0.9571332 2.693217 -0.3662792 -0.8842759 2.693217 -0.6767953 -0.6767957 2.693217 -0.8842757 -0.3662795 2.693217 -0.9571332 0 2.693217 -0.8842757 0.3662796 2.693217 -0.6767953 0.6767957 2.693217 -0.366279 0.884276 2.693217 0 0.9571332 2.693217 0.3662794 0.8842757 2.693217 0 0.9800006 2.443164 0.37503 0.9054024 2.443164 0.6929651 0.6929651 2.443164 0.9054024 0.37503 2.443164 0.98 0 2.443164 0.9054024 -0.3750301 2.443164 0.6929651 -0.6929651 2.443164 0.37503 -0.9054024 2.443164 1.34987e-7 -0.98 2.443164 -0.3750298 -0.9054025 2.443164 -0.6929649 -0.6929653 2.443164 -0.9054024 -0.3750301 2.443164 -0.98 0 2.443164 -0.9054023 0.3750302 2.443164 -0.6929649 0.6929653 2.443164 -0.3750296 0.9054026 2.443164 0 0.98 2.143239 0.37503 0.9054024 2.143239 0.6929651 0.6929651 2.143239 0.9054024 0.37503 2.143239 0.98 0 2.143239 0.9054024 -0.3750301 2.143239 0.6929651 -0.6929651 2.143239 0.37503 -0.9054024 2.143239 1.34987e-7 -0.98 2.143239 -0.3750298 -0.9054025 2.143239 -0.6929649 -0.6929653 2.143239 -0.9054024 -0.3750301 2.143239 -0.9800006 0 2.143239 -0.9054023 0.3750302 2.143239 -0.6929649 0.6929653 2.143239 -0.3750296 0.9054026 2.143239 0 0.9802777 2.129007 0.3751362 0.9056587 2.129007 0.693161 0.693161 2.129007 0.9056587 0.3751362 2.129007 0.9802777 0 2.129007 0.9056587 -0.3751363 2.129007 0.693161 -0.693161 2.129007 0.3751362 -0.9056587 2.129007 1.34987e-7 -0.9802777 2.129007 -0.375136 -0.9056589 2.129007 -0.6931608 -0.6931613 2.129007 -0.9056587 -0.3751363 2.129007 -0.9802777 0 2.129007 -0.9056587 0.3751364 2.129007 -0.6931608 0.6931613 2.129007 -0.3751358 0.905659 2.129007 0 0.8898823 1.868869 -0.3405432 0.8221439 1.868869 -0.8276532 -0.3428255 1.618135 0.6334588 0.6334588 1.618135 -0.8898823 0 1.868869 -0.8221437 -0.3405437 1.868869 -0.6292413 -0.6292417 1.868869 -0.3405434 -0.8221438 1.868869 1.27394e-7 -0.8898823 1.868869 0.3405436 -0.8221437 1.868869 0.6292415 -0.6292415 1.868869 0.8221437 -0.3405436 1.868869 0.8276532 0.3428254 1.618135 0.8221437 0.3405435 1.868869 -0.3428252 -0.8276534 1.618135 0.3405435 0.8221437 1.868869 0 0 -1.000848 0.7620078 -0.3110872 3.896592 0 -0.6754348 4.147274 1.33012e-7 -0.9584941 -0.1914656 0.6639051 -0.6639051 3.854708 0.6754348 0 4.147274 -0.6777571 0.6777576 -0.1914656 0.8855218 -0.3667953 -0.1913998 -0.6639049 0.6639054 3.854708 -0.6777572 -0.6777576 -0.1914656 0.3667952 0.8855218 -0.1913998 -0.7800161 -0.3305943 4.00481 0.6777573 -0.6777573 -0.1914656 0.6777573 0.6777573 -0.1914656 -0.6754349 0 4.147274 0.3667952 -0.8855218 -0.1913998 0 0.6754348 4.147274 0.4014512 0.1662867 4.453132 0.3072575 0.3072575 4.453132 -0.4014511 0.1662868 4.453132 -0.4345275 0 4.453132 0 -0.4345275 4.453132 0.1662868 -0.4014512 4.453132 -0.1662866 -0.4014512 4.453132 0.4345275 0 4.453132 -0.3072574 0.3072576 4.453132 0.4014512 -0.1662867 4.453132 -0.1662865 0.4014512 4.453132 -0.3072574 -0.3072576 4.453132 0.1662868 0.4014512 4.453132 0 0.4345275 4.453132 -0.4014511 -0.1662868 4.453132 0.3072575 -0.3072575 4.453132 0.6755487 0.6755487 3.652836 -0.9559211 0 3.650665 0.3660208 -0.8827552 3.651698 0 0.9559211 3.650665 0.8827552 0.3660208 3.651698 -0.8827552 0.3660209 3.651698 1.33261e-7 -0.9559211 3.650665 -0.3660206 -0.8827553 3.651698 0.9559211 0 3.650665 -0.6755484 0.6755489 3.652836 0.8827552 -0.3660209 3.651698 -0.3660204 0.8827554 3.651698 -0.6755485 -0.6755489 3.652836 0.3660208 0.8827552 3.651698 -0.8827552 -0.3660209 3.651698 0.6755487 -0.6755487 3.652836 0 -0.4450844 4.431547 0.1705359 -0.411221 4.431411 0.1705359 0.411221 4.431411 0 0.4450844 4.431547 -0.4112215 0.1705359 4.431411 -0.4450845 0 4.431547 -0.3148227 -0.3148229 4.431343 -0.1705357 -0.411221 4.431411 -0.4112215 -0.1705359 4.431411 0.411221 0.1705358 4.431412 0.3148228 0.3148228 4.431343 -0.1705356 0.411221 4.431412 -0.3148227 0.3148229 4.431343 0.411221 -0.1705359 4.431412 0.4450844 0 4.431547 0.3148228 -0.3148228 4.431343 0 -0.6070733 4.236655 0.2752853 0.6633643 4.132338 -0.6633642 0.2752853 4.132338 -0.5077647 -0.507765 4.132476 0.6633643 0.2752852 4.132338 -0.2752849 0.6633644 4.132338 0.6633643 -0.2752853 4.132338 0.2752853 -0.6633643 4.132338 0 0.6070733 4.236655 -0.6070733 0 4.236655 -0.2752851 -0.6633643 4.132338 -0.6633642 -0.2752853 4.132338 0.5077649 0.5077649 4.132476 -0.5077646 0.507765 4.132476 0.6070733 0 4.236655 0.5077649 -0.5077649 4.132476 0.3305942 -0.7800163 4.00481 -0.8248537 0.3410039 3.881413 0 -0.6891424 4.11942 -0.3410036 -0.8248538 3.881413 -0.3305938 0.7800164 4.00481 0.7800163 0.3305941 4.00481 0.8248537 -0.3410038 3.881413 0.3305942 0.7800163 4.00481 -0.6318243 -0.6318247 3.847188 0.3410038 0.8248537 3.881413 -0.7800161 0.3305943 4.00481 -0.663905 -0.6639054 3.854708 0.6318245 0.6318245 3.847188 0.7800163 -0.3305942 4.00481 -0.330594 -0.7800163 4.00481 0.6639051 0.6639051 3.854708 0 0.5642597 4.503886 0 0.5642597 4.482572 -0.2159329 0.5213081 4.482572 -0.2159329 0.5213081 4.503886 0.2159333 -0.521308 4.503886 0.2159333 -0.521308 4.482572 0.3989918 -0.3989917 4.482572 0.3989918 -0.3989917 4.503886 0.3989918 0.3989917 4.503886 0.3989918 0.3989917 4.482572 0.2159333 0.521308 4.482572 0.2159333 0.521308 4.503886 -0.5642597 0 4.503886 -0.5642597 0 4.482572 -0.5213078 -0.2159333 4.482572 -0.5213078 -0.2159333 4.503886 0.4009153 0.1660646 4.907167 0.3068474 0.3068473 4.907167 -0.4009152 0.1660646 4.907167 -0.433947 0 4.907167 0 -0.433947 4.907167 0.1660646 -0.4009153 4.907167 -0.1660645 -0.4009153 4.907167 0.433947 0 4.907167 -0.3068472 0.3068475 4.907167 0.4009153 -0.1660646 4.907167 -0.1660643 0.4009153 4.907167 -0.3068473 -0.3068475 4.907167 0.1660646 0.4009153 4.907167 0 0.4339476 4.907167 -0.4009152 -0.1660646 4.907167 0.3068474 -0.3068473 4.907167 -0.654147 0.6541475 3.844345 0.8304312 0 3.864955 0.8544164 0.3552367 3.780502 0 0.8304312 3.864955 0.3552367 -0.8544164 3.780502 -0.8304312 0 3.864955 0.6541472 0.6541472 3.844345 -0.8544164 0.3552368 3.780502 0 -0.8304312 3.864955 -0.3552365 -0.8544165 3.780502 0.8544164 -0.3552367 3.780502 -0.654147 -0.6541475 3.844345 0.3552367 0.8544164 3.780502 -0.3552362 0.8544166 3.780502 -0.8544164 -0.3552368 3.780502 0.6541472 -0.6541472 3.844345 0.401948 -0.1664924 4.879878 0.4350653 0 4.879878 0.1664925 -0.401948 4.879878 0.3076378 -0.3076378 4.879878 -0.3076376 0.3076379 4.879878 -0.4019479 0.1664925 4.879878 0 0.4350652 4.879878 -0.1664922 0.401948 4.879878 0.401948 0.1664924 4.879878 -0.1664923 -0.401948 4.879878 0 -0.4350652 4.879878 -0.4019479 -0.1664925 4.879878 -0.3076377 -0.3076379 4.879878 0.1664925 0.401948 4.879878 -0.4350652 0 4.879878 0.3076378 0.3076378 4.879878 0.4009153 -0.1660646 4.774116 0.4009153 -0.1660646 4.661761 0.401948 -0.1664924 4.555999 0.1660646 -0.4009153 4.774116 0.1660646 -0.4009153 4.661761 0.1664925 -0.401948 4.555999 -0.3068472 0.3068475 4.774116 -0.3068472 0.3068475 4.661761 -0.3076376 0.3076379 4.555999 0 0.4339476 4.774116 0 0.433947 4.661761 0 0.4350652 4.555999 -0.1660645 -0.4009153 4.774116 -0.1660645 -0.4009153 4.661761 -0.1664923 -0.401948 4.555999 -0.4009152 -0.1660646 4.774116 -0.4009152 -0.1660646 4.661761 -0.4019479 -0.1664925 4.555999 0.1660646 0.4009153 4.774116 0.1660646 0.4009153 4.661761 0.1664925 0.401948 4.555999 0.4350653 0 4.555999 0.4339477 0 4.661761 0.433947 0 4.774116 0.3076378 -0.3076378 4.555999 0.3068474 -0.3068473 4.661761 0.3068474 -0.3068473 4.774116 -0.4019479 0.1664925 4.555999 -0.4009152 0.1660646 4.661761 -0.4009152 0.1660646 4.774116 -0.1664922 0.401948 4.555999 -0.1660643 0.4009153 4.661761 -0.1660643 0.4009153 4.774116 0.401948 0.1664924 4.555999 0.4009153 0.1660646 4.661761 0.4009153 0.1660646 4.774116 0 -0.4350652 4.555999 0 -0.433947 4.661761 0 -0.433947 4.774116 -0.3076377 -0.3076379 4.555999 -0.3068473 -0.3068475 4.661761 -0.3068473 -0.3068475 4.774116 -0.4350652 0 4.555999 -0.4339476 0 4.661761 -0.433947 0 4.774116 0.3076378 0.3076378 4.555999 0.3068474 0.3068473 4.661761 0.3068474 0.3068473 4.774116 0.4398975 -0.1822115 4.825592 0.4398975 -0.1822115 4.834995 0.4398975 -0.1822115 4.713237 0.4398975 -0.1822115 4.72264 0.4398975 -0.1822115 4.600882 0.4398975 -0.1822115 4.610285 0.1822116 -0.4398975 4.825592 0.1822116 -0.4398975 4.834995 0.1822116 -0.4398975 4.713237 0.1822116 -0.4398975 4.72264 0.1822116 -0.4398975 4.600882 0.1822116 -0.4398975 4.610285 -0.3366826 0.3366829 4.825591 -0.3366826 0.3366829 4.834995 -0.3366826 0.3366829 4.713237 -0.3366826 0.3366829 4.72264 -0.3366826 0.3366829 4.600882 -0.3366826 0.3366829 4.610285 0 0.4761413 4.825592 0 0.4761413 4.834995 0 0.4761413 4.713237 0 0.4761413 4.72264 0 0.4761413 4.600882 0 0.4761413 4.610285 -0.1822114 -0.4398975 4.825592 -0.1822114 -0.4398975 4.834995 -0.1822114 -0.4398975 4.713237 -0.1822113 -0.4398975 4.72264 -0.1822114 -0.4398975 4.600882 -0.1822114 -0.4398975 4.610285 -0.4398974 -0.1822116 4.825592 -0.4398974 -0.1822116 4.834995 -0.4398974 -0.1822116 4.713237 -0.4398974 -0.1822116 4.72264 -0.4398974 -0.1822116 4.600882 -0.4398974 -0.1822116 4.610285 0.1822116 0.4398975 4.825592 0.1822116 0.4398975 4.834995 0.1822116 0.4398975 4.713237 0.1822116 0.4398975 4.72264 0.1822116 0.4398975 4.600882 0.1822116 0.4398975 4.610285 0.4761414 0 4.610285 0.4761414 0 4.600882 0.4761414 0 4.72264 0.4761414 0 4.713236 0.4761414 0 4.834995 0.4761414 0 4.825592 0.3366828 -0.3366827 4.610285 0.3366828 -0.3366827 4.600882 0.3366828 -0.3366827 4.72264 0.3366828 -0.3366827 4.713236 0.3366828 -0.3366827 4.834995 0.3366828 -0.3366827 4.825592 -0.4398974 0.1822116 4.610285 -0.4398974 0.1822116 4.600882 -0.4398974 0.1822116 4.72264 -0.4398974 0.1822116 4.713236 -0.4398974 0.1822116 4.834995 -0.4398974 0.1822116 4.825592 -0.1822112 0.4398975 4.610285 -0.1822112 0.4398975 4.600882 -0.1822112 0.4398975 4.72264 -0.1822112 0.4398975 4.713236 -0.1822112 0.4398975 4.834995 -0.1822112 0.4398975 4.825592 0.4398975 0.1822115 4.610285 0.4398975 0.1822115 4.600882 0.4398975 0.1822115 4.72264 0.4398975 0.1822115 4.713236 0.4398975 0.1822115 4.834995 0.4398975 0.1822115 4.825592 0 -0.4761413 4.610285 0 -0.4761413 4.600882 0 -0.4761413 4.72264 0 -0.4761413 4.713236 0 -0.4761413 4.834995 0 -0.4761413 4.825592 -0.3366826 -0.3366829 4.610285 -0.3366827 -0.3366829 4.600882 -0.3366827 -0.3366829 4.72264 -0.3366827 -0.3366829 4.713236 -0.3366826 -0.3366829 4.834994 -0.3366827 -0.3366829 4.825592 -0.4761414 0 4.610285 -0.4761414 0 4.600882 -0.4761414 0 4.72264 -0.4761414 0 4.713236 -0.4761414 0 4.834995 -0.4761414 0 4.825592 0.3366828 0.3366827 4.610285 0.3366828 0.3366827 4.600882 0.3366828 0.3366827 4.72264 0.3366828 0.3366827 4.713236 0.3366828 0.3366827 4.834995 0.3366828 0.3366827 4.825592 0.4072503 0.1686885 4.505647 0.4072503 0.1686885 4.480811 0.3116962 0.3116961 4.480811 0.3116962 0.3116961 4.505647 -0.4072502 0.1686886 4.505647 -0.4072502 0.1686886 4.480811 -0.4408046 0 4.480811 -0.4408046 0 4.505647 0 -0.4408045 4.505647 0 -0.4408045 4.480811 0.1686886 -0.4072503 4.480811 0.1686886 -0.4072503 4.505647 -0.1686884 -0.4072503 4.505647 -0.1686884 -0.4072503 4.480811 0.4408046 0 4.505647 0.4408046 0 4.480811 -0.311696 0.3116962 4.505647 -0.311696 0.3116962 4.480811 0.4072503 -0.1686885 4.505647 0.4072503 -0.1686885 4.480811 -0.1686883 0.4072504 4.505647 -0.1686883 0.4072504 4.480811 -0.3116961 -0.3116962 4.505647 -0.3116961 -0.3116962 4.480811 0.1686886 0.4072503 4.505647 0.1686886 0.4072503 4.480811 0 0.4408045 4.480811 0 0.4408045 4.505647 -0.4072502 -0.1686885 4.505647 -0.4072502 -0.1686885 4.480811 0.3116962 -0.3116961 4.505647 0.3116962 -0.3116961 4.480811 0.5213081 -0.2159332 4.503886 0.5213081 -0.2159332 4.482572 -0.3989917 -0.3989918 4.503886 -0.3989917 -0.3989918 4.482572 -0.2159331 -0.521308 4.503886 -0.2159331 -0.521308 4.482572 -0.3989916 0.3989918 4.503886 -0.3989916 0.3989918 4.482572 0.5642598 0 4.503886 0.5642598 0 4.482572 -0.5213078 0.2159333 4.503886 -0.5213078 0.2159333 4.482572 0.5213081 0.2159332 4.503886 0.5213081 0.2159332 4.482572 0 -0.5642597 4.503886 0 -0.5642597 4.482572</float_array>
          <technique_common>
            <accessor source="#Cylinder-mesh-positions-array" count="2834" stride="3">
              <param name="X" type="float"/>
              <param name="Y" type="float"/>
              <param name="Z" type="float"/>
            </accessor>
          </technique_common>
        </source>
        <source id="Cylinder-mesh-normals">
          <float_array id="Cylinder-mesh-normals-array" count="8490">1.36155e-7 0.9841508 0.177334 0.492735 0.8697891 -0.02605879 -0.3767955 0.9096654 0.1747399 0.8697893 0.4927349 -0.02605873 0.9841508 0 0.1773337 0.9096654 -0.3767958 0.1747394 0.6958997 0.6958998 0.1773336 0.96345 0.2666181 -0.02605873 0.3767958 0.9096655 0.1747388 0.9634499 -0.2666184 -0.02605867 0.6958998 -0.6958997 0.1773334 0.3767958 -0.9096655 0.174739 0.8697893 -0.4927349 -0.02605879 0.9096654 0.3767958 0.1747395 0.492735 -0.8697892 -0.02605861 1.43582e-7 -0.9841509 0.1773337 -0.3767956 -0.9096655 0.1747396 0.266618 -0.96345 -0.02605879 -0.2666175 -0.9634501 -0.02605897 -0.6958997 -0.6958999 0.1773332 -0.9096654 -0.3767959 0.1747398 -0.4927348 -0.8697893 -0.02605867 -0.8697893 -0.4927349 -0.02605879 -0.9841508 0 0.1773337 -0.9096653 0.376796 0.1747394 -0.9634497 -0.2666187 -0.02605879 -0.9634497 0.2666189 -0.02605879 -0.6958995 0.6959 0.1773335 -0.8697892 0.492735 -0.02605885 -0.2666168 0.9634504 -0.02605891 0.2666181 0.96345 -0.02605903 0.7006779 -0.07594799 -0.709424 -0.02343994 -0.05658906 -0.9981225 0.2053685 0.4958035 -0.8438026 -0.2053683 -0.4958031 -0.8438028 -0.978829 -0.1402815 -0.1490467 -0.7006781 0.07594799 -0.7094238 -0.2053683 0.4958033 -0.8438028 0.5929431 0.7913303 -0.1490467 0.5491575 0.4417505 -0.7094242 -0.4417508 0.5491574 -0.709424 0.05658912 0.02343994 -0.9981225 -0.4958032 -0.2053685 -0.8438028 0.2053686 -0.4958033 -0.8438026 -0.5929428 -0.7913305 -0.1490466 -0.5491573 -0.4417508 -0.7094241 0.02343988 0.05658912 -0.9981225 -0.5929429 0.7913304 -0.1490465 -0.5491575 0.441751 -0.7094238 0.4958032 -0.2053685 -0.8438027 0.140281 -0.9788292 -0.1490464 -0.07594746 -0.7006782 -0.7094237 -0.02343988 0.056589 -0.9981225 -0.4659186 0.5417494 -0.6995909 0.01231747 0.02973634 -0.9994819 0.4958033 0.2053684 -0.8438026 0.7913304 -0.592943 -0.1490465 0.4417511 -0.5491573 -0.7094239 -0.05658906 0.02343994 -0.9981225 -0.4958034 0.2053686 -0.8438026 -0.1402809 0.9788292 -0.1490468 0.07594853 0.7006779 -0.709424 -0.056589 -0.02343994 -0.9981224 -0.7913303 0.592943 -0.1490465 0.05658906 -0.02343994 -0.9981224 0.02343988 -0.05658912 -0.9981225 -0.7006784 -0.07594746 -0.7094237 -0.7125285 0.05362248 -0.6995912 -0.978829 0.1402815 -0.1490467 -0.4417507 -0.5491573 -0.7094241 -0.5417506 -0.4659152 -0.6995924 -0.7913305 -0.5929429 -0.1490465 0.07594817 -0.7006779 -0.7094241 -0.05362004 -0.7125285 -0.6995914 -0.1402805 -0.9788292 -0.1490468 0.5491574 -0.4417507 -0.709424 0.4659186 -0.5417492 -0.6995911 0.5929431 -0.7913305 -0.1490464 0.7006778 0.07594799 -0.7094241 0.7125261 -0.0536285 -0.6995931 0.9788291 -0.1402806 -0.1490467 0.4417513 0.5491572 -0.709424 0.541752 0.4659137 -0.6995922 0.7913305 0.592943 -0.1490465 -0.0759477 0.7006781 -0.709424 0.0536248 0.7125276 -0.699592 0.1402813 0.978829 -0.1490465 0.9788292 0.1402807 -0.1490467 0.3826007 0.9236797 0.02079451 0.3765996 0.9091919 -0.1776037 -0.9236796 0.3826011 0.02079463 -0.9091918 0.3765999 -0.1776034 -0.492735 0.8697892 -0.02605867 -0.9236797 -0.382601 0.02079463 -0.9091918 -0.3765998 -0.1776036 -0.3826006 0.9236799 0.02079463 -0.3765993 0.9091919 -0.1776036 -0.3826006 -0.9236799 0.02079474 -0.3765995 -0.909192 -0.1776034 0.3826008 -0.9236798 0.02079451 0.3765997 -0.9091919 -0.1776033 0.9236798 -0.3826009 0.02079457 0.9091919 -0.3765997 -0.1776036 0.9236797 0.3826008 0.02079463 0.9091919 0.3765996 -0.1776034 -0.4674115 0.4674099 -0.7503696 6.08106e-7 -4.8104e-7 -1 -0.02973616 0.01231712 -0.9994819 -0.02973622 -0.01231724 -0.9994819 0 0.661018 -0.7503701 2.42709e-7 -6.80293e-7 -1 -0.01231855 0.02973634 -0.9994819 0.02973628 0.01231712 -0.9994819 0 -0.6610187 -0.7503694 -3.74201e-7 6.80293e-7 -1 0.01231801 -0.02973628 -0.9994819 0.02973645 -0.01231729 -0.9994819 0.4674111 0.4674108 -0.7503693 -7.78234e-7 -4.8104e-7 -1 -0.4674108 -0.4674111 -0.7503693 3.96397e-7 4.8104e-7 -1 -0.01231795 -0.02973628 -0.9994819 0.6610195 -7.86202e-7 -0.7503688 -4.57526e-7 0 -1 -0.6610165 0 -0.7503715 4.57526e-7 0 -1 0.467411 -0.4674099 -0.7503699 -6.77099e-7 4.8104e-7 -1 0.5668527 0.4834242 -0.6670675 -0.5668528 0.4834242 -0.6670675 1.40522e-7 0.9942756 0.1068463 0.7426576 -0.05899083 -0.6670681 -0.05899381 0.7426586 -0.6670668 0.7030573 0.7030604 0.1068482 0.483425 -0.5668527 -0.6670671 0.4834249 0.5668526 -0.6670672 0.9942754 -1.45861e-6 0.1068486 -0.05899012 -0.7426585 -0.6670672 0.742659 0.05899292 -0.6670663 0.7030583 -0.7030594 0.1068483 -0.5668531 -0.4834246 -0.667067 0.5668531 -0.4834245 -0.667067 2.05162e-7 -0.9942755 0.1068465 -0.7426587 0.05899417 -0.6670666 0.05899107 -0.7426589 -0.6670665 -0.7030596 -0.7030577 0.1068512 -0.4834253 0.5668523 -0.6670672 -0.483425 -0.5668522 -0.6670674 -0.9942752 0 0.1068497 0.05899053 0.7426587 -0.6670668 -0.742659 -0.05899322 -0.6670663 -0.70306 0.7030574 0.1068509 0.6873911 0.7235181 -0.06336647 0 0.9759342 -0.2180658 0 0 -1 -0.7235181 0.6873909 -0.06336581 -0.975934 0 -0.218066 -0.4928496 0.7505184 -0.4402515 0.9861854 -0.07561826 -0.147378 -0.07561939 0.9861854 -0.1473776 0.1821988 0.8791937 -0.4402526 0.6438678 -0.7508091 -0.1473777 0.6438679 0.7508089 -0.1473778 0.7505162 0.4928508 -0.4402538 -0.07561916 -0.9861854 -0.1473775 0.9861854 0.0756191 -0.147378 0.8791937 -0.1821985 -0.4402525 -0.750809 -0.6438677 -0.1473778 0.7508091 -0.6438678 -0.1473779 0.07562035 -0.9861852 -0.1473783 -0.7505185 0.4928513 -0.4402497 -0.9861854 0.07561743 -0.1473785 -0.1821986 -0.8791936 -0.4402526 -0.6438677 0.7508091 -0.1473779 -0.6438677 -0.750809 -0.1473779 -0.7505191 -0.4928507 -0.4402493 0.07561939 0.9861852 -0.1473786 -0.9861853 -0.07561886 -0.1473786 0.7505161 -0.4928506 -0.4402544 -0.8791936 -0.1821989 -0.4402525 0.8791936 0.182199 -0.4402524 -0.1821986 0.8791936 -0.4402525 -0.49285 -0.7505178 -0.4402523 0.4928495 -0.7505172 -0.4402539 0.1821988 -0.8791936 -0.4402527 0.4928526 0.750516 -0.4402525 0.750809 0.6438677 -0.1473777 -0.8791937 0.1821987 -0.4402524 0.9976633 0.02554756 -0.06336629 0.02554374 0.9976634 -0.06336599 0.7235181 -0.687391 -0.06336599 0.7235181 0.687391 -0.06336599 0.02554541 -0.9976634 -0.06336629 0.9976633 -0.02554613 -0.06336641 -0.6873911 -0.7235181 -0.06336599 0.6873911 -0.723518 -0.06336599 -0.9976634 -0.02554506 -0.06336611 -0.02554672 -0.9976633 -0.06336623 -0.7235181 -0.687391 -0.06336581 -0.02554607 0.9976634 -0.06336647 -0.9976634 0.02554595 -0.06336629 -0.750809 0.6438679 -0.1473779 0.4659181 0.5417488 -0.6995917 0.7125253 0.05362915 -0.699594 0.5417519 -0.4659138 -0.6995922 0.05362576 -0.7125272 -0.6995922 -0.4659185 -0.5417494 -0.699591 -0.7125291 -0.05361932 -0.6995908 -0.5417508 0.4659151 -0.6995923 -0.05361711 0.7125296 -0.6995905 0.6900896 0.6900896 -0.2180659 0.9759341 0 -0.2180659 0.6900895 -0.6900898 -0.2180653 -0.6900885 0.6900907 -0.2180657 -0.6900892 -0.6900902 -0.2180653 -0.6873911 0.723518 -0.06336653 0.6770337 0.6770335 -0.2885328 0.8479682 0.35124 -0.396964 0.884587 0.3664079 -0.2885326 -0.9574702 0 -0.2885321 -0.8479682 0.35124 -0.396964 -0.8845871 0.366408 -0.2885324 0.366408 -0.884587 -0.2885327 2.44143e-7 -0.9178342 -0.396964 2.93033e-7 -0.9574701 -0.2885325 -0.3512396 -0.8479681 -0.3969646 -0.3664078 -0.8845869 -0.288533 0.9574702 0 -0.2885325 0.9178342 0 -0.3969641 -0.6490066 0.6490071 -0.3969638 -0.6770334 0.6770339 -0.2885324 0.8845871 -0.366408 -0.2885326 0.8479681 -0.35124 -0.3969641 -0.3512397 0.8479682 -0.3969641 -0.3664076 0.8845872 -0.2885324 -0.6490067 -0.649007 -0.396964 -0.6770334 -0.6770338 -0.2885327 0 0.9574701 -0.2885326 0.35124 0.8479685 -0.3969634 0.3664079 0.8845871 -0.2885327 -0.884587 -0.3664081 -0.2885325 -0.8479682 -0.35124 -0.3969641 0.6770336 -0.6770337 -0.2885324 0.6490069 -0.6490069 -0.3969637 0 0.9178341 -0.3969644 0.3512401 -0.8479683 -0.3969637 0.6490069 0.6490067 -0.3969641 -0.9178344 0 -0.3969638 -0.3558502 0.8590988 0.3678588 0 0.917834 -0.3969644 -0.3512396 0.8479683 -0.3969641 -0.9457848 0 0.3247942 0.8737912 -0.3619362 0.3247941 -0.8737911 0.3619363 0.3247941 0.6687709 -0.668771 0.3247936 -0.6687707 0.668771 0.3247939 0.3619362 -0.8737913 0.324794 -0.361936 0.8737913 0.324794 2.34459e-7 -0.9457848 0.3247942 0.3619363 0.8737915 0.3247935 0 0.9457846 0.3247947 -0.3619359 -0.8737913 0.3247941 0.6687709 0.6687709 0.3247939 -0.6687707 -0.668771 0.3247939 0.8737912 0.3619362 0.324794 -0.8737912 -0.3619362 0.3247941 0.3362752 -0.8118399 -0.4773206 -0.336275 0.8118397 -0.477321 2.90871e-7 -0.8787297 -0.47732 0.3362748 0.8118395 -0.4773218 -0.3362748 -0.8118405 -0.4773201 0.6213557 0.6213558 -0.4773198 -0.6213553 -0.6213554 -0.4773208 0.8787295 0 -0.4773202 0.9457849 0 0.3247941 -0.8118396 -0.3362751 -0.477321 0.81184 -0.336275 -0.4773207 -0.8787293 0 -0.4773204 -0.6213555 0.6213552 -0.4773209 0.621355 -0.6213556 -0.4773209 0.6497395 0.6497395 0.3945596 0.8479683 0.35124 -0.396964 0.8489254 0.3516364 0.39456 -0.9188701 1.22641e-7 0.3945602 -0.8479682 0.35124 -0.396964 -0.8489257 0.3516361 0.3945599 0.3516368 -0.848925 0.3945604 2.77435e-7 -0.9178342 -0.396964 4.74662e-7 -0.9188701 0.3945602 -0.3512396 -0.8479682 -0.3969646 -0.3516363 -0.8489258 0.3945591 0.91887 1.28773e-7 0.3945603 0.9178343 0 -0.396964 -0.6490066 0.6490072 -0.3969639 -0.6497389 0.6497399 0.3945599 0.8489257 -0.3516364 0.3945594 0.8479682 -0.35124 -0.3969641 -0.3516363 0.8489258 0.3945592 -0.6490066 -0.649007 -0.396964 -0.649739 -0.6497391 0.3945611 -1.44154e-7 0.9188702 0.39456 0.35124 0.8479685 -0.3969634 0.3516362 0.8489254 0.3945602 -0.8489253 -0.3516367 0.3945601 -0.8479682 -0.3512399 -0.3969642 0.6497387 -0.6497399 0.3945602 0.6490069 -0.649007 -0.3969637 0.6490069 0.6490067 -0.396964 -0.9178344 0 -0.3969637 0.9245342 0 -0.3810994 0.8590987 0.3558503 0.3678587 0.9298819 0 0.3678583 0.6575259 0.6575256 0.3678585 -0.35585 -0.8590988 0.3678588 0.3558505 0.8590989 0.3678581 1.85405e-7 -0.9298816 0.3678589 0 0.9298815 0.3678593 0.3558505 -0.8590986 0.3678587 0.972594 -4.92505e-7 -0.2325103 0.9028579 -0.3739761 0.2121075 0.8985595 -0.3721957 -0.2325106 -0.6575256 0.6575259 0.3678585 0.6575257 -0.6575258 0.3678584 -0.8590987 0.3558503 0.3678587 0.8590986 -0.3558504 0.3678588 -0.9298815 0 0.3678591 0.9298818 0 0.3678587 0.8590986 0.3558504 0.3678588 0.643815 0.6438157 0.413526 0.8541581 0.353804 -0.3810995 0.8411862 0.3484297 0.4135245 -0.3456768 0.8345373 -0.4290165 0.6387262 -0.6387283 -0.4290164 -0.6387261 0.638728 -0.429017 0.8345375 -0.345677 -0.429016 -0.8345381 0.3456763 -0.4290152 -0.8345377 -0.3456763 -0.4290159 -0.8590988 -0.3558502 0.3678587 0.903297 0 -0.429016 -0.6387276 -0.6387273 -0.429016 -0.6575255 -0.6575258 0.3678587 0.6387264 0.6387287 -0.4290156 -0.345676 -0.8345382 -0.4290152 0.3456771 0.8345369 -0.4290171 1.057e-6 -0.9032973 -0.4290152 0.3456773 -0.8345374 -0.4290159 0.5270313 0.5270316 0.6666902 0.2852275 0.6885998 0.6666901 0.6885998 0.2852272 0.6666901 0.7453352 0 0.6666899 0.6886 -0.2852273 0.6666899 0.5270314 -0.5270318 0.6666899 0.2852275 -0.6885998 0.66669 0 -0.7453352 0.6666899 -0.2852272 -0.6886001 0.6666899 -0.5270316 -0.5270318 0.6666899 -0.6885998 -0.2852274 0.6666901 -0.7453352 0 0.66669 -0.6886003 0.2852273 0.6666896 -0.5270314 0.5270318 0.66669 -0.2852271 0.6885998 0.6666902 0 0.745335 0.6666902 0 0.8787291 -0.4773209 -0.8411853 0.3484303 0.4135261 -0.9245344 0 -0.3810988 -0.8541582 0.3538039 -0.3810992 0.3484293 -0.8411852 0.4135268 2.0951e-7 -0.9245342 -0.3810993 0 -0.9104924 0.4135259 -0.3538036 -0.8541581 -0.3811 -0.3484322 -0.8411851 0.4135248 0.9104924 0 0.4135259 -0.6537442 0.6537446 -0.3810992 -0.6438149 0.6438159 0.4135258 0.8411853 -0.3484303 0.4135259 0.8541584 -0.3538038 -0.3810992 -0.3538035 0.8541582 -0.3810994 -0.3484322 0.8411851 0.4135249 -0.6537443 -0.6537446 -0.3810992 -0.6438146 -0.6438153 0.4135271 -2.96102e-7 0.9104924 0.4135258 0.3538039 0.8541584 -0.3810987 0.3484297 0.8411854 0.4135262 -0.8411852 -0.3484304 0.4135261 -0.8541581 -0.3538038 -0.3810997 0.6438153 -0.6438152 0.4135262 0.6537446 -0.6537445 -0.3810989 0 0.924534 -0.3810998 0.3538041 -0.8541582 -0.3810989 0.6537445 0.6537443 -0.3810992 -0.9104921 0 0.4135267 0.5270787 0.5270793 0.666615 0.285253 0.6886622 0.6666147 0.6886631 0.2852528 0.6666139 0.7454027 0 0.6666145 0.6886621 -0.2852532 0.6666147 0.5270795 -0.5270794 0.6666144 0.2852525 -0.6886623 0.6666148 0 -0.7454026 0.6666145 -0.2852541 -0.6886621 0.6666144 -0.5270791 -0.5270794 0.6666145 -0.6886621 -0.2852533 0.6666147 -0.7454025 0 0.6666147 -0.6886622 0.2852533 0.6666147 -0.5270791 0.5270794 0.6666146 -0.2852538 0.6886619 0.6666146 0 0.7454024 0.6666148 -2.40668e-7 0.9032968 -0.4290162 -0.3558501 -0.8590987 0.3678588 -0.6575257 -0.6575258 0.3678586 1.66319e-7 -0.9298817 0.3678589 -0.3558501 0.8590988 0.3678587 0 0.9298815 0.3678593 0.3558506 0.8590989 0.3678581 0.6575256 0.6575258 0.3678587 -0.6575255 0.6575258 0.3678587 0.6575258 -0.6575257 0.3678584 0.3558503 -0.8590987 0.3678587 -0.8590987 0.3558503 0.3678588 0.8590986 -0.3558503 0.3678589 1.19265e-7 0.7470685 -0.6647471 -0.8590984 -0.3558504 0.3678592 -0.9298818 0 0.3678587 0.6325502 0.63255 0.446946 0.8646824 0.3581635 -0.3521977 0.8264664 0.3423337 0.4469463 -0.3456764 0.8345375 -0.4290166 0.6387283 -0.6387268 -0.4290155 -0.6387258 0.6387283 -0.429017 0.8345367 -0.3456778 -0.4290168 -0.8345385 0.3456758 -0.4290152 -0.8345383 -0.3456766 -0.4290146 0.9032968 0 -0.4290164 -0.6387274 -0.6387273 -0.4290161 0.6387283 0.6387276 -0.4290145 -0.3456768 -0.8345379 -0.4290151 0.3456771 0.8345369 -0.4290171 4.79669e-7 -0.9032973 -0.4290152 0.3456766 -0.8345377 -0.4290158 -0.8264666 0.3423335 0.4469462 -0.9359258 -2.54063e-7 -0.3521972 -0.8646827 0.3581629 -0.3521978 0.3423332 -0.8264662 0.446947 0 -0.9359257 -0.3521976 -3.95479e-7 -0.8945609 0.4469462 -0.3581631 -0.8646824 -0.3521984 -0.342334 -0.8264667 0.4469456 0.8945608 0 0.4469464 0.9359257 0 -0.3521976 -0.661799 0.6617997 -0.3521978 -0.6325495 0.6325507 0.446946 0.8264667 -0.3423337 0.4469457 0.8646824 -0.3581636 -0.3521977 -0.3581631 0.8646827 -0.3521978 -0.3423361 0.8264659 0.4469454 -0.6617993 -0.6617994 -0.3521977 -0.6325491 -0.6325504 0.4469472 6.35602e-7 0.894561 0.4469459 0.3581637 0.8646827 -0.3521971 0.3423354 0.8264657 0.4469462 -0.8264664 -0.3423333 0.4469465 -0.8646826 -0.3581632 -0.3521978 0.632551 -0.6325495 0.4469457 0.6617998 -0.6617991 -0.3521975 2.54064e-7 0.9359255 -0.3521981 0.3581634 -0.8646827 -0.3521974 0.6617992 0.6617997 -0.3521976 -0.8945605 -1.56816e-7 0.4469469 0.5270791 0.5270792 0.6666147 0.2852541 0.688662 0.6666144 0.6886622 0.2852531 0.6666147 0.7454027 0 0.6666145 0.6886623 -0.2852531 0.6666146 0.5270804 -0.527079 0.6666139 0.2852528 -0.6886623 0.6666148 -1.51359e-7 -0.7454026 0.6666145 -0.2852532 -0.6886624 0.6666144 -0.5270791 -0.5270795 0.6666145 -0.6886621 -0.2852533 0.6666147 -0.7454026 0 0.6666146 -0.6886622 0.2852533 0.6666145 -0.5270791 0.5270795 0.6666146 -0.2852542 0.6886619 0.6666146 4.25245e-7 0.7454024 0.6666148 -2.48608e-7 0.9032968 -0.4290162 0.6902014 0.2858909 -0.664747 0.8118396 0.3362753 -0.4773213 0.6902016 -0.2858909 -0.6647468 0.7470688 0 -0.6647468 0.2858909 -0.6902015 -0.6647469 -0.5282571 -0.5282575 -0.6647469 -0.7470685 0 -0.6647471 -0.2858906 0.6902013 -0.6647472 -0.5282572 0.5282573 -0.664747 0.2858908 0.6902015 -0.6647469 0.5282571 -0.5282574 -0.6647471 0 -0.7470685 -0.6647471 -0.6902014 -0.2858908 -0.6647469 -0.6902012 0.2858908 -0.6647472 -0.8118399 0.3362753 -0.4773208 -0.2858905 -0.6902015 -0.6647469 0.5282571 0.5282573 -0.6647471 0 0.7470012 -0.6648227 -0.2858648 0.6901392 -0.6648227 -0.5282089 0.5282101 -0.6648229 -0.6901395 0.2858648 -0.6648223 -0.7470012 0 -0.6648226 -0.9032971 0 -0.4290158 -0.6901395 -0.2858651 -0.6648223 -0.5282098 -0.5282098 -0.6648225 4.44483e-7 -0.7470012 -0.6648226 0.2858651 -0.6901394 -0.6648223 0.528209 -0.5282101 -0.6648228 0.6901393 -0.2858652 -0.6648225 0.7470014 0 -0.6648225 0.6901396 0.285865 -0.6648222 0.8345377 0.3456767 -0.4290157 0.2858653 0.6901394 -0.6648223 -0.2858646 -0.6901395 -0.6648225 0.5282087 0.5282101 -0.6648231 0 0.7470012 -0.6648226 0.2858652 0.6901395 -0.6648222 -0.2858647 0.6901392 -0.6648228 -0.5282086 0.5282102 -0.664823 -0.6901396 0.2858649 -0.6648223 -0.7470013 0 -0.6648226 -0.6901403 -0.2858647 -0.6648217 -0.5282096 -0.5282099 -0.6648225 -0.285865 -0.6901394 -0.6648223 2.67125e-7 -0.7470014 -0.6648226 0.285865 -0.6901395 -0.6648224 0.5282102 -0.5282096 -0.6648223 0.6901387 -0.2858653 -0.664823 0.7470015 0 -0.6648225 0.6901378 0.2858656 -0.6648238 0.52821 0.5282096 -0.6648224 0.8345354 0.3456787 -0.4290186 -0.9032969 0 -0.4290161 1 0 0 -1 -2.34551e-7 0 0.9238794 -0.3826838 0 -0.9238798 0.3826832 0 0.7071074 -0.7071062 0 -0.7071066 0.707107 0 0.3826833 -0.9238796 0 -0.3826832 0.9238798 0 0 -1 0 0.3826838 0.9238794 0 3.91725e-7 1 0 -0.3826833 -0.9238797 0 0.7071065 0.7071071 0 -0.7071069 -0.7071067 0 0.9238795 0.3826838 0 -0.9238796 -0.3826835 0 -0.3826836 0.9238795 0 0 -1 0 0.3826838 0.9238795 0 0 1 0 -0.3826835 -0.9238795 0 0.7071073 0.7071063 0 -0.707107 -0.7071066 0 0.9238798 0.3826828 0 -0.9238794 -0.3826838 0 1 8.51156e-7 0 -1 0 0 0.9238791 -0.3826848 0 -0.9238799 0.3826829 0 0.7071073 -0.7071064 0 -0.7071069 0.7071067 0 0.3826833 -0.9238796 0 0.9065122 -0.3754911 0.1929821 -0.906513 0.3754892 0.192982 0.6938152 -0.6938145 0.192982 -0.693815 0.6938146 0.192982 0.3754897 -0.9065128 0.192982 -0.37549 0.9065127 0.1929821 1.21151e-7 -0.9812023 0.1929823 0.3754901 0.9065126 0.1929821 0 0.9812024 0.1929821 -0.37549 -0.9065126 0.1929822 0.6938153 0.6938144 0.1929819 -0.6938152 -0.6938144 0.1929821 0.906513 0.3754894 0.1929821 -0.9065126 -0.3754902 0.1929822 0.9812024 9.03585e-7 0.1929822 -0.9812023 0 0.1929822 -0.6519016 -0.6519009 0.3873623 -0.3812944 -0.9205304 -0.08508002 -0.7045436 -0.7045423 -0.08507919 0.651903 0.6518993 0.3873624 0.920529 0.3812983 -0.08507812 0.8517488 0.3528082 0.3873637 -0.9205297 -0.3812963 -0.08507883 -0.8517498 -0.3528068 0.3873625 0.996374 0 -0.08508175 0.9219285 0 0.3873603 -0.9963741 9.08248e-7 -0.08507972 -0.9219279 6.17252e-7 0.3873615 0.8517488 -0.3528075 0.3873639 0.9205288 -0.3812985 -0.08507806 -0.9205294 0.3812962 -0.08508044 -0.8517503 0.3528068 0.3873613 0.7045428 -0.7045434 -0.0850777 0.6519006 -0.6519016 0.387363 -0.7045423 0.7045437 -0.08507984 -0.6519009 0.6519021 0.3873617 0.381298 -0.9205291 -0.08507782 0.3528079 -0.8517491 0.3873629 -0.3812968 0.9205292 -0.08508127 -0.3528077 0.8517504 0.3873602 0 -0.9963743 -0.08507937 1.39846e-7 -0.9219276 0.3873624 5.35273e-7 0.9219269 0.3873643 0.3812956 0.9205297 -0.08508241 0.3528061 0.8517515 0.3873593 4.02811e-7 0.9963745 -0.08507663 -0.3528048 -0.8517508 0.3873623 0.7045452 0.7045409 -0.08507865 -0.6665294 -0.6665292 -0.3338823 -0.9188287 -0.3805932 0.1044161 -0.7032418 -0.7032414 0.1044158 0.8708629 0.3607234 -0.333881 0.9945336 2.32675e-7 0.1044179 0.9188294 0.3805912 0.1044173 -0.870862 -0.3607242 -0.3338825 -0.9945336 -3.68612e-7 0.1044181 0.870864 -0.3607216 -0.3338802 0.9188303 -0.380589 0.1044177 -0.9426157 -4.9397e-7 -0.33388 -0.9188292 0.3805919 0.1044167 0.7032411 -0.703242 0.1044158 -0.8708627 0.3607229 -0.333882 -0.7032414 0.7032416 0.1044167 0.6665294 -0.6665293 -0.3338822 0.3805918 -0.9188294 0.1044148 -0.6665294 0.6665299 -0.333881 -0.3805916 0.9188292 0.1044175 0.3607234 -0.8708624 -0.3338826 -9.71164e-7 -0.9945337 0.1044168 -0.3607232 0.8708634 -0.3338801 -5.93068e-7 0.9945339 0.1044146 -0.3607247 -0.8708627 -0.33388 -0.380593 -0.9188285 0.104419 0.3607247 0.8708632 -0.3338788 0.703243 0.70324 0.1044166 0.3805931 0.9188284 0.1044197 0.6665312 0.6665277 -0.3338819 -5.96745e-7 0.9426144 -0.3338835 0.9998663 2.36726e-7 0.01635551 0.9237558 -0.3826329 0.01635491 -0.9998663 1.26049e-7 0.01635682 -0.9237558 0.3826325 0.01635712 0.7070123 -0.7070121 0.0163567 -0.7070123 0.7070121 0.01635587 0.3826323 -0.923756 0.01635628 -0.3826314 0.9237564 0.01635611 0 -0.9998663 0.0163567 0.3826324 0.9237559 0.01635622 0 0.9998663 0.01635658 -0.3826321 -0.9237561 0.0163564 0.7070119 0.7070124 0.01635658 -0.7070126 -0.7070119 0.01635599 0.9237561 0.3826322 0.01635617 -0.9237559 -0.3826324 0.01635664 -0.3678924 -0.8881393 -0.2754339 -0.7071068 -0.7071067 -5.81137e-4 -0.6798365 -0.6796725 -0.2754409 0.8881252 0.3679292 -0.2754305 0.7071058 0.7071076 -5.8073e-4 0.9238796 0.3826829 -5.81137e-4 -0.9238791 -0.3826841 -5.81281e-4 -0.8881426 -0.3678826 -0.2754365 0.9613205 -4.98956e-5 -0.2754324 0.9999998 0 -5.80598e-4 -0.9999998 1.94639e-7 -5.81053e-4 -0.9613213 1.57119e-6 -0.2754297 0.88814 -0.3678889 -0.2754362 0.9238795 -0.382683 -5.81712e-4 -0.8881429 0.3678861 -0.275431 -0.9238791 0.3826841 -5.80898e-4 0.7071058 -0.7071075 -5.8055e-4 0.6797397 -0.6797747 -0.2754279 -0.6798337 0.6796767 -0.2754374 -0.707107 0.7071063 -5.80646e-4 0.3678582 -0.8881534 -0.2754341 0.3826836 -0.9238793 -5.81209e-4 -0.3678576 0.8881536 -0.2754343 -0.3826829 0.9238796 -5.81232e-4 2.66186e-5 -0.9613201 -0.2754341 -1.67689e-7 -0.9999999 -5.80706e-4 0 0.9999998 -5.80814e-4 -3.08806e-5 0.9613215 -0.275429 0.3826837 0.9238793 -5.81137e-4 0.3678913 0.8881409 -0.2754302 -0.3826828 -0.9238797 -5.81209e-4 0.6797398 0.6797733 -0.2754306 -0.3647162 -0.8804901 0.3028519 0.3647189 0.8804903 0.302848 0.6738814 0.6739189 0.3028486 -3.1913e-5 0.9530383 0.3028498 -0.6739751 -0.6738203 0.3028597 0.880472 0.3647626 0.3028485 -0.8804895 -0.3647179 0.3028517 0.9530373 -4.44029e-5 0.3028531 -0.9530398 5.55443e-7 0.302845 0.8804912 -0.3647169 0.3028482 -0.8804905 0.3647152 0.3028521 0.6738843 -0.6739145 0.3028518 -0.6739802 0.6738153 0.3028593 0.364695 -0.8804988 0.3028524 -0.3646919 0.8805022 0.3028462 3.39693e-5 -0.9530374 0.3028526 0.9483109 0 0.317343 0.8985598 0.3721957 -0.2325099 0.9028582 0.3739756 0.2121072 -0.89856 0.3721957 -0.2325091 -0.6949497 0.6949503 0.1846324 -0.6877273 0.6877284 -0.23251 -0.3721956 -0.8985598 -0.2325097 1.43088e-7 -0.9483108 0.3173433 -0.3739758 -0.902858 0.2121077 -0.6877265 -0.6877291 -0.2325105 -0.6949496 -0.6949502 0.1846328 -0.3739758 0.9028581 0.2121075 -0.372196 0.8985599 -0.232509 0.6877278 -0.6877279 -0.2325096 0.6949496 -0.6949503 0.1846327 3.9597e-7 0.972594 -0.2325103 1.33836e-7 0.9483109 0.317343 -0.9028581 -0.3739758 0.2121073 -0.89856 -0.3721951 -0.2325097 0.6877272 0.6877285 -0.2325099 0.3739761 0.9028579 0.2121073 0.6949495 0.6949504 0.1846328 -0.9483109 1.62824e-7 0.3173431 0.3721957 -0.8985596 -0.2325101 0.3739763 -0.9028579 0.2121071 6.094e-7 -0.9725941 -0.2325097 -0.972594 1.76923e-7 -0.2325104 -0.9028578 0.3739764 0.2121074 4.70252e-7 0.9178345 0.3969632 -0.3558505 0.8590984 -0.3678595 -0.3512395 0.8479688 0.3969632 0.3362734 -0.8118406 0.4773207 -0.3362781 0.8118384 0.4773212 7.53037e-6 -0.8787296 0.4773201 0.3362866 0.8118356 0.4773201 0.3721966 0.8985596 -0.2325092 -0.3362756 -0.8118403 0.4773197 0.6213554 0.6213564 0.4773194 -0.621344 -0.6213638 0.4773245 0.8787298 -9.41138e-7 0.4773197 0.811846 0.3362706 0.4773138 -0.8118382 -0.3362761 0.4773228 0.8118385 -0.3362773 0.4773216 -0.8787295 0 0.4773203 -0.6213452 0.6213618 0.4773255 -0.8118383 0.3362755 0.4773232 0.6213589 -0.6213532 0.477319 0.8479691 0.3512396 0.3969625 0.6497423 0.6497361 -0.3945605 0.8489249 0.3516357 -0.3945618 -0.8479688 0.3512399 0.3969629 -0.9188694 6.19333e-7 -0.3945619 -0.8489302 0.3516304 -0.394555 3.66214e-7 -0.9178348 0.3969627 0.3516378 -0.8489241 -0.3945618 4.23109e-7 -0.9188695 -0.3945616 -0.3512399 -0.8479685 0.3969635 -0.3516361 -0.8489253 -0.3945605 0.9188692 0 -0.3945626 -0.6490065 0.6490076 0.3969631 -0.6497415 0.6497377 -0.3945593 0.8489255 -0.3516352 -0.3945608 0.9178352 -2.18827e-7 0.3969615 -0.3516358 0.8489258 -0.3945599 -0.6490072 -0.6490072 0.3969628 -0.6497328 -0.6497427 -0.3945653 0.3512398 0.8479692 0.3969623 3.78959e-6 0.9188696 -0.3945615 0.351638 0.8489243 -0.3945611 -0.8489248 -0.3516387 -0.3945593 0.6497352 -0.6497425 -0.3945618 0.8479692 -0.3512395 0.3969624 0.3512405 -0.8479687 0.3969627 0.6490074 0.649007 0.3969626 -0.9178348 2.16399e-7 0.3969628 0.8590987 0.3558513 -0.3678576 0.9245343 0 0.3810989 0.9298825 -3.68083e-7 -0.3678566 0.657525 0.6575257 -0.36786 -0.3558503 -0.8590982 -0.36786 0.3558505 0.8590983 -0.3678593 0 -0.9298813 -0.3678599 1.19968e-7 0.9298811 -0.3678603 0.3558502 -0.8590983 -0.3678597 -0.6575252 0.6575257 -0.3678595 0.6575248 -0.657526 -0.3678598 0.6490063 -0.6490076 0.3969634 -0.859098 0.35585 -0.3678606 0.8590982 -0.3558498 -0.3678606 -0.9298816 0 -0.367859 0.929881 -4.30795e-7 -0.3678605 -0.8479672 -0.3512413 0.396965 -0.8590984 -0.3558505 -0.3678593 0.8590988 0.3558495 -0.3678592 0.8541573 0.3538046 0.3811004 0.643813 0.6438171 -0.413527 0.8411849 0.3484326 -0.4135249 -0.3456785 0.8345372 0.4290152 -0.6387243 0.6387299 0.4290168 0.6387186 -0.638735 0.4290179 -0.8345373 0.3456786 0.4290148 0.8345407 -0.3456753 0.4290109 -0.9032971 0 0.4290159 0.903298 -4.59306e-7 0.4290137 -0.8345375 -0.345677 0.4290161 0.834535 0.3456789 0.4290193 -0.6387301 -0.6387261 0.429014 -0.6575254 -0.6575255 -0.3678596 0.6387274 0.6387293 0.4290131 -0.3456772 -0.8345385 0.4290138 0.3456739 0.8345387 0.4290163 -1.23563e-6 -0.9032979 0.429014 0.3456777 -0.8345381 0.4290143 0.5270327 0.5270313 -0.6666893 0.285229 0.6885995 -0.6666897 0.6885995 0.2852273 -0.6666904 0.7453354 0 -0.6666898 0.6886004 -0.2852272 -0.6666896 0.5270307 -0.527032 -0.6666904 0.2852278 -0.6885998 -0.66669 2.16202e-7 -0.7453353 -0.6666899 -0.2852273 -0.6886 -0.66669 -0.6886003 -0.285227 -0.6666898 -0.5270286 -0.5270324 -0.6666916 -0.7453352 0 -0.6666899 -0.527034 0.5270308 -0.6666887 -0.6886051 0.2852254 -0.6666854 -0.2852277 0.6885998 -0.6666899 1.08821e-6 0.7453351 -0.6666902 -1.34593e-6 0.8787291 0.4773209 -0.8411878 0.3484283 -0.4135224 -0.9245342 0 0.3810995 -0.9104924 5.79011e-7 -0.4135261 -1.8959e-7 -0.9245342 0.3810992 0.348419 -0.841189 -0.4135279 2.36649e-6 -0.9104924 -0.4135259 -0.3538035 -0.8541582 0.3810998 -0.3484302 -0.8411856 -0.4135254 0.9104923 2.69035e-7 -0.413526 -0.6537447 0.6537442 0.3810991 -0.6438117 0.643818 -0.4135275 0.8411856 -0.3484303 -0.4135252 -0.3538027 0.8541585 0.3810995 -0.3484201 0.8411893 -0.4135263 -0.6537442 -0.6537445 0.3810992 -0.6438084 -0.6438199 -0.4135296 0.3538042 0.8541584 0.3810987 -5.61466e-7 0.9104924 -0.4135259 0.3484334 0.8411841 -0.4135257 -0.8411809 -0.3484349 -0.4135312 0.6438239 -0.6438093 -0.413522 0.854158 -0.3538041 0.3810995 0 0.924534 0.3810997 0.3538036 -0.8541584 0.3810992 0.6537446 0.6537442 0.3810992 0.5270773 0.52708 -0.6666155 0.2852553 0.6886618 -0.6666141 0.688662 0.2852534 -0.6666148 0.7454028 -2.52264e-7 -0.6666144 0.6886622 -0.2852532 -0.6666146 0.5270848 -0.5270773 -0.6666119 0.2852478 -0.6886634 -0.6666157 1.18204e-6 -0.7454026 -0.6666145 -0.2852534 -0.6886621 -0.6666147 -0.6886583 -0.2852545 -0.6666181 -0.5270753 -0.5270811 -0.6666162 -0.7454025 0 -0.6666147 -0.5270769 0.5270805 -0.6666154 -0.6886649 0.285252 -0.6666123 -0.2852491 0.6886628 -0.6666157 1.76585e-7 0.7454023 -0.6666148 3.64739e-6 0.9032975 0.4290149 -0.3558504 -0.8590994 -0.3678569 -0.6575264 -0.6575263 -0.3678565 -3.87169e-7 -0.9298825 -0.3678568 -0.3558511 0.8590996 -0.3678562 6.93905e-7 0.9298824 -0.3678572 0.3558515 0.8590993 -0.367856 0.6575266 0.6575262 -0.3678561 -0.6575271 0.6575258 -0.367856 0.6575273 -0.6575257 -0.3678558 0.3558502 -0.8590996 -0.3678566 -0.8590995 0.3558509 -0.3678565 0.8590999 -0.3558505 -0.3678556 -1.17278e-6 0.7470686 0.6647471 -0.859099 -0.3558514 -0.3678571 -0.9298822 0 -0.3678576 0.6537447 -0.6537442 0.3810991 -0.8541581 0.3538039 0.3810995 -0.8541578 -0.3538042 0.3810998 0.8646831 0.3581628 0.3521969 0.6325477 0.6325515 -0.4469474 0.8264661 0.3423338 -0.4469467 -0.3456889 0.8345318 0.4290173 -0.6387223 0.6387289 0.4290215 0.6387268 -0.6387259 0.4290192 -0.8345363 0.3456768 0.4290182 0.8345366 -0.3456751 0.4290193 -0.9032964 2.87416e-7 0.4290173 0.9032945 -9.15089e-7 0.4290211 -0.8345305 -0.3456829 0.4290249 0.8345363 0.3456784 0.4290173 -0.6387323 -0.6387225 0.429016 0.6387276 0.6387261 0.4290177 -0.3456768 -0.8345369 0.4290172 0.3456818 0.834534 0.4290189 -2.01542e-7 -0.9032962 0.4290176 0.3456845 -0.8345341 0.4290165 -0.8264659 0.3423327 -0.4469482 -0.9359262 0 0.3521962 -0.8945599 2.70372e-7 -0.4469482 0 -0.9359261 0.3521966 0.3423334 -0.8264659 -0.4469475 -3.20727e-6 -0.8945602 -0.4469477 -0.3581646 -0.8646822 0.3521974 -0.3423321 -0.8264666 -0.4469472 0.8945599 0 -0.4469481 -0.6618004 0.6617992 0.3521961 -0.6325519 0.6325475 -0.4469474 0.826466 -0.3423339 -0.4469469 0.9359264 5.52554e-7 0.3521957 -0.3581622 0.8646835 0.3521967 -0.3423269 0.8264681 -0.4469485 -0.6617982 -0.6618012 0.3521965 -0.632549 -0.6325494 -0.4469486 0.358165 0.8646827 0.3521958 1.15323e-6 0.8945603 -0.4469473 0.3423278 0.8264674 -0.4469491 -0.8264654 -0.3423336 -0.4469481 0.6325516 -0.6325481 -0.4469468 0.8646831 -0.3581628 0.3521969 0 0.935926 0.352197 0.3581621 -0.8646836 0.3521965 0.6617981 0.661801 0.3521971 0.5270783 0.5270795 -0.6666152 0.2852495 0.688663 -0.6666154 0.6886624 0.2852529 -0.6666145 0.7454028 -1.29736e-7 -0.6666144 0.6886619 -0.2852535 -0.6666148 0.5270802 -0.5270791 -0.6666139 0.2852533 -0.6886622 -0.6666146 -1.6217e-6 -0.7454026 -0.6666145 -0.2852521 -0.6886624 -0.6666148 -0.6886616 -0.2852535 -0.6666151 -0.5270788 -0.5270797 -0.6666146 -0.7454025 0 -0.6666147 -0.52708 0.527079 -0.6666142 -0.6886621 0.2852534 -0.6666146 -0.2852486 0.6886631 -0.6666157 8.36075e-7 0.7454025 -0.6666148 6.84154e-7 0.9032957 0.4290185 0.6902065 0.2858889 0.6647425 0.528257 0.5282577 0.6647469 0.6902003 -0.2858913 0.6647479 0.7470685 0 0.6647471 0.2858898 -0.6902017 0.6647471 -0.5282509 -0.5282595 0.6647503 -0.2858908 -0.6902015 0.6647468 -0.7470682 0 0.6647474 -0.6901999 -0.2858913 0.6647484 -0.2858916 0.6902012 0.6647469 -0.5282503 0.5282599 0.6647504 0.2858964 0.6902003 0.6647456 0.5282598 -0.5282561 0.664746 3.73879e-6 -0.7470686 0.664747 -0.6901996 0.2858912 0.6647487 2.114e-6 0.7470014 0.6648226 -0.2858658 0.6901389 0.6648226 -0.5282073 0.5282108 0.6648236 -0.6901388 0.2858647 0.6648232 -0.7470012 0 0.6648226 -0.6901391 -0.2858649 0.6648228 -0.5282112 -0.5282093 0.6648217 -0.2858655 -0.6901392 0.6648225 -5.90837e-7 -0.7470013 0.6648226 0.2858657 -0.6901394 0.6648222 0.528205 -0.5282115 0.664825 0.6901414 -0.2858641 0.6648207 0.7470014 -1.59002e-7 0.6648226 0.6901367 0.2858662 0.6648247 0.5282098 0.5282096 0.6648226 0.2858638 0.6901396 0.6648227 0 0.7470012 0.6648226 -0.2858703 0.6901382 0.6648214 -0.5282064 0.5282111 0.6648242 -0.6901391 0.2858652 0.6648227 -0.7470012 0 0.6648228 -0.6901344 -0.285867 0.6648268 -0.5282132 -0.5282087 0.6648206 -0.2858653 -0.6901393 0.6648225 4.50644e-7 -0.7470014 0.6648226 0.2858697 -0.6901385 0.6648215 0.5282094 -0.5282099 0.6648227 0.6901395 -0.2858653 0.6648223 0.7469992 0 0.664825 0.6901394 0.2858651 0.6648225 0.5282098 0.5282097 0.6648225 0.2858673 0.690139 0.6648218 1 5.68243e-7 0 -1 0 0 -0.8646828 -0.3581635 0.352197 0.9238799 -0.3826829 0 -0.9238799 0.3826827 0 -0.8646836 0.3581625 0.352196 0.7071072 -0.7071065 0 0.6618004 -0.6617992 0.3521963 0.3826823 -0.92388 0 -0.3826816 0.9238804 0 0 -1 0 0.3826842 0.9238793 0 1.40247e-7 1 0 -0.3826841 -0.9238793 0 0.7071056 0.7071079 0 -0.7071055 -0.7071081 0 0.9238798 0.3826829 0 -0.9238795 -0.3826836 0 -0.3826844 0.9238792 0 1.065e-6 -1 0 0.3826823 0.9238801 0 -9.76895e-7 1 0 -0.382683 -0.9238798 0 0.7071086 0.707105 0 -0.7071067 -0.7071069 0 0.9238792 0.3826843 0 -0.9238793 -0.3826842 0 1 -1.55239e-6 0 -1 1.71198e-6 0 0.923879 -0.3826849 0 -0.9238799 0.3826828 0 0.7071078 -0.7071058 0 -0.7071058 0.7071079 0 0.3826856 -0.9238787 0 0.9110641 -0.3773771 -0.1659789 -0.9110649 0.3773748 -0.1659786 0.6972995 -0.6972981 -0.1659787 -0.6972976 0.6972999 -0.1659787 0.3773773 -0.9110639 -0.1659786 -0.3773761 0.9110645 -0.1659788 1.11128e-6 -0.9861294 -0.1659788 0.3773739 0.9110653 -0.1659786 -1.05621e-6 0.9861294 -0.1659787 -0.3773748 -0.911065 -0.1659786 0.6973003 0.6972973 -0.1659784 -0.6972987 -0.697299 -0.1659785 0.9110644 0.3773764 -0.1659786 -0.9110645 -0.3773761 -0.1659786 0.9861294 -1.85213e-6 -0.1659786 -0.9861294 1.77704e-6 -0.1659786 0.9426153 0 -0.3338809 -5.69449e-7 -0.942615 -0.3338818 0 -0.9759341 -0.2180657 1.0809e-6 -0.9469234 0.3214596 0.1273368 -0.9765768 0.173445 0 -0.9837052 0.1797895 -2.47065e-6 0.9469251 0.3214544 0.1273369 0.9765768 0.1734451 0.4973359 0.5821218 0.643266 -0.9469253 0 0.3214541 -0.9765771 0.1273353 0.1734447 -0.5821272 0.4973343 0.6432625 -0.3768836 -0.3769297 0.8460987 -0.1273368 -0.9765768 0.1734452 -0.6017958 -0.6017985 -0.5250529 -0.9765771 -0.1273355 0.1734448 -0.9837055 0 0.1797877 0.3769114 0.3769242 0.8460886 0.9765771 0.1273348 0.1734443 0.5821239 0.4973357 0.6432643 -0.3768884 0.3769283 0.8460971 -0.127336 0.9765769 0.1734454 -0.4973353 0.5821217 0.6432666 0.6017965 0.6017978 -0.5250527 0.9469249 1.54418e-7 0.3214551 0.9765771 -0.1273351 0.1734448 0.5821242 -0.4973355 0.6432642 0.3769359 -0.3769196 0.8460798 0.4973366 -0.5821216 0.6432658 -0.601796 0.6017982 -0.5250529 0 0.9837051 0.1797894 0.9837052 0 0.1797895 0.6017984 -0.6017976 -0.5250509 -0.4973362 -0.5821217 0.643266 -0.5821273 -0.4973341 0.6432625 0.3075076 -0.7610771 0.5711399 -2.56767e-6 -0.9709842 0.239144 -1.20017e-6 -0.8313981 0.5556772 -1.29102e-7 0.8313971 0.5556788 0.37158 0.8970724 0.2391433 0.3075065 0.7610779 0.5711396 -0.7610734 0.307509 0.5711442 -0.9709835 -2.42771e-6 0.2391468 -0.8970692 0.3715838 0.2391495 -0.5777809 -0.5777892 0.5764797 -0.3715758 -0.8970736 0.2391453 -0.686585 -0.6865926 0.2391481 -0.7610771 -0.3075055 0.5711411 -0.8313969 -1.35796e-6 0.5556792 0.5777854 0.5777865 0.576478 0.8970715 0.3715805 0.2391461 0.7610772 0.307505 0.5711411 -0.3075049 0.7610787 0.5711393 -0.6865848 0.6865937 0.2391455 -0.3715775 0.8970735 0.2391431 0.6865882 0.6865905 0.2391448 0.8314011 0 0.555673 0.8970717 -0.3715802 0.2391458 0.7610766 -0.3075061 0.5711414 0.5777878 -0.5777857 0.5764764 0.3715805 -0.8970721 0.2391436 -0.5777823 0.5777888 0.5764788 9.9063e-7 0.9709836 0.2391461 0.9709857 8.34975e-7 0.2391381 0.68659 -0.6865896 0.2391422 -0.3075028 -0.7610784 0.5711408 -0.8970715 -0.3715802 0.2391461 -0.9021946 -0.312029 0.2977967 -0.8741645 0 0.4856299 0.312029 0.9021947 0.2977966 0.5664278 0.5664297 0.5985959 0.3120291 -0.9021946 0.2977964 0.5664272 -0.5664299 0.5985963 -0.3120287 0.9021947 0.2977969 0 0.8741647 0.4856296 0.9021949 -0.3120288 0.2977961 -0.5664298 -0.5664288 0.5985947 -0.3120287 -0.9021948 0.2977966 -0.5664302 0.5664288 0.5985945 0.8741647 0 0.4856298 -0.9021944 0.3120295 0.2977967 0.9021949 0.3120285 0.2977964 0 -0.8741647 0.4856297 -0.6925995 -0.2461733 0.6780153 0 -0.7715161 0.6362099 -0.2461738 -0.6925991 0.6780155 0.5357786 -0.5357784 0.652597 0.7715156 0 0.6362104 -2.18464e-7 0.771516 0.6362101 -0.5357785 0.5357785 0.652597 0.2461739 -0.6925989 0.6780156 0.6925998 -0.2461729 0.6780151 0.5357789 0.5357784 0.6525969 -0.2461734 0.6925991 0.6780158 0.6925997 0.2461729 0.6780152 -0.7715163 0 0.6362096 -0.5357788 -0.5357784 0.6525968 -0.6925994 0.2461734 0.6780153 0.246174 0.6925989 0.6780156 1.82822e-7 -0.02017837 0.9997964 -8.28538e-7 0.0201776 0.9997964 0.298902 0.6710033 0.6785369 -0.02017611 2.18023e-7 0.9997965 -0.6710048 0.2989021 0.6785352 -0.2989017 -0.6710032 0.6785371 -0.09143811 -0.09143823 0.9916038 0.6710037 0.298902 0.6785365 -0.2989015 0.6710031 0.6785373 0.0914368 0.09143817 0.991604 0.02017587 0 0.9997965 0.6710042 -0.2989017 0.6785361 0.2989024 -0.6710032 0.6785368 -0.09143924 0.09143817 0.9916037 0.09143537 -0.09143817 0.991604 -0.6710052 -0.2989014 0.6785352 0.6071189 -0.2514784 0.7537674 0.667582 -0.6675819 -0.3296495 0.464669 -0.464669 0.7537675 0.2514785 -0.6071193 0.753767 0 -0.9441036 -0.3296492 6.45953e-7 -0.6571415 0.7537674 -0.6071192 -0.2514779 0.7537675 -0.667582 -0.6675811 -0.3296509 -0.872237 -0.3612925 -0.3296522 -0.2514752 -0.60712 0.7537676 -0.361293 -0.8722368 -0.329652 -0.746202 2.74263e-7 0.6657196 -0.6893922 -0.2855752 -0.6657217 -0.6893931 -0.2855744 0.6657211 -0.4646676 0.4646711 0.753767 -0.8722386 0.3612923 -0.3296481 -0.6675805 0.6675825 -0.3296513 -0.4646692 -0.464669 0.7537675 -0.251476 -0.6071197 -0.7537676 0.6071193 0.2514783 0.7537671 0.944103 -2.25272e-7 -0.3296509 0.6571412 0 0.7537674 -0.3612909 0.8722384 -0.32965 -0.2514741 0.6071203 0.7537678 -0.4646682 0.4646702 -0.7537673 0.8722378 -0.3612927 -0.3296498 -0.4646715 -0.4646659 -0.7537679 -0.6571412 -1.84324e-7 0.7537677 -0.6071204 0.2514762 0.7537668 -1.44381e-6 0.6571413 0.7537674 3.96675e-7 0.9441025 -0.3296521 0.4646688 0.4646694 0.7537675 0.8722376 0.3612932 -0.3296495 0.9441024 -1.70668e-6 0.3296523 0.6893936 -0.2855631 0.6657252 0.8722361 -0.3612938 0.3296529 0.6675829 -0.6675797 0.3296521 0.2855582 -0.6894013 0.6657196 0.3612927 -0.8722369 0.3296523 -0.8722345 0.3612962 0.3296546 -0.5276459 0.5276435 0.6657194 -0.667583 0.6675803 0.3296506 -0.3612917 0.8722371 0.3296527 -4.2641e-6 0.7462026 0.665719 -6.51331e-7 0.9441025 0.3296522 0.8722368 0.3612936 0.3296514 0.746203 -1.97036e-6 0.6657186 0.5276456 -0.527643 0.66572 1.85115e-6 -0.9441026 0.3296518 -0.2855572 -0.6894038 0.6657173 -0.3612871 -0.8722392 0.3296523 -0.6675828 -0.6675805 0.3296508 -0.6894012 -0.2855582 0.6657196 -0.8722369 -0.3612911 0.3296539 2.82923e-6 -0.7462028 0.6657187 0.2855566 0.6894028 0.6657187 0.3612916 0.8722373 0.329652 -0.9441028 3.002e-6 0.3296512 -0.6894028 0.2855629 0.6657159 -0.5276524 -0.5276442 0.6657136 -0.7462028 4.35933e-6 0.6657187 0.6675796 0.6675822 0.3296536 0.6893986 0.2855633 0.6657201 -0.2855583 0.6894015 0.6657193 0.527653 0.5276418 0.6657149 0.3826866 0.9238782 -1.85694e-6 0.6731787 0.673253 -0.3058771 0.7071077 0.7071059 2.79659e-7 -0.707108 0.7071056 -3.26642e-6 -0.8796158 0.3643042 -0.3058736 -0.6731877 0.6732483 -0.3058679 -0.9238805 -0.3826814 -2.37151e-6 -0.6731827 -0.6732465 -0.3058828 -0.8796033 -0.3643322 -0.3058759 -0.3826843 -0.9238793 -2.12541e-6 -1.44029e-5 -0.952071 -0.3058773 -0.3643147 -0.8796106 -0.3058758 0.6731962 0.6732362 -0.3058758 0.8796032 0.364333 -0.3058752 -2.5505e-6 1 -2.52812e-6 -0.3643575 0.8795921 -0.3058782 1.39119e-5 0.9520707 -0.3058783 0.3826858 -0.9238786 -2.37151e-6 0.6732143 -0.6732187 -0.3058743 0.364328 -0.8796054 -0.305875 -0.9520711 -3.59017e-7 -0.3058767 -1 0 6.37623e-7 -0.7071071 -0.7071065 2.34914e-7 0.9238804 -0.3826815 -1.78982e-6 0.9520714 -3.16779e-7 -0.3058756 0.8796032 -0.3643324 -0.3058764 -0.9441034 -4.26059e-7 -0.3296497 -0.8796165 0.3643032 -0.3058727 0.3643597 0.8795909 -0.3058788 -0.3826836 0.9238796 3.91523e-7 0 -1 1.08508e-6 0.7071071 -0.7071066 1.19694e-6 -0.2514759 0.6071203 -0.7537672 0.9520707 -1.60164e-7 0.3058785 0.9238793 -0.3826839 5.14574e-7 0.8795855 -0.3643735 0.3058779 0.6732194 -0.6732121 -0.3058778 0.8795856 -0.3643737 0.3058776 1 0 1.27525e-6 0.6732584 -0.6731719 -0.3058804 0.7071058 -0.7071077 -1.5661e-6 0.9520707 -1.60164e-7 0.3058785 0.8796024 -0.3643333 0.3058775 0.2514753 -0.6071203 -0.7537673 0.6732191 -0.673212 0.3058786 0.3826842 -0.9238792 1.4766e-6 0.3643358 -0.879601 0.3058783 0.3612924 -0.872237 -0.3296521 0 -0.9520713 -0.3058765 0.3642992 -0.8796169 0.3058761 1.4572e-5 -0.95207 -0.3058804 0 -1 -3.13219e-7 0.6732147 -0.6732181 0.3058751 0.3643262 -0.8796057 0.3058763 -0.8796144 0.3643041 0.3058774 -0.7071052 0.7071083 0 -0.6731888 0.6732389 0.3058863 -0.3643929 0.8795773 -0.3058788 -0.6732241 0.6732079 0.3058766 -0.9238796 0.3826835 8.50164e-7 -0.3642951 0.8796199 -0.3058725 -0.382682 0.9238802 5.5932e-7 -0.8796148 0.3643036 0.3058772 -0.6731843 0.6732451 0.3058825 -0.607118 -0.2514771 -0.7537686 0 0.9520708 0.3058779 2.41346e-6 1 2.18135e-6 0.3612919 0.8722372 -0.3296521 0 0.9520709 -0.3058775 0.3643356 0.8796012 -0.305878 1.36848e-5 0.9520715 0.3058756 0.382683 0.9238798 1.62203e-6 1.5728e-5 0.9520719 -0.3058747 0.3643254 0.8796068 -0.3058742 1.50154e-5 0.9520705 0.3058788 0.2514762 0.6071198 0.7537674 0.6675819 0.6675819 -0.3296498 0.8796032 0.3643318 0.3058767 1 -3.63559e-7 -1.70034e-6 0.9238804 0.3826813 1.2305e-7 0.9520704 1.13618e-5 -0.305879 0.8795897 0.3643629 0.3058785 0.9520715 1.14868e-5 0.3058755 0.9238796 0.3826833 1.82338e-6 8.26975e-7 0.6571414 -0.7537673 -1.41996e-5 -0.9520707 0.3058783 0.9520713 0 -0.3058764 0.8795865 -0.3643726 -0.3058764 0.8795858 -0.3643739 -0.3058767 0.6732586 -0.6731729 0.3058778 2.46783e-7 -0.952071 0.3058775 -0.3826828 -0.9238798 1.80101e-6 -0.3643124 -0.8796111 0.3058773 -0.6731998 -0.6732299 -0.3058817 -0.3642888 -0.8796241 0.3058683 -0.6732934 -0.6731381 -0.3058779 -0.7071049 -0.7071087 -1.78983e-6 -0.3643113 -0.8796114 0.3058775 -0.8796017 -0.3643336 0.3058789 -0.9238788 -0.3826853 3.38948e-6 -0.9520711 -3.53738e-7 -0.3058767 -0.8795853 -0.3643743 0.3058776 -0.9520711 1.11929e-5 -0.305877 -1 0 0 -0.8796018 -0.3643335 0.3058789 -1.4301e-6 -0.6571416 -0.7537673 -0.3643576 0.8795914 0.3058799 0.3643353 -0.8796014 -0.3058778 0.3643 -0.8796169 -0.3058751 1.45242e-5 -0.9520708 0.3058776 0.2514766 0.6071194 -0.7537676 -0.6731881 -0.6732484 0.3058668 0.3643358 0.8796013 0.3058777 0.3643265 0.8796064 0.3058739 -0.6071193 0.2514769 -0.7537677 -0.9238782 0.3826869 -2.23729e-7 -0.8796148 0.3643037 -0.3058772 -0.8796159 0.3643038 0.3058739 0.6071214 -0.2514762 -0.7537661 -0.9520714 -2.05577e-7 0.305876 -0.3643137 -0.8796108 -0.3058761 -0.6732044 -0.6732323 0.3058663 -0.3642894 -0.8796195 -0.3058803 -0.6732938 -0.6731392 0.3058746 -0.6571408 -9.97895e-7 -0.753768 0.6731772 0.6732536 0.3058793 -0.8796026 -0.3643331 -0.305877 -0.952071 0 0.3058772 -0.8795859 -0.3643741 -0.3058763 -0.9520717 1.1502e-5 0.3058751 0.6071198 0.2514781 -0.7537668 0.6731948 0.6732367 0.3058778 0.6732354 0.6731957 -0.3058784 0.87959 0.3643621 -0.3058786 0.6732373 0.6731953 0.3058754 0.4646685 -0.4646702 -0.7537671 0.3643575 0.8795917 0.3058793 -0.6731935 0.6732411 -0.3058708 -0.3643933 0.8795765 0.3058807 -0.6732284 0.6732105 -0.3058616 -0.3642944 0.8796212 0.30587 0.4646702 0.4646688 -0.753767 0.7071036 0.7071101 4.92202e-7 0.52762 -0.5276696 0.6657193 0.6894027 -0.2855566 0.6657187 -0.7462026 0 -0.665719 0 -0.7462029 -0.6657187 -0.285571 0.6893948 -0.6657206 0.2855717 -0.6893952 0.6657201 -8.37448e-7 0.7462026 -0.665719 -0.2855694 0.6893956 0.6657205 -0.5276346 0.5276538 0.6657202 -0.2855449 -0.6894094 -0.6657167 -4.37219e-7 -0.7462023 0.6657193 -4.65995e-7 0.7462024 0.6657193 -0.5276577 -0.5276339 -0.6657176 -0.2855433 -0.6894097 0.6657172 0.6571416 1.18222e-6 -0.7537672 0.6894032 0.2855564 -0.6657182 0.7462023 1.58784e-7 -0.6657193 0.5276208 -0.5276694 -0.6657187 0.2855712 -0.6893948 -0.6657206 0.689403 0.2855567 0.6657183 0.5276437 0.5276501 0.6657158 0.2855437 0.6894093 -0.6657174 0.2855443 0.6894093 0.6657172 0.6894031 -0.2855564 -0.6657184 -0.5276581 -0.5276346 0.6657167 -0.5276337 0.5276538 -0.6657209 0.7462026 0 0.665719 -0.6894022 0.2855572 -0.665719 -0.6894032 0.2855566 0.6657183 0.5276447 0.5276495 -0.6657156 -0.5138401 -0.8571447 0.0356577 -2.07156e-7 -0.9869464 -0.1610492 0.3778505 -0.9122121 -0.1584239 -0.9869464 0 -0.1610491 -0.8571448 -0.5138399 0.0356577 -0.912212 0.3778507 -0.158424 -0.9694327 -0.2427527 0.03565728 -0.6978765 -0.6978768 -0.1610478 -0.3778508 -0.912212 -0.1584239 -0.6978768 0.6978766 -0.1610478 -0.9694326 0.2427531 0.03565722 -0.3778508 0.912212 -0.1584239 -0.8571448 0.51384 0.0356577 -0.9122121 -0.3778507 -0.1584239 -1.52901e-7 0.9869464 -0.1610491 -0.51384 0.8571447 0.03565776 0.3778505 0.9122121 -0.158424 -0.2427529 0.9694327 0.03565746 0.6978765 0.6978767 -0.161048 0.2427524 0.9694328 0.03565746 0.9122119 0.3778508 -0.1584241 0.5138399 0.8571448 0.03565776 0.9869464 -2.21953e-7 -0.161049 0.8571448 0.51384 0.03565776 0.912212 -0.3778511 -0.1584237 0.9694326 0.242753 0.03565746 0.6978765 -0.6978769 -0.1610477 0.9694326 -0.2427529 0.03565752 0.8571447 -0.5138401 0.03565776 0.242752 -0.9694329 0.03565716 -0.2427532 -0.9694325 0.03565746 0.02643769 0.06382614 0.9976108 -0.7043459 0.09918528 0.7028934 -0.2036132 -0.4915663 0.846702 0.9799317 0.1339583 0.1476109 0.203613 0.4915661 0.8467022 0.7043461 -0.09918475 0.7028934 -0.5981943 -0.7876387 0.1476109 0.203613 -0.4915663 0.846702 -0.5681812 -0.4279164 0.7028924 -0.0638262 -0.02643775 0.9976108 0.4279164 -0.5681813 0.7028924 0.4915661 0.2036134 0.8467021 0.5981942 0.7876387 0.1476113 -0.2036132 0.4915662 0.8467021 0.5681809 0.4279162 0.7028928 -0.02643769 -0.0638262 0.9976108 0.5981943 -0.7876388 0.147611 0.568181 -0.4279164 0.7028926 -0.1339582 0.9799318 0.1476107 -0.4915664 0.2036132 0.8467019 0.09918493 0.7043458 0.7028936 0.02643781 -0.06382608 0.9976108 -0.02057343 -0.04967367 0.9985536 0.4986884 -0.4167612 0.7600131 -0.7876388 0.5981941 0.147611 -0.4915664 -0.2036132 0.8467019 -0.4279165 0.5681812 0.7028924 0.06382602 -0.02643775 0.9976108 0.1339579 -0.9799318 0.147611 0.4915664 -0.2036133 0.8467019 -0.09918552 -0.7043457 0.7028937 0.06382608 0.02643769 0.9976108 0.7876388 -0.5981941 0.1476111 -0.0638259 0.02643775 0.9976108 -0.02643775 0.06382614 0.9976108 0.7043463 0.09918493 0.7028931 0.6473245 0.05792647 0.7600102 0.9799317 -0.1339587 0.1476107 0.4279165 0.5681813 0.7028923 0.4167622 0.4986872 0.7600135 0.7876389 0.598194 0.147611 -0.09918564 0.704346 0.7028933 -0.05792689 0.6473236 0.760011 0.1339578 0.9799319 0.1476109 -0.568181 0.4279161 0.7028927 -0.4986883 0.4167613 0.7600132 -0.5981943 0.7876387 0.147611 -0.7043455 -0.09918522 0.7028939 -0.6473224 -0.05792254 0.7600123 -0.9799318 0.1339586 0.1476105 -0.4279164 -0.5681811 0.7028926 -0.4167619 -0.4986871 0.7600136 -0.7876388 -0.5981941 0.147611 0.09918463 -0.704346 0.7028934 0.05792462 -0.6473237 0.7600111 -0.1339586 -0.9799318 0.1476105 -0.9799318 -0.1339587 0.1476104 -0.3825525 -0.9235641 -0.02613782 -0.3771294 -0.9104727 0.1697434 0.923564 -0.3825526 -0.02613782 0.9104727 -0.3771295 0.1697434 0.51384 -0.8571447 0.03565758 0.923564 0.3825525 -0.02613782 0.9104726 0.3771296 0.1697435 0.3825522 -0.9235641 -0.02613794 0.377129 -0.9104729 0.1697437 0.3825522 0.9235641 -0.02613782 0.3771292 0.9104728 0.1697435 -0.3825524 0.923564 -0.02613782 -0.3771294 0.9104728 0.1697432 -0.923564 0.3825525 -0.02613782 -0.9104728 0.3771296 0.1697434 -0.9235641 -0.3825523 -0.02613782 -0.9104728 -0.3771295 0.1697434 0.03853571 -0.03853613 0.9985139 0.5424852 -0.5424931 0.6414135 -0.05793464 -0.6473187 0.7600146 0.04967141 0.02057564 0.9985538 2.40314e-7 -0.05449831 0.9985139 7.12399e-7 -0.7671902 0.6414197 -0.4986885 -0.4167613 0.7600131 -0.04967504 -0.02057558 0.9985536 -2.34607e-7 0.05449831 0.9985139 -2.21635e-6 0.7671889 0.6414214 0.4986885 0.4167613 0.7600131 -0.04967457 0.02057558 0.9985536 0.04967141 -0.02057558 0.9985538 -0.03853589 -0.03853601 0.9985139 -0.5424886 -0.5424901 0.641413 -0.6473225 0.0579217 0.7600123 0.03853619 0.03853613 0.9985139 0.5424881 0.542492 0.6414118 0.6473249 -0.05792939 0.7600097 -0.02057391 0.04967367 0.9985536 0.02057343 -0.04967367 0.9985536 -0.05449837 0 0.9985139 -0.7671865 -1.5831e-7 0.6414242 -0.4167618 0.498687 0.7600138 0.05449807 0 0.9985139 0.7671908 -3.95777e-7 0.6414191 0.4167622 -0.4986871 0.7600136 0.02057385 0.04967367 0.9985536 -0.03853607 0.03853607 0.9985139 -0.5424884 0.5424883 0.6414147 0.0579245 0.6473236 0.7600111 0 -0.8306502 -0.5567948 0.5600214 -0.4495288 0.6959167 -0.5600214 -0.4495288 0.6959167 -0.5873556 -0.5873557 -0.5568006 0.07812798 -0.713862 0.6959146 -0.7138625 0.07812798 0.695914 -0.8306519 -3.20612e-7 -0.556792 -0.4495292 -0.560021 0.6959167 -0.4495292 0.5600208 0.6959168 -0.5873544 0.5873556 -0.5568017 -0.713862 -0.07812815 0.6959146 0.07812792 0.7138623 0.6959143 -1.14504e-6 0.8306512 -0.5567932 -0.5600211 0.4495283 0.6959172 0.5600211 0.4495284 0.6959173 0.5873559 0.5873543 -0.5568017 -0.07812792 0.7138625 0.695914 0.7138629 -0.07812964 0.6959135 0.8306513 -3.20612e-7 -0.5567931 0.4495295 0.5600205 0.6959168 0.4495292 -0.5600207 0.6959169 0.5873564 -0.5873526 -0.5568029 0.713863 0.07812935 0.6959134 -0.07812547 -0.7138608 0.6959161 0 -0.9584715 0.2851888 -0.7127584 -0.6974136 0.07476532 0.7127584 -0.6974136 0.07476538 0 0 1 0.9584713 0 0.285189 0.6974136 -0.7127584 0.07476532 0.6974136 0.7127583 0.07476532 -0.9867156 0.09594166 0.1311017 0.5126304 -0.83754 0.1890417 0.09594321 -0.9867154 0.1311016 -0.2297439 0.9547147 0.1890443 -0.6298698 -0.7655561 0.131103 -0.6298698 0.7655561 0.131103 0.5126298 0.8375404 0.1890422 -0.9867155 -0.09594213 0.131102 0.09594368 0.9867153 0.1311019 0.9547146 0.2297438 0.1890448 -0.7655562 0.6298696 0.1311033 0.7655562 0.6298698 0.1311033 0.8375389 -0.512632 0.1890426 -0.09594416 0.9867153 0.131102 0.9867154 -0.09594303 0.131102 0.2297436 -0.9547148 0.1890443 0.6298696 0.7655563 0.131103 0.6298696 -0.7655563 0.131103 -0.0959447 -0.9867153 0.1311021 0.8375388 0.5126323 0.1890424 0.9867154 0.09594237 0.1311022 -0.8375376 0.5126335 0.1890444 -0.9547146 0.2297437 0.1890445 0.9547146 -0.2297435 0.189045 0.2297438 0.9547147 0.1890442 -0.8375379 -0.5126336 0.1890429 -0.5126292 0.8375411 0.1890403 -0.2297439 -0.9547147 0.1890443 -0.5126348 -0.8375363 0.1890464 0.7655562 -0.6298697 0.1311033 -0.9547146 -0.2297437 0.189045 -0.9971421 0.0108534 0.07476651 0.01085406 -0.997142 0.07476621 -0.6974136 -0.7127584 0.07476544 -0.6974135 0.7127584 0.0747655 0.01085311 0.997142 0.07476651 -0.997142 -0.01085436 0.07476639 -0.7127584 0.6974135 0.07476544 0.7127584 0.6974136 0.0747655 0.997142 -0.01085329 0.07476639 -0.01085388 0.9971421 0.07476627 -0.01085352 -0.9971421 0.07476621 0.9971421 0.01085358 0.07476615 -0.765556 -0.6298698 0.1311032 -0.6777415 -0.6777413 0.2851901 -0.9584715 0 0.2851888 -0.6777412 0.6777415 0.2851904 0.6777408 -0.6777417 0.2851908 0.6777412 0.6777411 0.2851909 -0.6519412 -0.6519405 0.387229 -0.8823574 -0.365484 0.2964238 -0.8518019 -0.3528272 0.3872292 0.8518019 -0.3528275 0.3872292 0.9550483 0 0.2964503 0.8823572 -0.3654844 0.2964238 -0.3528279 0.851802 0.3872287 -1.81241e-7 0.9550483 0.2964506 -1.93725e-7 0.9219838 0.3872286 0.3528273 0.8518019 0.3872293 0.3654841 0.8823574 0.2964236 -0.9550483 0 0.2964506 -0.9219838 0 0.3872282 0.6519411 -0.6519407 0.3872289 0.6753203 -0.6753211 0.2964524 -0.8518017 0.3528279 0.387229 -0.8823572 0.3654844 0.2964234 0.3528271 -0.8518018 0.3872296 0.3654838 -0.8823574 0.2964238 0.6753203 0.6753209 0.2964527 0.6519411 0.6519405 0.3872292 -0.3528276 -0.8518021 0.3872286 0 -0.9550481 0.2964513 -0.3654842 -0.8823574 0.2964235 0.8823572 0.3654844 0.2964237 0.8518018 0.3528273 0.3872294 -0.6519405 0.6519405 0.3872301 -0.675321 0.6753211 0.2964508 0 -0.9219838 0.3872286 -0.3654845 0.8823574 0.2964231 -0.6753204 -0.6753209 0.2964524 0.921984 0 0.387228 0 -0.9518095 -0.3066903 0.3613286 -0.8723244 0.3293812 -1.87181e-7 -0.9441967 0.3293825 0.9622221 0 -0.272266 -0.9622221 0 -0.2722657 -0.8889778 0.3682268 -0.2722638 0.8889778 -0.3682266 -0.272264 -0.6803948 0.6803948 -0.2722609 0.6803938 -0.6803947 -0.2722636 -0.3682268 0.8889778 -0.272264 0.3682262 -0.8889781 -0.2722639 -2.77516e-7 0.9622221 -0.2722659 -1.60804e-7 -0.9622222 -0.2722657 -0.3682264 -0.8889777 -0.2722645 0.3682264 0.8889779 -0.272264 -0.6803941 -0.6803945 -0.2722632 0.6803938 0.6803947 -0.2722636 -0.8889779 -0.3682264 -0.272264 0.888978 0.3682264 -0.272264 -3.06985e-7 0.8883985 0.459073 -2.27506e-7 -0.8883986 0.459073 -0.3399748 -0.8207723 0.4590749 0.3399748 0.8207725 0.4590748 -0.8207725 -0.3399748 0.4590749 0.8207726 0.3399745 0.4590749 -0.8883987 0 0.4590727 0.8883987 0 0.4590728 -0.8207725 0.339975 0.4590749 0.8207727 -0.3399748 0.4590745 -0.339975 0.8207727 0.4590744 0.3399746 -0.8207727 0.4590746 -0.872324 -0.361329 0.3293816 -0.6597548 -0.6597551 -0.3597871 -0.8620117 -0.3570575 -0.3597858 0.9441969 0 0.329382 0.8620117 -0.3570568 -0.3597864 0.8723242 -0.3613286 0.3293816 -1.87181e-7 0.9441967 0.3293825 -0.3570572 0.862012 -0.3597857 -4.32767e-7 0.9330353 -0.3597849 0.3570573 0.8620116 -0.3597861 0.3613285 0.8723241 0.329382 -0.9441967 0 0.3293824 -0.9330353 0 -0.359785 0.6676477 -0.6676476 0.3293833 0.6597546 -0.6597568 -0.3597847 -0.8620117 0.3570575 -0.3597859 -0.8723239 0.361329 0.3293819 0.357057 -0.8620117 -0.3597863 0.6597547 0.6597568 -0.3597845 0.6676478 0.6676477 0.3293828 -0.3613288 -0.8723242 0.3293814 -5.16799e-7 -0.9330353 -0.3597848 -0.3570571 -0.8620119 -0.3597856 0.8620119 0.357057 -0.3597856 0.8723242 0.3613284 0.3293819 -0.6597548 0.6597552 -0.3597871 -0.6676477 0.6676476 0.3293831 -0.361329 0.8723242 0.3293812 -0.6676477 -0.6676474 0.3293835 0.9330352 0 -0.3597852 -0.8763431 -0.3629931 0.3166368 -0.9520709 0 -0.3058776 -0.8795989 -0.3643419 -0.305877 -0.8793575 -0.3642421 -0.3066892 0.6730303 0.673031 -0.3066911 -0.364242 -0.8793575 -0.3066893 -2.66398e-7 0.9518092 -0.3066908 -0.9457859 0 -0.3247911 -0.9102759 0.3769317 0.1712319 -0.9015631 0.3734627 -0.2184256 0.6730303 -0.6730312 -0.3066909 -0.3642418 0.8793573 -0.3066896 0.8793575 -0.3642418 -0.3066892 -0.8793575 0.3642421 -0.306689 0.9518092 0 -0.3066911 -0.9518092 0 -0.3066909 -0.6707245 -0.6707246 0.3166342 -0.8536676 -0.3535992 -0.3823864 0.3504119 -0.8459697 0.4019289 0.3642415 -0.8793575 -0.3066899 -0.3504121 0.84597 0.401928 -0.6730312 0.6730312 -0.3066889 0.84597 -0.3504124 0.4019279 -0.8459702 0.3504121 0.4019279 0.9156712 0 0.4019282 -0.9156717 0 0.4019272 0.8793575 0.3642417 -0.3066896 0.8459701 0.3504122 0.4019277 -0.8459696 -0.3504126 0.4019285 -0.6730314 -0.6730312 -0.3066886 0.3504124 0.8459697 0.4019283 0.3642416 0.8793578 -0.3066888 -0.3504117 -0.84597 0.4019286 -6.98912e-7 0.9156719 0.4019266 -1.48232e-7 -0.9156717 0.4019272 -0.3080628 -0.7437308 -0.5932638 -0.5692261 -0.5692263 -0.5932648 -0.7437306 -0.3080627 -0.5932641 -0.8050089 0 -0.5932628 -0.7437306 0.3080627 -0.5932641 -0.569226 0.5692263 -0.5932649 -0.3080628 0.7437309 -0.5932637 -1.89776e-7 0.8050088 -0.5932631 0.3080625 0.7437304 -0.5932644 0.5692259 0.5692265 -0.5932649 0.7437304 0.3080627 -0.5932642 0.8050091 0 -0.5932625 0.7437305 -0.3080627 -0.5932642 0.5692259 -0.5692266 -0.5932647 0.3080624 -0.7437301 -0.5932647 -2.55216e-7 -0.8050089 -0.5932629 0.9485467 0 0.3166375 0.8536665 -0.3536003 -0.3823879 0.876343 -0.3629934 0.3166368 -2.33622e-7 0.9485467 0.3166375 -0.3535998 0.8536671 -0.3823868 -6.18871e-7 0.9240025 -0.3823867 0.362993 0.876343 0.3166372 0.3535994 0.8536678 -0.3823857 -0.9240023 0 -0.3823872 -0.9485467 0 0.3166375 0.6707243 -0.6707248 0.3166341 0.6533671 -0.6533683 -0.3823891 -0.8536676 0.3535994 -0.3823863 -0.8763428 0.3629934 0.316637 0.3535996 -0.8536674 -0.3823865 0.362993 -0.876343 0.3166372 0.6707245 0.6707247 0.316634 0.653369 0.6533669 -0.3823882 -0.3629934 -0.8763433 0.3166362 4.14652e-7 -0.9240026 -0.3823864 -0.3535989 -0.8536673 -0.3823874 0.8536673 0.3535998 -0.3823863 0.8763429 0.3629932 0.3166373 -0.6707246 0.6707248 0.3166338 -0.6533672 0.6533679 -0.3823897 0 -0.9485468 0.3166373 -0.3629933 0.876343 0.3166371 -0.653369 -0.6533671 -0.382388 0.9240028 0 -0.3823859 -0.3067474 -0.7405546 -0.5979005 -0.5667978 -0.5667966 -0.5978981 -0.7405548 -0.3067479 -0.5979 -0.8015702 0 -0.5979008 -0.7405548 0.3067478 -0.5979 -0.5667967 0.566797 -0.5978987 -0.3067479 0.7405545 -0.5979003 -3.42192e-7 0.8015705 -0.5979003 0.3067474 0.7405545 -0.5979007 0.5667977 0.5667967 -0.597898 0.7405542 0.3067479 -0.5979007 0.8015713 0 -0.5978993 0.7405535 -0.3067483 -0.5979015 0.5667964 -0.5667973 -0.5978986 0.3067475 -0.7405542 -0.5979009 0 -0.8015709 -0.5978999 0.3643414 0.879599 -0.3058774 0.6732157 0.6732158 -0.3058776 -3.13998e-7 0.9520708 -0.3058781 -1.69533e-7 -0.952071 -0.3058773 0.3643415 -0.8795991 -0.305877 -0.3643419 -0.879599 -0.3058769 -0.6732159 -0.6732158 -0.3058775 0.6732155 -0.6732158 -0.3058781 -0.3643419 0.8795992 -0.3058765 -0.6732157 0.6732157 -0.3058779 0.879599 -0.3643419 -0.3058768 -0.8795992 0.3643418 -0.3058765 -1.53141e-7 -0.7905656 0.6123775 0.9520709 0 -0.3058777 0.8795989 0.3643419 -0.3058772 -0.8908153 -0.3689889 0.2651327 -0.6410508 -0.6410484 -0.422032 -0.8375723 -0.3469322 -0.4220317 0.3504127 -0.8459707 0.4019261 -0.3504129 0.8459713 0.4019249 0.845971 -0.3504126 0.4019255 -0.8459691 0.3504139 0.4019284 0.9156742 0 0.4019213 -0.9156735 0 0.4019231 0.8459705 0.3504135 0.401926 -0.8459706 -0.3504135 0.4019255 0.3504124 0.8459714 0.401925 -0.3504127 -0.8459707 0.4019259 -4.43157e-7 0.915674 0.4019219 -2.15423e-7 -0.9156742 0.4019216 0.9642145 -1.23302e-7 0.2651236 0.8375716 -0.3469334 -0.4220321 0.8908147 -0.3689898 0.2651333 0 0.9642148 0.2651228 -0.3469314 0.8375723 -0.4220323 -8.59292e-7 0.9065818 -0.4220302 0.3469314 0.8375728 -0.4220314 0.3689894 0.8908149 0.2651338 -0.9642143 -3.6459e-7 0.2651242 -0.9065814 0 -0.4220311 0.6410519 -0.6410479 -0.4220308 0.6818003 -0.6817993 0.2651379 -0.8375726 0.3469326 -0.4220308 -0.8908149 0.3689901 0.2651326 0.3689896 -0.8908147 0.2651338 0.346931 -0.8375729 -0.4220317 0.6410529 0.6410473 -0.4220305 0.6818003 0.6817998 0.2651367 0 -0.9642142 0.2651248 -0.3469322 -0.8375723 -0.4220317 -0.3689903 -0.8908155 0.2651302 0.8908149 0.36899 0.2651326 0.8375713 0.3469336 -0.4220325 -0.6410504 0.6410483 -0.4220325 -0.6818 0.6817994 0.2651385 -2.1077e-7 -0.9065818 -0.4220303 -0.36899 0.8908147 0.2651332 -0.6817997 -0.6817996 0.2651388 0.9065809 0 -0.4220322 -0.3043222 -0.7347006 -0.6063029 -0.5623167 -0.5623148 -0.606302 -0.7347003 -0.3043226 -0.606303 -0.7952339 0 -0.6063029 -0.7347007 0.3043223 -0.6063025 -0.5623164 0.5623149 -0.6063022 -0.3043218 0.7347004 -0.6063032 -5.64932e-7 0.7952345 -0.6063022 0.3043218 0.7347001 -0.6063036 0.5623182 0.5623145 -0.6063009 0.7346994 0.3043231 -0.6063038 0.7952341 0 -0.6063027 0.7346997 -0.304323 -0.6063035 0.5623176 -0.5623144 -0.6063015 0.3043214 -0.7347006 -0.6063033 -1.26279e-7 -0.7952339 -0.6063028 -0.5590148 -0.5590149 0.6123765 -0.6281924 -0.6281923 0.4590741 -0.5590147 0.5590149 0.6123765 -0.6281924 0.6281924 0.4590737 -0.7905657 0 0.6123773 0 0.7905654 0.6123777 0.5590144 0.5590149 0.6123768 0.6281923 0.6281925 0.4590738 0.7905654 0 0.6123777 0.5590147 -0.5590151 0.6123763 0.6281922 -0.6281926 0.4590737 -0.3025364 -0.7303878 0.6123768 0.3025362 -0.7303882 0.6123765 0.7303881 -0.3025364 0.6123765 0.7303882 0.3025363 0.6123764 0.3025364 0.7303883 0.6123763 -0.3025364 0.7303878 0.6123768 -0.7303881 0.3025363 0.6123766 -0.7303881 -0.3025363 0.6123766 -0.3061138 -0.7390252 0.6001135 0.3061137 -0.739025 0.6001138 0.5656246 -0.5656248 0.6001147 0.6474777 -0.6474771 0.4019281 0.7390252 -0.3061141 0.6001132 0.7390254 0.3061141 0.6001131 0.6474773 0.6474772 0.4019284 0.5656246 0.5656248 0.6001146 0.3061144 0.7390255 0.6001127 -0.3061141 0.7390251 0.6001135 -0.5656251 0.5656248 0.6001141 -0.6474776 0.6474772 0.4019278 -0.7390256 0.3061142 0.6001127 -0.7390251 -0.3061143 0.6001133 -0.6474775 -0.6474772 0.4019281 -0.565625 -0.565625 0.6001139 -1.65767e-7 -0.7999151 0.6001132 0.7999143 0 0.6001144 -3.64687e-7 0.7999148 0.6001135 -0.7999145 0 0.600114 -1.66595e-7 -0.7999164 0.6001116 -0.3061141 -0.7390264 0.6001118 0.3061138 -0.7390268 0.6001115 0.5656246 -0.565626 0.6001135 0.7390267 -0.3061142 0.6001114 0.7999164 0 0.6001116 0.7390263 0.3061145 0.6001119 0.5656263 0.5656253 0.6001124 0.306114 0.7390272 0.600111 -1.28469e-7 0.7999161 0.6001119 -0.3061143 0.7390267 0.6001114 -0.5656264 0.5656255 0.6001123 -0.739025 0.3061149 0.6001132 -0.7999157 0 0.6001125 -0.7390263 -0.3061144 0.6001119 -0.565626 -0.5656259 0.6001122 -0.6474786 -0.6474781 0.4019249 -0.6474793 0.6474776 0.4019246 0.6474794 0.6474772 0.401925 0.6474775 -0.6474786 0.401926 -0.9234943 -0.3825213 -0.02891361 -0.9995816 -3.83247e-7 -0.02892488 0.9234939 0.3825221 -0.02891421 0.9995816 -1.3498e-7 -0.028925 -0.923494 0.382522 -0.02891421 0.9234939 -0.3825221 -0.02891325 -0.7068116 0.7068111 -0.02890717 0.706812 -0.7068106 -0.02890789 -0.3825219 0.9234941 -0.02891302 0.3825217 -0.9234941 -0.02891302 0 0.9995816 -0.02892625 -0.3825218 -0.923494 -0.02891647 0 -0.9995817 -0.02892392 0.3825217 0.9234941 -0.02891302 -0.7068116 -0.706811 -0.02890723 0.7068113 0.7068112 -0.0289089 0.7070395 -0.7070407 0.01373398 0.3826444 -0.9237933 0.01375341 -0.3826446 0.9237933 0.01375061 -7.91841e-7 0.9999055 0.01375186 -0.3826447 -0.9237932 0.01375335 0 -0.9999058 0.01373237 0.3826467 0.9237924 0.01375341 -0.7070396 -0.7070406 0.01373326 0.7070407 0.7070395 0.01373255 -0.9237933 -0.3826447 0.01374995 0.9237933 0.3826449 0.01375132 -0.9999055 1.14431e-6 0.01375007 0.9999055 0 0.01374989 -0.9237933 0.3826447 0.01374989 0.9237933 -0.382645 0.01374989 -0.7070395 0.7070407 0.01373112 -0.9835896 1.18196e-6 -0.1804203 -0.9087184 0.3764026 -0.1804215 0.9835896 0 -0.1804205 0.9087184 -0.3764029 -0.1804217 -0.6955 0.6955009 -0.1804392 0.6955002 -0.6955015 -0.1804364 -0.3764028 0.9087185 -0.1804212 0.3764029 -0.908719 -0.1804181 -7.00601e-7 0.98359 -0.1804187 0 -0.9835864 -0.1804378 -0.3764029 -0.908719 -0.1804183 0.3764048 0.9087182 -0.1804183 -0.6955003 -0.6955012 -0.1804371 0.6955013 0.6955 -0.180438 -0.9087185 -0.3764027 -0.1804216 0.9087186 0.3764029 -0.1804203 0.3783813 0.9134859 0.14957 0.6650438 0.6650463 -0.3397501 0.6991513 0.6991546 0.1495669 -0.6991536 -0.6991524 0.1495668 -0.8689275 -0.3599205 -0.3397387 -0.9134855 -0.3783776 0.1495816 0.9134857 0.3783773 0.1495816 0.8689279 0.3599199 -0.3397381 -0.9887523 2.21948e-7 0.1495626 -0.9405134 0 -0.3397568 0.9887526 0 0.1495614 0.9405133 0 -0.3397569 -0.868927 0.3599213 -0.339739 -0.9134857 0.3783782 0.1495791 0.8689275 -0.3599207 -0.3397382 0.9134855 -0.3783775 0.1495817 -0.6650452 0.6650451 -0.3397499 -0.699153 0.699153 0.1495668 0.6991527 -0.6991538 0.1495646 0.6650442 -0.6650447 -0.3397526 -0.3599201 0.8689271 -0.3397399 -0.3783774 0.913486 0.1495795 0.3783811 -0.913486 0.1495707 0.3599197 -0.8689234 -0.3397499 0 0.9887524 0.1495623 -1.48847e-7 0.9405134 -0.3397565 0 -0.9887523 0.1495625 -0.3599211 -0.8689272 -0.3397386 -0.3783783 -0.9134855 0.1495801 0 -0.9405136 -0.3397564 0.3599193 0.8689229 -0.3397516 -0.6650458 -0.6650441 -0.3397505 0.9124013 0.3779299 -0.1571402 0.6757885 0.6757897 0.29431 0.698321 0.6983225 -0.1571417 -0.9875754 -3.64869e-7 -0.1571457 -0.8829609 -0.3657345 0.29431 -0.9124014 -0.3779302 -0.1571385 0.9875757 0 -0.1571441 0.8829614 0.3657341 0.2943093 -0.8829606 0.3657351 0.29431 -0.9124009 0.3779312 -0.1571393 0.882961 -0.3657346 0.2943096 0.912401 -0.3779304 -0.1571401 -0.6757892 0.6757889 0.2943099 -0.6983218 0.6983217 -0.1571416 0.6757891 -0.6757891 0.2943097 0.6983217 -0.6983218 -0.1571416 -0.3779296 0.9124016 -0.1571388 0.3779295 -0.9124016 -0.1571388 -3.96108e-7 0.9875758 -0.157144 -0.3657339 0.8829611 0.29431 -3.17386e-7 -0.9875751 -0.1571477 0.3657336 -0.8829613 0.29431 0.3657329 0.8829616 0.29431 0.3779286 0.912402 -0.157139 -0.6757886 -0.6757895 0.29431 -0.3779303 -0.9124017 -0.157137 -0.6983212 -0.6983225 -0.1571412 -0.3657342 -0.8829603 0.2943123 -0.9235128 0.3825305 -0.02818512 0.9235126 -0.3825315 -0.02818536 -0.7068259 0.7068261 -0.02818167 0.7068255 -0.7068264 -0.02818113 -0.382531 0.9235127 -0.02818578 0.3825309 -0.9235128 -0.02818191 -1.57012e-7 0.9996029 -0.02818125 -0.3825308 -0.9235128 -0.02818632 0 -0.9996029 -0.02818012 0.3825312 0.9235127 -0.02818065 -0.7068257 -0.7068263 -0.02818101 0.7068254 0.7068265 -0.02818173 -0.9235128 -0.3825308 -0.02818447 0.9235126 0.3825313 -0.02818411 -0.9996029 3.90568e-7 -0.02818053 0.9996029 -1.97836e-7 -0.02818197 0.3826665 0.9238393 0.009336888 0.6776475 0.6776464 0.2856383 0.7070757 0.7070763 0.009335875 -0.9238396 -0.382666 0.009337067 -0.6776449 -0.6776492 0.2856379 -0.8853859 -0.366734 0.2856535 0.9238393 0.3826668 0.009336948 0.8853852 0.3667344 0.2856553 -0.9583342 0 0.2856497 -0.9999565 -4.44562e-7 0.009339213 0.9583343 1.42159e-6 0.2856489 0.9999564 0 0.009338617 -0.8853852 0.366735 0.2856549 -0.9238389 0.3826677 0.009337306 0.9238392 -0.3826668 0.009336769 0.8853849 -0.3667346 0.285656 -0.6776475 0.6776462 0.2856388 -0.7070761 0.7070758 0.009335458 0.6776447 -0.6776495 0.2856377 0.7070757 -0.7070764 0.009335994 -0.3826668 0.9238393 0.009337663 -0.3667372 0.8853844 0.2856543 0.3826663 -0.9238395 0.009337604 0.3667371 -0.8853843 0.2856546 0 0.958334 0.28565 0 0.9999564 0.00933969 4.13818e-7 -0.9583342 0.2856497 0 -0.9999565 0.009339034 -0.3826668 -0.9238393 0.00933665 -0.3667368 -0.8853836 0.2856574 0.3667371 0.8853846 0.2856536 -0.707076 -0.7070761 0.009335994 -1.46521e-7 0.9439395 -0.3301187 0.3612321 0.8720877 -0.3301129 -0.3612325 -0.8720881 -0.3301113 -0.6674617 -0.6674661 -0.3301271 -2.17951e-7 -0.9439398 -0.3301179 0.6674637 0.6674635 -0.3301284 -0.8720885 -0.3612298 -0.3301132 0.8720889 0.36123 -0.3301119 -0.9439395 0 -0.3301185 0.9439396 1.23078e-6 -0.3301186 -0.8720887 0.3612298 -0.3301128 0.8720887 -0.3612307 -0.330112 -0.6674646 0.6674634 -0.330127 0.6674618 -0.6674659 -0.3301275 -0.3612321 0.8720872 -0.3301144 0.361232 -0.8720875 -0.3301136 -0.9102759 -0.3769315 0.1712322 -0.901563 -0.3734628 -0.2184255 0.9015627 -0.3734635 -0.2184255 0.6966701 -0.6966704 0.1711761 0.6941123 -0.694113 -0.190828 0 0.9457858 -0.3247911 0.3769314 0.910276 0.1712318 0.3734624 0.9015632 -0.2184255 0.6966701 0.6966703 0.1711761 0.6941124 0.6941129 -0.1908281 0.3734624 -0.9015632 -0.2184258 0.376931 -0.9102762 0.1712321 -0.6966701 0.6966704 0.1711757 -0.6941125 0.6941127 -0.1908283 -2.62284e-7 -0.9457858 -0.3247913 0.9015626 0.3734636 -0.2184257 0.9102762 0.3769313 0.1712313 -0.3734631 -0.9015629 -0.2184252 -0.6966702 -0.6966703 0.1711758 -0.6941125 -0.6941127 -0.1908286 0.9457858 0 -0.3247912 -0.3734631 0.9015629 -0.2184255 -0.376931 0.9102762 0.171232 0 0.9851903 0.1714643 0.9102756 -0.3769322 0.1712321 -2.90136e-7 -0.9518092 0.3066911 0.3613286 -0.8723247 -0.3293806 0.3642421 -0.8793571 0.3066899 0 0.8898679 -0.4562183 -0.3405401 0.8221284 -0.4562209 1.22724e-7 -0.8898681 -0.456218 0.3405399 -0.8221284 -0.4562208 -0.6292367 -0.6292282 -0.456216 -0.3769308 -0.9102763 0.1712318 -0.3405401 -0.8221281 -0.4562213 0.6292247 0.629235 -0.4562234 0.3405401 0.8221283 -0.456221 -0.8898656 -1.35695e-7 -0.4562231 -0.8221281 -0.3405379 -0.456223 0.8898692 0 -0.4562159 0.8221282 0.3405364 -0.4562239 -0.822133 0.3405348 -0.4562165 -0.9851905 0 0.1714634 0.9851903 0 0.1714645 -0.6292368 0.6292281 -0.4562162 0.6292325 -0.6292307 -0.4562185 0.8221283 -0.3405381 -0.4562225 -0.6676481 -0.6676488 -0.32938 -0.862014 -0.3570555 0.3597825 -0.6597525 -0.6597567 0.3597884 0.9441974 1.87181e-7 -0.3293803 0.8620133 -0.3570548 0.3597847 0.9330317 4.62182e-7 0.3597944 -0.3570572 0.8620115 0.3597863 -5.24107e-7 0.9441968 -0.3293817 1.06721e-6 0.933035 0.3597859 0.3570579 0.862011 0.3597869 -0.9441968 3.79711e-7 -0.3293818 -0.9330372 0 0.3597801 0.8723242 -0.361329 -0.3293809 0.659753 -0.6597558 0.3597893 -0.8620108 0.3570567 0.3597888 0.6676476 -0.667649 -0.3293806 0.3570549 -0.8620122 0.3597872 0.6676477 0.6676488 -0.3293807 0.6597517 0.6597568 0.3597899 2.19324e-6 -0.933035 0.3597856 -0.3613293 -0.8723245 -0.32938 -0.3570585 -0.8620111 0.3597862 0.8723247 0.3613287 -0.3293804 0.8620116 0.3570565 0.3597871 -0.8723247 0.3613284 -0.3293805 -0.6597515 0.6597566 0.3597906 1.23005e-7 -0.9441968 -0.3293818 -0.6676486 0.667649 -0.3293786 -0.8763433 -0.3629931 -0.3166363 -0.952071 4.80233e-7 0.3058774 -0.9485463 -3.66361e-7 -0.3166387 -0.8793568 -0.3642426 0.3066907 -0.673031 -0.673031 0.3066896 0.364241 0.8793576 0.3066901 0.3613292 0.8723243 -0.3293809 -0.3642421 -0.879357 0.3066904 -5.4994e-7 0.951809 0.3066917 -0.3613287 0.8723247 -0.3293805 -0.3642421 0.879357 0.3066903 0.6730296 -0.6730321 0.3066906 -0.6730307 0.6730314 0.3066895 0.8793578 -0.3642414 0.306689 -0.8793569 0.3642424 0.3066906 0.9518085 0 0.3066932 -0.951809 5.1697e-7 0.3066917 0.8793574 0.3642416 0.3066901 -0.8723238 -0.3613294 -0.3293815 -0.6707258 -0.6707235 -0.3166338 -0.8536686 -0.3535964 0.3823866 -0.6533659 -0.653367 0.3823934 0.3504123 -0.8459711 -0.4019259 0.6474771 -0.6474799 -0.4019244 -0.3504124 0.8459714 -0.4019249 -0.6474803 0.6474769 -0.4019243 0.8459694 -0.3504133 -0.4019283 -0.8459702 0.3504146 -0.4019255 0.915672 0 -0.4019263 -0.9156721 3.22369e-7 -0.4019262 0.8459695 0.3504142 -0.4019274 -0.8459693 -0.3504155 -0.4019267 0.6730307 0.6730313 0.3066896 0.6474742 0.6474811 -0.4019273 -0.6474811 -0.6474769 -0.4019228 0.3504108 0.845972 -0.4019251 -0.3504123 -0.8459713 -0.4019252 -5.89339e-7 0.9156735 -0.4019232 -1.81571e-7 -0.9156731 -0.4019239 -0.5692266 -0.5692279 0.5932629 -0.3080636 -0.7437306 0.5932637 -0.8050118 0 0.5932589 -0.7437331 -0.3080615 0.5932615 -0.7437293 0.3080632 0.5932654 -0.5692248 0.5692287 0.5932638 7.32929e-7 0.8050087 0.5932631 -0.3080636 0.7437309 0.5932633 0.5692241 0.5692281 0.5932649 0.3080624 0.7437306 0.5932643 0.7437304 0.3080625 0.5932644 0.8050055 0 0.5932675 0.7437323 -0.3080618 0.5932623 0.5692241 -0.569228 0.5932651 7.26385e-7 -0.8050088 0.5932628 0.3080615 -0.7437309 0.5932644 0 -0.9851904 0.171464 0.9485469 -3.45123e-7 -0.3166369 0.8536658 -0.3536002 0.3823892 0.9240037 0 0.3823836 -0.3535988 0.8536664 0.3823892 -4.77862e-7 0.9485466 -0.3166377 9.14315e-7 0.9240014 0.382389 0.3536017 0.8536708 0.3823768 -0.9240018 -7.13207e-7 0.3823884 0.6707255 -0.6707238 -0.3166337 0.6533656 -0.6533673 0.3823934 -0.8536649 0.3536018 0.3823899 0.3535957 -0.8536677 0.3823892 0.6707243 0.6707248 -0.3166341 0.653364 0.6533687 0.3823935 2.90258e-6 -0.9240016 0.3823887 -0.3629923 -0.8763436 -0.3166365 -0.3535982 -0.8536666 0.3823894 0.8536663 0.353601 0.3823878 -0.6707262 0.6707234 -0.3166329 -0.6533662 0.653366 0.3823944 4.24766e-7 -0.9485467 -0.3166374 -0.3067475 -0.7405533 0.597902 -0.7405561 -0.3067464 0.5978991 -0.566794 -0.5667967 0.5979014 -0.8015695 0 0.5979018 -0.7405521 0.3067478 0.5979033 -0.3067476 0.7405533 0.597902 -0.5667942 0.5667967 0.5979013 7.55127e-7 0.8015694 0.5979019 0.3067485 0.7405576 0.5978962 0.7405527 0.3067476 0.5979027 0.566794 0.5667968 0.5979014 0.8015728 0 0.5978972 0.7405527 -0.3067477 0.5979027 0.3067456 -0.7405534 0.5979028 0.5667939 -0.566797 0.5979014 7.27159e-7 -0.8015697 0.5979015 0.3643417 0.8795996 0.3058755 0.6732164 0.6732162 0.3058753 0.3629935 0.8763423 -0.3166385 -2.95528e-7 0.9520714 0.3058762 0.3629918 -0.8763433 -0.3166375 0 -0.9520716 0.3058754 -0.3643413 -0.8795998 0.3058754 -0.6732174 -0.6732153 0.3058751 0.364341 -0.8795999 0.3058753 -0.3643413 0.8795999 0.3058748 -0.3629925 0.8763431 -0.3166372 0.8795995 -0.3643422 0.3058751 0.6732167 -0.6732156 0.305876 -0.8763421 0.3629942 -0.3166385 -0.8795993 0.3643427 0.3058753 -1.69971e-7 -0.7905616 -0.6123826 0.8763421 0.3629938 -0.3166388 0.9520713 0 0.3058764 -0.6732173 0.6732152 0.3058755 0.8763427 -0.3629937 -0.3166375 0.8795996 0.3643421 0.305875 -0.6410465 -0.6410518 0.4220331 -0.8908151 -0.3689893 -0.2651327 -0.8375709 -0.3469347 0.4220326 0.3504095 -0.8459709 -0.4019284 0.6474788 -0.6474766 -0.4019271 -0.8795995 -0.3643423 0.3058751 -0.3504099 0.8459714 -0.4019273 -0.6474762 0.6474775 -0.4019296 0.8459705 -0.3504126 -0.4019268 -0.8459728 0.3504104 -0.4019237 0.9156708 2.72871e-7 -0.4019292 -0.9156727 6.62684e-7 -0.4019249 0.8459705 0.350412 -0.4019272 -0.8459682 -0.3504143 -0.40193 0.6474753 0.6474784 -0.4019299 -0.6474819 -0.647474 -0.4019261 0.3504156 0.8459692 -0.4019268 -0.3504099 -0.8459712 -0.4019276 -2.66715e-7 0.9156723 -0.4019258 1.84648e-7 -0.9156721 -0.4019262 0.9642141 -1.7249e-7 -0.2651249 0.8375715 -0.3469338 0.4220321 0.9065845 -2.30021e-7 0.4220245 -0.3469338 0.8375731 0.4220287 -6.20833e-7 0.9642146 -0.2651234 -1.64157e-6 0.906583 0.4220277 0.3469299 0.8375745 0.4220293 -0.9642141 0 -0.265125 -0.9065863 -1.85435e-7 0.4220208 0.8908151 -0.3689893 -0.2651326 0.6410502 -0.6410499 0.4220305 -0.8375729 0.3469334 0.4220297 0.3689905 -0.8908141 -0.2651342 0.3469354 -0.8375729 0.4220278 0.3689895 0.8908146 -0.2651342 0.641047 0.6410515 0.422033 -1.17884e-6 -0.9642114 -0.2651349 -0.3469342 -0.8375733 0.4220282 -1.82093e-6 -0.9065829 0.4220278 0.8908152 0.3689892 -0.2651325 0.8375737 0.3469327 0.4220285 -0.890815 0.3689899 -0.2651324 -0.6410464 0.6410518 0.4220333 -0.3689896 0.8908147 -0.265134 -0.3689899 -0.8908154 -0.2651307 -0.3043245 -0.7347012 0.606301 -0.7346986 -0.3043241 0.6063043 -0.5623129 -0.5623176 0.6063029 -0.7952376 1.4954e-7 0.6062979 -0.7347006 0.3043236 0.606302 -0.3043244 0.734701 0.6063011 -0.5623133 0.5623172 0.606303 -1.0202e-6 0.7952345 0.6063022 0.3043215 0.734701 0.6063027 0.7347012 0.3043233 0.6063016 0.562313 0.5623178 0.6063026 0.7952361 0 0.6062999 0.7346992 -0.3043242 0.6063035 0.3043251 -0.734701 0.6063009 0.5623156 -0.5623166 0.6063014 -1.10826e-6 -0.795234 0.6063027 -0.5590158 -0.5590106 -0.6123795 -0.5590158 0.5590106 -0.6123794 -0.7303879 0.3025336 -0.6123781 -0.7905592 0 -0.6123856 -1.49777e-7 0.7905614 -0.612383 -0.3025372 0.7303838 -0.6123812 0.5590068 0.5590139 -0.6123846 0.3025372 0.7303842 -0.6123808 0.7905624 0 -0.6123815 0.7303838 0.3025348 -0.6123824 0.3025369 -0.7303842 -0.6123809 0.5590128 -0.5590121 -0.6123808 -0.3025372 -0.7303838 -0.6123813 -0.7303836 -0.3025351 -0.6123826 0.7303836 -0.302535 -0.6123826 -0.3061141 -0.7390265 -0.6001118 -1.92289e-7 -0.7999165 -0.6001116 0.3061139 -0.7390261 -0.6001122 0.5656253 -0.5656257 -0.6001132 0.7390245 -0.3061154 -0.6001136 0.7999143 0 -0.6001144 0.7390246 0.3061153 -0.6001135 0.5656227 0.5656266 -0.6001146 0.3061142 0.7390268 -0.6001113 -1.92289e-7 0.799916 -0.600112 -0.306114 0.7390263 -0.600112 -0.5656269 0.5656251 -0.600112 -0.739026 0.3061149 -0.600112 -0.7999145 0 -0.6001141 -0.7390247 -0.3061153 -0.6001132 -0.5656282 -0.5656249 -0.6001111 -0.3061134 -0.7390266 -0.600112 0 -0.7999165 -0.6001115 0.3061131 -0.7390264 -0.6001123 0.5656257 -0.5656256 -0.6001127 0.7390267 -0.3061144 -0.6001113 0.7999142 -1.72398e-7 -0.6001144 0.7390267 0.3061141 -0.6001114 0.5656234 0.5656265 -0.6001141 0.3061171 0.7390262 -0.6001105 0 0.7999161 -0.600112 -0.3061133 0.7390265 -0.600112 -0.5656241 0.5656263 -0.6001135 -0.7390295 0.3061137 -0.6001082 -0.7999162 0 -0.6001119 -0.7390249 -0.3061151 -0.6001132 -0.5656281 -0.565625 -0.6001111 -0.9234942 -0.3825214 0.02891343 0.9234942 0.3825214 0.02891391 -0.923494 0.3825218 0.02891391 0.923494 -0.3825221 0.02891296 -0.7068098 0.7068129 0.028907 -0.6817983 0.6818011 -0.2651385 0.7068096 -0.706813 0.02890783 0.6817983 -0.6818014 -0.2651376 -0.3825223 0.9234938 0.02891266 -0.3825221 -0.9234938 0.02891606 0.3825231 -0.9234935 0.02891266 0.3825219 0.9234941 0.02891266 -0.7068082 -0.7068144 0.02890765 -0.6817967 -0.6818029 -0.2651379 0.7068082 0.7068144 0.02890932 0.6817975 0.681803 -0.2651357 0.7070701 -0.7070763 -0.009746134 -0.3826668 0.923835 -0.009756147 -6.36335e-7 0.9995816 0.02892595 -2.81601e-7 -0.9999523 -0.009767234 -1.0461e-6 -0.999582 0.02891415 -2.36693e-6 0.9999523 -0.009769201 -0.382667 -0.9238349 -0.009757101 0.382666 0.9238353 -0.009755909 -0.7070695 -0.7070769 -0.009746491 0.7070694 0.707077 -0.009747207 -0.9238366 -0.382663 -0.009757876 -0.9995817 0 0.0289244 0.923837 0.382662 -0.009759187 0.9995817 0 0.0289238 -0.9999523 2.20994e-7 -0.009766221 0.9238361 -0.3826638 -0.009759128 -0.9238358 0.3826645 -0.009759187 -0.7070702 0.7070763 -0.009746134 -0.9124312 0.3779411 0.1569389 0.9876064 -2.91242e-7 0.1569519 0.9999525 0 -0.009746789 -0.6983402 0.698346 0.1569517 0.6983401 -0.6983462 0.1569517 0.3826655 -0.9238355 -0.009758889 -0.3779435 0.9124298 0.1569422 -0.3779436 -0.9124298 0.1569412 0.3779422 -0.9124307 0.1569395 -2.38017e-6 0.9876099 0.156929 -0.6983396 -0.6983467 0.1569514 0.6983396 0.6983469 0.1569507 -0.9124317 -0.3779394 0.1569401 -0.9557121 0 0.2943032 0.9557116 -1.971e-7 0.294305 0.9124324 0.3779384 0.156939 0.9124316 -0.3779402 0.1569391 -1.58641e-7 0.9557117 0.2943048 0 -0.9557127 0.2943015 0.3779426 0.91243 0.1569426 0 0.9584715 0.2851888 -0.1556375 0.9605334 -0.2305485 -9.91482e-7 0.9489836 -0.3153254 0 0.9763934 -0.2159999 -0.1556376 -0.9605334 -0.2305485 6.60989e-7 -0.9489844 -0.3153231 -0.4866082 -0.5475124 -0.6807662 0.9605332 -0.1556385 -0.2305488 0.9489826 -4.29651e-7 -0.3153284 0.5475131 -0.4866076 -0.6807662 0.1556375 0.9605333 -0.2305487 0.6573802 0.6573656 -0.3684045 0.6174986 0.6174989 0.4872274 0.9605332 0.1556382 -0.2305486 0.9763934 0 -0.2160001 -0.9605334 -0.1556378 -0.2305482 -0.6573672 -0.6573751 -0.3684104 -0.5475119 -0.4866081 -0.6807668 0.1556371 -0.9605334 -0.230549 0.6573716 -0.6573721 -0.3684082 0.4866066 -0.5475122 -0.6807675 -0.6174985 -0.6174989 0.4872277 -0.9605336 0.1556378 -0.230548 -0.9489828 -1.6525e-7 -0.315328 -0.5475118 0.4866081 -0.6807668 -0.6573672 0.6573752 -0.3684104 -0.486608 0.5475122 -0.6807665 0.6174978 -0.6174998 0.4872274 0 -0.9763936 -0.2159991 -0.9763935 0 -0.2159996 -0.6174985 0.6174988 0.4872277 0.4866069 0.5475125 -0.6807671 0.547513 0.4866076 -0.6807662 -0.3764092 0.9099999 -0.1738283 0 0.8352089 -0.5499328 0 0.9848744 -0.1732703 -0.3764091 -0.9099998 -0.1738293 0 -0.8352087 -0.5499332 -0.3093071 -0.7643219 -0.5658102 0.9100021 -0.3764013 -0.1738342 0.8352053 9.99497e-7 -0.5499384 0.7643222 -0.3093003 -0.5658136 0.6962997 0.6963099 -0.1741247 0.3093047 0.7643227 -0.5658105 0.5802455 0.5802535 -0.5715077 0.9100021 0.3764012 -0.1738345 0.9848731 1.24501e-6 -0.1732771 -0.6963021 -0.6963077 -0.1741237 -0.7643189 -0.3093051 -0.5658154 -0.9099988 -0.3764079 -0.1738376 0.6963036 -0.6963061 -0.1741239 0.3093013 -0.7643203 -0.5658157 0.376402 -0.910001 -0.173838 -0.5802467 -0.5802529 -0.5715071 -0.9100007 0.3764047 -0.1738347 -0.8352055 0 -0.549938 -0.7643213 0.3093031 -0.5658134 -0.6963022 0.6963074 -0.1741242 -0.3093072 0.764322 -0.56581 0.5802509 -0.5802497 -0.5715062 0 -0.9848744 -0.1732702 -0.9848731 0 -0.1732774 -0.5802462 0.5802527 -0.5715078 0.376406 0.910001 -0.1738296 0.7643221 0.3093004 -0.5658137 0.9054566 0.3134193 -0.2862111 0.8794596 0 -0.4759737 -0.3134188 -0.9054568 -0.286211 -0.52685 -0.5268486 -0.666978 -0.313419 0.9054568 -0.2862108 -0.5268486 0.5268489 -0.666979 0.3134181 -0.905457 -0.2862111 -3.05322e-7 -0.8794596 -0.4759737 -0.905457 0.3134185 -0.2862107 0.526848 0.5268492 -0.6669791 0.3134183 0.905457 -0.2862109 0.5268484 -0.5268492 -0.6669789 -0.8794596 0 -0.4759736 0.9054567 -0.3134191 -0.2862108 -0.905457 -0.3134185 -0.2862109 0 0.8794594 -0.4759739 0.5295472 0.5295472 -0.6626912 0.6809143 0.2419792 -0.6912321 0 0.7690885 -0.6391425 0.2419793 0.680914 -0.6912323 -0.5295473 0.5295472 -0.6626911 -0.7690894 0 -0.6391413 -4.79702e-7 -0.7690888 -0.639142 0.529547 -0.5295474 -0.6626912 -0.2419793 0.680914 -0.6912323 -0.6809147 0.2419788 -0.6912319 -0.5295475 -0.5295472 -0.6626909 0.2419787 -0.6809144 -0.6912322 -0.680915 -0.2419787 -0.6912317 0.7690889 0 -0.6391419 0.6809143 -0.2419792 -0.6912321 -0.2419793 -0.6809139 -0.6912325 -5.3769e-7 0.1416053 -0.9899232 5.1968e-7 -0.1416056 -0.9899232 -0.2950909 -0.6875141 -0.6635102 0.1415985 -1.20262e-7 -0.9899242 0.6875138 -0.2950915 -0.6635102 0.2950906 0.6875141 -0.6635103 0.052423 0.05242222 -0.9972481 -0.687514 -0.295091 -0.6635103 0.2950897 -0.6875144 -0.6635104 -0.052423 -0.05242216 -0.9972482 -0.1415982 0 -0.9899243 -0.6875137 0.2950916 -0.6635102 -0.2950912 0.6875146 -0.6635096 0.05242186 -0.0524221 -0.9972482 -0.05242067 0.0524221 -0.9972482 0.6875138 0.2950914 -0.6635103 -0.6757351 0.6757315 0.2945659 -0.5748242 0.2381004 -0.7828701 -0.439949 0.4399496 -0.7828724 0 0.9556302 0.2945692 -0.2380997 0.5748245 -0.7828699 0 0.6221838 -0.7828713 0.675736 0.6757302 0.2945669 0.5748233 0.2381008 -0.7828705 0.8828849 0.365705 0.2945744 0.2380989 0.574825 -0.7828699 0.3657004 0.8828868 0.2945745 -0.7503959 0 0.6609886 -0.6932753 -0.2871665 -0.6609877 -0.6932747 -0.2871664 0.6609883 0.882887 -0.365703 0.2945709 0.43995 -0.4399502 -0.7828715 0.6757357 -0.67573 0.2945681 0.4399485 0.4399498 -0.7828727 0.2318095 0.5596355 0.7956585 -0.9556313 7.66142e-7 0.2945657 -0.5748248 -0.2380987 -0.7828701 -0.6221849 5.69643e-7 -0.7828705 0.3657026 -0.8828872 0.2945709 0.2381007 -0.5748242 -0.7828699 0.4283232 -0.428326 0.7956609 -0.8828853 0.3657046 0.2945741 0.4283232 0.4283258 0.795661 0.9556302 6.03029e-7 0.2945694 0.5748254 -0.2380985 -0.7828696 -8.98363e-7 -0.6221844 -0.7828708 -1.63114e-7 -0.9556292 0.2945724 -0.8828863 -0.3657038 0.294572 -0.4399484 -0.4399506 -0.7828723 -0.6211096 0.2572641 0.740296 -0.9367522 2.5365e-7 -0.3499934 -0.8654477 0.3584807 -0.3499888 -0.4753629 0.4753747 0.7403033 -0.3584828 0.8654463 -0.3499897 -0.2572723 0.6210966 0.7403041 0.4753649 -0.4753714 0.7403041 0.8654485 -0.3584804 -0.3499869 0.6623814 -0.6623905 -0.3499853 0.2572706 -0.6210977 0.7403036 -2.59016e-6 -0.9367555 -0.3499846 -3.58757e-6 -0.6722686 0.7403073 -0.6211031 -0.2572607 0.7403026 -0.6722785 0 0.7402985 -0.6623806 0.6623906 -0.3499867 0.2572633 0.6210992 0.7403049 0 0.936752 -0.3499938 0.35848 0.8654475 -0.3499898 0.475352 0.4753776 0.7403085 0.8654493 0.3584777 -0.3499876 0.6211029 0.2572624 0.7403022 0 0.6722778 0.740299 -0.2572721 -0.6210961 0.7403045 -0.358483 -0.8654467 -0.3499888 0.6210936 -0.2572686 0.7403079 0.936752 0 -0.349994 0.6623815 0.6623902 -0.349986 0.6722779 0 0.740299 -0.4753523 -0.4753772 0.7403085 -0.8654495 -0.3584766 -0.3499882 0.3584821 -0.865447 -0.3499888 -0.6623806 -0.6623907 -0.3499864 0.2820134 0.2820035 0.9170293 -0.3826809 -0.9238806 9.50132e-7 -0.7071067 -0.707107 -6.00656e-7 -0.3684712 0.1526151 0.9170266 0.7071061 -0.7071076 2.05315e-6 -0.2820236 0.2819931 0.9170292 -0.2819832 -0.282032 0.9170297 0.9238795 0.3826838 5.56975e-7 -0.3684562 -0.1526422 0.9170281 -1.40573e-5 -0.398826 0.9170267 0.3826804 0.9238808 2.21698e-6 -0.1526156 -0.3684709 0.9170266 0.2943356 0.2943719 0.909237 0.3845989 0.1592915 0.909236 -0.1526318 0.3684578 0.9170292 -9.61051e-7 -1 2.73026e-6 -9.16028e-7 0.3988214 0.9170287 0.2820079 -0.2820081 0.9170295 -0.3826803 0.9238809 1.32145e-6 0.1526255 -0.3684677 0.9170262 -0.398824 1.21493e-5 0.9170274 1 1.77468e-7 -2.26066e-6 0.7071059 0.7071077 -5.67894e-7 0.3988262 -4.09609e-7 0.9170266 -0.9238793 0.3826841 -1.3979e-6 0.3684724 -0.1526141 0.9170262 -0.3845983 0.1592927 0.909236 0.1526131 0.3684731 0.9170261 0.3826826 -0.9238799 -8.95526e-7 0 1 -8.40923e-7 -0.7071081 0.7071055 -4.0517e-6 0.2318087 -0.5596357 0.7956587 -0.9238796 0.3826836 -2.59921e-6 0.3988212 -1.11423e-5 -0.9170288 0.3684578 -0.1526381 -0.9170281 0.2943494 -0.2943504 0.9092394 -1 0 -1.63816e-6 0.368458 -0.1526377 -0.9170281 0.2820115 -0.2820062 0.9170289 -0.7071072 0.7071064 0 0.4162791 4.38169e-7 -0.909237 0.3845978 -0.159294 -0.909236 -0.4283244 0.4283247 0.795661 -0.2318094 0.5596352 0.7956588 -0.3826841 0.9238794 -1.90027e-6 0.2820133 -0.2820034 -0.9170293 0.1526277 -0.3684684 -0.9170256 -1.31143e-5 -0.4162778 0.9092376 -0.3657031 0.8828859 0.294574 0.1526379 -0.3684545 -0.9170295 2.35771e-7 -0.3988238 0.9170277 0 1 0 0.2943539 -0.2943475 -0.9092389 0.1593039 -0.3845957 -0.9092352 0.6221858 0 -0.7828697 0.707108 -0.7071056 0 -0.3684743 0.1526123 -0.9170258 -0.2820401 0.2819787 -0.9170286 -0.2943779 0.2943279 0.9092375 -0.1592944 0.384595 0.9092371 0.9238798 -0.3826828 -4.69605e-7 -0.2820142 0.2820015 -0.9170296 -0.152626 0.3684704 0.9170251 0.3826838 -0.9238794 -3.71316e-7 -0.2943661 0.294332 -0.90924 0.5596386 0.2318057 0.7956576 -1.21581e-6 0.3988257 -0.9170268 -1.34329e-6 -1 -1.80198e-6 -7.04201e-7 0.4162765 0.9092381 -0.3657036 -0.8828858 0.2945734 0.1592909 0.3845989 0.9092361 -1.86537e-6 0.3988273 -0.9170261 -8.66058e-7 0.3988279 0.9170259 -0.382683 -0.9238798 -2.1023e-6 0.1526464 0.3684563 0.9170274 -2.33169e-6 0.4162786 -0.9092372 -0.6757329 -0.6757332 0.2945671 -0.2381001 -0.5748242 -0.7828701 -0.9238795 -0.3826838 1.31053e-7 -1 -2.89408e-7 1.32145e-6 0.3988232 -1.06358e-5 0.9170278 -0.9238799 -0.3826825 6.55262e-7 0.3988239 -1.05426e-5 -0.9170275 1.09223e-6 -0.6057431 0.7956603 -1.31138e-5 -0.4162808 -0.9092361 0.4162756 -9.71173e-6 0.9092385 0.3845826 -0.1593194 0.909238 0.3684529 -0.1526429 0.9170292 0.2820125 -0.2820025 -0.9170297 0.382684 0.9238793 -1.52895e-6 -1.40401e-5 -0.3988283 -0.9170257 -0.1526108 -0.368473 -0.9170265 -0.2943222 -0.2943882 0.909236 -0.1526201 -0.3684728 -0.917025 -0.282031 -0.2819924 0.9170272 0.7071071 0.7071065 0 -0.1592927 -0.3845977 -0.9092363 0.9238798 0.382683 -2.85039e-6 -0.2819839 -0.282045 -0.9170255 -0.3684734 -0.1526144 -0.9170258 -0.4162786 9.14977e-7 0.9092372 -0.3684561 -0.1526401 -0.9170284 -0.3988254 0 0.9170269 1 3.49473e-7 1.35421e-6 -0.2943247 -0.2943755 -0.9092394 -0.3845814 -0.1593211 -0.9092382 0 0.6057434 0.7956602 -0.1593101 0.3845861 -0.9092382 0.1593028 -0.384594 0.9092361 0.1526288 -0.3684593 0.917029 0 -0.3988229 -0.917028 -0.2318096 -0.5596355 0.7956586 0.1526141 0.3684716 -0.9170265 0.1526501 0.3684521 -0.9170284 0.559637 -0.231806 0.7956585 0.9238798 -0.3826829 -1.79106e-6 -0.3988249 3.99721e-7 -0.9170271 -0.3684706 0.1526165 0.9170265 -0.3988263 -7.66128e-7 -0.9170266 -0.3684713 0.1526151 -0.9170265 -0.3845955 0.1592969 -0.9092364 -0.5596355 0.2318077 0.7956591 -0.4162791 1.04378e-5 -0.909237 -0.1592963 -0.3845956 0.9092364 -0.1526107 -0.3684687 0.9170283 -0.2820352 -0.2819868 -0.9170275 0.6057445 0 0.7956593 0.294354 0.2943487 -0.9092385 -0.3846007 -0.1592923 0.9092351 -0.3684514 -0.1526447 0.9170296 -0.4283243 -0.4283246 0.795661 -0.5596371 -0.2318074 0.795658 0.281995 0.2820308 -0.9170264 0.3684751 0.1526132 -0.9170253 0.281994 0.282032 0.9170264 0.3684726 0.1526147 0.917026 0.2819921 0.2820307 -0.9170274 0.3684726 0.1526144 -0.9170262 0.3684705 0.1526148 0.9170268 0.3845991 0.1592947 -0.9092353 0.1592911 0.3845989 -0.9092361 -0.1526124 0.3684717 -0.9170268 -0.2820119 0.2820047 0.9170292 -0.1526293 0.3684656 -0.9170264 -0.7071072 -0.7071064 0 0.6932776 -0.2871622 -0.6609873 2.19439e-6 -0.7503963 0.6609883 -0.2871698 0.693273 0.6609888 2.15004e-6 -0.7503963 -0.6609883 0.287163 -0.6932764 -0.6609881 -2.83344e-6 0.7503961 0.6609886 -0.287169 0.6932728 -0.6609892 -0.5306124 0.5306078 -0.6609886 -0.7503958 0 -0.6609888 -0.2871632 -0.6932762 0.6609883 -2.73509e-6 0.7503963 -0.6609883 -0.5306122 -0.5306083 0.6609883 -0.2871654 -0.6932758 -0.6609878 0.7503958 0 0.6609888 -0.6057459 0 0.7956582 0.2871612 -0.6932768 0.6609885 0.7503961 0 -0.6609885 0.6932753 0.2871652 -0.6609883 0.530612 0.5306081 0.6609886 0.2871651 0.6932758 -0.6609879 0.2871633 0.6932763 0.6609881 0.5306096 -0.5306116 -0.6609877 0.5306088 -0.5306118 0.6609884 0.6932779 -0.2871619 0.660987 -0.5306136 -0.5306077 -0.6609879 -0.5306124 0.5306081 0.6609883 -0.6932751 0.2871664 -0.660988 -0.6932748 0.2871668 0.6609882 0.6932752 0.2871647 0.6609886 0.5306127 0.5306077 -0.6609884 -0.9876095 0 0.1569319 -2.51072e-7 -0.9876097 0.1569305</float_array>
          <technique_common>
            <accessor source="#Cylinder-mesh-normals-array" count="2830" stride="3">
              <param name="X" type="float"/>
              <param name="Y" type="float"/>
              <param name="Z" type="float"/>
            </accessor>
          </technique_common>
        </source>
        <source id="Cylinder-mesh-map-0">
          <float_array id="Cylinder-mesh-map-0-array" count="33984">0 0 0 0 0 0 0 0 0 0 0 0 0 0 0 0 0 0 0 0 0 0 0 0 0 0 0 0 0 0 0 0 0 0 0 0 0 0 0 0 0 0 0 0 0 0 0 0 0 0 0 0 0 0 0 0 0 0 0 0 0 0 0 0 0 0 0 0 0 0 0 0 0 0 0 0 0 0 0 0 0 0 0 0 0 0 0 0 0 0 0 0 0 0 0 0 0 0 0 0 0 0 0 0 0 0 0 0 0 0 0 0 0 0 0 0 0 0 0 0 0 0 0 0 0 0 0 0 0 0 0 0 0 0 0 0 0 0 0 0 0 0 0 0 0 0 0 0 0 0 0 0 0 0 0 0 0 0 0 0 0 0 0 0 0 0 0 0 0 0 0 0 0 0 0 0 0 0 0 0 0 0 0 0 0 0 0 0 0 0 0 0 0 0 0 0 0 0 0 0 0 0 0 0 0 0 0 0 0 0 0 0 0 0 0 0 0 0 0 0 0 0 0 0 0 0 0 0 0 0 0 0 0 0 0 0 0 0 0 0 0 0 0 0 0 0 0 0 0 0 0 0 0 0 0 0 0 0 0 0 0 0 0 0 0 0 0 0 0 0 0 0 0 0 0 0 0 0 0 0 0 0 0 0 0 0 0 0 0 0 0 0 0 0 0 0 0 0 0 0 0 0 0 0 0 0 0 0 0 0 0 0 0 0 0 0 0 0 0 0 0 0 0 0 0 0 0 0 0 0 0 0 0 0 0 0 0 0 0 0 0 0 0 0 0 0 0 0 0 0 0 0 0 0 0 0 0 0 0 0 0 0 0 0 0 0 0 0 0 0 0 0 0 0 0 0 0 0 0 0 0 0 0 0 0 0 0 0 0 0 0 0 0 0 0 0 0 0 0 0 0 0 0 0 0 0 0 0 0 0 0 0 0 0 0 0 0 0 0 0 0 0 0 0 0 0 0 0 0 0 0 0 0 0 0 0 0 0 0 0 0 0 0 0 0 0 0 0 0 0 0 0 0 0 0 0 0 0 0 0 0 0 0 0 0 0 0 0 0 0 0 0 0 0 0 0 0 0 0 0 0 0 0 0 0 0 0 0 0 0 0 0 0 0 0 0 0 0 0 0 0 0 0 0 0 0 0 0 0 0 0 0 0 0 0 0 0 0 0 0 0 0 0 0 0 0 0 0 0 0 0 0 0 0 0 0 0 0 0 0 0 0 0 0 0 0 0 0 0 0 0 0 0 0 0 0 0 0 0 0 0 0 0 0 0 0 0 0 0 0 0 0 0 0 0 0 0 0 0 0 0 0 0 0 0 0 0 0 0 0 0 0 0 0 0 0 0 0 0 0 0 0 0 0 0 0 0 0 0 0 0 0 0 0 0 0 0 0 0 0 0 0 0 0 0 0 0 0 0 0 0 0 0 0 0 0 0 0 0 0 0 0 0 0 0 0 0 0 0 0 0 0 0 0 0 0 0 0 0 0 0 0 0 0 0 0 0 0 0 0 0 0 0 0 0 0 0 0 0 0 0 0 0 0 0 0 0 0 0 0 0 0 0 0 0 0 0 0 0 0 0 0 0 0 0 0 0 0 0 0 0 0 0 0 0 0 0 0 0 0 0 0 0 0 0 0 0 0 0 0 0 0 0 0 0 0 0 0 0 0 0 0 0 0 0 0 0 0 0 0 0 0 0 0 0 0 0 0 0 0 0 0 0 0 0 0 0 0 0 0 0 0 0 0 0 0 0 0 0 0 0 0 0 0 0 0 0 0 0 0 0 0 0 0 0 0 0 0 0 0 0 0 0 0 0 0 0 0 0 0 0 0 0 0 0 0 0 0 0 0 0 0 0 0 0 0 0 0 0 0 0 0 0 0 0 0 0 0 0 0 0 0 0 0 0 0 0 0 0 0 0 0 0 0 0 0 0 0 0 0 0 0 0 0 0 0 0 0 0 0 0 0 0 0 0 0 0 0 0 0 0 0 0 0 0 0 0 0 0 0 0 0 0 0 0 0 0 0 0 0 0 0 0 0 0 0 0 0 0 0 0 0 0 0 0 0 0 0 0 0 0 0 0 0 0 0 0 0 0 0 0 0 0 0 0 0 0 0 0 0 0 0 0 0 0 0 0 0 0 0 0 0 0 0 0 0 0 0 0 0 0 0 0 0 0 0 0 0 0 0 0 0 0 0 0 0 0 0 0 0 0 0 0 0 0 0 0 0 0 0 0 0 0 0 0 0 0 0 0 0 0 0 0 0 0 0 0 0 0 0 0 0 0 0 0 0 0 0 0 0 0 0 0 0 0 0 0 0 0 0 0 0 0 0 0 0 0 0 0 0 0 0 0 0 0 0 0 0 0 0 0 0 0 0 0 0 0 0 0 0 0 0 0 0 0 0 0 0 0 0 0 0 0 0 0 0 0 0 0 0 0 0 0 0 0 0 0 0 0 0 0 0 0 0 0 0 0 0 0 0 0 0 0 0 0 0 0 0 0 0 0 0 0 0 0 0 0 0 0 0 0 0 0 0 0 0 0 0 0 0 0 0 0 0 0 0 0 0 0 0 0 0 0 0 0 0 0 0 0 0 0 0 0 0 0 0 0 0 0 0 0 0 0 0 0 0 0 0 0 0 0 0 0 0 0 0 0 0 0 0 0 0 0 0 0 0 0 0 0 0 0 0 0 0 0 0 0 0 0 0 0 0 0 0 0 0 0 0 0 0 0 0 0 0 0 0 0 0 0 0 0 0 0 0 0 0 0 0 0 0 0 0 0 0 0 0 0 0 0 0 0 0 0 0 0 0 0 0 0 0 0 0 0 0 0 0 0 0 0 0 0 0 0 0 0 0 0 0 0 0 0 0 0 0 0 0 0 0 0 0 0 0 0 0 0 0 0 0 0 0 0 0 0 0 0 0 0 0 0 0 0 0 0 0 0 0 0 0 0 0 0 0 0 0 0 0 0 0 0 0 0 0 0 0 0 0 0 0 0 0 0 0 0 0 0 0 0 0 0 0 0 0 0 0 0 0 0 0 0 0 0 0 0 0 0 0 0 0 0 0 0 0 0 0 0 0 0 0 0 0 0 0 0 0 0 0 0 0 0 0 0 0 0 0 0 0 0 0 0 0 0 0 0 0 0 0 0 0 0 0 0 0 0 0 0 0 0 0 0 0 0 0 0 0 0 0 0 0 0 0 0 0 0 0 0 0 0 0 0 0 0 0 0 0 0 0 0 0 0 0 0 0 0 0 0 0 0 0 0 0 0 0 0 0 0 0 0 0 0 0 0 0 0 0 0 0 0 0 0 0 0 0 0 0 0 0 0 0 0 0 0 0 0 0 0 0 0 0 0 0 0 0 0 0 0 0 0 0 0 0 0 0 0 0 0 0 0 0 0 0 0 0 0 0 0 0 0 0 0 0 0 0 0 0 0 0 0 0 0 0 0 0 0 0 0 0 0 0 0 0 0 0 0 0 0 0 0 0 0 0 0 0 0 0 0 0 0 0 0 0 0 0 0 0 0 0 0 0 0 0 0 0 0 0 0 0 0 0 0 0 0 0 0 0 0 0 0 0 0 0 0 0 0 0 0 0 0 0 0 0 0 0 0 0 0 0 0 0 0 0 0 0 0 0 0 0 0 0 0 0 0.6004981 0.6225225 0.5541513 0.6282641 0.5574083 0.6052213 0 0 0 0 0 0 0 0 0 0 0 0 0 0 0 0 0 0 0 0 0 0 0 0 0 0 0 0 0 0 0 0 0 0 0 0 0 0 0 0 0 0 0 0 0 0 0 0 0 0 0 0 0 0 0 0 0 0 0 0 0 0 0 0 0 0 0 0 0 0 0 0 0 0 0 0 0 0 0 0 0 0 0 0 0 0 0 0 0 0 0 0 0 0 0 0 0 0 0 0 0 0 0 0 0 0 0 0 0 0 0 0 0 0 0 0 0 0 0 0 0 0 0 0 0 0 0 0 0 0 0 0 0 0 0 0 0 0 0 0 0 0 0 0 0 0 0 0 0 0 0 0 0 0 0 0 0 0 0 0 0 0 0 0 0 0 0 0 0 0 0 0 0 0 0 0 0 0 0 0 0 0 0 0 0 0 0 0 0 0 0 0 0 0 0 0 0 0 0 0 0 0 0 0 0 0 0 0 0 0 0 0 0 0 0 0 0 0 0 0 0 0 0 0 0 0 0 0 0 0 0 0 0 0 0 0 0 0 0 0 0 0 0 0 0 0 0 0 0 0 0 0 0 0 0 0 0 0 0 0 0 0 0 0 0 0 0 0 0 0 0 0 0 0 0 0 0 0 0 0 0 0 0 0 0 0 0 0 0 0 0 0 0 0 0 0 0 0 0 0 0 0 0 0 0 0 0 0 0 0 0 0 0 0 0 0 0 0 0 0 0 0 0 0 0 0 0 0 0 0 0 0 0 0 0 0 0 0 0 0 0 0 0 0 0 0 0 0 0 0 0 0 0 0 0 0 0 0 0 0 0 0 0 0 0 0 0 0 0 0 0 0 0 0 0 0 0 0 0 0 0 0 0 0 0 0 0 0 0 0 0 0 0 0 0 0 0 0 0 0 0 0 0 0 0 0 0 0 0 0 0 0 0 0 0 0 0 0 0 0 0 0 0 0 0 0 0 0 0 0 0 0 0 0 0 0 0 0 0 0 0 0 0 0 0 0 0 0 0 0 0 0 0 0 0 0 0 0 0 0 0 0 0 0 0 0 0 0 0 0 0 0 0 0 0 0 0 0 0 0 0 0 0 0 0 0 0 0 0 0 0 0 0 0 0 0 0 0 0 0 0 0 0 0 0 0 0 0 0 0 0 0 0 0 0 0 0 0 0 0 0 0 0 0 0 0 0 0 0 0 0 0 0 0 0 0 0 0 0 0 0 0 0 0 0 0 0 0 0 0 0 0 0 0 0 0 0 0 0 0 0 0 0 0 0 0 0 0 0 0 0 0 0 0 0 0 0 0 0 0 0 0 0 0 0 0 0 0 0 0 0 0 0 0 0 0 0 0 0 0 0 0 0 0 0 0 0 0 0 0 0 0 0 0 0 0 0 0 0 0 0 0 0 0 0 0 0 0 0 0 0 0 0 0 0 0 0 0 0 0 0 0 0 0 0 0 0 0 0 0 0 0 0 0 0 0 0 0 0 0 0 0 0 0 0 0 0 0 0 0 0 0 0 0 0 0 0 0 0 0 0 0 0 0 0 0 0 0 0 0 0 0 0 0 0 0 0 0 0 0 0 0 0 0 0 0 0 0 0 0 0 0 0 0 0 0 0 0 0 0 0 0 0 0 0 0 0 0 0 0 0 0 0 0 0 0 0 0 0 0 0 0 0 0 0 0 0 0 0 0 0 0 0 0 0 0 0 0 0 0 0 0 0 0 0 0 0 0 0 0 0 0 0 0 0 0 0 0 0 0 0 0 0 0 0 0 0 0 0 0 0 0 0 0 0 0 0 0 0 0 0 0 0 0 0 0 0 0 0 0 0 0 0 0 0 0 0 0 0 0 0 0 0 0 0 0 0 0 0 0 0 0 0 0 0 0 0 0 0 0 0 0 0 0 0 0 0 0 0 0 0 0 0 0 0 0 0 0 0 0 0 0 0 0 0 0 0 0 0 0 0 0 0 0 0 0 0 0 0 0 0 0 0 0 0 0 0 0 0 0 0 0 0 0 0 0 0 0 0 0 0 0 0 0 0 0 0 0 0 0 0 0 0 0 0 0 0 0 0 0 0 0 0 0 0 0 0 0 0 0 0 0 0 0 0 0 0 0 0 0 0 0 0 0 0 0 0 0 0 0 0 0 0 0 0 0 0 0 0 0 0 0 0 0 0 0 0 0 0 0 0 0 0 0 0 0 0 0 0 0 0 0 0 0 0 0 0 0 0 0 0 0 0 0 0 0 0 0 0 0 0 0 0 0 0 0 0 0 0 0 0 0 0 0 0 0 0 0 0 0 0 0 0 0 0 0 0 0 0 0 0 0 0 0 0 0 0 0 0 0 0 0 0 0 0 0 0 0 0 0 0 0 0 0 0 0 0 0 0 0 0 0 0 0 0 0 0 0 0 0 0 0 0 0 0 0 0 0 0 0 0 0 0 0 0 0 0 0 0 0 0 0 0 0 0 0 0 0 0 0 0 0 0 0 0 0 0 0 0 0 0 0 0 0 0 0 0 0 0 0 0 0 0 0 0 0 0 0 0 0 0 0 0 0 0 0 0 0 0 0 0 0 0 0 0 0 0 0 0 0 0 0 0 0 0 0 0 0 0 0 0 0 0 0 0 0 0 0 0 0 0 0 0 0 0 0 0 0 0 0 0 0 0 0 0 0 0 0 0 0 0 0 0 0 0 0 0 0 0 0 0 0 0 0 0 0 0 0 0 0 0 0 0 0 0 0 0 0 0 0 0 0 0 0 0 0 0 0 0 0 0 0 0 0 0 0 0 0 0 0 0 0 0 0 0 0 0 0 0 0 0 0 0 0 0 0 0 0 0 0 0 0 0 0 0 0 0 0 0 0 0 0 0 0 0 0 0 0 0 0 0 0 0 0 0 0 0 0 0 0 0 0 0 0 0 0 0 0 0 0 0 0 0 0 0 0 0 0 0 0 0 0 0 0 0 0 0 0 0 0 0 0 0 0 0 0 0 0 0 0 0 0 0 0 0 0 0 0 0 0 0 0 0 0 0 0 0 0 0 0 0 0 0 0 0 0 0 0 0 0 0 0 0 0 0 0 0 0 0 0 0 0 0 0 0 0 0 0 0 0 0 0 0 0 0 0 0 0 0 0 0 0 0 0 0 0 0 0 0 0 0 0 0 0 0 0 0 0 0 0 0 0 0 0 0 0 0 0 0 0 0 0 0 0 0 0 0 0 0 0 0 0 0 0 0 0 0 0 0 0 0 0 0 0 0 0 0 0 0 0 0 0 0 0 0 0 0 0 0 0 0 0 0 0 0 0 0 0 0 0 0 0 0 0 0 0 0 0 0 0 0 0 0 0 0 0 0 0 0 0 0 0 0 0 0 0 0 0 0 0 0 0 0 0 0 0 0 0 0 0 0 0 0 0 0 0 0 0 0 0 0 0 0 0 0 0 0 0 0 0 0 0 0 0 0 0 0 0 0 0 0 0 0 0 0 0 0 0 0 0 0 0 0 0 0 0 0 0 0 0 0 0 0 0 0 0 0 0 0 0 0 0 0 0 0 0 0 0 0 0 0 0 0 0 0 0 0 0 0 0 0.6603492 0.06965637 0.5988251 0.06567263 0.5990043 0.06126582 0.1945098 0.1123598 0.1410188 0.1356256 0.140433 0.1317368 0.5990043 0.06126582 0.5383092 0.06140404 0.5383681 0.05705308 0.140433 0.1317368 0.08751195 0.1569772 0.0868628 0.1531358 0.5383681 0.05705308 0.4786284 0.06133985 0.4785683 0.05705332 0.0868628 0.1531358 0.03349292 0.1813325 0.03280371 0.1774706 0.4785683 0.05705332 0.4198845 0.0653702 0.4197103 0.06115442 0.9094029 0.1381585 0.8464056 0.1212926 0.8469803 0.1167805 0.9722361 0.1622369 0.9087528 0.1426845 0.9094029 0.1381585 0.4197103 0.06115442 0.3621497 0.07326066 0.3618698 0.06911969 0.8469803 0.1167805 0.7840387 0.1024262 0.784535 0.09791958 0.3618698 0.06911969 0.3054569 0.08467024 0.3050823 0.08060461 0.784535 0.09791958 0.7218496 0.08650058 0.722253 0.0820136 0.3050823 0.08060461 0.249784 0.09917151 0.2493278 0.09517711 0.722253 0.0820136 0.6600534 0.07410907 0.6603492 0.06965637 0.2493278 0.09517711 0.1950349 0.1162938 0.1945098 0.1123598 0.310221 0.137299 0.3658434 0.1296064 0.3104597 0.1400746 0.7775297 0.1609215 0.7162288 0.1476487 0.7165248 0.1445881 0.310221 0.137299 0.2559322 0.153714 0.255634 0.1509793 0.7165248 0.1445881 0.6558914 0.1346837 0.6561151 0.1316552 0.255634 0.1509793 0.2021723 0.1701238 0.2018224 0.1674249 0.5963932 0.1225681 0.6558914 0.1346837 0.5962485 0.1255603 0.2018224 0.1674249 0.14907 0.188921 0.1486738 0.1862528 0.5963932 0.1225681 0.5373684 0.1205067 0.5374311 0.1175541 0.1486738 0.1862528 0.09654688 0.2099857 0.09610015 0.2072935 0.5374311 0.1175541 0.4793114 0.1195743 0.4792923 0.1166641 0.09610015 0.2072935 0.04543262 0.2324582 0.04484421 0.2298696 0.4792923 0.1166641 0.4221264 0.1226749 0.4220286 0.1198095 0.900432 0.2007728 0.8385555 0.1830641 0.8389569 0.1799644 0.9604182 0.222401 0.9000049 0.2038397 0.900432 0.2007728 0.3656718 0.1267864 0.4221264 0.1226749 0.3658434 0.1296064 0.8389569 0.1799644 0.7771727 0.1640084 0.7775297 0.1609215 0.3164489 0.2106269 0.2631512 0.2202488 0.3161896 0.2074951 0.708442 0.225546 0.6502401 0.2081739 0.708804 0.2220842 0.2634826 0.223344 0.2106937 0.2359178 0.2631512 0.2202488 0.6502401 0.2081739 0.5923527 0.2014399 0.5925402 0.1980795 0.2110886 0.2389824 0.1587102 0.2541176 0.2106937 0.2359178 0.5923527 0.2014399 0.5356713 0.1920264 0.5925402 0.1980795 0.1591593 0.2571615 0.1069756 0.2743827 0.1587102 0.2541176 0.5355784 0.1953388 0.4796174 0.1900655 0.5356713 0.1920264 0.1074732 0.2774683 0.05627089 0.2955857 0.1069756 0.2743827 0.4796189 0.1933305 0.4243679 0.1921195 0.4796174 0.1900655 0.9495284 0.3031851 0.8896612 0.2796958 0.9498364 0.2996995 0.4243679 0.1921195 0.370085 0.2011872 0.3699056 0.1980136 0.8281987 0.262609 0.7682794 0.2393328 0.8286674 0.2590461 0.3699056 0.1980136 0.3164489 0.2106269 0.3161896 0.2074951 0.7678499 0.2428488 0.708804 0.2220842 0.7682794 0.2393328 0.8891909 0.2832638 0.8286674 0.2590461 0.8896612 0.2796958 0.5962485 0.1255603 0.6545583 0.1527749 0.5953906 0.1434287 0.14907 0.188921 0.2042748 0.1862586 0.1514385 0.2048768 0.5962485 0.1255603 0.5370019 0.1381349 0.5373684 0.1205067 0.09654688 0.2099857 0.1514385 0.2048768 0.09906572 0.2253124 0.4793114 0.1195743 0.5370019 0.1381349 0.4794336 0.136947 0.04543262 0.2324582 0.09906572 0.2253124 0.04696404 0.2474082 0.4221264 0.1226749 0.4794336 0.136947 0.4227197 0.1397815 0.9000049 0.2038397 0.8361526 0.2016336 0.8385555 0.1830641 0.9598617 0.225283 0.8973587 0.2228022 0.9000049 0.2038397 0.4221264 0.1226749 0.3668782 0.146444 0.3658434 0.1296064 0.8385555 0.1830641 0.7750408 0.1824721 0.7771727 0.1640084 0.3658434 0.1296064 0.3118963 0.1566516 0.3104597 0.1400746 0.7162288 0.1476487 0.7750408 0.1824721 0.7144613 0.1659422 0.3104597 0.1400746 0.2577249 0.1700527 0.2559322 0.153714 0.6558914 0.1346837 0.7144613 0.1659422 0.6545583 0.1527749 0.2559322 0.153714 0.2042748 0.1862586 0.2021723 0.1701238 0.3679273 0.1638489 0.3148111 0.1907577 0.3133674 0.1738007 0.712604 0.1848712 0.7705653 0.2205836 0.7107274 0.203606 0.3133674 0.1738007 0.2613927 0.2037094 0.2595721 0.1869703 0.6531486 0.1714726 0.7107274 0.203606 0.6517202 0.18996 0.2595721 0.1869703 0.2086011 0.2195383 0.2064508 0.2029803 0.5944719 0.161884 0.6517202 0.18996 0.593534 0.1801212 0.1538982 0.2214402 0.2086011 0.2195383 0.1563283 0.2378467 0.5944719 0.161884 0.5361618 0.1743202 0.5365924 0.1563378 0.1017857 0.2419949 0.1563283 0.2378467 0.1043457 0.2578408 0.4795314 0.154888 0.5361618 0.1743202 0.4796062 0.1726105 0.05086332 0.2636845 0.1043457 0.2578408 0.05244004 0.2793602 0.4233078 0.1574542 0.4796062 0.1726105 0.4238709 0.1749142 0.9547889 0.2623544 0.8921591 0.2611046 0.8947979 0.2415886 0.8947979 0.2415886 0.8311743 0.2400687 0.8336618 0.2209111 0.4233078 0.1574542 0.3689497 0.1810504 0.3679273 0.1638489 0.8336618 0.2209111 0.7705653 0.2205836 0.7728121 0.2016123 0.4227197 0.1397815 0.367833 0.1623779 0.3668782 0.146444 0.7750408 0.1824721 0.8338658 0.2192757 0.7729951 0.1999896 0.9584323 0.2447299 0.8950139 0.2399331 0.8973587 0.2228022 0.3118963 0.1566516 0.367833 0.1623779 0.3132373 0.1723514 0.7750408 0.1824721 0.7127558 0.1832674 0.7144613 0.1659422 0.2577249 0.1700527 0.3132373 0.1723514 0.25941 0.1855409 0.7144613 0.1659422 0.6532626 0.1698894 0.6545583 0.1527749 0.2577249 0.1700527 0.2062608 0.2015678 0.2042748 0.1862586 0.6545583 0.1527749 0.5945444 0.1603223 0.5953906 0.1434287 0.2042748 0.1862586 0.1536842 0.2200415 0.1514385 0.2048768 0.5370019 0.1381349 0.5945444 0.1603223 0.5366216 0.1547982 0.1514385 0.2048768 0.1015502 0.2405939 0.09906572 0.2253124 0.5370019 0.1381349 0.4795176 0.153371 0.4794336 0.136947 0.09906572 0.2253124 0.05062633 0.2623292 0.04696404 0.2474082 0.4794336 0.136947 0.4232527 0.1559603 0.4227197 0.1397815 0.2086011 0.2195383 0.1587102 0.2541176 0.1563283 0.2378467 0.5361618 0.1743202 0.5925402 0.1980795 0.5356713 0.1920264 0.1563283 0.2378467 0.1069756 0.2743827 0.1043457 0.2578408 0.5361618 0.1743202 0.4796174 0.1900655 0.4796062 0.1726105 0.1043457 0.2578408 0.05627089 0.2955857 0.05244004 0.2793602 0.4796062 0.1726105 0.4243679 0.1921195 0.4238709 0.1749142 0.8311743 0.2400687 0.8896612 0.2796958 0.8286674 0.2590461 0.9533544 0.2823522 0.8896612 0.2796958 0.8921591 0.2611046 0.4238709 0.1749142 0.3699056 0.1980136 0.3689497 0.1810504 0.7705653 0.2205836 0.8286674 0.2590461 0.7682794 0.2393328 0.3148111 0.1907577 0.3699056 0.1980136 0.3161896 0.2074951 0.7705653 0.2205836 0.708804 0.2220842 0.7107274 0.203606 0.2613927 0.2037094 0.3161896 0.2074951 0.2631512 0.2202488 0.7107274 0.203606 0.6502401 0.2081739 0.6517202 0.18996 0.2613927 0.2037094 0.2106937 0.2359178 0.2086011 0.2195383 0.6517202 0.18996 0.5925402 0.1980795 0.593534 0.1801212 0.8336618 0.2209111 0.8950139 0.2399331 0.8947979 0.2415886 0.7728121 0.2016123 0.8338658 0.2192757 0.8336618 0.2209111 0.712604 0.1848712 0.7729951 0.1999896 0.7728121 0.2016123 0.6531486 0.1714726 0.7127558 0.1832674 0.712604 0.1848712 0.5944719 0.161884 0.6532626 0.1698894 0.6531486 0.1714726 0.5365924 0.1563378 0.5945444 0.1603223 0.5944719 0.161884 0.4795314 0.154888 0.5366216 0.1547982 0.5365924 0.1563378 0.4233078 0.1574542 0.4795176 0.153371 0.4795314 0.154888 0.3679273 0.1638489 0.4232527 0.1559603 0.4233078 0.1574542 0.3133674 0.1738007 0.367833 0.1623779 0.3679273 0.1638489 0.2595721 0.1869703 0.3132373 0.1723514 0.3133674 0.1738007 0.2064508 0.2029803 0.25941 0.1855409 0.2595721 0.1869703 0.1538982 0.2214402 0.2062608 0.2015678 0.2064508 0.2029803 0.1017857 0.2419949 0.1536842 0.2200415 0.1538982 0.2214402 0.05086332 0.2636845 0.1015502 0.2405939 0.1017857 0.2419949 0.8947979 0.2415886 0.9550005 0.2607472 0.9547889 0.2623544 0.8361526 0.2016336 0.8950139 0.2399331 0.8338658 0.2192757 0.5961967 0.6450363 0.6441689 0.645561 0.6385437 0.6696112 0.223913 0.6387335 0.1865189 0.6864853 0.180292 0.6628975 0.3896982 0.5854097 0.4313775 0.6053209 0.3905403 0.6077975 0.3486016 0.5911625 0.3905403 0.6077975 0.3505426 0.6128527 0.180292 0.6628975 0.1416005 0.721268 0.1336646 0.6940597 0.5152748 0.592442 0.5541513 0.6282641 0.5132163 0.6150279 0.7805627 0.7613002 0.8173919 0.8539227 0.7686533 0.7860162 0.3486016 0.5911625 0.3108342 0.625072 0.3077509 0.6024451 0.6881706 0.674867 0.7235544 0.7375826 0.6810765 0.6978587 0.2700936 0.640019 0.3077509 0.6024451 0.3108342 0.625072 0.4733099 0.5862847 0.5132163 0.6150279 0.4724214 0.6087338 0.4313187 0.5832502 0.4724214 0.6087338 0.4313775 0.6053209 0.6881706 0.674867 0.6385437 0.6696112 0.6441689 0.645561 0.2662308 0.6182909 0.2288522 0.6617316 0.223913 0.6387335 0.8101745 0.6826788 0.8778758 0.7063533 0.8689365 0.7339134 0.4313187 0.5832502 0.4739226 0.5727072 0.4733099 0.5862847 0.7805627 0.7613002 0.8398347 0.8032276 0.8330118 0.8234264 0.3896982 0.5854097 0.4314015 0.5699169 0.4313187 0.5832502 0.6881706 0.674867 0.7385894 0.6978752 0.7331024 0.7127313 0.3486016 0.5911625 0.3892554 0.5720663 0.3896982 0.5854097 0.6441689 0.645561 0.6924145 0.6605578 0.6881706 0.674867 0.3077509 0.6024451 0.3475599 0.5780555 0.3486016 0.5911625 0.6441689 0.645561 0.6030832 0.6086261 0.6474751 0.6314585 0.2662308 0.6182909 0.3060632 0.5892424 0.3077509 0.6024451 0.6004981 0.6225225 0.5593648 0.5914707 0.6030832 0.6086261 0.223913 0.6387335 0.2639988 0.6049205 0.2662308 0.6182909 0.5152748 0.592442 0.5593648 0.5914707 0.5574083 0.6052213 0.223913 0.6387335 0.176993 0.648932 0.2211792 0.6249811 0.4733099 0.5862847 0.5164956 0.5790278 0.5152748 0.592442 0.180292 0.6628975 0.1311765 0.6790406 0.176993 0.648932 0.6585247 0.5772535 0.7033823 0.6180636 0.6559644 0.5899496 0.2106858 0.5738434 0.257197 0.5664775 0.2129483 0.5857945 0.4308605 0.5194266 0.474973 0.533372 0.4309437 0.5312232 0.3867547 0.5218291 0.4309437 0.5312232 0.3872939 0.5335361 0.6095839 0.5679255 0.6585247 0.5772535 0.6559644 0.5899496 0.1650884 0.596341 0.2129483 0.5857945 0.1676607 0.608491 0.564056 0.5513579 0.611546 0.5555055 0.6095839 0.5679255 0.1176506 0.6223986 0.1676607 0.608491 0.1213241 0.6335511 0.3429696 0.528435 0.3872939 0.5335361 0.343971 0.5400542 0.7566323 0.6397925 0.8049705 0.6981803 0.7525227 0.6535443 0.3007602 0.5511301 0.3429696 0.528435 0.343971 0.5400542 0.5192751 0.5397756 0.5654692 0.5391529 0.564056 0.5513579 0.8101745 0.6826788 0.8615542 0.7494174 0.8049705 0.6981803 0.4753459 0.5214488 0.5192751 0.5397756 0.474973 0.533372 0.7066442 0.6049845 0.7525227 0.6535443 0.7033823 0.6180636 0.2553041 0.5547356 0.3007602 0.5511301 0.257197 0.5664775 0.6799317 0.452348 0.6247428 0.4600673 0.627921 0.4336895 0.6585247 0.5772535 0.711833 0.5830652 0.7066442 0.6049845 0.3429696 0.528435 0.3858077 0.5022997 0.3867547 0.5218291 0.7066442 0.6049845 0.7631226 0.6167695 0.7566323 0.6397925 0.3867547 0.5218291 0.4306564 0.4997468 0.4308605 0.5194266 0.7566323 0.6397925 0.8178569 0.6581408 0.8101745 0.6826788 0.4308605 0.5194266 0.4758961 0.5015484 0.4753459 0.5214488 0.1176506 0.6223986 0.1608678 0.5759959 0.1650884 0.596341 0.4753459 0.5214488 0.5215227 0.5077074 0.5201527 0.5277688 0.1650884 0.596341 0.2069695 0.5539795 0.2106858 0.5738434 0.5201527 0.5277688 0.5677083 0.5187599 0.5654692 0.5391529 0.2106858 0.5738434 0.2521667 0.5351954 0.2553041 0.5547356 0.5654692 0.5391529 0.6146734 0.5347441 0.611546 0.5555055 0.2992915 0.539494 0.2521667 0.5351954 0.2968369 0.5200977 0.611546 0.5555055 0.662609 0.55601 0.6585247 0.5772535 0.6757819 0.4794195 0.7254473 0.5186175 0.6734384 0.4937425 0.1608678 0.5759959 0.1115353 0.5877505 0.158357 0.5628507 0.4758961 0.5015484 0.5225355 0.494623 0.5215227 0.5077074 0.2069695 0.5539795 0.158357 0.5628507 0.2047677 0.5410136 0.5215227 0.5077074 0.5692735 0.5054769 0.5677083 0.5187599 0.2521667 0.5351954 0.2047677 0.5410136 0.250325 0.5224235 0.6146734 0.5347441 0.5692735 0.5054769 0.6168094 0.5212209 0.2521667 0.5351954 0.2954197 0.5074159 0.2968369 0.5200977 0.662609 0.55601 0.6168094 0.5212209 0.6653577 0.5421679 0.2968369 0.5200977 0.3403176 0.4963774 0.3412682 0.5090506 0.662609 0.55601 0.7152714 0.5687603 0.711833 0.5830652 0.3412682 0.5090506 0.3853335 0.4895534 0.3858077 0.5022997 0.711833 0.5830652 0.7673609 0.6017086 0.7631226 0.6167695 0.3858077 0.5022997 0.4306602 0.4869068 0.4306564 0.4997468 0.8178569 0.6581408 0.8818501 0.686826 0.8778758 0.7063533 0.4306564 0.4997468 0.4763872 0.4885845 0.4758961 0.5015484 0.7022603 0.6223334 0.7525227 0.6535443 0.7511081 0.6580253 0.6550805 0.5941008 0.7033823 0.6180636 0.7022603 0.6223334 0.6089022 0.5719935 0.6559644 0.5899496 0.6550805 0.5941008 0.5635579 0.5553569 0.6095839 0.5679255 0.6089022 0.5719935 0.5189571 0.5437177 0.564056 0.5513579 0.5635579 0.5553569 0.4748213 0.537284 0.5192751 0.5397756 0.5189571 0.5437177 0.4309447 0.5351028 0.474973 0.533372 0.4748213 0.537284 0.3874469 0.5373858 0.4309437 0.5312232 0.4309447 0.5351028 0.3874469 0.5373858 0.343971 0.5400542 0.3872939 0.5335361 0.3012238 0.5549641 0.343971 0.5400542 0.3442789 0.54388 0.2578042 0.5703534 0.3007602 0.5511301 0.3012238 0.5549641 0.2578042 0.5703534 0.2129483 0.5857945 0.257197 0.5664775 0.1684685 0.6124324 0.2129483 0.5857945 0.2136821 0.5897452 0.1216509 0.6376213 0.1676607 0.608491 0.1684685 0.6124324 0.8031786 0.7032137 0.8615542 0.7494174 0.8602678 0.7555341 0.7511081 0.6580253 0.8049705 0.6981803 0.8031786 0.7032137 0.7331024 0.7127313 0.7877395 0.744865 0.7805627 0.7613002 0.1966016 0.4969288 0.241514 0.4657721 0.2433929 0.4786961 0.4295977 0.4293377 0.477141 0.4436218 0.4297854 0.4424688 0.382232 0.4325219 0.4297854 0.4424688 0.3828721 0.4455327 0.6229426 0.47402 0.6757819 0.4794195 0.6734384 0.4937425 0.146987 0.5048647 0.1966016 0.4969288 0.1494349 0.5178749 0.573553 0.4592083 0.6247428 0.4600673 0.6229426 0.47402 0.09872978 0.528393 0.1494349 0.5178749 0.1022515 0.5401002 0.3352131 0.4397596 0.3828721 0.4455327 0.3362918 0.4526847 0.7832104 0.5333312 0.8376162 0.5855178 0.7796894 0.5489938 0.2898762 0.463819 0.3352131 0.4397596 0.3362918 0.4526847 0.5250151 0.4491204 0.5748293 0.4455353 0.573553 0.4592083 0.8418238 0.5679422 0.8992769 0.624466 0.8376162 0.5855178 0.4774203 0.4303426 0.5250151 0.4491204 0.477141 0.4436218 0.728361 0.5037713 0.7796894 0.5489938 0.7254473 0.5186175 0.241514 0.4657721 0.2898762 0.463819 0.2433929 0.4786961 0.7244676 0.5233197 0.7796894 0.5489938 0.7785023 0.5539515 0.672648 0.4982814 0.7254473 0.5186175 0.7244676 0.5233197 0.6223303 0.4784441 0.6734384 0.4937425 0.672648 0.4982814 0.5731109 0.4635463 0.6229426 0.47402 0.6223303 0.4784441 0.5247376 0.4533913 0.573553 0.4592083 0.5731109 0.4635463 0.477021 0.4478402 0.5250151 0.4491204 0.5247376 0.4533913 0.4298162 0.4466439 0.477141 0.4436218 0.477021 0.4478402 0.383049 0.4496726 0.4297854 0.4424688 0.4298162 0.4466439 0.383049 0.4496726 0.3362918 0.4526847 0.3828721 0.4455327 0.2903306 0.4679296 0.3362918 0.4526847 0.3366107 0.456801 0.2439712 0.4828215 0.2898762 0.463819 0.2903306 0.4679296 0.2439712 0.4828215 0.1966016 0.4969288 0.2433929 0.4786961 0.1501643 0.5219463 0.1966016 0.4969288 0.1972841 0.5010856 0.1024821 0.5441905 0.1494349 0.5178749 0.1501643 0.5219463 0.8361969 0.5910642 0.8992769 0.624466 0.8985309 0.6309028 0.7785023 0.5539515 0.8376162 0.5855178 0.8361969 0.5910642 0.7631226 0.6167695 0.8230975 0.6412496 0.8178569 0.6581408 0.3809316 0.4079623 0.3352131 0.4397596 0.3331065 0.4153773 0.4291316 0.4045384 0.382232 0.4325219 0.3809316 0.4079623 0.9129751 0.5723816 0.8418238 0.5679422 0.8487308 0.5366902 0.7893823 0.5038553 0.728361 0.5037713 0.7335054 0.475729 0.1423667 0.4801921 0.09872978 0.528393 0.09364938 0.5031465 0.527081 0.4102416 0.4774203 0.4303426 0.4778171 0.4052511 0.1902815 0.4594776 0.146987 0.5048647 0.1423667 0.4801921 0.627921 0.4336895 0.5748293 0.4455353 0.5770563 0.419685 0.7385894 0.6978752 0.7895345 0.7405417 0.7877395 0.744865 0.2855055 0.4266259 0.241514 0.4657721 0.2379466 0.4414563 0.5770563 0.419685 0.5257837 0.435669 0.527081 0.4102416 0.2379466 0.4414563 0.1944076 0.4839226 0.1902815 0.4594776 0.3331065 0.4153773 0.2883785 0.4509248 0.2855055 0.4266259 0.6913165 0.3687787 0.7448518 0.4062873 0.6891881 0.3851942 0.1423667 0.4801921 0.09228527 0.4900037 0.1400182 0.4666505 0.7335054 0.475729 0.6757819 0.4794195 0.6799317 0.452348 0.2992915 0.539494 0.3412682 0.5090506 0.3429696 0.528435 0.4778171 0.4052511 0.5279424 0.3961034 0.527081 0.4102416 0.1902815 0.4594776 0.1400182 0.4666505 0.1881933 0.4458803 0.527081 0.4102416 0.578424 0.4053229 0.5770563 0.419685 0.2379466 0.4414563 0.1881933 0.4458803 0.2361676 0.4279087 0.627921 0.4336895 0.578424 0.4053229 0.6298053 0.4190455 0.2379466 0.4414563 0.2840999 0.4130806 0.2855055 0.4266259 0.6799317 0.452348 0.6298053 0.4190455 0.6823393 0.4373306 0.2855055 0.4266259 0.3321132 0.4017872 0.3331065 0.4153773 0.6799317 0.452348 0.7364378 0.4601836 0.7335054 0.475729 0.3331065 0.4153773 0.380375 0.3942816 0.3809316 0.4079623 0.7335054 0.475729 0.7928442 0.4875152 0.7893823 0.5038553 0.3809316 0.4079623 0.42903 0.390733 0.4291316 0.4045384 0.8487308 0.5366902 0.915283 0.552164 0.9129751 0.5723816 0.4291316 0.4045384 0.4781876 0.3912932 0.4778171 0.4052511 0.1802332 0.3996787 0.2273182 0.366977 0.2293316 0.3815838 0.4273802 0.3280286 0.4784401 0.3430218 0.4277182 0.3430784 0.3767631 0.3322671 0.4277182 0.3430784 0.3775594 0.3471513 0.6350052 0.3682116 0.6913165 0.3687787 0.6891881 0.3851942 0.1287556 0.4061824 0.1802332 0.3996787 0.1313636 0.4205295 0.5819546 0.3555082 0.6366455 0.3521843 0.6350052 0.3682116 0.07938969 0.4293264 0.1313636 0.4205295 0.08310741 0.4421982 0.3266314 0.3403164 0.3775594 0.3471513 0.3278625 0.3550678 0.8055647 0.4134759 0.8635142 0.4596852 0.8025724 0.4311871 0.2785015 0.3666254 0.3266314 0.3403164 0.3278625 0.3550678 0.5298154 0.3471263 0.5830923 0.3397887 0.5819546 0.3555082 0.8668416 0.4401006 0.9274202 0.4875968 0.8635142 0.4596852 0.4785802 0.3277789 0.5298154 0.3471263 0.4784401 0.3430218 0.7474341 0.3893509 0.8025724 0.4311871 0.7448518 0.4062873 0.2273182 0.366977 0.2785015 0.3666254 0.2293316 0.3815838 0.7440319 0.411314 0.8025724 0.4311871 0.8016189 0.4364451 0.6885098 0.3900652 0.7448518 0.4062873 0.7440319 0.411314 0.6344763 0.3729675 0.6891881 0.3851942 0.6885098 0.3900652 0.581578 0.3601738 0.6350052 0.3682116 0.6344763 0.3729675 0.529591 0.351718 0.5819546 0.3555082 0.581578 0.3601738 0.4783647 0.3475503 0.5298154 0.3471263 0.529591 0.351718 0.427787 0.3475526 0.4784401 0.3430218 0.4783647 0.3475503 0.3777666 0.3515794 0.4277182 0.3430784 0.427787 0.3475526 0.3777666 0.3515794 0.3278625 0.3550678 0.3775594 0.3471513 0.2789637 0.3709935 0.3278625 0.3550678 0.3282013 0.3594599 0.229908 0.38594 0.2785015 0.3666254 0.2789637 0.3709935 0.229908 0.38594 0.1802332 0.3996787 0.2293316 0.3815838 0.1320819 0.4247244 0.1802332 0.3996787 0.1809108 0.404024 0.08331382 0.4463717 0.1313636 0.4205295 0.1320819 0.4247244 0.8624463 0.4654887 0.9274202 0.4875968 0.9271317 0.4941059 0.8016189 0.4364451 0.8635142 0.4596852 0.8624463 0.4654887 0.7893823 0.5038553 0.8527618 0.5184937 0.8487308 0.5366902 0.8487308 0.5366902 0.7832104 0.5333312 0.7893823 0.5038553 0.6924145 0.6605578 0.6483991 0.627493 0.6935914 0.6565243 0.5164956 0.5790278 0.559898 0.5876213 0.5593648 0.5914707 0.5593648 0.5914707 0.6037992 0.6047155 0.6030832 0.6086261 0.4314015 0.5699169 0.4740934 0.5689139 0.4739226 0.5727072 0.3892554 0.5720663 0.3472709 0.574348 0.3891245 0.5683293 0.3060632 0.5892424 0.2633817 0.6011365 0.305601 0.5855146 0.7877395 0.744865 0.8423044 0.7994896 0.8398347 0.8032276 0.1311765 0.6790406 0.176014 0.6447228 0.176993 0.648932 0.6924145 0.6605578 0.7400751 0.6936798 0.7385894 0.6978752 0.6030832 0.6086261 0.6483991 0.627493 0.6474751 0.6314585 0.4739226 0.5727072 0.5168403 0.5752309 0.5164956 0.5790278 0.3892554 0.5720663 0.4314255 0.5661509 0.4314015 0.5699169 0.3475599 0.5780555 0.305601 0.5855146 0.3472709 0.574348 0.176993 0.648932 0.2204183 0.6211004 0.2211792 0.6249811 0.2211792 0.6249811 0.2633817 0.6011365 0.2639988 0.6049205 0.7895345 0.7405417 0.7511081 0.6580253 0.8031786 0.7032137 0.4778171 0.4052511 0.4295977 0.4293377 0.4291316 0.4045384 0.7895345 0.7405417 0.8602678 0.7555341 0.8423044 0.7994896 0.176014 0.6447228 0.1216509 0.6376213 0.1684685 0.6124324 0.176014 0.6447228 0.2136821 0.5897452 0.2204183 0.6211004 0.2633817 0.6011365 0.2136821 0.5897452 0.2578042 0.5703534 0.2633817 0.6011365 0.3012238 0.5549641 0.305601 0.5855146 0.3472709 0.574348 0.3012238 0.5549641 0.3442789 0.54388 0.3472709 0.574348 0.3874469 0.5373858 0.3891245 0.5683293 0.4314255 0.5661509 0.3874469 0.5373858 0.4309447 0.5351028 0.4314255 0.5661509 0.4748213 0.537284 0.4740934 0.5689139 0.4740934 0.5689139 0.5189571 0.5437177 0.5168403 0.5752309 0.559898 0.5876213 0.5189571 0.5437177 0.5635579 0.5553569 0.6037992 0.6047155 0.5635579 0.5553569 0.6089022 0.5719935 0.6037992 0.6047155 0.6550805 0.5941008 0.6483991 0.627493 0.6483991 0.627493 0.7022603 0.6223334 0.6935914 0.6565243 0.7400751 0.6936798 0.7022603 0.6223334 0.7511081 0.6580253 0.7673609 0.6017086 0.8245527 0.6363465 0.8230975 0.6412496 0.8230975 0.6412496 0.8839463 0.6824497 0.8818501 0.686826 0.1115353 0.5877505 0.1575102 0.5584821 0.158357 0.5628507 0.158357 0.5628507 0.2040719 0.5369228 0.2047677 0.5410136 0.2047677 0.5410136 0.2497468 0.5183919 0.250325 0.5224235 0.2954197 0.5074159 0.2497468 0.5183919 0.2949744 0.5034131 0.3403176 0.4963774 0.2949744 0.5034131 0.3400167 0.4923793 0.3853335 0.4895534 0.3400167 0.4923793 0.3851801 0.4855377 0.3853335 0.4895534 0.4306561 0.4828618 0.4306602 0.4869068 0.4306602 0.4869068 0.4765355 0.4845039 0.4763872 0.4885845 0.4763872 0.4885845 0.5228455 0.4905012 0.5225355 0.494623 0.5225355 0.494623 0.5697535 0.5012964 0.5692735 0.5054769 0.5692735 0.5054769 0.6174657 0.5169642 0.6168094 0.5212209 0.6168094 0.5212209 0.666203 0.5378108 0.6653577 0.5421679 0.7152714 0.5687603 0.666203 0.5378108 0.7163238 0.5642564 0.7152714 0.5687603 0.7686371 0.5969653 0.7673609 0.6017086 0.7686371 0.5969653 0.8361969 0.5910642 0.8245527 0.6363465 0.8245527 0.6363465 0.8985309 0.6309028 0.8839463 0.6824497 0.1575102 0.5584821 0.1024821 0.5441905 0.1501643 0.5219463 0.1575102 0.5584821 0.1972841 0.5010856 0.2040719 0.5369228 0.2497468 0.5183919 0.1972841 0.5010856 0.2439712 0.4828215 0.2497468 0.5183919 0.2903306 0.4679296 0.2949744 0.5034131 0.3400167 0.4923793 0.2903306 0.4679296 0.3366107 0.456801 0.3400167 0.4923793 0.383049 0.4496726 0.3851801 0.4855377 0.4306561 0.4828618 0.383049 0.4496726 0.4298162 0.4466439 0.4306561 0.4828618 0.477021 0.4478402 0.4765355 0.4845039 0.4765355 0.4845039 0.5247376 0.4533913 0.5228455 0.4905012 0.5697535 0.5012964 0.5247376 0.4533913 0.5731109 0.4635463 0.6174657 0.5169642 0.5731109 0.4635463 0.6223303 0.4784441 0.6174657 0.5169642 0.672648 0.4982814 0.666203 0.5378108 0.666203 0.5378108 0.7244676 0.5233197 0.7163238 0.5642564 0.7163238 0.5642564 0.7785023 0.5539515 0.7686371 0.5969653 0.8538713 0.5132405 0.8016189 0.4364451 0.8624463 0.4654887 0.8538713 0.5132405 0.9271317 0.4941059 0.9170194 0.5473714 0.1392187 0.4621588 0.08331382 0.4463717 0.1320819 0.4247244 0.1392187 0.4621588 0.1809108 0.404024 0.1875272 0.4416048 0.2356037 0.423645 0.1809108 0.404024 0.229908 0.38594 0.2356037 0.423645 0.2789637 0.3709935 0.2836537 0.4088155 0.3317958 0.3975084 0.2789637 0.3709935 0.3282013 0.3594599 0.3317958 0.3975084 0.3777666 0.3515794 0.3801938 0.3899756 0.4289906 0.386389 0.3777666 0.3515794 0.427787 0.3475526 0.4289906 0.386389 0.4783647 0.3475503 0.4782952 0.3869023 0.4782952 0.3869023 0.529591 0.351718 0.5282021 0.3916561 0.5788399 0.4008064 0.529591 0.351718 0.581578 0.3601738 0.6303796 0.4144417 0.581578 0.3601738 0.6344763 0.3729675 0.6303796 0.4144417 0.6885098 0.3900652 0.6830723 0.4326117 0.6830723 0.4326117 0.7440319 0.411314 0.7373268 0.4553009 0.7938742 0.4823877 0.7440319 0.411314 0.8016189 0.4364451 0.7364378 0.4601836 0.7938742 0.4823877 0.7928442 0.4875152 0.7364378 0.4601836 0.6830723 0.4326117 0.7373268 0.4553009 0.6298053 0.4190455 0.6830723 0.4326117 0.6823393 0.4373306 0.578424 0.4053229 0.6303796 0.4144417 0.6298053 0.4190455 0.5279424 0.3961034 0.5788399 0.4008064 0.578424 0.4053229 0.4781876 0.3912932 0.5282021 0.3916561 0.5279424 0.3961034 0.42903 0.390733 0.4782952 0.3869023 0.4781876 0.3912932 0.380375 0.3942816 0.4289906 0.386389 0.42903 0.390733 0.380375 0.3942816 0.3317958 0.3975084 0.3801938 0.3899756 0.3321132 0.4017872 0.2836537 0.4088155 0.3317958 0.3975084 0.2840999 0.4130806 0.2356037 0.423645 0.2836537 0.4088155 0.1881933 0.4458803 0.2356037 0.423645 0.2361676 0.4279087 0.1400182 0.4666505 0.1875272 0.4416048 0.1881933 0.4458803 0.09228527 0.4900037 0.1392187 0.4621588 0.1400182 0.4666505 0.8527618 0.5184937 0.9170194 0.5473714 0.915283 0.552164 0.7928442 0.4875152 0.8538713 0.5132405 0.8527618 0.5184937 0.6373509 0.3456005 0.6913165 0.3687787 0.6366455 0.3521843 0.22653 0.3609488 0.2768633 0.3519662 0.2273182 0.366977 0.5835941 0.3333251 0.6366455 0.3521843 0.5830923 0.3397887 0.1769614 0.3791088 0.2273182 0.366977 0.1778918 0.3851151 0.5307468 0.3253001 0.5830923 0.3397887 0.5304498 0.3316634 0.1276991 0.4001713 0.1778918 0.3851151 0.1287556 0.4061824 0.4786756 0.3215021 0.5304498 0.3316634 0.4785802 0.3277789 0.07822185 0.4232 0.1287556 0.4061824 0.07938969 0.4293264 0.4272798 0.3218271 0.4785802 0.3277789 0.4273802 0.3280286 0.806792 0.406237 0.8668416 0.4401006 0.8055647 0.4134759 0.8681205 0.4325715 0.9324238 0.4677913 0.8668416 0.4401006 0.3764748 0.3261305 0.4273802 0.3280286 0.3767631 0.3322671 0.7485147 0.3824116 0.8055647 0.4134759 0.7474341 0.3893509 0.3261649 0.3342314 0.3767631 0.3322671 0.3266314 0.3403164 0.6922178 0.3620433 0.7474341 0.3893509 0.6913165 0.3687787 0.27623 0.3459172 0.3266314 0.3403164 0.2768633 0.3519662 0.06537717 0.3604472 0.1276991 0.4001713 0.07822185 0.4232 0.4260237 0.2584312 0.4786756 0.3215021 0.4272798 0.3218271 0.8182595 0.3332834 0.8681205 0.4325715 0.806792 0.406237 0.8797466 0.3556419 0.9337031 0.4599231 0.8681205 0.4325715 0.3733795 0.2634636 0.4272798 0.3218271 0.3764748 0.3261305 0.758778 0.3120085 0.806792 0.406237 0.7485147 0.3824116 0.321348 0.2721744 0.3764748 0.3261305 0.3261649 0.3342314 0.7008075 0.2934295 0.7485147 0.3824116 0.6922178 0.3620433 0.2698353 0.2843045 0.3261649 0.3342314 0.27623 0.3459172 0.6440436 0.2783679 0.6922178 0.3620433 0.6373509 0.3456005 0.2187266 0.2995595 0.27623 0.3459172 0.22653 0.3609488 0.58829 0.2672321 0.6373509 0.3456005 0.5835941 0.3333251 0.1678848 0.317619 0.22653 0.3609488 0.1769614 0.3791088 0.5334202 0.2601978 0.5835941 0.3333251 0.5307468 0.3253001 0.1171268 0.3380842 0.1769614 0.3791088 0.1276991 0.4001713 0.4793516 0.2572908 0.5307468 0.3253001 0.4786756 0.3215021 0.58855 0.2632353 0.6440436 0.2783679 0.58829 0.2672321 0.1673353 0.3139489 0.2187266 0.2995595 0.1678848 0.317619 0.5335625 0.2562613 0.58829 0.2672321 0.5334202 0.2601978 0.1165226 0.3344216 0.1678848 0.317619 0.1171268 0.3380842 0.4793767 0.2534098 0.5334202 0.2601978 0.4793516 0.2572908 0.06473541 0.3567455 0.1171268 0.3380842 0.06537717 0.3604472 0.4259353 0.2546016 0.4793516 0.2572908 0.4260237 0.2584312 0.818884 0.3289202 0.8797466 0.3556419 0.8182595 0.3332834 0.8803699 0.3511074 0.9440053 0.3769357 0.8797466 0.3556419 0.3731827 0.259681 0.4260237 0.2584312 0.3733795 0.2634636 0.7593484 0.3077695 0.8182595 0.3332834 0.758778 0.3120085 0.32105 0.2684333 0.3733795 0.2634636 0.321348 0.2721744 0.7012888 0.2892866 0.758778 0.3120085 0.7008075 0.2934295 0.2694441 0.2805972 0.321348 0.2721744 0.2698353 0.2843045 0.6444184 0.2743036 0.7008075 0.2934295 0.6440436 0.2783679 0.2182511 0.2958765 0.2698353 0.2843045 0.2187266 0.2995595 0.32105 0.2684333 0.2634826 0.223344 0.3164489 0.2106269 0.7012888 0.2892866 0.6499612 0.2115836 0.708442 0.225546 0.2634826 0.223344 0.2182511 0.2958765 0.2110886 0.2389824 0.6444184 0.2743036 0.5923527 0.2014399 0.6499612 0.2115836 0.2110886 0.2389824 0.1673353 0.3139489 0.1591593 0.2571615 0.58855 0.2632353 0.5355784 0.1953388 0.5923527 0.2014399 0.1591593 0.2571615 0.1165226 0.3344216 0.1074732 0.2774683 0.5335625 0.2562613 0.4796189 0.1933305 0.5355784 0.1953388 0.1074732 0.2774683 0.06473541 0.3567455 0.05665326 0.2986839 0.4793767 0.2534098 0.4244607 0.1953378 0.4796189 0.1933305 0.9495284 0.3031851 0.8803699 0.3511074 0.8891909 0.2832638 0.4244607 0.1953378 0.3731827 0.259681 0.370085 0.2011872 0.818884 0.3289202 0.7678499 0.2428488 0.8281987 0.262609 0.3621497 0.07326066 0.310221 0.137299 0.3054569 0.08467024 0.3731827 0.259681 0.3164489 0.2106269 0.370085 0.2011872 0.7593484 0.3077695 0.708442 0.225546 0.7678499 0.2428488 0.7840387 0.1024262 0.7165248 0.1445881 0.7218496 0.08650058 0.3054569 0.08467024 0.255634 0.1509793 0.249784 0.09917151 0.7218496 0.08650058 0.6561151 0.1316552 0.6600534 0.07410907 0.249784 0.09917151 0.2018224 0.1674249 0.1950349 0.1162938 0.6600534 0.07410907 0.5963932 0.1225681 0.5988251 0.06567263 0.1950349 0.1162938 0.1486738 0.1862528 0.1410188 0.1356256 0.5383092 0.06140404 0.5963932 0.1225681 0.5374311 0.1175541 0.08751195 0.1569772 0.1486738 0.1862528 0.09610015 0.2072935 0.5383092 0.06140404 0.4792923 0.1166641 0.4786284 0.06133985 0.03349292 0.1813325 0.09610015 0.2072935 0.04484421 0.2298696 0.4786284 0.06133985 0.4220286 0.1198095 0.4198845 0.0653702 0.8464056 0.1212926 0.900432 0.2007728 0.8389569 0.1799644 0.9087528 0.1426845 0.9604182 0.222401 0.900432 0.2007728 0.3621497 0.07326066 0.4220286 0.1198095 0.3656718 0.1267864 0.8464056 0.1212926 0.7775297 0.1609215 0.7840387 0.1024262 0.8891909 0.2832638 0.818884 0.3289202 0.8281987 0.262609 0 0 0 0 0 0 0 0 0 0 0 0 0 0 0 0 0 0 0 0 0 0 0 0 0 0 0 0 0 0 0 0 0 0 0 0 0 0 0 0 0 0 0 0 0 0 0 0 0 0 0 0 0 0 0 0 0 0 0 0 0 0 0 0 0 0 0 0 0 0 0 0 0 0 0 0 0 0 0.4305285 0.6985582 0.470566 0.6823503 0.4303802 0.7118543 0 0 0 0 0 0 0.7145175 0.8772081 0.6891623 0.8085117 0.6973811 0.7947956 0 0 0 0 0 0 0.2881445 0.7316942 0.245057 0.7362175 0.2419544 0.7198957 0 0 0 0 0 0 0 0 0 0 0 0 0.3548441 0.6624533 0.391336 0.6802114 0.3564463 0.6803685 0.2881445 0.7316942 0.322826 0.6956861 0.2908246 0.7445471 0.6637897 0.7497036 0.6207789 0.7451731 0.6241032 0.7286196 0.20226 0.7392472 0.1714447 0.7978618 0.1666675 0.7796268 0.6637897 0.7497036 0.6891623 0.8085117 0.6571417 0.7678277 0.5765268 0.7398186 0.5409368 0.7013325 0.544559 0.6859879 0.5082095 0.6657813 0.470566 0.6823503 0.4703442 0.6663958 0.20226 0.7392472 0.245057 0.7362175 0.2084702 0.7574443 0.7145175 0.8772081 0.760228 0.9318243 0.7071021 0.887944 0.5765268 0.7398186 0.6207789 0.7451731 0.5736266 0.7531191 0.5082095 0.6657813 0.5409368 0.7013325 0.5062478 0.6841308 0.4305285 0.6985582 0.391336 0.6802114 0.3918509 0.6645816 0.3548441 0.6624533 0.322826 0.6956861 0.3195059 0.6808167 0 0 0 0 0 0 0 0 0 0 0 0 0 0 0 0 0 0 0 0 0 0 0 0 0 0 0 0 0 0 0 0 0 0 0 0 0 0 0 0 0 0 0 0 0 0 0 0 0 0 0 0 0 0 0 0 0 0 0 0 0 0 0 0 0 0 0 0 0 0 0 0 0 0 0 0 0 0 0 0 0 0 0 0 0 0 0 0 0 0 0 0 0 0 0 0 0.2700936 0.640019 0.3142039 0.6484047 0.2778136 0.6809347 0.6810765 0.6978587 0.7132062 0.7624513 0.6702565 0.731216 0.4714996 0.6327584 0.5132163 0.6150279 0.510102 0.6473329 0.7686533 0.7860162 0.7992654 0.8838703 0.7450308 0.8294571 0.5132163 0.6150279 0.5504302 0.6524595 0.510102 0.6473329 0.3142039 0.6484047 0.3505426 0.6128527 0.3532549 0.6444454 0.7132062 0.7624513 0.7686533 0.7860162 0.7450308 0.8294571 0.3505426 0.6128527 0.3912357 0.6314503 0.3532549 0.6444454 0.1509794 0.7483366 0.1865189 0.6864853 0.1962575 0.7204082 0.5504302 0.6524595 0.5961967 0.6450363 0.5877419 0.6873382 0.1865189 0.6864853 0.2341076 0.6860858 0.1962575 0.7204082 0.5961967 0.6450363 0.6326092 0.694335 0.5877419 0.6873382 0.3912357 0.6314503 0.4313775 0.6053209 0.4310658 0.6465619 0.4313775 0.6053209 0.4714996 0.6327584 0.4310658 0.6465619 0.2341076 0.6860858 0.2700936 0.640019 0.2778136 0.6809347 0.6326092 0.694335 0.6810765 0.6978587 0.6702565 0.731216 0.3254301 0.7282341 0.367446 0.8113658 0.3392271 0.8195799 0.4299291 0.7385587 0.3966562 0.8054073 0.3947488 0.712363 0.5012363 0.7297372 0.5206835 0.8288142 0.4899172 0.8199755 0.5675541 0.7795675 0.5810935 0.8673954 0.5517975 0.8432336 0.6919747 0.9086389 0.67461 0.9916583 0.6584927 0.9514692 0.2256647 0.8021851 0.2839628 0.8487755 0.2610134 0.8745351 0.5012363 0.7297372 0.4595518 0.8131605 0.4663634 0.7149208 0.5675541 0.7795675 0.5206835 0.8288142 0.5378256 0.7351693 0.6408762 0.8111473 0.6354636 0.9174901 0.6086916 0.8906266 0.2256647 0.8021851 0.2406319 0.905854 0.1906976 0.8377036 0.6092075 0.7758412 0.6086916 0.8906266 0.5810935 0.8673954 0.296473 0.7698499 0.3392271 0.8195799 0.3098492 0.8295066 0.3947488 0.712363 0.367446 0.8113658 0.3603898 0.7246263 0.296473 0.7698499 0.2839628 0.8487755 0.2565243 0.7662268 0.6919747 0.9086389 0.6354636 0.9174901 0.6761646 0.8412063 0.4299291 0.7385587 0.4595518 0.8131605 0.427574 0.8043845 0.7331024 0.7127313 0.7686533 0.7860162 0.7235544 0.7375826 0.4303802 0.7118543 0.4663634 0.7149208 0.4299291 0.7385587 0.7071021 0.887944 0.6761646 0.8412063 0.6891623 0.8085117 0.2908246 0.7445471 0.2565243 0.7662268 0.245057 0.7362175 0.391336 0.6802114 0.3603898 0.7246263 0.3564463 0.6803685 0.2908246 0.7445471 0.3254301 0.7282341 0.296473 0.7698499 0.6207789 0.7451731 0.6408762 0.8111473 0.6092075 0.7758412 0.1714447 0.7978618 0.2256647 0.8021851 0.1906976 0.8377036 0.6891623 0.8085117 0.6408762 0.8111473 0.6571417 0.7678277 0.5736266 0.7531191 0.5378256 0.7351693 0.5409368 0.7013325 0.470566 0.6823503 0.5012363 0.7297372 0.4663634 0.7149208 0.245057 0.7362175 0.2256647 0.8021851 0.2084702 0.7574443 0.7071021 0.887944 0.7344944 0.9469336 0.6919747 0.9086389 0.5736266 0.7531191 0.6092075 0.7758412 0.5675541 0.7795675 0.5409368 0.7013325 0.5012363 0.7297372 0.5062478 0.6841308 0.4303802 0.7118543 0.3947488 0.712363 0.391336 0.6802114 0.322826 0.6956861 0.3603898 0.7246263 0.3254301 0.7282341 0.4306136 0.6901397 0.4703442 0.6663958 0.4305285 0.6985582 0.7194653 0.8693355 0.6973811 0.7947956 0.7035346 0.783311 0.2864845 0.7235007 0.2419544 0.7198957 0.2390549 0.7073766 0.3917589 0.6522874 0.3548441 0.6624533 0.3538466 0.6511592 0.2864845 0.7235007 0.3195059 0.6808167 0.2881445 0.7316942 0.6271949 0.7159059 0.6637897 0.7497036 0.6241032 0.7286196 0.1607678 0.7702861 0.20226 0.7392472 0.1666675 0.7796268 0.7035346 0.783311 0.6637897 0.7497036 0.6678476 0.7381445 0.5783389 0.7313635 0.544559 0.6859879 0.5469161 0.6736426 0.4706791 0.6539223 0.5082095 0.6657813 0.4703442 0.6663958 0.2390549 0.7073766 0.20226 0.7392472 0.1984742 0.7274414 0.7194653 0.8693355 0.7694007 0.9143799 0.7145175 0.8772081 0.5783389 0.7313635 0.6241032 0.7286196 0.5765268 0.7398186 0.5469161 0.6736426 0.5082095 0.6657813 0.5094007 0.6542066 0.4306136 0.6901397 0.3918509 0.6645816 0.3917589 0.6522874 0.3173726 0.6688732 0.3548441 0.6624533 0.3195059 0.6808167 0 0 0 0 0 0 0 0 0 0 0 0 0 0 0 0 0 0 0 0 0 0 0 0 0 0 0 0 0 0 0 0 0 0 0 0 0 0 0 0 0 0 0 0 0 0 0 0 0 0 0 0 0 0 0 0 0 0 0 0 0 0 0 0 0 0 0 0 0 0 0 0 0 0 0 0 0 0 0 0 0 0 0 0 0 0 0 0 0 0 0 0 0 0 0 0 0 0 0 0 0 0 0 0 0 0 0 0 0 0 0 0 0 0 0 0 0 0 0 0 0 0 0 0 0 0 0 0 0 0 0 0 0 0 0 0 0 0 0 0 0 0 0 0 0 0 0 0 0 0 0 0 0 0 0 0 0 0 0 0 0 0 0 0 0 0 0 0 0 0 0 0 0 0 0 0 0 0 0 0 0 0 0 0 0 0 0 0 0 0 0 0 0.6271949 0.7159059 0.6702565 0.731216 0.6678476 0.7381445 0.2390549 0.7073766 0.2778136 0.6809347 0.2864845 0.7235007 0.4310658 0.6465619 0.4706791 0.6539223 0.4306136 0.6901397 0.3917589 0.6522874 0.4310658 0.6465619 0.4306136 0.6901397 0.5877419 0.6873382 0.6271949 0.7159059 0.5783389 0.7313635 0.1962575 0.7204082 0.2390549 0.7073766 0.1984742 0.7274414 0.5469161 0.6736426 0.5877419 0.6873382 0.5783389 0.7313635 0.1607678 0.7702861 0.1962575 0.7204082 0.1984742 0.7274414 0.3532549 0.6444454 0.3917589 0.6522874 0.3538466 0.6511592 0.7035346 0.783311 0.7450308 0.8294571 0.7194653 0.8693355 0.3173726 0.6688732 0.3532549 0.6444454 0.3538466 0.6511592 0.510102 0.6473329 0.5469161 0.6736426 0.5094007 0.6542066 0.7450308 0.8294571 0.7816451 0.9046202 0.7194653 0.8693355 0.4706791 0.6539223 0.510102 0.6473329 0.5094007 0.6542066 0.6702565 0.731216 0.7035346 0.783311 0.6678476 0.7381445 0.2778136 0.6809347 0.3173726 0.6688732 0.2864845 0.7235007 0 0 0 0 0 0 0 0 0 0 0 0 0 0 0 0 0 0 0 0 0 0 0 0 0 0 0 0 0 0 0 0 0 0 0 0 0 0 0 0 0 0 0 0 0 0 0 0 0 0 0 0 0 0 0 0 0 0 0 0 0 0 0 0 0 0 0 0 0 0 0 0 0 0 0 0 0 0 0 0 0 0 0 0 0 0 0 0 0 0 0 0 0 0 0 0 0 0 0 0 0 0 0 0 0 0 0 0 0 0 0 0 0 0 0 0 0 0 0 0 0 0 0 0 0 0 0 0 0 0 0 0 0 0 0 0 0 0 0 0 0 0 0 0 0 0 0 0 0 0 0 0 0 0 0 0 0 0 0 0 0 0 0 0 0 0 0 0 0 0 0 0 0 0 0 0 0 0 0 0 0 0 0 0 0 0 0 0 0 0 0 0 0 0 0 0 0 0 0 0 0 0 0 0 0 0 0 0 0 0 0 0 0 0 0 0 0 0 0 0 0 0 0 0 0 0 0 0 0 0 0 0 0 0 0 0 0 0 0 0 0 0 0 0 0 0 0 0 0 0 0 0 0 0 0 0 0 0 0 0 0 0 0 0 0 0 0 0 0 0 0 0 0 0 0 0 0 0 0 0 0 0 0 0 0 0 0 0 0 0 0 0 0 0 0 0 0 0 0 0 0 0 0 0 0 0 0 0 0 0 0 0 0 0 0 0 0 0 0 0 0 0 0 0 0 0 0 0 0 0 0 0 0 0 0 0 0 0 0 0 0 0 0 0 0 0 0 0 0 0 0 0 0 0 0 0 0 0 0 0 0 0 0 0 0 0 0 0 0 0 0 0 0 0 0 0 0 0 0 0 0 0 0 0 0 0 0 0 0 0 0 0 0 0 0 0 0 0 0 0 0 0 0 0 0 0 0 0 0 0 0 0 0 0 0 0 0 0 0 0 0 0 0 0 0 0 0 0 0 0 0 0 0 0 0 0 0 0 0 0 0 0 0 0 0 0 0 0 0 0 0 0 0 0 0 0 0 0 0 0 0 0 0 0 0 0 0 0 0 0 0 0 0 0 0 0 0 0 0 0 0 0 0 0 0 0 0 0 0 0 0 0 0 0 0 0 0 0 0 0 0 0 0 0 0 0 0 0 0 0 0 0 0 0 0 0 0 0 0 0 0 0 0 0 0 0 0 0 0 0 0 0 0 0 0 0 0 0 0 0 0 0 0 0 0 0 0 0 0 0 0 0 0 0 0 0 0 0 0 0 0 0 0 0 0 0 0 0 0 0 0 0 0 0 0 0 0 0 0 0 0 0 0 0 0 0 0 0 0 0 0 0 0 0 0 0 0 0 0 0 0 0 0 0 0 0 0 0 0 0 0 0 0 0 0 0 0 0 0 0 0 0 0 0 0 0 0 0 0 0 0 0 0 0 0 0 0 0 0 0 0 0 0 0 0 0 0 0 0 0 0 0 0 0 0 0 0 0 0 0 0 0 0 0 0 0 0 0 0 0 0 0 0 0 0 0 0 0 0 0 0 0 0 0 0 0 0 0 0 0 0 0 0 0 0 0 0 0 0 0 0 0 0 0 0 0 0 0 0 0 0 0 0 0 0 0 0 0 0 0 0 0 0 0 0 0 0 0 0 0 0 0 0 0 0 0 0 0 0 0 0 0 0 0 0 0 0 0 0 0 0 0 0 0 0 0 0 0 0 0 0 0 0 0 0 0 0 0 0 0 0 0 0 0 0 0 0 0 0 0 0 0 0 0 0 0 0 0 0 0 0 0 0 0 0 0 0 0 0 0 0 0 0 0 0 0 0 0 0 0 0 0 0 0 0 0 0 0 0 0 0 0 0 0 0 0 0 0 0 0 0 0 0 0 0 0 0 0 0 0 0 0 0 0 0 0 0 0 0 0 0 0 0 0 0 0 0 0 0 0 0 0 0 0 0 0 0 0 0 0 0 0 0 0 0 0 0 0 0 0 0 0 0 0 0 0 0 0 0 0 0 0 0 0 0 0 0 0 0 0 0 0 0 0 0 0 0 0 0 0 0 0 0 0 0 0 0 0 0 0 0 0 0 0 0 0 0 0 0 0 0 0 0 0 0 0 0 0 0 0 0 0 0 0 0 0 0 0 0 0 0 0 0 0 0 0 0 0 0 0 0 0 0 0 0 0 0 0 0 0 0 0 0 0 0 0 0 0 0 0 0 0 0 0 0 0 0 0 0 0 0 0 0 0 0 0 0 0 0 0 0 0 0 0 0 0 0 0 0 0 0 0 0 0 0 0 0 0 0 0 0 0 0 0 0 0 0 0 0 0 0 0 0 0 0 0 0 0 0 0 0 0 0 0 0 0 0 0 0 0 0 0 0 0 0 0 0 0 0 0 0 0 0 0 0 0 0 0 0 0 0 0 0 0 0 0 0 0 0 0 0 0 0 0 0 0 0 0 0 0 0 0 0 0 0 0 0 0 0 0 0 0 0 0 0 0 0 0 0 0 0 0 0 0 0 0 0 0 0 0 0 0 0 0 0 0 0 0 0 0 0 0 0 0 0 0 0 0 0 0 0 0 0 0 0 0 0 0 0 0 0 0 0 0 0 0 0 0 0 0 0 0 0 0 0 0 0 0 0 0 0 0 0 0 0 0 0 0 0 0 0 0 0 0 0 0 0 0 0 0 0 0 0 0 0 0 0 0 0 0 0 0 0 0 0 0 0 0 0 0 0 0 0 0 0 0 0 0 0 0 0 0 0 0 0 0 0 0 0 0 0 0 0 0 0 0 0 0 0 0 0 0 0 0 0 0 0 0 0 0 0 0 0 0 0 0 0 0 0 0 0 0 0 0 0 0 0 0 0 0 0 0 0 0 0 0 0 0 0 0 0 0 0 0 0 0 0 0 0 0 0 0 0 0 0 0 0 0 0 0 0 0 0 0 0 0 0 0 0 0 0 0 0 0 0 0 0 0 0 0 0 0 0 0 0 0 0 0 0 0 0 0 0 0 0 0 0 0 0 0 0 0 0 0 0 0 0 0 0 0 0 0 0 0 0 0 0 0 0 0 0 0 0 0 0 0 0 0 0 0 0 0 0 0 0 0 0 0 0 0 0 0 0 0 0 0 0 0 0 0 0 0 0 0 0 0 0 0 0 0 0 0 0 0 0 0 0 0 0 0 0 0 0 0 0 0 0 0 0 0 0 0 0 0 0 0 0 0 0 0 0 0 0 0 0 0 0 0 0 0 0 0 0 0 0 0 0 0 0 0 0 0 0 0 0 0 0 0 0 0 0 0 0 0 0 0 0 0 0 0 0 0 0 0 0 0 0 0 0 0 0 0 0 0 0 0 0 0 0 0 0 0 0 0 0 0 0 0 0 0 0 0 0 0 0 0 0 0 0 0 0 0 0 0 0 0 0 0 0 0 0 0 0 0 0 0 0 0 0 0 0 0 0 0 0 0 0 0 0 0 0 0 0 0 0 0 0 0 0 0 0 0 0 0 0 0 0 0 0 0 0 0 0 0 0 0 0 0 0 0 0 0 0 0 0 0 0 0 0 0 0 0 0 0 0 0 0 0 0 0 0 0 0 0 0 0 0 0 0 0 0 0 0 0 0 0 0 0 0 0 0 0 0 0 0 0 0 0 0 0 0 0 0 0 0 0 0 0 0 0 0 0 0 0 0 0 0 0 0 0 0 0 0 0 0 0 0 0 0 0 0 0 0 0 0 0 0 0 0 0 0 0 0 0 0 0 0 0 0 0 0 0 0 0 0 0 0 0 0 0 0 0 0 0 0 0 0 0 0 0 0 0 0 0 0 0 0 0 0 0 0 0 0 0 0 0 0 0 0 0 0 0 0 0 0 0 0 0 0 0 0 0 0 0 0 0 0 0 0 0 0 0 0 0 0 0 0 0 0 0 0 0 0 0 0 0 0 0 0 0 0 0 0 0 0 0 0 0 0 0 0 0 0 0 0 0 0 0 0 0 0 0 0 0 0 0 0 0 0 0 0 0 0 0 0 0 0 0 0 0 0 0 0 0 0 0 0 0 0 0 0 0 0 0 0 0 0 0 0 0 0 0 0 0 0 0 0 0 0 0 0 0 0 0 0 0 0 0 0 0 0 0 0 0 0 0 0 0 0 0 0 0 0 0 0 0 0 0 0 0 0 0 0 0 0 0 0 0 0 0 0 0 0 0 0 0 0 0 0 0 0 0 0 0 0 0 0 0 0 0 0 0 0 0 0 0 0 0 0 0 0 0 0 0 0 0 0 0 0 0 0 0 0 0 0 0 0 0 0 0 0 0 0 0 0 0 0 0 0 0 0 0 0 0 0 0 0 0 0 0 0 0 0 0 0 0 0 0 0 0 0 0 0 0 0 0 0 0 0 0 0 0 0 0 0 0 0 0 0 0 0 0 0 0 0 0 0 0 0 0 0 0 0 0 0 0 0 0 0 0 0 0 0 0 0 0 0 0 0 0 0 0 0 0 0 0 0 0 0 0 0 0 0 0 0 0 0 0 0 0 0 0 0 0 0 0 0 0 0 0 0 0 0 0 0 0 0 0 0 0 0 0 0 0 0 0 0 0 0 0 0 0 0 0 0 0 0 0 0 0 0 0 0 0 0 0 0 0 0 0 0 0 0 0 0 0 0 0 0 0 0 0 0 0 0 0 0 0 0 0 0 0 0 0 0 0 0 0 0 0 0 0 0 0 0 0 0 0 0 0 0 0 0 0 0 0 0 0 0 0 0 0 0 0 0 0 0 0 0 0 0 0 0 0 0 0 0 0 0 0 0 0 0 0 0 0 0 0 0 0 0 0 0 0 0 0 0 0 0 0 0 0 0 0 0 0 0 0 0 0 0 0 0 0 0 0 0 0 0 0 0 0 0 0 0 0 0 0 0 0 0 0 0 0 0 0 0 0 0 0 0 0 0 0 0 0 0 0 0 0 0 0 0 0 0 0 0 0 0 0 0 0 0 0 0 0 0 0 0 0 0 0 0 0 0 0 0 0 0 0 0 0 0 0 0 0 0 0 0 0 0 0 0 0 0 0 0 0 0 0 0 0 0 0 0 0 0 0 0 0 0 0 0 0 0 0 0 0 0 0 0 0 0 0 0 0 0 0 0 0 0 0 0 0 0 0 0 0 0 0 0 0 0 0 0 0 0 0 0 0 0 0 0 0 0 0 0 0 0 0 0 0 0 0 0 0 0 0 0 0 0 0 0 0 0 0 0 0 0 0 0 0 0 0 0 0 0 0 0 0 0 0 0 0 0 0 0 0 0 0 0 0 0 0 0 0 0 0 0 0 0 0 0 0 0 0 0 0 0 0 0 0 0 0 0 0 0 0 0 0 0 0 0 0 0 0 0 0 0 0 0 0 0 0 0 0 0 0 0 0 0 0 0 0 0 0 0 0 0 0 0 0 0 0 0 0 0 0 0 0 0 0 0 0 0 0 0 0 0 0 0 0 0 0 0 0 0 0 0 0 0 0 0 0 0 0 0 0 0 0 0 0 0 0 0 0 0 0 0 0 0 0 0 0 0 0 0 0 0 0 0 0 0 0 0 0 0 0 0 0 0 0 0 0 0 0 0 0 0 0 0 0 0 0 0 0 0 0 0 0 0 0 0 0 0 0 0 0 0 0 0 0 0 0 0 0 0 0 0 0 0 0 0 0 0 0 0 0 0 0 0 0 0 0 0 0 0 0 0 0 0 0 0 0 0 0 0 0 0 0 0 0 0 0 0 0 0 0 0 0 0 0 0 0 0 0 0 0 0 0 0 0 0 0 0 0 0 0 0 0 0 0 0 0 0 0 0 0 0 0 0 0 0 0 0 0 0 0 0 0 0 0 0 0 0 0 0 0 0 0 0 0 0 0 0 0 0 0 0 0 0 0 0 0 0 0 0 0 0 0 0 0 0 0 0 0 0 0 0 0 0 0 0 0 0 0 0 0 0 0 0 0 0 0 0 0 0 0 0 0 0 0 0 0 0 0 0 0 0 0 0 0 0 0 0 0 0 0 0 0 0 0 0 0 0 0 0 0 0 0 0 0 0 0 0 0 0 0 0 0 0 0 0 0 0 0 0 0 0 0 0 0 0 0 0 0 0 0 0 0 0 0 0 0 0 0 0 0 0 0 0 0 0 0 0 0 0 0 0 0 0 0 0 0 0 0 0 0 0 0 0 0 0 0 0 0 0 0 0 0 0 0 0 0 0 0 0 0 0 0 0 0 0 0 0 0 0 0 0 0 0 0 0 0 0 0 0 0 0 0 0 0 0 0 0 0 0 0 0 0 0 0 0 0 0 0 0 0 0 0 0 0 0 0 0 0 0 0 0 0 0 0 0 0 0 0 0 0 0 0 0 0 0 0 0 0 0 0 0 0 0 0 0 0 0 0 0 0 0 0 0 0 0 0 0 0 0 0 0 0 0 0 0 0 0 0 0 0 0.5961967 0.6450363 0.5574083 0.6052213 0.5541513 0.6282641 0 0 0 0 0 0 0 0 0 0 0 0 0 0 0 0 0 0 0 0 0 0 0 0 0 0 0 0 0 0 0 0 0 0 0 0 0 0 0 0 0 0 0 0 0 0 0 0 0 0 0 0 0 0 0 0 0 0 0 0 0 0 0 0 0 0 0 0 0 0 0 0 0 0 0 0 0 0 0 0 0 0 0 0 0 0 0 0 0 0 0 0 0 0 0 0 0 0 0 0 0 0 0 0 0 0 0 0 0 0 0 0 0 0 0 0 0 0 0 0 0 0 0 0 0 0 0 0 0 0 0 0 0 0 0 0 0 0 0 0 0 0 0 0 0 0 0 0 0 0 0 0 0 0 0 0 0 0 0 0 0 0 0 0 0 0 0 0 0 0 0 0 0 0 0 0 0 0 0 0 0 0 0 0 0 0 0 0 0 0 0 0 0 0 0 0 0 0 0 0 0 0 0 0 0 0 0 0 0 0 0 0 0 0 0 0 0 0 0 0 0 0 0 0 0 0 0 0 0 0 0 0 0 0 0 0 0 0 0 0 0 0 0 0 0 0 0 0 0 0 0 0 0 0 0 0 0 0 0 0 0 0 0 0 0 0 0 0 0 0 0 0 0 0 0 0 0 0 0 0 0 0 0 0 0 0 0 0 0 0 0 0 0 0 0 0 0 0 0 0 0 0 0 0 0 0 0 0 0 0 0 0 0 0 0 0 0 0 0 0 0 0 0 0 0 0 0 0 0 0 0 0 0 0 0 0 0 0 0 0 0 0 0 0 0 0 0 0 0 0 0 0 0 0 0 0 0 0 0 0 0 0 0 0 0 0 0 0 0 0 0 0 0 0 0 0 0 0 0 0 0 0 0 0 0 0 0 0 0 0 0 0 0 0 0 0 0 0 0 0 0 0 0 0 0 0 0 0 0 0 0 0 0 0 0 0 0 0 0 0 0 0 0 0 0 0 0 0 0 0 0 0 0 0 0 0 0 0 0 0 0 0 0 0 0 0 0 0 0 0 0 0 0 0 0 0 0 0 0 0 0 0 0 0 0 0 0 0 0 0 0 0 0 0 0 0 0 0 0 0 0 0 0 0 0 0 0 0 0 0 0 0 0 0 0 0 0 0 0 0 0 0 0 0 0 0 0 0 0 0 0 0 0 0 0 0 0 0 0 0 0 0 0 0 0 0 0 0 0 0 0 0 0 0 0 0 0 0 0 0 0 0 0 0 0 0 0 0 0 0 0 0 0 0 0 0 0 0 0 0 0 0 0 0 0 0 0 0 0 0 0 0 0 0 0 0 0 0 0 0 0 0 0 0 0 0 0 0 0 0 0 0 0 0 0 0 0 0 0 0 0 0 0 0 0 0 0 0 0 0 0 0 0 0 0 0 0 0 0 0 0 0 0 0 0 0 0 0 0 0 0 0 0 0 0 0 0 0 0 0 0 0 0 0 0 0 0 0 0 0 0 0 0 0 0 0 0 0 0 0 0 0 0 0 0 0 0 0 0 0 0 0 0 0 0 0 0 0 0 0 0 0 0 0 0 0 0 0 0 0 0 0 0 0 0 0 0 0 0 0 0 0 0 0 0 0 0 0 0 0 0 0 0 0 0 0 0 0 0 0 0 0 0 0 0 0 0 0 0 0 0 0 0 0 0 0 0 0 0 0 0 0 0 0 0 0 0 0 0 0 0 0 0 0 0 0 0 0 0 0 0 0 0 0 0 0 0 0 0 0 0 0 0 0 0 0 0 0 0 0 0 0 0 0 0 0 0 0 0 0 0 0 0 0 0 0 0 0 0 0 0 0 0 0 0 0 0 0 0 0 0 0 0 0 0 0 0 0 0 0 0 0 0 0 0 0 0 0 0 0 0 0 0 0 0 0 0 0 0 0 0 0 0 0 0 0 0 0 0 0 0 0 0 0 0 0 0 0 0 0 0 0 0 0 0 0 0 0 0 0 0 0 0 0 0 0 0 0 0 0 0 0 0 0 0 0 0 0 0 0 0 0 0 0 0 0 0 0 0 0 0 0 0 0 0 0 0 0 0 0 0 0 0 0 0 0 0 0 0 0 0 0 0 0 0 0 0 0 0 0 0 0 0 0 0 0 0 0 0 0 0 0 0 0 0 0 0 0 0 0 0 0 0 0 0 0 0 0 0 0 0 0 0 0 0 0 0 0 0 0 0 0 0 0 0 0 0 0 0 0 0 0 0 0 0 0 0 0 0 0 0 0 0 0 0 0 0 0 0 0 0 0 0 0 0 0 0 0 0 0 0 0 0 0 0 0 0 0 0 0 0 0 0 0 0 0 0 0 0 0 0 0 0 0 0 0 0 0 0 0 0 0 0 0 0 0 0 0 0 0 0 0 0 0 0 0 0 0 0 0 0 0 0 0 0 0 0 0 0 0 0 0 0 0 0 0 0 0 0 0 0 0 0 0 0 0 0 0 0 0 0 0 0 0 0 0 0 0 0 0 0 0 0 0 0 0 0 0 0 0 0 0 0 0 0 0 0 0 0 0 0 0 0 0 0 0 0 0 0 0 0 0 0 0 0 0 0 0 0 0 0 0 0 0 0 0 0 0 0 0 0 0 0 0 0 0 0 0 0 0 0 0 0 0 0 0 0 0 0 0 0 0 0 0 0 0 0 0 0 0 0 0 0 0 0 0 0 0 0 0 0 0 0 0 0 0 0 0 0 0 0 0 0 0 0 0 0 0 0 0 0 0 0 0 0 0 0 0 0 0 0 0 0 0 0 0 0 0 0 0 0 0 0 0 0 0 0 0 0 0 0 0 0 0 0 0 0 0 0 0 0 0 0 0 0 0 0 0 0 0 0 0 0 0 0 0 0 0 0 0 0 0 0 0 0 0 0 0 0 0 0 0 0 0 0 0 0 0 0 0 0 0 0 0 0 0 0 0 0 0 0 0 0 0 0 0 0 0 0 0 0 0 0 0 0 0 0 0 0 0 0 0 0 0 0 0 0 0 0 0 0 0 0 0 0 0 0 0 0 0 0 0 0 0 0 0 0 0 0 0 0 0 0 0 0 0 0 0 0 0 0 0 0 0 0 0 0 0 0 0 0 0 0 0 0 0 0 0 0 0 0 0 0 0 0 0 0 0 0 0 0 0 0 0 0 0 0 0 0 0 0 0 0 0 0 0 0 0 0 0 0 0 0 0 0 0 0 0 0 0 0 0 0 0 0 0 0 0 0 0 0 0 0 0 0 0 0 0 0 0 0 0 0 0 0 0 0 0 0 0 0 0 0 0 0 0 0 0 0 0 0 0 0 0 0 0 0 0 0 0 0 0 0 0 0 0 0 0 0 0 0 0 0 0 0 0 0 0 0 0 0 0 0 0 0 0 0 0 0 0 0 0 0 0 0 0 0 0 0 0 0 0 0 0 0 0 0 0 0 0 0 0 0 0 0 0 0 0 0 0 0 0 0 0 0 0 0 0 0 0 0 0 0 0 0 0 0 0 0 0 0 0 0 0 0 0 0 0 0 0 0 0 0 0 0 0 0 0 0 0 0 0 0 0 0 0 0 0 0 0 0 0 0 0 0 0 0 0 0 0 0.6600534 0.07410907 0.5990043 0.06126582 0.5988251 0.06567263 0.1950349 0.1162938 0.140433 0.1317368 0.1410188 0.1356256 0.5988251 0.06567263 0.5383681 0.05705308 0.5383092 0.06140404 0.1410188 0.1356256 0.0868628 0.1531358 0.08751195 0.1569772 0.4786284 0.06133985 0.5383681 0.05705308 0.4785683 0.05705332 0.03349292 0.1813325 0.0868628 0.1531358 0.03280371 0.1774706 0.4198845 0.0653702 0.4785683 0.05705332 0.4197103 0.06115442 0.9087528 0.1426845 0.8469803 0.1167805 0.8464056 0.1212926 0.9087528 0.1426845 0.9722361 0.1622369 0.9094029 0.1381585 0.4198845 0.0653702 0.3618698 0.06911969 0.3621497 0.07326066 0.8464056 0.1212926 0.784535 0.09791958 0.7840387 0.1024262 0.3621497 0.07326066 0.3050823 0.08060461 0.3054569 0.08467024 0.7218496 0.08650058 0.784535 0.09791958 0.722253 0.0820136 0.249784 0.09917151 0.3050823 0.08060461 0.2493278 0.09517711 0.6600534 0.07410907 0.722253 0.0820136 0.6603492 0.06965637 0.1950349 0.1162938 0.2493278 0.09517711 0.1945098 0.1123598 0.3658434 0.1296064 0.310221 0.137299 0.3104597 0.1400746 0.7771727 0.1640084 0.7165248 0.1445881 0.7162288 0.1476487 0.2559322 0.153714 0.310221 0.137299 0.255634 0.1509793 0.6558914 0.1346837 0.7165248 0.1445881 0.6561151 0.1316552 0.2021723 0.1701238 0.255634 0.1509793 0.2018224 0.1674249 0.6558914 0.1346837 0.5963932 0.1225681 0.5962485 0.1255603 0.2021723 0.1701238 0.1486738 0.1862528 0.14907 0.188921 0.5962485 0.1255603 0.5374311 0.1175541 0.5373684 0.1205067 0.09654688 0.2099857 0.1486738 0.1862528 0.09610015 0.2072935 0.5373684 0.1205067 0.4792923 0.1166641 0.4793114 0.1195743 0.04543262 0.2324582 0.09610015 0.2072935 0.04484421 0.2298696 0.4221264 0.1226749 0.4792923 0.1166641 0.4220286 0.1198095 0.9000049 0.2038397 0.8389569 0.1799644 0.8385555 0.1830641 0.9000049 0.2038397 0.9604182 0.222401 0.900432 0.2007728 0.4221264 0.1226749 0.3656718 0.1267864 0.3658434 0.1296064 0.8385555 0.1830641 0.7775297 0.1609215 0.7771727 0.1640084 0.2631512 0.2202488 0.3164489 0.2106269 0.3161896 0.2074951 0.6502401 0.2081739 0.708442 0.225546 0.708804 0.2220842 0.2106937 0.2359178 0.2634826 0.223344 0.2631512 0.2202488 0.5923527 0.2014399 0.6502401 0.2081739 0.5925402 0.1980795 0.1591593 0.2571615 0.2106937 0.2359178 0.1587102 0.2541176 0.5355784 0.1953388 0.5925402 0.1980795 0.5356713 0.1920264 0.1074732 0.2774683 0.1587102 0.2541176 0.1069756 0.2743827 0.4796174 0.1900655 0.5355784 0.1953388 0.5356713 0.1920264 0.05627089 0.2955857 0.1074732 0.2774683 0.1069756 0.2743827 0.4243679 0.1921195 0.4796189 0.1933305 0.4796174 0.1900655 0.8896612 0.2796958 0.9495284 0.3031851 0.9498364 0.2996995 0.370085 0.2011872 0.4243679 0.1921195 0.3699056 0.1980136 0.7678499 0.2428488 0.8286674 0.2590461 0.7682794 0.2393328 0.3164489 0.2106269 0.3699056 0.1980136 0.3161896 0.2074951 0.708804 0.2220842 0.7678499 0.2428488 0.7682794 0.2393328 0.8281987 0.262609 0.8896612 0.2796958 0.8286674 0.2590461 0.5953906 0.1434287 0.6558914 0.1346837 0.5962485 0.1255603 0.1514385 0.2048768 0.2021723 0.1701238 0.14907 0.188921 0.5370019 0.1381349 0.5962485 0.1255603 0.5373684 0.1205067 0.09906572 0.2253124 0.14907 0.188921 0.09654688 0.2099857 0.5370019 0.1381349 0.4793114 0.1195743 0.4794336 0.136947 0.09906572 0.2253124 0.04543262 0.2324582 0.04696404 0.2474082 0.4794336 0.136947 0.4221264 0.1226749 0.4227197 0.1397815 0.8361526 0.2016336 0.9000049 0.2038397 0.8385555 0.1830641 0.9584323 0.2447299 0.9000049 0.2038397 0.8973587 0.2228022 0.3668782 0.146444 0.4221264 0.1226749 0.3658434 0.1296064 0.7750408 0.1824721 0.8385555 0.1830641 0.7771727 0.1640084 0.3118963 0.1566516 0.3658434 0.1296064 0.3104597 0.1400746 0.7750408 0.1824721 0.7162288 0.1476487 0.7144613 0.1659422 0.3118963 0.1566516 0.2559322 0.153714 0.2577249 0.1700527 0.7144613 0.1659422 0.6558914 0.1346837 0.6545583 0.1527749 0.2577249 0.1700527 0.2021723 0.1701238 0.2042748 0.1862586 0.3689497 0.1810504 0.3133674 0.1738007 0.3148111 0.1907577 0.7107274 0.203606 0.7728121 0.2016123 0.712604 0.1848712 0.2613927 0.2037094 0.3133674 0.1738007 0.2595721 0.1869703 0.7107274 0.203606 0.6531486 0.1714726 0.6517202 0.18996 0.2613927 0.2037094 0.2064508 0.2029803 0.2086011 0.2195383 0.6517202 0.18996 0.5944719 0.161884 0.593534 0.1801212 0.1563283 0.2378467 0.2064508 0.2029803 0.1538982 0.2214402 0.593534 0.1801212 0.5365924 0.1563378 0.5361618 0.1743202 0.1563283 0.2378467 0.1017857 0.2419949 0.1043457 0.2578408 0.4796062 0.1726105 0.5365924 0.1563378 0.4795314 0.154888 0.05244004 0.2793602 0.1017857 0.2419949 0.05086332 0.2636845 0.4796062 0.1726105 0.4233078 0.1574542 0.4238709 0.1749142 0.9533544 0.2823522 0.8947979 0.2415886 0.8921591 0.2611046 0.8311743 0.2400687 0.8947979 0.2415886 0.8336618 0.2209111 0.3689497 0.1810504 0.4233078 0.1574542 0.3679273 0.1638489 0.8311743 0.2400687 0.7728121 0.2016123 0.7705653 0.2205836 0.4232527 0.1559603 0.3668782 0.146444 0.367833 0.1623779 0.8338658 0.2192757 0.7750408 0.1824721 0.7729951 0.1999896 0.8950139 0.2399331 0.9584323 0.2447299 0.8973587 0.2228022 0.367833 0.1623779 0.3118963 0.1566516 0.3132373 0.1723514 0.7127558 0.1832674 0.7750408 0.1824721 0.7144613 0.1659422 0.25941 0.1855409 0.3118963 0.1566516 0.2577249 0.1700527 0.6532626 0.1698894 0.7144613 0.1659422 0.6545583 0.1527749 0.25941 0.1855409 0.2042748 0.1862586 0.2062608 0.2015678 0.5945444 0.1603223 0.6545583 0.1527749 0.5953906 0.1434287 0.1536842 0.2200415 0.2042748 0.1862586 0.1514385 0.2048768 0.5945444 0.1603223 0.5370019 0.1381349 0.5366216 0.1547982 0.1536842 0.2200415 0.09906572 0.2253124 0.1015502 0.2405939 0.4795176 0.153371 0.5370019 0.1381349 0.4794336 0.136947 0.05062633 0.2623292 0.09906572 0.2253124 0.04696404 0.2474082 0.4232527 0.1559603 0.4794336 0.136947 0.4227197 0.1397815 0.2106937 0.2359178 0.1563283 0.2378467 0.1587102 0.2541176 0.5925402 0.1980795 0.5361618 0.1743202 0.5356713 0.1920264 0.1587102 0.2541176 0.1043457 0.2578408 0.1069756 0.2743827 0.4796174 0.1900655 0.5361618 0.1743202 0.4796062 0.1726105 0.05627089 0.2955857 0.1043457 0.2578408 0.05244004 0.2793602 0.4243679 0.1921195 0.4796062 0.1726105 0.4238709 0.1749142 0.8896612 0.2796958 0.8311743 0.2400687 0.8286674 0.2590461 0.8896612 0.2796958 0.9533544 0.2823522 0.8921591 0.2611046 0.4243679 0.1921195 0.3689497 0.1810504 0.3699056 0.1980136 0.8286674 0.2590461 0.7705653 0.2205836 0.7682794 0.2393328 0.3699056 0.1980136 0.3148111 0.1907577 0.3161896 0.2074951 0.708804 0.2220842 0.7705653 0.2205836 0.7107274 0.203606 0.2631512 0.2202488 0.3148111 0.1907577 0.2613927 0.2037094 0.6502401 0.2081739 0.7107274 0.203606 0.6517202 0.18996 0.2106937 0.2359178 0.2613927 0.2037094 0.2086011 0.2195383 0.6502401 0.2081739 0.593534 0.1801212 0.5925402 0.1980795 0.8950139 0.2399331 0.8336618 0.2209111 0.8947979 0.2415886 0.8338658 0.2192757 0.7728121 0.2016123 0.8336618 0.2209111 0.7127558 0.1832674 0.7728121 0.2016123 0.7729951 0.1999896 0.6532626 0.1698894 0.712604 0.1848712 0.7127558 0.1832674 0.6532626 0.1698894 0.5944719 0.161884 0.6531486 0.1714726 0.5945444 0.1603223 0.5365924 0.1563378 0.5944719 0.161884 0.4795176 0.153371 0.5365924 0.1563378 0.5366216 0.1547982 0.4232527 0.1559603 0.4795314 0.154888 0.4795176 0.153371 0.4232527 0.1559603 0.3679273 0.1638489 0.4233078 0.1574542 0.367833 0.1623779 0.3133674 0.1738007 0.3679273 0.1638489 0.25941 0.1855409 0.3133674 0.1738007 0.3132373 0.1723514 0.2062608 0.2015678 0.2595721 0.1869703 0.25941 0.1855409 0.2062608 0.2015678 0.1538982 0.2214402 0.2064508 0.2029803 0.1536842 0.2200415 0.1017857 0.2419949 0.1538982 0.2214402 0.05062633 0.2623292 0.1017857 0.2419949 0.1015502 0.2405939 0.8950139 0.2399331 0.9547889 0.2623544 0.9550005 0.2607472 0.8950139 0.2399331 0.8361526 0.2016336 0.8338658 0.2192757 0.6441689 0.645561 0.5961967 0.6450363 0.6385437 0.6696112 0.2288522 0.6617316 0.180292 0.6628975 0.1865189 0.6864853 0.4313775 0.6053209 0.3896982 0.5854097 0.3905403 0.6077975 0.3905403 0.6077975 0.3486016 0.5911625 0.3505426 0.6128527 0.1416005 0.721268 0.180292 0.6628975 0.1336646 0.6940597 0.5541513 0.6282641 0.5152748 0.592442 0.5132163 0.6150279 0.8330118 0.8234264 0.7686533 0.7860162 0.8173919 0.8539227 0.3108342 0.625072 0.3486016 0.5911625 0.3077509 0.6024451 0.7235544 0.7375826 0.6881706 0.674867 0.6810765 0.6978587 0.3077509 0.6024451 0.2700936 0.640019 0.3108342 0.625072 0.5152748 0.592442 0.4724214 0.6087338 0.5132163 0.6150279 0.4313775 0.6053209 0.4733099 0.5862847 0.4313187 0.5832502 0.6385437 0.6696112 0.6881706 0.674867 0.6441689 0.645561 0.2700936 0.640019 0.223913 0.6387335 0.2288522 0.6617316 0.8178569 0.6581408 0.8689365 0.7339134 0.8778758 0.7063533 0.4314015 0.5699169 0.4733099 0.5862847 0.4739226 0.5727072 0.7877395 0.744865 0.8330118 0.8234264 0.8398347 0.8032276 0.4314015 0.5699169 0.3896982 0.5854097 0.4313187 0.5832502 0.6924145 0.6605578 0.7331024 0.7127313 0.7385894 0.6978752 0.3475599 0.5780555 0.3896982 0.5854097 0.3892554 0.5720663 0.6924145 0.6605578 0.6441689 0.645561 0.6881706 0.674867 0.3475599 0.5780555 0.3077509 0.6024451 0.3486016 0.5911625 0.6030832 0.6086261 0.6441689 0.645561 0.6474751 0.6314585 0.2639988 0.6049205 0.3077509 0.6024451 0.3060632 0.5892424 0.5593648 0.5914707 0.6004981 0.6225225 0.6030832 0.6086261 0.2639988 0.6049205 0.223913 0.6387335 0.2662308 0.6182909 0.5164956 0.5790278 0.5574083 0.6052213 0.5593648 0.5914707 0.176993 0.648932 0.223913 0.6387335 0.2211792 0.6249811 0.5164956 0.5790278 0.4733099 0.5862847 0.5152748 0.592442 0.176993 0.648932 0.1336646 0.6940597 0.180292 0.6628975 0.7066442 0.6049845 0.6559644 0.5899496 0.7033823 0.6180636 0.2553041 0.5547356 0.2129483 0.5857945 0.257197 0.5664775 0.474973 0.533372 0.4308605 0.5194266 0.4309437 0.5312232 0.4308605 0.5194266 0.3872939 0.5335361 0.4309437 0.5312232 0.6559644 0.5899496 0.611546 0.5555055 0.6095839 0.5679255 0.2106858 0.5738434 0.1676607 0.608491 0.2129483 0.5857945 0.611546 0.5555055 0.564056 0.5513579 0.6095839 0.5679255 0.1650884 0.596341 0.1213241 0.6335511 0.1676607 0.608491 0.3872939 0.5335361 0.3429696 0.528435 0.343971 0.5400542 0.8049705 0.6981803 0.7566323 0.6397925 0.7525227 0.6535443 0.343971 0.5400542 0.2992915 0.539494 0.3007602 0.5511301 0.5654692 0.5391529 0.5192751 0.5397756 0.564056 0.5513579 0.8615542 0.7494174 0.8101745 0.6826788 0.8049705 0.6981803 0.5201527 0.5277688 0.474973 0.533372 0.5192751 0.5397756 0.7566323 0.6397925 0.7033823 0.6180636 0.7525227 0.6535443 0.3007602 0.5511301 0.2553041 0.5547356 0.257197 0.5664775 0.6757819 0.4794195 0.627921 0.4336895 0.6247428 0.4600673 0.662609 0.55601 0.7066442 0.6049845 0.711833 0.5830652 0.3858077 0.5022997 0.3429696 0.528435 0.3867547 0.5218291 0.7631226 0.6167695 0.7066442 0.6049845 0.7566323 0.6397925 0.4306564 0.4997468 0.3867547 0.5218291 0.4308605 0.5194266 0.8178569 0.6581408 0.7566323 0.6397925 0.8101745 0.6826788 0.4306564 0.4997468 0.4753459 0.5214488 0.4758961 0.5015484 0.1130604 0.6008648 0.1650884 0.596341 0.1608678 0.5759959 0.4758961 0.5015484 0.5201527 0.5277688 0.5215227 0.5077074 0.2069695 0.5539795 0.1650884 0.596341 0.2106858 0.5738434 0.5677083 0.5187599 0.5201527 0.5277688 0.5654692 0.5391529 0.2521667 0.5351954 0.2106858 0.5738434 0.2553041 0.5547356 0.6146734 0.5347441 0.5654692 0.5391529 0.611546 0.5555055 0.2521667 0.5351954 0.2992915 0.539494 0.2968369 0.5200977 0.6146734 0.5347441 0.6585247 0.5772535 0.662609 0.55601 0.728361 0.5037713 0.6734384 0.4937425 0.7254473 0.5186175 0.1115353 0.5877505 0.1608678 0.5759959 0.158357 0.5628507 0.4763872 0.4885845 0.5215227 0.5077074 0.5225355 0.494623 0.2047677 0.5410136 0.1608678 0.5759959 0.2069695 0.5539795 0.5692735 0.5054769 0.5215227 0.5077074 0.5677083 0.5187599 0.250325 0.5224235 0.2069695 0.5539795 0.2521667 0.5351954 0.6168094 0.5212209 0.5677083 0.5187599 0.6146734 0.5347441 0.250325 0.5224235 0.2968369 0.5200977 0.2954197 0.5074159 0.6168094 0.5212209 0.662609 0.55601 0.6653577 0.5421679 0.2954197 0.5074159 0.3412682 0.5090506 0.3403176 0.4963774 0.6653577 0.5421679 0.711833 0.5830652 0.7152714 0.5687603 0.3853335 0.4895534 0.3412682 0.5090506 0.3858077 0.5022997 0.7673609 0.6017086 0.711833 0.5830652 0.7631226 0.6167695 0.4306602 0.4869068 0.3858077 0.5022997 0.4306564 0.4997468 0.8230975 0.6412496 0.8778758 0.7063533 0.8818501 0.686826 0.4306602 0.4869068 0.4758961 0.5015484 0.4763872 0.4885845 0.7525227 0.6535443 0.7022603 0.6223334 0.7511081 0.6580253 0.6559644 0.5899496 0.7022603 0.6223334 0.7033823 0.6180636 0.6559644 0.5899496 0.6089022 0.5719935 0.6550805 0.5941008 0.564056 0.5513579 0.6089022 0.5719935 0.6095839 0.5679255 0.5192751 0.5397756 0.5635579 0.5553569 0.564056 0.5513579 0.474973 0.533372 0.5189571 0.5437177 0.5192751 0.5397756 0.474973 0.533372 0.4309447 0.5351028 0.4748213 0.537284 0.3872939 0.5335361 0.4309447 0.5351028 0.4309437 0.5312232 0.3872939 0.5335361 0.3442789 0.54388 0.3874469 0.5373858 0.343971 0.5400542 0.3012238 0.5549641 0.3442789 0.54388 0.3007602 0.5511301 0.2578042 0.5703534 0.3012238 0.5549641 0.2129483 0.5857945 0.2578042 0.5703534 0.257197 0.5664775 0.1676607 0.608491 0.2136821 0.5897452 0.2129483 0.5857945 0.1213241 0.6335511 0.1684685 0.6124324 0.1676607 0.608491 0.8615542 0.7494174 0.8031786 0.7032137 0.8602678 0.7555341 0.7525227 0.6535443 0.8031786 0.7032137 0.8049705 0.6981803 0.7877395 0.744865 0.7331024 0.7127313 0.7805627 0.7613002 0.241514 0.4657721 0.1966016 0.4969288 0.2433929 0.4786961 0.477141 0.4436218 0.4295977 0.4293377 0.4297854 0.4424688 0.4295977 0.4293377 0.3828721 0.4455327 0.4297854 0.4424688 0.6757819 0.4794195 0.6229426 0.47402 0.6734384 0.4937425 0.1966016 0.4969288 0.146987 0.5048647 0.1494349 0.5178749 0.6247428 0.4600673 0.573553 0.4592083 0.6229426 0.47402 0.146987 0.5048647 0.1022515 0.5401002 0.1494349 0.5178749 0.3828721 0.4455327 0.3352131 0.4397596 0.3362918 0.4526847 0.8376162 0.5855178 0.7832104 0.5333312 0.7796894 0.5489938 0.3352131 0.4397596 0.2898762 0.463819 0.3362918 0.4526847 0.573553 0.4592083 0.5257837 0.435669 0.5250151 0.4491204 0.8992769 0.624466 0.8418238 0.5679422 0.8376162 0.5855178 0.5257837 0.435669 0.477141 0.4436218 0.5250151 0.4491204 0.7796894 0.5489938 0.728361 0.5037713 0.7254473 0.5186175 0.2898762 0.463819 0.241514 0.4657721 0.2433929 0.4786961 0.7254473 0.5186175 0.7785023 0.5539515 0.7796894 0.5489938 0.7254473 0.5186175 0.672648 0.4982814 0.7244676 0.5233197 0.6734384 0.4937425 0.6223303 0.4784441 0.672648 0.4982814 0.573553 0.4592083 0.6223303 0.4784441 0.6229426 0.47402 0.5250151 0.4491204 0.5731109 0.4635463 0.573553 0.4592083 0.5250151 0.4491204 0.477021 0.4478402 0.5247376 0.4533913 0.477141 0.4436218 0.4298162 0.4466439 0.477021 0.4478402 0.3828721 0.4455327 0.4298162 0.4466439 0.4297854 0.4424688 0.3362918 0.4526847 0.383049 0.4496726 0.3828721 0.4455327 0.3362918 0.4526847 0.2903306 0.4679296 0.3366107 0.456801 0.2898762 0.463819 0.2439712 0.4828215 0.2903306 0.4679296 0.1966016 0.4969288 0.2439712 0.4828215 0.2433929 0.4786961 0.1494349 0.5178749 0.1972841 0.5010856 0.1966016 0.4969288 0.1494349 0.5178749 0.1024821 0.5441905 0.1501643 0.5219463 0.8992769 0.624466 0.8361969 0.5910642 0.8985309 0.6309028 0.7796894 0.5489938 0.8361969 0.5910642 0.8376162 0.5855178 0.8230975 0.6412496 0.7631226 0.6167695 0.8178569 0.6581408 0.3352131 0.4397596 0.3809316 0.4079623 0.3331065 0.4153773 0.382232 0.4325219 0.4291316 0.4045384 0.3809316 0.4079623 0.9054231 0.6067721 0.8487308 0.5366902 0.8418238 0.5679422 0.728361 0.5037713 0.7893823 0.5038553 0.7335054 0.475729 0.146987 0.5048647 0.09364938 0.5031465 0.09872978 0.528393 0.5257837 0.435669 0.4778171 0.4052511 0.4774203 0.4303426 0.146987 0.5048647 0.1902815 0.4594776 0.1423667 0.4801921 0.5748293 0.4455353 0.627921 0.4336895 0.5770563 0.419685 0.7895345 0.7405417 0.7385894 0.6978752 0.7877395 0.744865 0.2883785 0.4509248 0.2379466 0.4414563 0.241514 0.4657721 0.5257837 0.435669 0.5770563 0.419685 0.527081 0.4102416 0.1944076 0.4839226 0.2379466 0.4414563 0.1902815 0.4594776 0.3352131 0.4397596 0.2855055 0.4266259 0.2883785 0.4509248 0.7448518 0.4062873 0.6913165 0.3687787 0.6891881 0.3851942 0.09228527 0.4900037 0.1423667 0.4801921 0.1400182 0.4666505 0.728361 0.5037713 0.6799317 0.452348 0.6757819 0.4794195 0.2968369 0.5200977 0.3429696 0.528435 0.3412682 0.5090506 0.4781876 0.3912932 0.527081 0.4102416 0.5279424 0.3961034 0.1881933 0.4458803 0.1423667 0.4801921 0.1902815 0.4594776 0.578424 0.4053229 0.527081 0.4102416 0.5770563 0.419685 0.2361676 0.4279087 0.1902815 0.4594776 0.2379466 0.4414563 0.6298053 0.4190455 0.5770563 0.419685 0.627921 0.4336895 0.2361676 0.4279087 0.2855055 0.4266259 0.2840999 0.4130806 0.6298053 0.4190455 0.6799317 0.452348 0.6823393 0.4373306 0.2840999 0.4130806 0.3331065 0.4153773 0.3321132 0.4017872 0.6823393 0.4373306 0.7335054 0.475729 0.7364378 0.4601836 0.380375 0.3942816 0.3331065 0.4153773 0.3809316 0.4079623 0.7928442 0.4875152 0.7335054 0.475729 0.7893823 0.5038553 0.42903 0.390733 0.3809316 0.4079623 0.4291316 0.4045384 0.8527618 0.5184937 0.9129751 0.5723816 0.915283 0.552164 0.42903 0.390733 0.4778171 0.4052511 0.4781876 0.3912932 0.2273182 0.366977 0.1802332 0.3996787 0.2293316 0.3815838 0.4784401 0.3430218 0.4273802 0.3280286 0.4277182 0.3430784 0.4273802 0.3280286 0.3775594 0.3471513 0.4277182 0.3430784 0.6891881 0.3851942 0.6366455 0.3521843 0.6350052 0.3682116 0.1778918 0.3851151 0.1313636 0.4205295 0.1802332 0.3996787 0.6366455 0.3521843 0.5819546 0.3555082 0.6350052 0.3682116 0.1313636 0.4205295 0.07938969 0.4293264 0.08310741 0.4421982 0.3767631 0.3322671 0.3278625 0.3550678 0.3775594 0.3471513 0.8668416 0.4401006 0.8025724 0.4311871 0.8635142 0.4596852 0.3278625 0.3550678 0.2768633 0.3519662 0.2785015 0.3666254 0.5830923 0.3397887 0.5298154 0.3471263 0.5819546 0.3555082 0.9274202 0.4875968 0.8668416 0.4401006 0.8635142 0.4596852 0.5298154 0.3471263 0.4785802 0.3277789 0.4784401 0.3430218 0.8055647 0.4134759 0.7448518 0.4062873 0.8025724 0.4311871 0.2785015 0.3666254 0.2273182 0.366977 0.2293316 0.3815838 0.7448518 0.4062873 0.8016189 0.4364451 0.8025724 0.4311871 0.7448518 0.4062873 0.6885098 0.3900652 0.7440319 0.411314 0.6891881 0.3851942 0.6344763 0.3729675 0.6885098 0.3900652 0.5819546 0.3555082 0.6344763 0.3729675 0.6350052 0.3682116 0.5298154 0.3471263 0.581578 0.3601738 0.5819546 0.3555082 0.5298154 0.3471263 0.4783647 0.3475503 0.529591 0.351718 0.4784401 0.3430218 0.427787 0.3475526 0.4783647 0.3475503 0.3775594 0.3471513 0.427787 0.3475526 0.4277182 0.3430784 0.3278625 0.3550678 0.3777666 0.3515794 0.3775594 0.3471513 0.3278625 0.3550678 0.2789637 0.3709935 0.3282013 0.3594599 0.2785015 0.3666254 0.229908 0.38594 0.2789637 0.3709935 0.1802332 0.3996787 0.229908 0.38594 0.2293316 0.3815838 0.1313636 0.4205295 0.1809108 0.404024 0.1802332 0.3996787 0.1313636 0.4205295 0.08331382 0.4463717 0.1320819 0.4247244 0.9274202 0.4875968 0.8624463 0.4654887 0.9271317 0.4941059 0.8025724 0.4311871 0.8624463 0.4654887 0.8635142 0.4596852 0.8527618 0.5184937 0.7893823 0.5038553 0.8487308 0.5366902 0.7832104 0.5333312 0.8487308 0.5366902 0.7893823 0.5038553 0.6935914 0.6565243 0.6474751 0.6314585 0.6924145 0.6605578 0.5168403 0.5752309 0.5593648 0.5914707 0.559898 0.5876213 0.6037992 0.6047155 0.5593648 0.5914707 0.6030832 0.6086261 0.4314255 0.5661509 0.4739226 0.5727072 0.4740934 0.5689139 0.3472709 0.574348 0.3892554 0.5720663 0.3891245 0.5683293 0.2633817 0.6011365 0.3060632 0.5892424 0.305601 0.5855146 0.7895345 0.7405417 0.8398347 0.8032276 0.8423044 0.7994896 0.176014 0.6447228 0.1311765 0.6790406 0.176993 0.648932 0.6935914 0.6565243 0.7385894 0.6978752 0.7400751 0.6936798 0.6037992 0.6047155 0.6474751 0.6314585 0.6483991 0.627493 0.5168403 0.5752309 0.4739226 0.5727072 0.5164956 0.5790278 0.4314255 0.5661509 0.3892554 0.5720663 0.4314015 0.5699169 0.3472709 0.574348 0.3060632 0.5892424 0.3475599 0.5780555 0.176014 0.6447228 0.2211792 0.6249811 0.2204183 0.6211004 0.2633817 0.6011365 0.2211792 0.6249811 0.2639988 0.6049205 0.7511081 0.6580253 0.7895345 0.7405417 0.8031786 0.7032137 0.4774203 0.4303426 0.4291316 0.4045384 0.4295977 0.4293377 0.8602678 0.7555341 0.7895345 0.7405417 0.8423044 0.7994896 0.1684685 0.6124324 0.1294729 0.6749513 0.176014 0.6447228 0.1684685 0.6124324 0.2204183 0.6211004 0.2136821 0.5897452 0.2136821 0.5897452 0.2633817 0.6011365 0.2578042 0.5703534 0.3012238 0.5549641 0.2633817 0.6011365 0.305601 0.5855146 0.3442789 0.54388 0.305601 0.5855146 0.3472709 0.574348 0.3442789 0.54388 0.3891245 0.5683293 0.3874469 0.5373858 0.3874469 0.5373858 0.4314255 0.5661509 0.4309447 0.5351028 0.4748213 0.537284 0.4314255 0.5661509 0.4740934 0.5689139 0.5189571 0.5437177 0.4740934 0.5689139 0.5168403 0.5752309 0.5189571 0.5437177 0.559898 0.5876213 0.5635579 0.5553569 0.5635579 0.5553569 0.6037992 0.6047155 0.6089022 0.5719935 0.6550805 0.5941008 0.6037992 0.6047155 0.6483991 0.627493 0.7022603 0.6223334 0.6483991 0.627493 0.6935914 0.6565243 0.7022603 0.6223334 0.7400751 0.6936798 0.7511081 0.6580253 0.7686371 0.5969653 0.8230975 0.6412496 0.8245527 0.6363465 0.8839463 0.6824497 0.8230975 0.6412496 0.8818501 0.686826 0.1575102 0.5584821 0.1115353 0.5877505 0.158357 0.5628507 0.2040719 0.5369228 0.158357 0.5628507 0.2047677 0.5410136 0.2040719 0.5369228 0.250325 0.5224235 0.2497468 0.5183919 0.2949744 0.5034131 0.250325 0.5224235 0.2954197 0.5074159 0.2949744 0.5034131 0.3403176 0.4963774 0.3400167 0.4923793 0.3400167 0.4923793 0.3853335 0.4895534 0.3851801 0.4855377 0.3851801 0.4855377 0.4306602 0.4869068 0.4306561 0.4828618 0.4765355 0.4845039 0.4306602 0.4869068 0.4763872 0.4885845 0.5228455 0.4905012 0.4763872 0.4885845 0.5225355 0.494623 0.5228455 0.4905012 0.5692735 0.5054769 0.5697535 0.5012964 0.5697535 0.5012964 0.6168094 0.5212209 0.6174657 0.5169642 0.666203 0.5378108 0.6168094 0.5212209 0.6653577 0.5421679 0.666203 0.5378108 0.7152714 0.5687603 0.7163238 0.5642564 0.7163238 0.5642564 0.7673609 0.6017086 0.7686371 0.5969653 0.8361969 0.5910642 0.7686371 0.5969653 0.8245527 0.6363465 0.8361969 0.5910642 0.8839463 0.6824497 0.8985309 0.6309028 0.1024821 0.5441905 0.1575102 0.5584821 0.1501643 0.5219463 0.1972841 0.5010856 0.1575102 0.5584821 0.2040719 0.5369228 0.2439712 0.4828215 0.2040719 0.5369228 0.2497468 0.5183919 0.2439712 0.4828215 0.2949744 0.5034131 0.2903306 0.4679296 0.2903306 0.4679296 0.3400167 0.4923793 0.3366107 0.456801 0.383049 0.4496726 0.3400167 0.4923793 0.3851801 0.4855377 0.4298162 0.4466439 0.3851801 0.4855377 0.4306561 0.4828618 0.4298162 0.4466439 0.4765355 0.4845039 0.477021 0.4478402 0.477021 0.4478402 0.5228455 0.4905012 0.5247376 0.4533913 0.5731109 0.4635463 0.5228455 0.4905012 0.5697535 0.5012964 0.6223303 0.4784441 0.5697535 0.5012964 0.6174657 0.5169642 0.6223303 0.4784441 0.666203 0.5378108 0.672648 0.4982814 0.672648 0.4982814 0.7163238 0.5642564 0.7244676 0.5233197 0.7785023 0.5539515 0.7163238 0.5642564 0.7686371 0.5969653 0.8624463 0.4654887 0.7938742 0.4823877 0.8538713 0.5132405 0.8624463 0.4654887 0.9170194 0.5473714 0.9271317 0.4941059 0.08331382 0.4463717 0.1392187 0.4621588 0.1320819 0.4247244 0.1809108 0.404024 0.1392187 0.4621588 0.1875272 0.4416048 0.229908 0.38594 0.1875272 0.4416048 0.2356037 0.423645 0.229908 0.38594 0.2836537 0.4088155 0.2789637 0.3709935 0.2789637 0.3709935 0.3317958 0.3975084 0.3282013 0.3594599 0.3777666 0.3515794 0.3317958 0.3975084 0.3801938 0.3899756 0.427787 0.3475526 0.3801938 0.3899756 0.4289906 0.386389 0.427787 0.3475526 0.4782952 0.3869023 0.4783647 0.3475503 0.4783647 0.3475503 0.5282021 0.3916561 0.529591 0.351718 0.581578 0.3601738 0.5282021 0.3916561 0.5788399 0.4008064 0.6344763 0.3729675 0.5788399 0.4008064 0.6303796 0.4144417 0.6344763 0.3729675 0.6830723 0.4326117 0.6885098 0.3900652 0.6885098 0.3900652 0.7373268 0.4553009 0.7440319 0.411314 0.8016189 0.4364451 0.7373268 0.4553009 0.7938742 0.4823877 0.7373268 0.4553009 0.7928442 0.4875152 0.7938742 0.4823877 0.6830723 0.4326117 0.7364378 0.4601836 0.7373268 0.4553009 0.6830723 0.4326117 0.6298053 0.4190455 0.6823393 0.4373306 0.5788399 0.4008064 0.6298053 0.4190455 0.6303796 0.4144417 0.5282021 0.3916561 0.578424 0.4053229 0.5788399 0.4008064 0.5282021 0.3916561 0.4781876 0.3912932 0.5279424 0.3961034 0.4782952 0.3869023 0.42903 0.390733 0.4781876 0.3912932 0.3801938 0.3899756 0.42903 0.390733 0.4289906 0.386389 0.3317958 0.3975084 0.380375 0.3942816 0.3801938 0.3899756 0.2836537 0.4088155 0.3321132 0.4017872 0.3317958 0.3975084 0.2836537 0.4088155 0.2361676 0.4279087 0.2840999 0.4130806 0.1875272 0.4416048 0.2361676 0.4279087 0.2356037 0.423645 0.1875272 0.4416048 0.1400182 0.4666505 0.1881933 0.4458803 0.1392187 0.4621588 0.09228527 0.4900037 0.1400182 0.4666505 0.9170194 0.5473714 0.8527618 0.5184937 0.915283 0.552164 0.7938742 0.4823877 0.8527618 0.5184937 0.8538713 0.5132405 0.6922178 0.3620433 0.6366455 0.3521843 0.6913165 0.3687787 0.27623 0.3459172 0.2273182 0.366977 0.2768633 0.3519662 0.6366455 0.3521843 0.5835941 0.3333251 0.5830923 0.3397887 0.2273182 0.366977 0.1769614 0.3791088 0.1778918 0.3851151 0.5830923 0.3397887 0.5307468 0.3253001 0.5304498 0.3316634 0.1778918 0.3851151 0.1276991 0.4001713 0.1287556 0.4061824 0.5307468 0.3253001 0.4785802 0.3277789 0.5304498 0.3316634 0.1276991 0.4001713 0.07938969 0.4293264 0.1287556 0.4061824 0.4786756 0.3215021 0.4273802 0.3280286 0.4785802 0.3277789 0.8668416 0.4401006 0.806792 0.406237 0.8055647 0.4134759 0.9337031 0.4599231 0.8668416 0.4401006 0.9324238 0.4677913 0.4273802 0.3280286 0.3764748 0.3261305 0.3767631 0.3322671 0.8055647 0.4134759 0.7485147 0.3824116 0.7474341 0.3893509 0.3767631 0.3322671 0.3261649 0.3342314 0.3266314 0.3403164 0.7485147 0.3824116 0.6913165 0.3687787 0.7474341 0.3893509 0.3261649 0.3342314 0.2768633 0.3519662 0.3266314 0.3403164 0.1171268 0.3380842 0.07822185 0.4232 0.1276991 0.4001713 0.4793516 0.2572908 0.4272798 0.3218271 0.4786756 0.3215021 0.8797466 0.3556419 0.806792 0.406237 0.8681205 0.4325715 0.9337031 0.4599231 0.8797466 0.3556419 0.8681205 0.4325715 0.4260237 0.2584312 0.3764748 0.3261305 0.4272798 0.3218271 0.8182595 0.3332834 0.7485147 0.3824116 0.806792 0.406237 0.3733795 0.2634636 0.3261649 0.3342314 0.3764748 0.3261305 0.758778 0.3120085 0.6922178 0.3620433 0.7485147 0.3824116 0.321348 0.2721744 0.27623 0.3459172 0.3261649 0.3342314 0.7008075 0.2934295 0.6373509 0.3456005 0.6922178 0.3620433 0.2698353 0.2843045 0.22653 0.3609488 0.27623 0.3459172 0.6440436 0.2783679 0.5835941 0.3333251 0.6373509 0.3456005 0.22653 0.3609488 0.1678848 0.317619 0.1769614 0.3791088 0.58829 0.2672321 0.5307468 0.3253001 0.5835941 0.3333251 0.1678848 0.317619 0.1276991 0.4001713 0.1769614 0.3791088 0.5334202 0.2601978 0.4786756 0.3215021 0.5307468 0.3253001 0.6440436 0.2783679 0.58855 0.2632353 0.58829 0.2672321 0.2182511 0.2958765 0.1678848 0.317619 0.2187266 0.2995595 0.58829 0.2672321 0.5335625 0.2562613 0.5334202 0.2601978 0.1678848 0.317619 0.1165226 0.3344216 0.1171268 0.3380842 0.5335625 0.2562613 0.4793516 0.2572908 0.5334202 0.2601978 0.1165226 0.3344216 0.06537717 0.3604472 0.1171268 0.3380842 0.4793767 0.2534098 0.4260237 0.2584312 0.4793516 0.2572908 0.8797466 0.3556419 0.818884 0.3289202 0.8182595 0.3332834 0.9446116 0.3722389 0.8797466 0.3556419 0.9440053 0.3769357 0.4259353 0.2546016 0.3733795 0.2634636 0.4260237 0.2584312 0.8182595 0.3332834 0.7593484 0.3077695 0.758778 0.3120085 0.3733795 0.2634636 0.32105 0.2684333 0.321348 0.2721744 0.7593484 0.3077695 0.7008075 0.2934295 0.758778 0.3120085 0.32105 0.2684333 0.2698353 0.2843045 0.321348 0.2721744 0.7012888 0.2892866 0.6440436 0.2783679 0.7008075 0.2934295 0.2698353 0.2843045 0.2182511 0.2958765 0.2187266 0.2995595 0.2634826 0.223344 0.32105 0.2684333 0.3164489 0.2106269 0.6499612 0.2115836 0.7012888 0.2892866 0.708442 0.225546 0.2110886 0.2389824 0.2694441 0.2805972 0.2634826 0.223344 0.58855 0.2632353 0.6499612 0.2115836 0.5923527 0.2014399 0.1673353 0.3139489 0.2110886 0.2389824 0.1591593 0.2571615 0.5335625 0.2562613 0.5923527 0.2014399 0.5355784 0.1953388 0.1165226 0.3344216 0.1591593 0.2571615 0.1074732 0.2774683 0.4796189 0.1933305 0.5335625 0.2562613 0.5355784 0.1953388 0.05665326 0.2986839 0.1165226 0.3344216 0.1074732 0.2774683 0.4244607 0.1953378 0.4793767 0.2534098 0.4796189 0.1933305 0.8891909 0.2832638 0.9446116 0.3722389 0.9495284 0.3031851 0.3731827 0.259681 0.4244607 0.1953378 0.370085 0.2011872 0.7593484 0.3077695 0.8281987 0.262609 0.7678499 0.2428488 0.3656718 0.1267864 0.3054569 0.08467024 0.310221 0.137299 0.32105 0.2684333 0.370085 0.2011872 0.3164489 0.2106269 0.708442 0.225546 0.7593484 0.3077695 0.7678499 0.2428488 0.7165248 0.1445881 0.7840387 0.1024262 0.7218496 0.08650058 0.255634 0.1509793 0.3054569 0.08467024 0.249784 0.09917151 0.7165248 0.1445881 0.6600534 0.07410907 0.6561151 0.1316552 0.255634 0.1509793 0.1950349 0.1162938 0.2018224 0.1674249 0.5963932 0.1225681 0.6600534 0.07410907 0.5988251 0.06567263 0.1486738 0.1862528 0.1950349 0.1162938 0.1410188 0.1356256 0.5963932 0.1225681 0.5383092 0.06140404 0.5374311 0.1175541 0.1486738 0.1862528 0.08751195 0.1569772 0.09610015 0.2072935 0.4792923 0.1166641 0.5383092 0.06140404 0.4786284 0.06133985 0.04484421 0.2298696 0.08751195 0.1569772 0.03349292 0.1813325 0.4792923 0.1166641 0.4198845 0.0653702 0.4220286 0.1198095 0.8389569 0.1799644 0.9087528 0.1426845 0.8464056 0.1212926 0.9604182 0.222401 0.9087528 0.1426845 0.900432 0.2007728 0.3656718 0.1267864 0.4198845 0.0653702 0.3621497 0.07326066 0.8389569 0.1799644 0.7840387 0.1024262 0.7775297 0.1609215 0.818884 0.3289202 0.8891909 0.2832638 0.8281987 0.262609 0 0 0 0 0 0 0 0 0 0 0 0 0 0 0 0 0 0 0 0 0 0 0 0 0 0 0 0 0 0 0 0 0 0 0 0 0 0 0 0 0 0 0 0 0 0 0 0 0 0 0 0 0 0 0 0 0 0 0 0 0 0 0 0 0 0 0 0 0 0 0 0 0 0 0 0 0 0 0.470566 0.6823503 0.4305285 0.6985582 0.4303802 0.7118543 0 0 0 0 0 0 0.6891623 0.8085117 0.7145175 0.8772081 0.6973811 0.7947956 0 0 0 0 0 0 0.245057 0.7362175 0.2881445 0.7316942 0.2419544 0.7198957 0 0 0 0 0 0 0 0 0 0 0 0 0.391336 0.6802114 0.3548441 0.6624533 0.3564463 0.6803685 0.322826 0.6956861 0.2881445 0.7316942 0.2908246 0.7445471 0.6207789 0.7451731 0.6637897 0.7497036 0.6241032 0.7286196 0.1714447 0.7978618 0.20226 0.7392472 0.1666675 0.7796268 0.6891623 0.8085117 0.6637897 0.7497036 0.6571417 0.7678277 0.5409368 0.7013325 0.5765268 0.7398186 0.544559 0.6859879 0.470566 0.6823503 0.5082095 0.6657813 0.4703442 0.6663958 0.245057 0.7362175 0.20226 0.7392472 0.2084702 0.7574443 0.760228 0.9318243 0.7145175 0.8772081 0.7071021 0.887944 0.6207789 0.7451731 0.5765268 0.7398186 0.5736266 0.7531191 0.5409368 0.7013325 0.5082095 0.6657813 0.5062478 0.6841308 0.391336 0.6802114 0.4305285 0.6985582 0.3918509 0.6645816 0.322826 0.6956861 0.3548441 0.6624533 0.3195059 0.6808167 0 0 0 0 0 0 0 0 0 0 0 0 0 0 0 0 0 0 0 0 0 0 0 0 0 0 0 0 0 0 0 0 0 0 0 0 0 0 0 0 0 0 0 0 0 0 0 0 0 0 0 0 0 0 0 0 0 0 0 0 0 0 0 0 0 0 0 0 0 0 0 0 0 0 0 0 0 0 0 0 0 0 0 0 0 0 0 0 0 0 0 0 0 0 0 0 0.3142039 0.6484047 0.2700936 0.640019 0.2778136 0.6809347 0.7132062 0.7624513 0.6810765 0.6978587 0.6702565 0.731216 0.5132163 0.6150279 0.4714996 0.6327584 0.510102 0.6473329 0.7992654 0.8838703 0.7686533 0.7860162 0.7450308 0.8294571 0.5504302 0.6524595 0.5132163 0.6150279 0.510102 0.6473329 0.3505426 0.6128527 0.3142039 0.6484047 0.3532549 0.6444454 0.7686533 0.7860162 0.7132062 0.7624513 0.7450308 0.8294571 0.3912357 0.6314503 0.3505426 0.6128527 0.3532549 0.6444454 0.1865189 0.6864853 0.1509794 0.7483366 0.1962575 0.7204082 0.5961967 0.6450363 0.5504302 0.6524595 0.5877419 0.6873382 0.2341076 0.6860858 0.1865189 0.6864853 0.1962575 0.7204082 0.6326092 0.694335 0.5961967 0.6450363 0.5877419 0.6873382 0.4313775 0.6053209 0.3912357 0.6314503 0.4310658 0.6465619 0.4714996 0.6327584 0.4313775 0.6053209 0.4310658 0.6465619 0.2700936 0.640019 0.2341076 0.6860858 0.2778136 0.6809347 0.6810765 0.6978587 0.6326092 0.694335 0.6702565 0.731216 0.3392271 0.8195799 0.3603898 0.7246263 0.3254301 0.7282341 0.3966562 0.8054073 0.4299291 0.7385587 0.3947488 0.712363 0.5206835 0.8288142 0.5012363 0.7297372 0.4899172 0.8199755 0.5810935 0.8673954 0.5675541 0.7795675 0.5517975 0.8432336 0.67461 0.9916583 0.6919747 0.9086389 0.6584927 0.9514692 0.2839628 0.8487755 0.2256647 0.8021851 0.2610134 0.8745351 0.4595518 0.8131605 0.5012363 0.7297372 0.4663634 0.7149208 0.5206835 0.8288142 0.5675541 0.7795675 0.5378256 0.7351693 0.6354636 0.9174901 0.6408762 0.8111473 0.6086916 0.8906266 0.2406319 0.905854 0.2256647 0.8021851 0.1906976 0.8377036 0.5810935 0.8673954 0.6408762 0.8111473 0.6092075 0.7758412 0.3392271 0.8195799 0.296473 0.7698499 0.3098492 0.8295066 0.3966562 0.8054073 0.3603898 0.7246263 0.367446 0.8113658 0.2839628 0.8487755 0.296473 0.7698499 0.2565243 0.7662268 0.6354636 0.9174901 0.6919747 0.9086389 0.6761646 0.8412063 0.4595518 0.8131605 0.4299291 0.7385587 0.427574 0.8043845 0.7686533 0.7860162 0.7331024 0.7127313 0.7235544 0.7375826 0.4663634 0.7149208 0.4303802 0.7118543 0.4299291 0.7385587 0.6761646 0.8412063 0.7071021 0.887944 0.6891623 0.8085117 0.2565243 0.7662268 0.2908246 0.7445471 0.245057 0.7362175 0.3603898 0.7246263 0.391336 0.6802114 0.3564463 0.6803685 0.3254301 0.7282341 0.2908246 0.7445471 0.296473 0.7698499 0.6408762 0.8111473 0.6207789 0.7451731 0.6092075 0.7758412 0.2256647 0.8021851 0.1714447 0.7978618 0.1906976 0.8377036 0.6408762 0.8111473 0.6891623 0.8085117 0.6571417 0.7678277 0.5378256 0.7351693 0.5736266 0.7531191 0.5409368 0.7013325 0.5012363 0.7297372 0.470566 0.6823503 0.4663634 0.7149208 0.2256647 0.8021851 0.245057 0.7362175 0.2084702 0.7574443 0.7344944 0.9469336 0.7071021 0.887944 0.6919747 0.9086389 0.6092075 0.7758412 0.5736266 0.7531191 0.5675541 0.7795675 0.5012363 0.7297372 0.5409368 0.7013325 0.5062478 0.6841308 0.3947488 0.712363 0.4303802 0.7118543 0.391336 0.6802114 0.3603898 0.7246263 0.322826 0.6956861 0.3254301 0.7282341 0.4703442 0.6663958 0.4306136 0.6901397 0.4305285 0.6985582 0.6973811 0.7947956 0.7194653 0.8693355 0.7035346 0.783311 0.2419544 0.7198957 0.2864845 0.7235007 0.2390549 0.7073766 0.3548441 0.6624533 0.3917589 0.6522874 0.3538466 0.6511592 0.3195059 0.6808167 0.2864845 0.7235007 0.2881445 0.7316942 0.6637897 0.7497036 0.6271949 0.7159059 0.6241032 0.7286196 0.20226 0.7392472 0.1607678 0.7702861 0.1666675 0.7796268 0.6637897 0.7497036 0.7035346 0.783311 0.6678476 0.7381445 0.544559 0.6859879 0.5783389 0.7313635 0.5469161 0.6736426 0.5082095 0.6657813 0.4706791 0.6539223 0.4703442 0.6663958 0.20226 0.7392472 0.2390549 0.7073766 0.1984742 0.7274414 0.7694007 0.9143799 0.7194653 0.8693355 0.7145175 0.8772081 0.6241032 0.7286196 0.5783389 0.7313635 0.5765268 0.7398186 0.5082095 0.6657813 0.5469161 0.6736426 0.5094007 0.6542066 0.3918509 0.6645816 0.4306136 0.6901397 0.3917589 0.6522874 0.3548441 0.6624533 0.3173726 0.6688732 0.3195059 0.6808167 0 0 0 0 0 0 0 0 0 0 0 0 0 0 0 0 0 0 0 0 0 0 0 0 0 0 0 0 0 0 0 0 0 0 0 0 0 0 0 0 0 0 0 0 0 0 0 0 0 0 0 0 0 0 0 0 0 0 0 0 0 0 0 0 0 0 0 0 0 0 0 0 0 0 0 0 0 0 0 0 0 0 0 0 0 0 0 0 0 0 0 0 0 0 0 0 0 0 0 0 0 0 0 0 0 0 0 0 0 0 0 0 0 0 0 0 0 0 0 0 0 0 0 0 0 0 0 0 0 0 0 0 0 0 0 0 0 0 0 0 0 0 0 0 0 0 0 0 0 0 0 0 0 0 0 0 0 0 0 0 0 0 0 0 0 0 0 0 0 0 0 0 0 0 0 0 0 0 0 0 0 0 0 0 0 0 0 0 0 0 0 0 0.6702565 0.731216 0.6271949 0.7159059 0.6678476 0.7381445 0.2778136 0.6809347 0.2390549 0.7073766 0.2864845 0.7235007 0.4706791 0.6539223 0.4310658 0.6465619 0.4306136 0.6901397 0.4310658 0.6465619 0.3917589 0.6522874 0.4306136 0.6901397 0.6271949 0.7159059 0.5877419 0.6873382 0.5783389 0.7313635 0.2390549 0.7073766 0.1962575 0.7204082 0.1984742 0.7274414 0.5877419 0.6873382 0.5469161 0.6736426 0.5783389 0.7313635 0.1962575 0.7204082 0.1607678 0.7702861 0.1984742 0.7274414 0.3917589 0.6522874 0.3532549 0.6444454 0.3538466 0.6511592 0.7450308 0.8294571 0.7035346 0.783311 0.7194653 0.8693355 0.3532549 0.6444454 0.3173726 0.6688732 0.3538466 0.6511592 0.5469161 0.6736426 0.510102 0.6473329 0.5094007 0.6542066 0.7816451 0.9046202 0.7450308 0.8294571 0.7194653 0.8693355 0.510102 0.6473329 0.4706791 0.6539223 0.5094007 0.6542066 0.7035346 0.783311 0.6702565 0.731216 0.6678476 0.7381445 0.3173726 0.6688732 0.2778136 0.6809347 0.2864845 0.7235007 0 0 0 0 0 0 0 0 0 0 0 0 0 0 0 0 0 0 0 0 0 0 0 0 0 0 0 0 0 0 0 0 0 0 0 0 0 0 0 0 0 0 0 0 0 0 0 0 0 0 0 0 0 0 0 0 0 0 0 0 0 0 0 0 0 0 0 0 0 0 0 0 0 0 0 0 0 0 0 0 0 0 0 0 0 0 0 0 0 0 0 0 0 0 0 0 0 0 0 0 0 0 0 0 0 0 0 0 0 0 0 0 0 0 0 0 0 0 0 0 0 0 0 0 0 0 0 0 0 0 0 0 0 0 0 0 0 0 0 0 0 0 0 0 0 0 0 0 0 0 0 0 0 0 0 0 0 0 0 0 0 0 0 0 0 0 0 0 0 0 0 0 0 0 0 0 0 0 0 0 0 0 0 0 0 0 0 0 0 0 0 0 0 0 0 0 0 0 0 0 0 0 0 0 0 0 0 0 0 0 0 0 0 0 0 0 0 0 0 0 0 0 0 0 0 0 0 0 0 0 0 0 0 0 0 0 0 0 0 0 0 0 0 0 0 0 0 0 0 0 0 0 0 0 0 0 0 0 0 0 0 0 0 0 0 0 0 0 0 0 0 0 0 0 0 0 0 0 0 0 0 0 0 0 0 0 0 0 0 0 0 0 0 0 0 0 0 0 0 0 0 0 0 0 0 0 0 0 0 0 0 0 0 0 0 0 0 0 0 0 0 0 0 0 0 0 0 0 0 0 0 0 0 0 0 0 0 0 0 0 0 0 0 0 0 0 0 0 0 0 0 0 0 0 0 0 0 0 0 0 0 0 0 0 0 0 0 0 0 0 0 0 0 0 0 0 0 0 0 0 0 0 0 0 0 0 0 0 0 0 0 0 0 0 0 0 0 0 0 0 0 0 0 0 0 0 0 0 0 0 0 0 0 0 0 0 0 0 0 0 0 0 0 0 0 0 0 0 0 0 0 0 0 0 0 0 0 0 0 0 0 0 0 0 0 0 0 0 0 0 0 0 0 0 0 0 0 0 0 0 0 0 0 0 0 0 0 0 0 0 0 0 0 0 0 0 0 0 0 0 0 0 0 0 0 0 0 0 0 0 0 0 0 0 0 0 0 0 0 0 0 0 0 0 0 0 0 0 0 0 0 0 0 0 0 0 0 0 0 0 0 0 0 0 0 0 0 0 0 0 0 0 0 0 0 0 0 0 0 0 0 0 0 0 0 0 0 0 0 0 0 0 0 0 0 0 0 0 0 0 0 0 0 0 0 0 0 0 0 0 0 0 0 0 0 0 0 0 0 0 0 0 0 0 0 0 0 0 0 0 0 0 0 0 0 0 0 0 0 0 0 0 0 0 0 0 0 0 0 0 0 0 0 0 0 0 0 0 0 0 0 0 0 0 0 0 0 0 0 0 0 0 0 0 0 0 0 0 0 0 0 0 0 0 0 0 0 0 0 0 0 0 0 0 0 0 0 0 0 0 0 0 0 0 0 0 0 0 0 0 0 0 0 0 0 0 0 0 0 0 0 0 0 0 0 0 0 0 0 0 0 0 0 0 0 0 0 0 0 0 0 0 0 0 0 0 0 0 0 0 0 0 0 0 0 0 0 0 0 0 0 0 0 0 0 0 0 0 0 0 0 0 0 0 0 0 0 0 0 0 0 0 0 0 0 0 0 0 0 0 0 0 0 0 0 0 0 0 0 0 0 0 0 0 0 0 0 0 0 0 0 0 0 0 0 0 0 0 0 0 0 0 0 0 0 0 0 0 0 0 0 0 0 0 0 0 0 0 0 0 0 0 0 0 0 0 0 0 0 0 0 0 0 0 0 0 0 0 0 0 0 0 0 0 0 0 0 0 0 0 0 0 0 0 0 0 0 0 0 0 0 0 0 0 0 0 0 0 0 0 0 0 0 0 0 0 0 0 0 0 0 0 0 0 0 0 0 0 0 0 0 0 0 0 0 0 0 0 0 0 0 0 0 0 0 0 0 0 0 0 0 0 0 0 0 0 0 0 0 0 0 0 0 0 0 0 0 0 0 0 0 0 0 0 0 0 0 0 0 0 0 0 0 0 0 0 0 0 0 0 0 0 0 0 0 0 0 0 0 0 0 0 0 0 0 0 0 0 0 0 0 0 0 0 0 0 0 0 0 0 0 0 0 0 0 0 0 0 0 0 0 0 0 0 0 0 0 0 0 0 0 0 0 0 0 0 0 0 0 0 0 0 0 0 0 0 0 0 0 0 0 0 0 0 0 0 0 0 0 0 0 0 0 0 0 0 0 0 0 0 0 0 0 0 0 0 0 0 0 0 0 0 0 0 0 0 0 0 0 0 0 0 0 0 0 0 0 0 0 0 0 0 0 0 0 0 0 0 0 0 0 0 0 0 0 0 0 0 0 0 0 0 0 0 0 0 0 0 0 0 0 0 0 0 0 0 0 0 0 0 0 0 0 0 0 0 0 0 0 0 0 0 0 0 0 0 0 0 0 0 0 0 0 0 0 0 0 0 0 0 0 0 0 0 0 0 0 0 0 0 0 0 0 0 0 0 0 0 0 0 0 0 0 0 0 0 0 0 0 0 0 0 0 0 0 0 0 0 0 0 0 0 0 0 0 0 0 0 0 0 0 0 0 0 0 0 0 0 0 0 0 0 0 0 0 0 0 0 0 0 0 0 0 0 0 0 0 0 0 0 0 0 0 0 0 0 0 0 0 0 0 0 0 0 0 0 0 0 0 0 0 0 0 0 0 0 0 0 0 0 0 0 0 0 0 0 0 0 0 0 0 0 0 0 0 0 0 0 0 0 0 0 0 0 0 0 0 0 0 0 0 0 0 0 0 0 0 0 0 0 0 0 0 0 0 0 0 0 0 0 0 0 0 0 0 0 0 0 0 0 0 0 0 0 0 0 0 0 0 0 0 0 0 0 0 0 0 0 0 0 0 0 0 0 0 0 0 0 0 0 0 0 0 0 0 0 0 0 0 0 0 0 0 0 0 0 0 0 0 0 0 0 0 0 0 0 0 0 0 0 0 0 0 0 0 0 0 0 0 0 0 0 0 0 0 0 0 0 0 0 0 0 0 0 0 0 0 0 0 0 0 0 0 0 0 0 0 0 0 0 0 0 0 0 0 0 0 0 0 0 0 0 0 0 0 0 0 0 0 0 0 0 0 0 0 0 0 0 0 0 0 0 0 0 0 0 0 0 0 0 0 0 0 0 0 0 0 0 0 0 0 0 0 0 0 0 0 0 0 0 0 0 0 0 0 0 0 0 0 0 0 0 0 0 0 0 0 0 0 0 0 0 0 0 0 0 0 0 0 0 0 0 0 0 0 0 0 0 0 0 0 0 0 0 0 0 0 0 0 0 0 0 0 0 0 0 0 0 0 0 0 0 0 0 0 0 0 0 0 0 0 0 0 0 0 0 0 0 0 0 0 0 0 0 0 0 0 0 0 0 0 0 0 0 0 0 0 0 0 0 0 0 0 0 0 0 0 0 0 0 0 0 0 0 0 0 0 0 0 0 0 0 0 0 0 0 0 0 0 0 0 0 0 0 0 0 0 0 0 0 0 0 0 0 0 0 0 0 0 0 0 0 0 0 0 0 0 0 0 0 0 0 0 0 0 0 0 0 0 0 0 0 0 0 0 0 0 0 0 0 0 0 0 0 0 0 0 0 0 0 0 0 0 0 0 0 0 0 0 0 0 0 0 0 0 0 0 0 0 0 0 0 0 0 0 0 0 0 0 0 0 0 0 0 0 0 0 0 0 0 0 0 0 0 0 0 0 0 0 0 0 0 0 0 0 0 0 0 0 0 0 0 0 0 0 0 0 0 0 0 0 0 0 0 0 0 0 0 0 0 0 0 0 0 0 0 0 0 0 0 0 0 0 0 0 0 0 0 0 0 0 0 0 0 0 0 0 0 0 0 0 0 0 0 0 0 0 0 0 0 0 0 0 0 0 0 0 0 0 0 0 0 0 0 0 0 0 0 0 0 0 0 0 0 0 0 0 0 0 0 0 0 0 0 0 0 0 0 0 0 0 0 0 0 0 0 0 0 0 0 0 0 0 0 0 0 0 0 0 0 0 0 0 0 0 0 0 0 0 0 0 0 0 0 0 0 0 0 0 0 0 0 0 0 0 0 0 0 0 0 0 0 0 0 0 0 0 0 0 0 0 0 0 0 0 0 0 0 0 0 0 0 0 0 0 0 0 0 0 0 0 0 0 0 0 0 0 0 0 0 0 0 0 0 0 0 0 0 0 0 0 0 0 0 0 0 0 0 0 0 0 0 0 0 0 0 0 0 0 0 0 0 0 0 0 0 0 0 0 0 0 0 0 0 0 0 0 0 0 0 0 0 0 0 0 0 0 0 0 0 0 0 0 0 0 0 0 0 0 0 0 0 0 0 0 0 0 0 0 0 0 0 0 0 0 0 0 0 0 0 0 0 0 0 0 0 0 0 0 0 0 0 0 0 0 0 0 0 0 0 0 0 0 0 0 0 0 0 0 0 0 0 0 0 0 0 0 0 0 0 0 0 0 0 0 0 0 0 0 0 0 0 0 0 0 0 0 0 0 0 0 0 0 0 0 0 0 0 0 0 0 0 0 0 0 0 0 0 0 0 0 0 0 0 0 0 0 0 0 0 0 0 0 0 0 0 0 0 0 0 0 0 0 0 0 0 0 0 0 0 0 0 0 0 0 0 0 0 0 0 0 0 0 0 0 0 0 0 0 0 0 0 0 0 0 0 0 0 0 0 0 0 0 0 0 0 0 0 0 0 0 0 0 0 0 0 0 0 0 0 0 0 0 0 0 0 0 0 0 0 0 0 0 0 0 0 0 0 0 0 0 0 0 0 0 0 0 0 0 0 0 0 0 0 0 0 0 0 0 0 0 0 0 0 0 0 0 0 0 0 0 0 0 0 0 0 0 0 0 0 0 0 0 0 0 0 0 0 0 0 0 0 0 0 0 0 0 0 0 0 0 0 0 0 0 0 0 0 0 0 0 0 0 0 0 0 0 0 0 0 0 0 0 0 0 0 0 0 0 0 0 0 0 0 0 0 0 0 0 0 0 0 0 0 0 0 0 0 0 0 0 0 0 0 0 0 0 0 0 0 0 0 0 0 0 0 0 0 0 0 0 0 0 0 0 0 0 0 0 0 0 0 0 0 0 0 0 0 0 0 0 0 0 0 0 0 0 0 0 0 0 0 0 0 0 0 0 0 0 0 0 0 0 0 0 0 0 0 0 0 0 0 0 0 0 0 0 0 0 0 0 0 0 0 0 0 0 0 0 0 0 0 0 0 0 0 0 0 0 0 0 0 0 0 0 0 0 0 0 0 0 0 0 0 0 0 0 0 0 0 0 0 0 0 0 0 0 0 0 0 0 0 0 0 0 0 0 0 0 0 0 0 0 0 0 0 0 0 0 0 0 0 0 0 0 0 0 0 0 0 0 0 0 0 0 0 0 0 0 0 0 0 0 0 0 0 0 0 0 0 0 0 0 0 0 0 0 0 0 0 0 0 0 0 0 0 0 0 0 0 0 0 0 0 0 0 0 0 0 0 0 0 0 0 0 0 0 0 0 0 0 0 0 0 0 0 0 0 0 0 0 0 0 0 0 0 0 0 0 0 0 0 0 0 0 0 0 0 0 0 0 0 0 0 0 0 0 0 0 0 0 0 0 0 0 0 0 0 0 0 0 0 0 0 0 0 0 0 0 0 0 0 0 0 0 0 0 0 0 0 0 0 0 0 0 0 0 0 0 0 0 0 0 0 0 0 0 0 0 0 0 0 0 0 0 0 0 0 0 0 0 0 0 0 0 0 0 0 0 0 0 0 0 0 0 0 0 0 0 0 0 0 0 0 0 0 0 0 0 0 0 0 0 0 0 0 0 0 0 0 0 0 0 0 0 0 0 0 0 0 0 0 0 0 0 0 0 0 0 0 0 0 0 0 0 0 0 0 0 0 0 0 0 0 0 0 0 0 0 0 0 0 0 0 0 0 0 0 0 0 0 0 0 0 0 0 0 0 0 0 0 0 0 0 0 0 0 0 0 0 0 0 0 0 0 0 0 0 0 0 0 0 0 0 0 0 0 0 0 0 0 0 0 0 0 0 0 0 0 0 0 0 0 0 0 0 0 0 0 0 0 0 0 0 0 0 0 0 0 0 0 0 0 0 0 0 0 0 0 0 0 0 0 0 0 0 0 0 0 0 0 0 0 0 0 0 0 0 0 0 0 0 0 0 0 0 0 0 0 0 0 0 0 0 0 0 0 0 0 0 0 0 0 0 0 0 0 0 0 0 0 0 0 0 0 0 0 0 0 0 0 0 0 0 0 0 0 0 0 0 0 0 0 0 0 0 0 0 0 0 0 0 0 0 0 0 0 0 0 0 0 0 0 0 0 0 0 0 0 0 0 0 0 0 0 0 0 0 0 0 0 0 0 0 0 0 0 0 0 0 0 0 0 0 0 0 0 0 0 0 0 0 0 0 0 0 0 0 0 0 0 0 0 0 0 0 0 0 0 0 0 0 0 0 0 0 0 0 0 0 0 0 0 0 0 0 0 0 0 0 0 0 0 0 0 0 0 0 0 0 0 0 0 0 0 0 0 0 0 0 0 0 0 0 0 0 0 0 0 0 0 0 0 0 0 0 0 0 0 0 0 0 0 0 0 0 0 0 0 0 0 0 0 0 0 0 0 0 0 0 0 0 0 0 0 0 0 0 0 0 0 0 0 0 0 0 0 0 0 0 0 0 0 0 0 0 0 0 0 0 0 0 0 0 0 0 0 0 0 0 0 0 0 0 0 0 0 0 0 0 0 0 0 0 0 0 0 0 0 0 0 0 0 0 0.6004981 0.6225225 0.5961967 0.6450363 0.5541513 0.6282641 0 0 0 0 0 0 0 0 0 0 0 0 0 0 0 0 0 0 0 0 0 0 0 0 0 0 0 0 0 0 0 0 0 0 0 0 0 0 0 0 0 0 0 0 0 0 0 0 0 0 0 0 0 0 0 0 0 0 0 0 0 0 0 0 0 0 0 0 0 0 0 0 0 0 0 0 0 0 0 0 0 0 0 0 0 0 0 0 0 0 0 0 0 0 0 0 0 0 0 0 0 0 0 0 0 0 0 0 0 0 0 0 0 0 0 0 0 0 0 0 0 0 0 0 0 0 0 0 0 0 0 0 0 0 0 0 0 0 0 0 0 0 0 0 0 0 0 0 0 0 0 0 0 0 0 0 0 0 0 0 0 0 0 0 0 0 0 0 0 0 0 0 0 0 0 0 0 0 0 0 0 0 0 0 0 0 0 0 0 0 0 0 0 0 0 0 0 0 0 0 0 0 0 0 0 0 0 0 0 0 0 0 0 0 0 0 0 0 0 0 0 0 0 0 0 0 0 0 0 0 0 0 0 0 0 0 0 0 0 0 0 0 0 0 0 0 0 0 0 0 0 0 0 0 0 0 0 0 0 0 0 0 0 0 0 0 0 0 0 0 0 0 0 0 0 0 0 0 0 0 0 0 0 0 0 0 0 0 0 0 0 0 0 0 0 0 0 0 0 0 0 0 0 0 0 0 0 0 0 0 0 0 0 0 0 0 0 0 0 0 0 0 0 0 0 0 0 0 0 0 0 0 0 0 0 0 0 0 0 0 0 0 0 0 0 0 0 0 0 0 0 0 0 0 0 0 0 0 0 0 0 0 0 0 0 0 0 0 0 0 0 0 0 0 0 0 0 0 0 0 0 0 0 0 0 0 0 0 0 0 0 0 0 0 0 0 0 0 0 0 0 0 0 0 0 0 0 0 0 0 0 0 0 0 0 0 0 0 0 0 0 0 0 0 0 0 0 0 0 0 0 0 0 0 0 0 0 0 0 0 0 0 0 0 0 0 0 0 0 0 0 0 0 0 0 0 0 0 0 0 0 0 0 0 0 0 0 0 0 0 0 0 0 0 0 0 0 0 0 0 0 0 0 0 0 0 0 0 0 0 0 0 0 0 0 0 0 0 0 0 0 0 0 0 0 0 0 0 0 0 0 0 0 0 0 0 0 0 0 0 0 0 0 0 0 0 0 0 0 0 0 0 0 0 0 0 0 0 0 0 0 0 0 0 0 0 0 0 0 0 0 0 0 0 0 0 0 0 0 0 0 0 0 0 0 0 0 0 0 0 0 0 0 0 0 0 0 0 0 0 0 0 0 0 0 0 0 0 0 0 0 0 0 0 0 0 0 0 0 0 0 0 0 0 0 0 0 0 0 0 0 0 0 0 0 0 0 0 0 0 0 0 0 0 0 0 0 0 0 0 0 0 0 0 0 0 0 0 0 0 0 0 0 0 0 0 0 0 0 0 0 0 0 0 0 0 0 0 0 0 0 0 0 0 0 0 0 0 0 0 0 0 0 0 0 0 0 0 0 0 0 0 0 0 0 0 0 0 0 0 0 0 0 0 0 0 0 0 0 0 0 0 0 0 0 0 0 0 0 0 0 0 0 0 0 0 0 0 0 0 0 0 0 0 0 0 0 0 0 0 0 0 0 0 0 0 0 0 0 0 0 0 0 0 0 0 0 0 0 0 0 0 0 0 0 0 0 0 0 0 0 0 0 0 0 0 0 0 0 0 0 0 0 0 0 0 0 0 0 0 0 0 0 0 0 0 0 0 0 0 0 0 0 0 0 0 0 0 0 0 0 0 0 0 0 0 0 0 0 0 0 0 0 0 0 0 0 0 0 0 0 0 0 0 0 0 0 0 0 0 0 0 0 0 0 0 0 0 0 0 0 0 0 0 0 0 0 0 0 0 0 0 0 0 0 0 0 0 0 0 0 0 0 0 0 0 0 0 0 0 0 0 0 0 0 0 0 0 0 0 0 0 0 0 0 0 0 0 0 0 0 0 0 0 0 0 0 0 0 0 0 0 0 0 0 0 0 0 0 0 0 0 0 0 0 0 0 0 0 0 0 0 0 0 0 0 0 0 0 0 0 0 0 0 0 0 0 0 0 0 0 0 0 0 0 0 0 0 0 0 0 0 0 0 0 0 0 0 0 0 0 0 0 0 0 0 0 0 0 0 0 0 0 0 0 0 0 0 0 0 0 0 0 0 0 0 0 0 0 0 0 0 0 0 0 0 0 0 0 0 0 0 0 0 0 0 0 0 0 0 0 0 0 0 0 0 0 0 0 0 0 0 0 0 0 0 0 0 0 0 0 0 0 0 0 0 0 0 0 0 0 0 0 0 0 0 0 0 0 0 0 0 0 0 0 0 0 0 0 0 0 0 0 0 0 0 0 0 0 0 0 0 0 0 0 0 0 0 0 0 0 0 0 0 0 0 0 0 0 0 0 0 0 0 0 0 0 0 0 0 0 0 0 0 0 0 0 0 0 0 0 0 0 0 0 0 0 0 0 0 0 0 0 0 0 0 0 0 0 0 0 0 0 0 0 0 0 0 0 0 0 0 0 0 0 0 0 0 0 0 0 0 0 0 0 0 0 0 0 0 0 0 0 0 0 0 0 0 0 0 0 0 0 0 0 0 0 0 0 0 0 0 0 0 0 0 0 0 0 0 0 0 0 0 0 0 0 0 0 0 0 0 0 0 0 0 0 0 0 0 0 0 0 0 0 0 0 0 0 0 0 0 0 0 0 0 0 0 0 0 0 0 0 0 0 0 0 0 0 0 0 0 0 0 0 0 0 0 0 0 0 0 0 0 0 0 0 0 0 0 0 0 0 0 0 0 0 0 0 0 0 0 0 0 0 0 0 0 0 0 0 0 0 0 0 0 0 0 0 0 0 0 0 0 0 0 0 0 0 0 0 0 0 0 0 0 0 0 0 0 0 0 0 0 0 0 0 0 0 0 0 0 0 0 0 0 0 0 0 0 0 0 0 0 0 0 0 0 0 0 0 0 0 0 0 0 0 0 0 0 0 0 0 0 0 0 0 0 0 0 0 0 0 0 0 0 0 0 0 0 0 0 0 0 0 0 0 0 0 0 0 0 0 0 0 0 0 0 0 0 0 0 0 0 0 0 0 0 0 0 0 0 0 0 0 0 0 0 0 0 0 0 0 0 0 0 0 0 0 0 0 0 0 0 0 0 0 0 0 0 0 0 0 0 0 0 0 0 0 0 0 0 0 0 0 0 0 0 0 0 0 0 0 0 0 0 0 0 0 0 0 0 0 0 0 0 0 0 0 0 0 0 0 0 0 0 0 0 0 0 0 0 0 0 0 0 0 0 0 0 0 0 0 0 0 0 0 0 0 0 0 0 0 0 0 0 0 0 0 0 0 0 0 0 0 0 0 0 0 0 0 0 0 0 0 0 0 0 0 0 0 0 0 0 0 0 0 0 0 0 0 0 0 0 0 0 0 0 0 0 0 0 0 0 0 0 0 0 0 0 0 0 0 0 0 0 0 0 0 0 0 0 0 0 0 0 0 0 0 0 0 0 0 0 0 0 0 0 0 0 0.6603492 0.06965637 0.6600534 0.07410907 0.5988251 0.06567263 0.1945098 0.1123598 0.1950349 0.1162938 0.1410188 0.1356256 0.5990043 0.06126582 0.5988251 0.06567263 0.5383092 0.06140404 0.140433 0.1317368 0.1410188 0.1356256 0.08751195 0.1569772 0.5383681 0.05705308 0.5383092 0.06140404 0.4786284 0.06133985 0.0868628 0.1531358 0.08751195 0.1569772 0.03349292 0.1813325 0.4785683 0.05705332 0.4786284 0.06133985 0.4198845 0.0653702 0.9094029 0.1381585 0.9087528 0.1426845 0.8464056 0.1212926 0.9722361 0.1622369 0.971536 0.1668317 0.9087528 0.1426845 0.4197103 0.06115442 0.4198845 0.0653702 0.3621497 0.07326066 0.8469803 0.1167805 0.8464056 0.1212926 0.7840387 0.1024262 0.3618698 0.06911969 0.3621497 0.07326066 0.3054569 0.08467024 0.784535 0.09791958 0.7840387 0.1024262 0.7218496 0.08650058 0.3050823 0.08060461 0.3054569 0.08467024 0.249784 0.09917151 0.722253 0.0820136 0.7218496 0.08650058 0.6600534 0.07410907 0.2493278 0.09517711 0.249784 0.09917151 0.1950349 0.1162938 0.310221 0.137299 0.3656718 0.1267864 0.3658434 0.1296064 0.7775297 0.1609215 0.7771727 0.1640084 0.7162288 0.1476487 0.310221 0.137299 0.3104597 0.1400746 0.2559322 0.153714 0.7165248 0.1445881 0.7162288 0.1476487 0.6558914 0.1346837 0.255634 0.1509793 0.2559322 0.153714 0.2021723 0.1701238 0.5963932 0.1225681 0.6561151 0.1316552 0.6558914 0.1346837 0.2018224 0.1674249 0.2021723 0.1701238 0.14907 0.188921 0.5963932 0.1225681 0.5962485 0.1255603 0.5373684 0.1205067 0.1486738 0.1862528 0.14907 0.188921 0.09654688 0.2099857 0.5374311 0.1175541 0.5373684 0.1205067 0.4793114 0.1195743 0.09610015 0.2072935 0.09654688 0.2099857 0.04543262 0.2324582 0.4792923 0.1166641 0.4793114 0.1195743 0.4221264 0.1226749 0.900432 0.2007728 0.9000049 0.2038397 0.8385555 0.1830641 0.9604182 0.222401 0.9598617 0.225283 0.9000049 0.2038397 0.3656718 0.1267864 0.4220286 0.1198095 0.4221264 0.1226749 0.8389569 0.1799644 0.8385555 0.1830641 0.7771727 0.1640084 0.3164489 0.2106269 0.2634826 0.223344 0.2631512 0.2202488 0.708442 0.225546 0.6499612 0.2115836 0.6502401 0.2081739 0.2634826 0.223344 0.2110886 0.2389824 0.2106937 0.2359178 0.6502401 0.2081739 0.6499612 0.2115836 0.5923527 0.2014399 0.2110886 0.2389824 0.1591593 0.2571615 0.1587102 0.2541176 0.5923527 0.2014399 0.5355784 0.1953388 0.5356713 0.1920264 0.1591593 0.2571615 0.1074732 0.2774683 0.1069756 0.2743827 0.5355784 0.1953388 0.4796189 0.1933305 0.4796174 0.1900655 0.1074732 0.2774683 0.05665326 0.2986839 0.05627089 0.2955857 0.4796189 0.1933305 0.4244607 0.1953378 0.4243679 0.1921195 0.9495284 0.3031851 0.8891909 0.2832638 0.8896612 0.2796958 0.4243679 0.1921195 0.4244607 0.1953378 0.370085 0.2011872 0.8281987 0.262609 0.7678499 0.2428488 0.7682794 0.2393328 0.3699056 0.1980136 0.370085 0.2011872 0.3164489 0.2106269 0.7678499 0.2428488 0.708442 0.225546 0.708804 0.2220842 0.8891909 0.2832638 0.8281987 0.262609 0.8286674 0.2590461 0.5962485 0.1255603 0.6558914 0.1346837 0.6545583 0.1527749 0.14907 0.188921 0.2021723 0.1701238 0.2042748 0.1862586 0.5962485 0.1255603 0.5953906 0.1434287 0.5370019 0.1381349 0.09654688 0.2099857 0.14907 0.188921 0.1514385 0.2048768 0.4793114 0.1195743 0.5373684 0.1205067 0.5370019 0.1381349 0.04543262 0.2324582 0.09654688 0.2099857 0.09906572 0.2253124 0.4221264 0.1226749 0.4793114 0.1195743 0.4794336 0.136947 0.9000049 0.2038397 0.8973587 0.2228022 0.8361526 0.2016336 0.9598617 0.225283 0.9584323 0.2447299 0.8973587 0.2228022 0.4221264 0.1226749 0.4227197 0.1397815 0.3668782 0.146444 0.8385555 0.1830641 0.8361526 0.2016336 0.7750408 0.1824721 0.3658434 0.1296064 0.3668782 0.146444 0.3118963 0.1566516 0.7162288 0.1476487 0.7771727 0.1640084 0.7750408 0.1824721 0.3104597 0.1400746 0.3118963 0.1566516 0.2577249 0.1700527 0.6558914 0.1346837 0.7162288 0.1476487 0.7144613 0.1659422 0.2559322 0.153714 0.2577249 0.1700527 0.2042748 0.1862586 0.3679273 0.1638489 0.3689497 0.1810504 0.3148111 0.1907577 0.712604 0.1848712 0.7728121 0.2016123 0.7705653 0.2205836 0.3133674 0.1738007 0.3148111 0.1907577 0.2613927 0.2037094 0.6531486 0.1714726 0.712604 0.1848712 0.7107274 0.203606 0.2595721 0.1869703 0.2613927 0.2037094 0.2086011 0.2195383 0.5944719 0.161884 0.6531486 0.1714726 0.6517202 0.18996 0.1538982 0.2214402 0.2064508 0.2029803 0.2086011 0.2195383 0.5944719 0.161884 0.593534 0.1801212 0.5361618 0.1743202 0.1017857 0.2419949 0.1538982 0.2214402 0.1563283 0.2378467 0.4795314 0.154888 0.5365924 0.1563378 0.5361618 0.1743202 0.05086332 0.2636845 0.1017857 0.2419949 0.1043457 0.2578408 0.4233078 0.1574542 0.4795314 0.154888 0.4796062 0.1726105 0.9547889 0.2623544 0.9533544 0.2823522 0.8921591 0.2611046 0.8947979 0.2415886 0.8921591 0.2611046 0.8311743 0.2400687 0.4233078 0.1574542 0.4238709 0.1749142 0.3689497 0.1810504 0.8336618 0.2209111 0.8311743 0.2400687 0.7705653 0.2205836 0.4227197 0.1397815 0.4232527 0.1559603 0.367833 0.1623779 0.7750408 0.1824721 0.8361526 0.2016336 0.8338658 0.2192757 0.9584323 0.2447299 0.9550005 0.2607472 0.8950139 0.2399331 0.3118963 0.1566516 0.3668782 0.146444 0.367833 0.1623779 0.7750408 0.1824721 0.7729951 0.1999896 0.7127558 0.1832674 0.2577249 0.1700527 0.3118963 0.1566516 0.3132373 0.1723514 0.7144613 0.1659422 0.7127558 0.1832674 0.6532626 0.1698894 0.2577249 0.1700527 0.25941 0.1855409 0.2062608 0.2015678 0.6545583 0.1527749 0.6532626 0.1698894 0.5945444 0.1603223 0.2042748 0.1862586 0.2062608 0.2015678 0.1536842 0.2200415 0.5370019 0.1381349 0.5953906 0.1434287 0.5945444 0.1603223 0.1514385 0.2048768 0.1536842 0.2200415 0.1015502 0.2405939 0.5370019 0.1381349 0.5366216 0.1547982 0.4795176 0.153371 0.09906572 0.2253124 0.1015502 0.2405939 0.05062633 0.2623292 0.4794336 0.136947 0.4795176 0.153371 0.4232527 0.1559603 0.2086011 0.2195383 0.2106937 0.2359178 0.1587102 0.2541176 0.5361618 0.1743202 0.593534 0.1801212 0.5925402 0.1980795 0.1563283 0.2378467 0.1587102 0.2541176 0.1069756 0.2743827 0.5361618 0.1743202 0.5356713 0.1920264 0.4796174 0.1900655 0.1043457 0.2578408 0.1069756 0.2743827 0.05627089 0.2955857 0.4796062 0.1726105 0.4796174 0.1900655 0.4243679 0.1921195 0.8311743 0.2400687 0.8921591 0.2611046 0.8896612 0.2796958 0.9533544 0.2823522 0.9498364 0.2996995 0.8896612 0.2796958 0.4238709 0.1749142 0.4243679 0.1921195 0.3699056 0.1980136 0.7705653 0.2205836 0.8311743 0.2400687 0.8286674 0.2590461 0.3148111 0.1907577 0.3689497 0.1810504 0.3699056 0.1980136 0.7705653 0.2205836 0.7682794 0.2393328 0.708804 0.2220842 0.2613927 0.2037094 0.3148111 0.1907577 0.3161896 0.2074951 0.7107274 0.203606 0.708804 0.2220842 0.6502401 0.2081739 0.2613927 0.2037094 0.2631512 0.2202488 0.2106937 0.2359178 0.6517202 0.18996 0.6502401 0.2081739 0.5925402 0.1980795 0.8336618 0.2209111 0.8338658 0.2192757 0.8950139 0.2399331 0.7728121 0.2016123 0.7729951 0.1999896 0.8338658 0.2192757 0.712604 0.1848712 0.7127558 0.1832674 0.7729951 0.1999896 0.6531486 0.1714726 0.6532626 0.1698894 0.7127558 0.1832674 0.5944719 0.161884 0.5945444 0.1603223 0.6532626 0.1698894 0.5365924 0.1563378 0.5366216 0.1547982 0.5945444 0.1603223 0.4795314 0.154888 0.4795176 0.153371 0.5366216 0.1547982 0.4233078 0.1574542 0.4232527 0.1559603 0.4795176 0.153371 0.3679273 0.1638489 0.367833 0.1623779 0.4232527 0.1559603 0.3133674 0.1738007 0.3132373 0.1723514 0.367833 0.1623779 0.2595721 0.1869703 0.25941 0.1855409 0.3132373 0.1723514 0.2064508 0.2029803 0.2062608 0.2015678 0.25941 0.1855409 0.1538982 0.2214402 0.1536842 0.2200415 0.2062608 0.2015678 0.1017857 0.2419949 0.1015502 0.2405939 0.1536842 0.2200415 0.05086332 0.2636845 0.05062633 0.2623292 0.1015502 0.2405939 0.8947979 0.2415886 0.8950139 0.2399331 0.9550005 0.2607472 0.8361526 0.2016336 0.8973587 0.2228022 0.8950139 0.2399331 0.5961967 0.6450363 0.6004981 0.6225225 0.6441689 0.645561 0.223913 0.6387335 0.2288522 0.6617316 0.1865189 0.6864853 0.3896982 0.5854097 0.4313187 0.5832502 0.4313775 0.6053209 0.3486016 0.5911625 0.3896982 0.5854097 0.3905403 0.6077975 0.180292 0.6628975 0.1865189 0.6864853 0.1416005 0.721268 0.5152748 0.592442 0.5574083 0.6052213 0.5541513 0.6282641 0.7805627 0.7613002 0.8330118 0.8234264 0.8173919 0.8539227 0.3486016 0.5911625 0.3505426 0.6128527 0.3108342 0.625072 0.6881706 0.674867 0.7331024 0.7127313 0.7235544 0.7375826 0.2700936 0.640019 0.2662308 0.6182909 0.3077509 0.6024451 0.4733099 0.5862847 0.5152748 0.592442 0.5132163 0.6150279 0.4313187 0.5832502 0.4733099 0.5862847 0.4724214 0.6087338 0.6881706 0.674867 0.6810765 0.6978587 0.6385437 0.6696112 0.2662308 0.6182909 0.2700936 0.640019 0.2288522 0.6617316 0.8101745 0.6826788 0.8178569 0.6581408 0.8778758 0.7063533 0.4313187 0.5832502 0.4314015 0.5699169 0.4739226 0.5727072 0.7805627 0.7613002 0.7877395 0.744865 0.8398347 0.8032276 0.3896982 0.5854097 0.3892554 0.5720663 0.4314015 0.5699169 0.6881706 0.674867 0.6924145 0.6605578 0.7385894 0.6978752 0.3486016 0.5911625 0.3475599 0.5780555 0.3892554 0.5720663 0.6441689 0.645561 0.6474751 0.6314585 0.6924145 0.6605578 0.3077509 0.6024451 0.3060632 0.5892424 0.3475599 0.5780555 0.6441689 0.645561 0.6004981 0.6225225 0.6030832 0.6086261 0.2662308 0.6182909 0.2639988 0.6049205 0.3060632 0.5892424 0.6004981 0.6225225 0.5574083 0.6052213 0.5593648 0.5914707 0.223913 0.6387335 0.2211792 0.6249811 0.2639988 0.6049205 0.5152748 0.592442 0.5164956 0.5790278 0.5593648 0.5914707 0.223913 0.6387335 0.180292 0.6628975 0.176993 0.648932 0.4733099 0.5862847 0.4739226 0.5727072 0.5164956 0.5790278 0.180292 0.6628975 0.1336646 0.6940597 0.1311765 0.6790406 0.6585247 0.5772535 0.7066442 0.6049845 0.7033823 0.6180636 0.2106858 0.5738434 0.2553041 0.5547356 0.257197 0.5664775 0.4308605 0.5194266 0.4753459 0.5214488 0.474973 0.533372 0.3867547 0.5218291 0.4308605 0.5194266 0.4309437 0.5312232 0.6095839 0.5679255 0.611546 0.5555055 0.6585247 0.5772535 0.1650884 0.596341 0.2106858 0.5738434 0.2129483 0.5857945 0.564056 0.5513579 0.5654692 0.5391529 0.611546 0.5555055 0.1176506 0.6223986 0.1650884 0.596341 0.1676607 0.608491 0.3429696 0.528435 0.3867547 0.5218291 0.3872939 0.5335361 0.7566323 0.6397925 0.8101745 0.6826788 0.8049705 0.6981803 0.3007602 0.5511301 0.2992915 0.539494 0.3429696 0.528435 0.5192751 0.5397756 0.5201527 0.5277688 0.5654692 0.5391529 0.8101745 0.6826788 0.8689365 0.7339134 0.8615542 0.7494174 0.4753459 0.5214488 0.5201527 0.5277688 0.5192751 0.5397756 0.7066442 0.6049845 0.7566323 0.6397925 0.7525227 0.6535443 0.2553041 0.5547356 0.2992915 0.539494 0.3007602 0.5511301 0.6799317 0.452348 0.6757819 0.4794195 0.6247428 0.4600673 0.6585247 0.5772535 0.662609 0.55601 0.711833 0.5830652 0.3429696 0.528435 0.3412682 0.5090506 0.3858077 0.5022997 0.7066442 0.6049845 0.711833 0.5830652 0.7631226 0.6167695 0.3867547 0.5218291 0.3858077 0.5022997 0.4306564 0.4997468 0.7566323 0.6397925 0.7631226 0.6167695 0.8178569 0.6581408 0.4308605 0.5194266 0.4306564 0.4997468 0.4758961 0.5015484 0.1176506 0.6223986 0.1130604 0.6008648 0.1608678 0.5759959 0.4753459 0.5214488 0.4758961 0.5015484 0.5215227 0.5077074 0.1650884 0.596341 0.1608678 0.5759959 0.2069695 0.5539795 0.5201527 0.5277688 0.5215227 0.5077074 0.5677083 0.5187599 0.2106858 0.5738434 0.2069695 0.5539795 0.2521667 0.5351954 0.5654692 0.5391529 0.5677083 0.5187599 0.6146734 0.5347441 0.2992915 0.539494 0.2553041 0.5547356 0.2521667 0.5351954 0.611546 0.5555055 0.6146734 0.5347441 0.662609 0.55601 0.6757819 0.4794195 0.728361 0.5037713 0.7254473 0.5186175 0.1608678 0.5759959 0.1130604 0.6008648 0.1115353 0.5877505 0.4758961 0.5015484 0.4763872 0.4885845 0.5225355 0.494623 0.2069695 0.5539795 0.1608678 0.5759959 0.158357 0.5628507 0.5215227 0.5077074 0.5225355 0.494623 0.5692735 0.5054769 0.2521667 0.5351954 0.2069695 0.5539795 0.2047677 0.5410136 0.6146734 0.5347441 0.5677083 0.5187599 0.5692735 0.5054769 0.2521667 0.5351954 0.250325 0.5224235 0.2954197 0.5074159 0.662609 0.55601 0.6146734 0.5347441 0.6168094 0.5212209 0.2968369 0.5200977 0.2954197 0.5074159 0.3403176 0.4963774 0.662609 0.55601 0.6653577 0.5421679 0.7152714 0.5687603 0.3412682 0.5090506 0.3403176 0.4963774 0.3853335 0.4895534 0.711833 0.5830652 0.7152714 0.5687603 0.7673609 0.6017086 0.3858077 0.5022997 0.3853335 0.4895534 0.4306602 0.4869068 0.8178569 0.6581408 0.8230975 0.6412496 0.8818501 0.686826 0.4306564 0.4997468 0.4306602 0.4869068 0.4763872 0.4885845 0.7022603 0.6223334 0.7033823 0.6180636 0.7525227 0.6535443 0.6550805 0.5941008 0.6559644 0.5899496 0.7033823 0.6180636 0.6089022 0.5719935 0.6095839 0.5679255 0.6559644 0.5899496 0.5635579 0.5553569 0.564056 0.5513579 0.6095839 0.5679255 0.5189571 0.5437177 0.5192751 0.5397756 0.564056 0.5513579 0.4748213 0.537284 0.474973 0.533372 0.5192751 0.5397756 0.4309447 0.5351028 0.4309437 0.5312232 0.474973 0.533372 0.3874469 0.5373858 0.3872939 0.5335361 0.4309437 0.5312232 0.3874469 0.5373858 0.3442789 0.54388 0.343971 0.5400542 0.3012238 0.5549641 0.3007602 0.5511301 0.343971 0.5400542 0.2578042 0.5703534 0.257197 0.5664775 0.3007602 0.5511301 0.2578042 0.5703534 0.2136821 0.5897452 0.2129483 0.5857945 0.1684685 0.6124324 0.1676607 0.608491 0.2129483 0.5857945 0.1216509 0.6376213 0.1213241 0.6335511 0.1676607 0.608491 0.8031786 0.7032137 0.8049705 0.6981803 0.8615542 0.7494174 0.7511081 0.6580253 0.7525227 0.6535443 0.8049705 0.6981803 0.7331024 0.7127313 0.7385894 0.6978752 0.7877395 0.744865 0.1966016 0.4969288 0.1944076 0.4839226 0.241514 0.4657721 0.4295977 0.4293377 0.4774203 0.4303426 0.477141 0.4436218 0.382232 0.4325219 0.4295977 0.4293377 0.4297854 0.4424688 0.6229426 0.47402 0.6247428 0.4600673 0.6757819 0.4794195 0.146987 0.5048647 0.1944076 0.4839226 0.1966016 0.4969288 0.573553 0.4592083 0.5748293 0.4455353 0.6247428 0.4600673 0.09872978 0.528393 0.146987 0.5048647 0.1494349 0.5178749 0.3352131 0.4397596 0.382232 0.4325219 0.3828721 0.4455327 0.7832104 0.5333312 0.8418238 0.5679422 0.8376162 0.5855178 0.2898762 0.463819 0.2883785 0.4509248 0.3352131 0.4397596 0.5250151 0.4491204 0.5257837 0.435669 0.5748293 0.4455353 0.8418238 0.5679422 0.9054231 0.6067721 0.8992769 0.624466 0.4774203 0.4303426 0.5257837 0.435669 0.5250151 0.4491204 0.728361 0.5037713 0.7832104 0.5333312 0.7796894 0.5489938 0.241514 0.4657721 0.2883785 0.4509248 0.2898762 0.463819 0.7244676 0.5233197 0.7254473 0.5186175 0.7796894 0.5489938 0.672648 0.4982814 0.6734384 0.4937425 0.7254473 0.5186175 0.6223303 0.4784441 0.6229426 0.47402 0.6734384 0.4937425 0.5731109 0.4635463 0.573553 0.4592083 0.6229426 0.47402 0.5247376 0.4533913 0.5250151 0.4491204 0.573553 0.4592083 0.477021 0.4478402 0.477141 0.4436218 0.5250151 0.4491204 0.4298162 0.4466439 0.4297854 0.4424688 0.477141 0.4436218 0.383049 0.4496726 0.3828721 0.4455327 0.4297854 0.4424688 0.383049 0.4496726 0.3366107 0.456801 0.3362918 0.4526847 0.2903306 0.4679296 0.2898762 0.463819 0.3362918 0.4526847 0.2439712 0.4828215 0.2433929 0.4786961 0.2898762 0.463819 0.2439712 0.4828215 0.1972841 0.5010856 0.1966016 0.4969288 0.1501643 0.5219463 0.1494349 0.5178749 0.1966016 0.4969288 0.1024821 0.5441905 0.1022515 0.5401002 0.1494349 0.5178749 0.8361969 0.5910642 0.8376162 0.5855178 0.8992769 0.624466 0.7785023 0.5539515 0.7796894 0.5489938 0.8376162 0.5855178 0.7631226 0.6167695 0.7673609 0.6017086 0.8230975 0.6412496 0.3809316 0.4079623 0.382232 0.4325219 0.3352131 0.4397596 0.4291316 0.4045384 0.4295977 0.4293377 0.382232 0.4325219 0.9129751 0.5723816 0.9054231 0.6067721 0.8418238 0.5679422 0.7893823 0.5038553 0.7832104 0.5333312 0.728361 0.5037713 0.1423667 0.4801921 0.146987 0.5048647 0.09872978 0.528393 0.527081 0.4102416 0.5257837 0.435669 0.4774203 0.4303426 0.1902815 0.4594776 0.1944076 0.4839226 0.146987 0.5048647 0.627921 0.4336895 0.6247428 0.4600673 0.5748293 0.4455353 0.7385894 0.6978752 0.7400751 0.6936798 0.7895345 0.7405417 0.2855055 0.4266259 0.2883785 0.4509248 0.241514 0.4657721 0.5770563 0.419685 0.5748293 0.4455353 0.5257837 0.435669 0.2379466 0.4414563 0.241514 0.4657721 0.1944076 0.4839226 0.3331065 0.4153773 0.3352131 0.4397596 0.2883785 0.4509248 0.6913165 0.3687787 0.7474341 0.3893509 0.7448518 0.4062873 0.1423667 0.4801921 0.09364938 0.5031465 0.09228527 0.4900037 0.7335054 0.475729 0.728361 0.5037713 0.6757819 0.4794195 0.2992915 0.539494 0.2968369 0.5200977 0.3412682 0.5090506 0.4778171 0.4052511 0.4781876 0.3912932 0.5279424 0.3961034 0.1902815 0.4594776 0.1423667 0.4801921 0.1400182 0.4666505 0.527081 0.4102416 0.5279424 0.3961034 0.578424 0.4053229 0.2379466 0.4414563 0.1902815 0.4594776 0.1881933 0.4458803 0.627921 0.4336895 0.5770563 0.419685 0.578424 0.4053229 0.2379466 0.4414563 0.2361676 0.4279087 0.2840999 0.4130806 0.6799317 0.452348 0.627921 0.4336895 0.6298053 0.4190455 0.2855055 0.4266259 0.2840999 0.4130806 0.3321132 0.4017872 0.6799317 0.452348 0.6823393 0.4373306 0.7364378 0.4601836 0.3331065 0.4153773 0.3321132 0.4017872 0.380375 0.3942816 0.7335054 0.475729 0.7364378 0.4601836 0.7928442 0.4875152 0.3809316 0.4079623 0.380375 0.3942816 0.42903 0.390733 0.8487308 0.5366902 0.8527618 0.5184937 0.915283 0.552164 0.4291316 0.4045384 0.42903 0.390733 0.4781876 0.3912932 0.1802332 0.3996787 0.1778918 0.3851151 0.2273182 0.366977 0.4273802 0.3280286 0.4785802 0.3277789 0.4784401 0.3430218 0.3767631 0.3322671 0.4273802 0.3280286 0.4277182 0.3430784 0.6350052 0.3682116 0.6366455 0.3521843 0.6913165 0.3687787 0.1287556 0.4061824 0.1778918 0.3851151 0.1802332 0.3996787 0.5819546 0.3555082 0.5830923 0.3397887 0.6366455 0.3521843 0.07938969 0.4293264 0.1287556 0.4061824 0.1313636 0.4205295 0.3266314 0.3403164 0.3767631 0.3322671 0.3775594 0.3471513 0.8055647 0.4134759 0.8668416 0.4401006 0.8635142 0.4596852 0.2785015 0.3666254 0.2768633 0.3519662 0.3266314 0.3403164 0.5298154 0.3471263 0.5304498 0.3316634 0.5830923 0.3397887 0.8668416 0.4401006 0.9324238 0.4677913 0.9274202 0.4875968 0.4785802 0.3277789 0.5304498 0.3316634 0.5298154 0.3471263 0.7474341 0.3893509 0.8055647 0.4134759 0.8025724 0.4311871 0.2273182 0.366977 0.2768633 0.3519662 0.2785015 0.3666254 0.7440319 0.411314 0.7448518 0.4062873 0.8025724 0.4311871 0.6885098 0.3900652 0.6891881 0.3851942 0.7448518 0.4062873 0.6344763 0.3729675 0.6350052 0.3682116 0.6891881 0.3851942 0.581578 0.3601738 0.5819546 0.3555082 0.6350052 0.3682116 0.529591 0.351718 0.5298154 0.3471263 0.5819546 0.3555082 0.4783647 0.3475503 0.4784401 0.3430218 0.5298154 0.3471263 0.427787 0.3475526 0.4277182 0.3430784 0.4784401 0.3430218 0.3777666 0.3515794 0.3775594 0.3471513 0.4277182 0.3430784 0.3777666 0.3515794 0.3282013 0.3594599 0.3278625 0.3550678 0.2789637 0.3709935 0.2785015 0.3666254 0.3278625 0.3550678 0.229908 0.38594 0.2293316 0.3815838 0.2785015 0.3666254 0.229908 0.38594 0.1809108 0.404024 0.1802332 0.3996787 0.1320819 0.4247244 0.1313636 0.4205295 0.1802332 0.3996787 0.08331382 0.4463717 0.08310741 0.4421982 0.1313636 0.4205295 0.8624463 0.4654887 0.8635142 0.4596852 0.9274202 0.4875968 0.8016189 0.4364451 0.8025724 0.4311871 0.8635142 0.4596852 0.7893823 0.5038553 0.7928442 0.4875152 0.8527618 0.5184937 0.8487308 0.5366902 0.8418238 0.5679422 0.7832104 0.5333312 0.6924145 0.6605578 0.6474751 0.6314585 0.6483991 0.627493 0.5164956 0.5790278 0.5168403 0.5752309 0.559898 0.5876213 0.5593648 0.5914707 0.559898 0.5876213 0.6037992 0.6047155 0.4314015 0.5699169 0.4314255 0.5661509 0.4740934 0.5689139 0.3892554 0.5720663 0.3475599 0.5780555 0.3472709 0.574348 0.3060632 0.5892424 0.2639988 0.6049205 0.2633817 0.6011365 0.7877395 0.744865 0.7895345 0.7405417 0.8423044 0.7994896 0.1311765 0.6790406 0.1294729 0.6749513 0.176014 0.6447228 0.6924145 0.6605578 0.6935914 0.6565243 0.7400751 0.6936798 0.6030832 0.6086261 0.6037992 0.6047155 0.6483991 0.627493 0.4739226 0.5727072 0.4740934 0.5689139 0.5168403 0.5752309 0.3892554 0.5720663 0.3891245 0.5683293 0.4314255 0.5661509 0.3475599 0.5780555 0.3060632 0.5892424 0.305601 0.5855146 0.176993 0.648932 0.176014 0.6447228 0.2204183 0.6211004 0.2211792 0.6249811 0.2204183 0.6211004 0.2633817 0.6011365 0.7895345 0.7405417 0.7400751 0.6936798 0.7511081 0.6580253 0.4778171 0.4052511 0.4774203 0.4303426 0.4295977 0.4293377 0.7895345 0.7405417 0.8031786 0.7032137 0.8602678 0.7555341 0.176014 0.6447228 0.1294729 0.6749513 0.1216509 0.6376213 0.176014 0.6447228 0.1684685 0.6124324 0.2136821 0.5897452 0.2633817 0.6011365 0.2204183 0.6211004 0.2136821 0.5897452 0.2633817 0.6011365 0.2578042 0.5703534 0.3012238 0.5549641 0.3472709 0.574348 0.305601 0.5855146 0.3012238 0.5549641 0.3472709 0.574348 0.3442789 0.54388 0.3874469 0.5373858 0.4314255 0.5661509 0.3891245 0.5683293 0.3874469 0.5373858 0.4314255 0.5661509 0.4309447 0.5351028 0.4748213 0.537284 0.4740934 0.5689139 0.4748213 0.537284 0.5189571 0.5437177 0.559898 0.5876213 0.5168403 0.5752309 0.5189571 0.5437177 0.6037992 0.6047155 0.559898 0.5876213 0.5635579 0.5553569 0.6037992 0.6047155 0.6089022 0.5719935 0.6550805 0.5941008 0.6483991 0.627493 0.6550805 0.5941008 0.7022603 0.6223334 0.7400751 0.6936798 0.6935914 0.6565243 0.7022603 0.6223334 0.7673609 0.6017086 0.7686371 0.5969653 0.8245527 0.6363465 0.8230975 0.6412496 0.8245527 0.6363465 0.8839463 0.6824497 0.1115353 0.5877505 0.1100152 0.583537 0.1575102 0.5584821 0.158357 0.5628507 0.1575102 0.5584821 0.2040719 0.5369228 0.2047677 0.5410136 0.2040719 0.5369228 0.2497468 0.5183919 0.2954197 0.5074159 0.250325 0.5224235 0.2497468 0.5183919 0.3403176 0.4963774 0.2954197 0.5074159 0.2949744 0.5034131 0.3853335 0.4895534 0.3403176 0.4963774 0.3400167 0.4923793 0.3853335 0.4895534 0.3851801 0.4855377 0.4306561 0.4828618 0.4306602 0.4869068 0.4306561 0.4828618 0.4765355 0.4845039 0.4763872 0.4885845 0.4765355 0.4845039 0.5228455 0.4905012 0.5225355 0.494623 0.5228455 0.4905012 0.5697535 0.5012964 0.5692735 0.5054769 0.5697535 0.5012964 0.6174657 0.5169642 0.6168094 0.5212209 0.6174657 0.5169642 0.666203 0.5378108 0.7152714 0.5687603 0.6653577 0.5421679 0.666203 0.5378108 0.7152714 0.5687603 0.7163238 0.5642564 0.7686371 0.5969653 0.7686371 0.5969653 0.7785023 0.5539515 0.8361969 0.5910642 0.8245527 0.6363465 0.8361969 0.5910642 0.8985309 0.6309028 0.1575102 0.5584821 0.1100152 0.583537 0.1024821 0.5441905 0.1575102 0.5584821 0.1501643 0.5219463 0.1972841 0.5010856 0.2497468 0.5183919 0.2040719 0.5369228 0.1972841 0.5010856 0.2497468 0.5183919 0.2439712 0.4828215 0.2903306 0.4679296 0.3400167 0.4923793 0.2949744 0.5034131 0.2903306 0.4679296 0.3400167 0.4923793 0.3366107 0.456801 0.383049 0.4496726 0.4306561 0.4828618 0.3851801 0.4855377 0.383049 0.4496726 0.4306561 0.4828618 0.4298162 0.4466439 0.477021 0.4478402 0.4765355 0.4845039 0.477021 0.4478402 0.5247376 0.4533913 0.5697535 0.5012964 0.5228455 0.4905012 0.5247376 0.4533913 0.6174657 0.5169642 0.5697535 0.5012964 0.5731109 0.4635463 0.6174657 0.5169642 0.6223303 0.4784441 0.672648 0.4982814 0.666203 0.5378108 0.672648 0.4982814 0.7244676 0.5233197 0.7163238 0.5642564 0.7244676 0.5233197 0.7785023 0.5539515 0.8538713 0.5132405 0.7938742 0.4823877 0.8016189 0.4364451 0.8538713 0.5132405 0.8624463 0.4654887 0.9271317 0.4941059 0.1392187 0.4621588 0.09080851 0.485697 0.08331382 0.4463717 0.1392187 0.4621588 0.1320819 0.4247244 0.1809108 0.404024 0.2356037 0.423645 0.1875272 0.4416048 0.1809108 0.404024 0.2356037 0.423645 0.229908 0.38594 0.2789637 0.3709935 0.3317958 0.3975084 0.2836537 0.4088155 0.2789637 0.3709935 0.3317958 0.3975084 0.3282013 0.3594599 0.3777666 0.3515794 0.4289906 0.386389 0.3801938 0.3899756 0.3777666 0.3515794 0.4289906 0.386389 0.427787 0.3475526 0.4783647 0.3475503 0.4782952 0.3869023 0.4783647 0.3475503 0.529591 0.351718 0.5788399 0.4008064 0.5282021 0.3916561 0.529591 0.351718 0.6303796 0.4144417 0.5788399 0.4008064 0.581578 0.3601738 0.6303796 0.4144417 0.6344763 0.3729675 0.6885098 0.3900652 0.6830723 0.4326117 0.6885098 0.3900652 0.7440319 0.411314 0.7938742 0.4823877 0.7373268 0.4553009 0.7440319 0.411314 0.7364378 0.4601836 0.7373268 0.4553009 0.7938742 0.4823877 0.7364378 0.4601836 0.6823393 0.4373306 0.6830723 0.4326117 0.6298053 0.4190455 0.6303796 0.4144417 0.6830723 0.4326117 0.578424 0.4053229 0.5788399 0.4008064 0.6303796 0.4144417 0.5279424 0.3961034 0.5282021 0.3916561 0.5788399 0.4008064 0.4781876 0.3912932 0.4782952 0.3869023 0.5282021 0.3916561 0.42903 0.390733 0.4289906 0.386389 0.4782952 0.3869023 0.380375 0.3942816 0.3801938 0.3899756 0.4289906 0.386389 0.380375 0.3942816 0.3321132 0.4017872 0.3317958 0.3975084 0.3321132 0.4017872 0.2840999 0.4130806 0.2836537 0.4088155 0.2840999 0.4130806 0.2361676 0.4279087 0.2356037 0.423645 0.1881933 0.4458803 0.1875272 0.4416048 0.2356037 0.423645 0.1400182 0.4666505 0.1392187 0.4621588 0.1875272 0.4416048 0.09228527 0.4900037 0.09080851 0.485697 0.1392187 0.4621588 0.8527618 0.5184937 0.8538713 0.5132405 0.9170194 0.5473714 0.7928442 0.4875152 0.7938742 0.4823877 0.8538713 0.5132405 0.6373509 0.3456005 0.6922178 0.3620433 0.6913165 0.3687787 0.22653 0.3609488 0.27623 0.3459172 0.2768633 0.3519662 0.5835941 0.3333251 0.6373509 0.3456005 0.6366455 0.3521843 0.1769614 0.3791088 0.22653 0.3609488 0.2273182 0.366977 0.5307468 0.3253001 0.5835941 0.3333251 0.5830923 0.3397887 0.1276991 0.4001713 0.1769614 0.3791088 0.1778918 0.3851151 0.4786756 0.3215021 0.5307468 0.3253001 0.5304498 0.3316634 0.07822185 0.4232 0.1276991 0.4001713 0.1287556 0.4061824 0.4272798 0.3218271 0.4786756 0.3215021 0.4785802 0.3277789 0.806792 0.406237 0.8681205 0.4325715 0.8668416 0.4401006 0.8681205 0.4325715 0.9337031 0.4599231 0.9324238 0.4677913 0.3764748 0.3261305 0.4272798 0.3218271 0.4273802 0.3280286 0.7485147 0.3824116 0.806792 0.406237 0.8055647 0.4134759 0.3261649 0.3342314 0.3764748 0.3261305 0.3767631 0.3322671 0.6922178 0.3620433 0.7485147 0.3824116 0.7474341 0.3893509 0.27623 0.3459172 0.3261649 0.3342314 0.3266314 0.3403164 0.06537717 0.3604472 0.1171268 0.3380842 0.1276991 0.4001713 0.4260237 0.2584312 0.4793516 0.2572908 0.4786756 0.3215021 0.8182595 0.3332834 0.8797466 0.3556419 0.8681205 0.4325715 0.8797466 0.3556419 0.9440053 0.3769357 0.9337031 0.4599231 0.3733795 0.2634636 0.4260237 0.2584312 0.4272798 0.3218271 0.758778 0.3120085 0.8182595 0.3332834 0.806792 0.406237 0.321348 0.2721744 0.3733795 0.2634636 0.3764748 0.3261305 0.7008075 0.2934295 0.758778 0.3120085 0.7485147 0.3824116 0.2698353 0.2843045 0.321348 0.2721744 0.3261649 0.3342314 0.6440436 0.2783679 0.7008075 0.2934295 0.6922178 0.3620433 0.2187266 0.2995595 0.2698353 0.2843045 0.27623 0.3459172 0.58829 0.2672321 0.6440436 0.2783679 0.6373509 0.3456005 0.1678848 0.317619 0.2187266 0.2995595 0.22653 0.3609488 0.5334202 0.2601978 0.58829 0.2672321 0.5835941 0.3333251 0.1171268 0.3380842 0.1678848 0.317619 0.1769614 0.3791088 0.4793516 0.2572908 0.5334202 0.2601978 0.5307468 0.3253001 0.58855 0.2632353 0.6444184 0.2743036 0.6440436 0.2783679 0.1673353 0.3139489 0.2182511 0.2958765 0.2187266 0.2995595 0.5335625 0.2562613 0.58855 0.2632353 0.58829 0.2672321 0.1165226 0.3344216 0.1673353 0.3139489 0.1678848 0.317619 0.4793767 0.2534098 0.5335625 0.2562613 0.5334202 0.2601978 0.06473541 0.3567455 0.1165226 0.3344216 0.1171268 0.3380842 0.4259353 0.2546016 0.4793767 0.2534098 0.4793516 0.2572908 0.818884 0.3289202 0.8803699 0.3511074 0.8797466 0.3556419 0.8803699 0.3511074 0.9446116 0.3722389 0.9440053 0.3769357 0.3731827 0.259681 0.4259353 0.2546016 0.4260237 0.2584312 0.7593484 0.3077695 0.818884 0.3289202 0.8182595 0.3332834 0.32105 0.2684333 0.3731827 0.259681 0.3733795 0.2634636 0.7012888 0.2892866 0.7593484 0.3077695 0.758778 0.3120085 0.2694441 0.2805972 0.32105 0.2684333 0.321348 0.2721744 0.6444184 0.2743036 0.7012888 0.2892866 0.7008075 0.2934295 0.2182511 0.2958765 0.2694441 0.2805972 0.2698353 0.2843045 0.32105 0.2684333 0.2694441 0.2805972 0.2634826 0.223344 0.7012888 0.2892866 0.6444184 0.2743036 0.6499612 0.2115836 0.2634826 0.223344 0.2694441 0.2805972 0.2182511 0.2958765 0.6444184 0.2743036 0.58855 0.2632353 0.5923527 0.2014399 0.2110886 0.2389824 0.2182511 0.2958765 0.1673353 0.3139489 0.58855 0.2632353 0.5335625 0.2562613 0.5355784 0.1953388 0.1591593 0.2571615 0.1673353 0.3139489 0.1165226 0.3344216 0.5335625 0.2562613 0.4793767 0.2534098 0.4796189 0.1933305 0.1074732 0.2774683 0.1165226 0.3344216 0.06473541 0.3567455 0.4793767 0.2534098 0.4259353 0.2546016 0.4244607 0.1953378 0.9495284 0.3031851 0.9446116 0.3722389 0.8803699 0.3511074 0.4244607 0.1953378 0.4259353 0.2546016 0.3731827 0.259681 0.818884 0.3289202 0.7593484 0.3077695 0.7678499 0.2428488 0.3621497 0.07326066 0.3656718 0.1267864 0.310221 0.137299 0.3731827 0.259681 0.32105 0.2684333 0.3164489 0.2106269 0.7593484 0.3077695 0.7012888 0.2892866 0.708442 0.225546 0.7840387 0.1024262 0.7775297 0.1609215 0.7165248 0.1445881 0.3054569 0.08467024 0.310221 0.137299 0.255634 0.1509793 0.7218496 0.08650058 0.7165248 0.1445881 0.6561151 0.1316552 0.249784 0.09917151 0.255634 0.1509793 0.2018224 0.1674249 0.6600534 0.07410907 0.6561151 0.1316552 0.5963932 0.1225681 0.1950349 0.1162938 0.2018224 0.1674249 0.1486738 0.1862528 0.5383092 0.06140404 0.5988251 0.06567263 0.5963932 0.1225681 0.08751195 0.1569772 0.1410188 0.1356256 0.1486738 0.1862528 0.5383092 0.06140404 0.5374311 0.1175541 0.4792923 0.1166641 0.03349292 0.1813325 0.08751195 0.1569772 0.09610015 0.2072935 0.4786284 0.06133985 0.4792923 0.1166641 0.4220286 0.1198095 0.8464056 0.1212926 0.9087528 0.1426845 0.900432 0.2007728 0.9087528 0.1426845 0.971536 0.1668317 0.9604182 0.222401 0.3621497 0.07326066 0.4198845 0.0653702 0.4220286 0.1198095 0.8464056 0.1212926 0.8389569 0.1799644 0.7775297 0.1609215 0.8891909 0.2832638 0.8803699 0.3511074 0.818884 0.3289202 0 0 0 0 0 0 0 0 0 0 0 0 0 0 0 0 0 0 0 0 0 0 0 0 0 0 0 0 0 0 0 0 0 0 0 0 0 0 0 0 0 0 0 0 0 0 0 0 0 0 0 0 0 0 0 0 0 0 0 0 0 0 0 0 0 0 0 0 0 0 0 0 0 0 0 0 0 0 0 0 0 0 0 0 0.4305285 0.6985582 0.4703442 0.6663958 0.470566 0.6823503 0 0 0 0 0 0 0.7145175 0.8772081 0.7071021 0.887944 0.6891623 0.8085117 0 0 0 0 0 0 0.2881445 0.7316942 0.2908246 0.7445471 0.245057 0.7362175 0 0 0 0 0 0 0 0 0 0 0 0 0.3548441 0.6624533 0.3918509 0.6645816 0.391336 0.6802114 0.2881445 0.7316942 0.3195059 0.6808167 0.322826 0.6956861 0.6637897 0.7497036 0.6571417 0.7678277 0.6207789 0.7451731 0.20226 0.7392472 0.2084702 0.7574443 0.1714447 0.7978618 0.6637897 0.7497036 0.6973811 0.7947956 0.6891623 0.8085117 0.5765268 0.7398186 0.5736266 0.7531191 0.5409368 0.7013325 0.5082095 0.6657813 0.5062478 0.6841308 0.470566 0.6823503 0.20226 0.7392472 0.2419544 0.7198957 0.245057 0.7362175 0.7145175 0.8772081 0.7694007 0.9143799 0.760228 0.9318243 0.5765268 0.7398186 0.6241032 0.7286196 0.6207789 0.7451731 0.5082095 0.6657813 0.544559 0.6859879 0.5409368 0.7013325 0.4305285 0.6985582 0.4303802 0.7118543 0.391336 0.6802114 0.3548441 0.6624533 0.3564463 0.6803685 0.322826 0.6956861 0 0 0 0 0 0 0 0 0 0 0 0 0 0 0 0 0 0 0 0 0 0 0 0 0 0 0 0 0 0 0 0 0 0 0 0 0 0 0 0 0 0 0 0 0 0 0 0 0 0 0 0 0 0 0 0 0 0 0 0 0 0 0 0 0 0 0 0 0 0 0 0 0 0 0 0 0 0 0 0 0 0 0 0 0 0 0 0 0 0 0 0 0 0 0 0 0.2700936 0.640019 0.3108342 0.625072 0.3142039 0.6484047 0.6810765 0.6978587 0.7235544 0.7375826 0.7132062 0.7624513 0.4714996 0.6327584 0.4724214 0.6087338 0.5132163 0.6150279 0.7686533 0.7860162 0.8173919 0.8539227 0.7992654 0.8838703 0.5132163 0.6150279 0.5541513 0.6282641 0.5504302 0.6524595 0.3142039 0.6484047 0.3108342 0.625072 0.3505426 0.6128527 0.7132062 0.7624513 0.7235544 0.7375826 0.7686533 0.7860162 0.3505426 0.6128527 0.3905403 0.6077975 0.3912357 0.6314503 0.1509794 0.7483366 0.1416005 0.721268 0.1865189 0.6864853 0.5504302 0.6524595 0.5541513 0.6282641 0.5961967 0.6450363 0.1865189 0.6864853 0.2288522 0.6617316 0.2341076 0.6860858 0.5961967 0.6450363 0.6385437 0.6696112 0.6326092 0.694335 0.3912357 0.6314503 0.3905403 0.6077975 0.4313775 0.6053209 0.4313775 0.6053209 0.4724214 0.6087338 0.4714996 0.6327584 0.2341076 0.6860858 0.2288522 0.6617316 0.2700936 0.640019 0.6326092 0.694335 0.6385437 0.6696112 0.6810765 0.6978587 0.3254301 0.7282341 0.3603898 0.7246263 0.367446 0.8113658 0.4299291 0.7385587 0.427574 0.8043845 0.3966562 0.8054073 0.5012363 0.7297372 0.5378256 0.7351693 0.5206835 0.8288142 0.5675541 0.7795675 0.6092075 0.7758412 0.5810935 0.8673954 0.6919747 0.9086389 0.7344944 0.9469336 0.67461 0.9916583 0.2256647 0.8021851 0.2565243 0.7662268 0.2839628 0.8487755 0.5012363 0.7297372 0.4899172 0.8199755 0.4595518 0.8131605 0.5675541 0.7795675 0.5517975 0.8432336 0.5206835 0.8288142 0.6408762 0.8111473 0.6761646 0.8412063 0.6354636 0.9174901 0.2256647 0.8021851 0.2610134 0.8745351 0.2406319 0.905854 0.6092075 0.7758412 0.6408762 0.8111473 0.6086916 0.8906266 0.296473 0.7698499 0.3254301 0.7282341 0.3392271 0.8195799 0.3947488 0.712363 0.3966562 0.8054073 0.367446 0.8113658 0.296473 0.7698499 0.3098492 0.8295066 0.2839628 0.8487755 0.6919747 0.9086389 0.6584927 0.9514692 0.6354636 0.9174901 0.4299291 0.7385587 0.4663634 0.7149208 0.4595518 0.8131605 0.7331024 0.7127313 0.7805627 0.7613002 0.7686533 0.7860162 0.4303802 0.7118543 0.470566 0.6823503 0.4663634 0.7149208 0.7071021 0.887944 0.6919747 0.9086389 0.6761646 0.8412063 0.2908246 0.7445471 0.296473 0.7698499 0.2565243 0.7662268 0.391336 0.6802114 0.3947488 0.712363 0.3603898 0.7246263 0.2908246 0.7445471 0.322826 0.6956861 0.3254301 0.7282341 0.6207789 0.7451731 0.6571417 0.7678277 0.6408762 0.8111473 0.1714447 0.7978618 0.2084702 0.7574443 0.2256647 0.8021851 0.6891623 0.8085117 0.6761646 0.8412063 0.6408762 0.8111473 0.5736266 0.7531191 0.5675541 0.7795675 0.5378256 0.7351693 0.470566 0.6823503 0.5062478 0.6841308 0.5012363 0.7297372 0.245057 0.7362175 0.2565243 0.7662268 0.2256647 0.8021851 0.7071021 0.887944 0.760228 0.9318243 0.7344944 0.9469336 0.5736266 0.7531191 0.6207789 0.7451731 0.6092075 0.7758412 0.5409368 0.7013325 0.5378256 0.7351693 0.5012363 0.7297372 0.4303802 0.7118543 0.4299291 0.7385587 0.3947488 0.712363 0.322826 0.6956861 0.3564463 0.6803685 0.3603898 0.7246263 0.4306136 0.6901397 0.4706791 0.6539223 0.4703442 0.6663958 0.7194653 0.8693355 0.7145175 0.8772081 0.6973811 0.7947956 0.2864845 0.7235007 0.2881445 0.7316942 0.2419544 0.7198957 0.3917589 0.6522874 0.3918509 0.6645816 0.3548441 0.6624533 0.2864845 0.7235007 0.3173726 0.6688732 0.3195059 0.6808167 0.6271949 0.7159059 0.6678476 0.7381445 0.6637897 0.7497036 0.1607678 0.7702861 0.1984742 0.7274414 0.20226 0.7392472 0.7035346 0.783311 0.6973811 0.7947956 0.6637897 0.7497036 0.5783389 0.7313635 0.5765268 0.7398186 0.544559 0.6859879 0.4706791 0.6539223 0.5094007 0.6542066 0.5082095 0.6657813 0.2390549 0.7073766 0.2419544 0.7198957 0.20226 0.7392472 0.7194653 0.8693355 0.7816451 0.9046202 0.7694007 0.9143799 0.5783389 0.7313635 0.6271949 0.7159059 0.6241032 0.7286196 0.5469161 0.6736426 0.544559 0.6859879 0.5082095 0.6657813 0.4306136 0.6901397 0.4305285 0.6985582 0.3918509 0.6645816 0.3173726 0.6688732 0.3538466 0.6511592 0.3548441 0.6624533 0 0 0 0 0 0 0 0 0 0 0 0 0 0 0 0 0 0 0 0 0 0 0 0 0 0 0 0 0 0 0 0 0 0 0 0 0 0 0 0 0 0 0 0 0 0 0 0 0 0 0 0 0 0 0 0 0 0 0 0 0 0 0 0 0 0 0 0 0 0 0 0 0 0 0 0 0 0 0 0 0 0 0 0 0 0 0 0 0 0 0 0 0 0 0 0 0 0 0 0 0 0 0 0 0 0 0 0 0 0 0 0 0 0 0 0 0 0 0 0 0 0 0 0 0 0 0 0 0 0 0 0 0 0 0 0 0 0 0 0 0 0 0 0 0 0 0 0 0 0 0 0 0 0 0 0 0 0 0 0 0 0 0 0 0 0 0 0 0 0 0 0 0 0 0 0 0 0 0 0 0 0 0 0 0 0 0 0 0 0 0 0 0.6271949 0.7159059 0.6326092 0.694335 0.6702565 0.731216 0.2390549 0.7073766 0.2341076 0.6860858 0.2778136 0.6809347 0.4310658 0.6465619 0.4714996 0.6327584 0.4706791 0.6539223 0.3917589 0.6522874 0.3912357 0.6314503 0.4310658 0.6465619 0.5877419 0.6873382 0.6326092 0.694335 0.6271949 0.7159059 0.1962575 0.7204082 0.2341076 0.6860858 0.2390549 0.7073766 0.5469161 0.6736426 0.5504302 0.6524595 0.5877419 0.6873382 0.1607678 0.7702861 0.1509794 0.7483366 0.1962575 0.7204082 0.3532549 0.6444454 0.3912357 0.6314503 0.3917589 0.6522874 0.7035346 0.783311 0.7132062 0.7624513 0.7450308 0.8294571 0.3173726 0.6688732 0.3142039 0.6484047 0.3532549 0.6444454 0.510102 0.6473329 0.5504302 0.6524595 0.5469161 0.6736426 0.7450308 0.8294571 0.7992654 0.8838703 0.7816451 0.9046202 0.4706791 0.6539223 0.4714996 0.6327584 0.510102 0.6473329 0.6702565 0.731216 0.7132062 0.7624513 0.7035346 0.783311 0.2778136 0.6809347 0.3142039 0.6484047 0.3173726 0.6688732 0 0 0 0 0 0 0 0 0 0 0 0 0 0 0 0 0 0 0 0 0 0 0 0 0 0 0 0 0 0 0 0 0 0 0 0 0 0 0 0 0 0 0 0 0 0 0 0 0 0 0 0 0 0 0 0 0 0 0 0 0 0 0 0 0 0 0 0 0 0 0 0 0 0 0 0 0 0 0 0 0 0 0 0 0 0 0 0 0 0 0 0 0 0 0 0 0 0 0 0 0 0 0 0 0 0 0 0 0 0 0 0 0 0 0 0 0 0 0 0 0 0 0 0 0 0 0 0 0 0 0 0 0 0 0 0 0 0 0 0 0 0 0 0 0 0 0 0 0 0 0 0 0 0 0 0 0 0 0 0 0 0 0 0 0 0 0 0 0 0 0 0 0 0 0 0 0 0 0 0 0 0 0 0 0 0 0 0 0 0 0 0 0 0 0 0 0 0 0 0 0 0 0 0 0 0 0 0 0 0 0 0 0 0 0 0 0 0 0 0 0 0 0 0 0 0 0 0 0 0 0 0 0 0 0 0 0 0 0 0 0 0 0 0 0 0 0 0 0 0 0 0 0 0 0 0 0 0 0 0 0 0 0 0 0 0 0 0 0 0 0 0 0 0 0 0 0 0 0 0 0 0 0 0 0 0 0 0 0 0 0 0 0 0 0 0 0 0 0 0 0 0 0 0 0 0 0 0 0 0 0 0 0 0 0 0 0 0 0 0 0 0 0 0 0 0 0 0 0 0 0 0 0 0 0 0 0 0 0 0 0 0 0 0 0 0 0 0 0 0 0 0 0 0 0 0 0 0 0 0 0 0 0 0 0 0 0 0 0 0 0 0 0 0 0 0 0 0 0 0 0 0 0 0 0 0 0 0 0 0 0 0 0 0 0 0 0 0 0 0 0 0 0 0 0 0 0 0 0 0 0 0 0 0 0 0 0 0 0 0 0 0 0 0 0 0 0 0 0 0 0 0 0 0 0 0 0 0 0 0 0 0 0 0 0 0 0 0 0 0 0 0 0 0 0 0 0 0 0 0 0 0 0 0 0 0 0 0 0 0 0 0 0 0 0 0 0 0 0 0 0 0 0 0 0 0 0 0 0 0 0 0 0 0 0 0 0 0 0 0 0 0 0 0 0 0 0 0 0 0 0 0 0 0 0 0 0 0 0 0 0 0 0 0 0 0 0 0 0 0 0 0 0 0 0 0 0 0 0 0 0 0 0 0 0 0 0 0 0 0 0 0 0 0 0 0 0 0 0 0 0 0 0 0 0 0 0 0 0 0 0 0 0 0 0 0 0 0 0 0 0 0 0 0 0 0 0 0 0 0 0 0 0 0 0 0 0 0 0 0 0 0 0 0 0 0 0 0 0 0 0 0 0 0 0 0 0 0 0 0 0 0 0 0 0 0 0 0 0 0 0 0 0 0 0 0 0 0 0 0 0 0 0 0 0 0 0 0 0 0 0 0 0 0 0 0 0 0 0 0 0 0 0 0 0 0 0 0 0 0 0 0 0 0 0 0 0 0 0 0 0 0 0 0 0 0 0 0 0 0 0 0 0 0 0 0 0 0 0 0 0 0 0 0 0 0 0 0 0 0 0 0 0 0 0 0 0 0 0 0 0 0 0 0 0 0 0 0 0 0 0 0 0 0 0 0 0 0 0 0 0 0 0 0 0 0 0 0 0 0 0 0 0 0 0 0 0 0 0 0 0 0 0 0 0 0 0 0 0 0 0 0 0 0 0 0 0 0 0 0 0 0 0 0 0 0 0 0 0 0 0 0 0 0 0 0 0 0 0 0 0 0 0 0 0 0 0 0 0 0 0 0 0 0 0 0 0 0 0 0 0 0 0 0 0 0 0 0 0 0 0 0 0 0 0 0 0 0 0 0 0 0 0 0 0 0 0 0 0 0 0 0 0 0 0 0 0 0 0 0 0 0 0 0 0 0 0 0 0 0 0 0 0 0 0 0 0 0 0 0 0 0 0 0 0 0 0 0 0 0 0 0 0 0 0 0 0 0 0 0 0 0 0 0 0 0 0 0 0 0 0 0 0 0 0 0 0 0 0 0 0 0 0 0 0 0 0 0 0 0 0 0 0 0 0 0 0 0 0 0 0 0 0 0 0 0 0 0 0 0 0 0 0 0 0 0 0 0 0 0 0 0 0 0 0 0 0 0 0 0 0 0 0 0 0 0 0 0 0 0 0 0 0 0 0 0 0 0 0 0 0 0 0 0 0 0 0 0 0 0 0 0 0 0 0 0 0 0 0 0 0 0 0 0 0 0 0 0 0 0 0 0 0 0 0 0 0 0 0 0 0 0 0 0 0 0 0 0 0 0 0 0 0 0 0 0 0 0 0 0 0 0 0 0 0 0 0 0 0 0 0 0 0 0 0 0 0 0 0 0 0 0 0 0 0 0 0 0 0 0 0 0 0 0 0 0 0 0 0 0 0 0 0 0 0 0 0 0 0 0 0 0 0 0 0 0 0 0 0 0 0 0 0 0 0 0 0 0 0 0 0 0 0 0 0 0 0 0 0 0 0 0 0 0 0 0 0 0 0 0 0 0 0 0 0 0 0 0 0 0 0 0 0 0 0 0 0 0 0 0 0 0 0 0 0 0 0 0 0 0 0 0 0 0 0 0 0 0 0 0 0 0 0 0 0 0 0 0 0 0 0 0 0 0 0 0 0 0 0 0 0 0 0 0 0 0 0 0 0 0 0 0 0 0 0 0 0 0 0 0 0 0 0 0 0 0 0 0 0 0 0 0 0 0 0 0 0 0 0 0 0 0 0 0 0 0 0 0 0 0 0 0 0 0 0 0 0 0 0 0 0 0 0 0 0 0 0 0 0 0 0 0 0 0 0 0 0 0 0 0 0 0 0 0 0 0 0 0 0 0 0 0 0 0 0 0 0 0 0 0 0 0 0 0 0 0 0 0 0 0 0 0 0 0 0 0 0 0 0 0 0 0 0 0 0 0 0 0 0 0 0 0 0 0 0 0 0 0 0 0 0 0 0 0 0 0 0 0 0 0 0 0 0 0 0 0 0 0 0 0 0 0 0 0 0 0 0 0 0 0 0 0 0 0 0 0 0 0 0 0 0 0 0 0 0 0 0 0 0 0 0 0 0 0 0 0 0 0 0 0 0 0 0 0 0 0 0 0 0 0 0 0 0 0 0 0 0 0 0 0 0 0 0 0 0 0 0 0 0 0 0 0 0 0 0 0 0 0 0 0 0 0 0 0 0 0 0 0 0 0 0 0 0 0 0 0 0 0 0 0 0 0 0 0 0 0 0 0 0 0 0 0 0 0 0 0 0 0 0 0 0 0 0 0 0 0 0 0 0 0 0 0 0 0 0 0 0 0 0 0 0 0 0 0 0 0 0 0 0 0 0 0 0 0 0 0 0 0 0 0 0 0 0 0 0 0 0 0 0 0 0 0 0 0 0 0 0 0 0 0 0 0 0 0 0 0 0 0 0 0 0 0 0 0 0 0 0 0 0 0 0 0 0 0 0 0 0 0 0 0 0 0 0 0 0 0 0 0 0 0 0 0 0 0 0 0 0 0 0 0 0 0 0 0 0 0 0 0 0 0 0 0 0 0 0 0 0 0 0 0 0 0 0 0 0 0 0 0 0 0 0 0 0 0 0 0 0 0 0 0 0 0 0 0 0 0 0 0 0 0 0 0 0 0 0 0 0 0 0 0 0 0 0 0 0 0 0 0 0 0 0 0 0 0 0 0 0 0 0 0 0 0 0 0 0 0 0 0 0 0 0 0 0 0 0 0 0 0 0 0 0 0 0 0 0 0 0 0 0 0 0 0 0 0 0 0 0 0 0 0 0 0 0 0 0 0 0 0 0 0 0 0 0 0 0 0 0 0 0 0 0 0 0 0 0 0 0 0 0 0 0 0 0 0 0 0 0 0 0 0 0 0 0 0 0 0 0 0 0 0 0 0 0 0 0 0 0 0 0 0 0 0 0 0 0 0 0 0 0 0 0 0 0 0 0 0 0 0 0 0 0 0 0 0 0 0 0 0 0 0 0 0 0 0 0 0 0 0 0 0 0 0 0 0 0 0 0 0 0 0 0 0 0 0 0 0 0 0 0 0 0 0 0 0 0 0 0 0 0 0 0 0 0 0 0 0 0 0 0 0 0 0 0 0 0 0 0 0 0 0 0 0 0 0 0 0 0 0 0 0 0 0 0 0 0 0 0 0 0 0 0 0 0 0 0 0 0 0 0 0 0 0 0 0 0 0 0 0 0 0 0 0 0 0 0 0 0 0 0 0 0 0 0 0 0 0 0 0 0 0 0 0 0 0 0 0 0 0 0 0 0 0 0 0 0 0 0 0 0 0 0 0 0 0 0 0 0 0 0 0 0 0 0 0 0 0 0 0 0 0 0 0 0 0 0 0 0 0 0 0 0 0 0 0 0 0 0 0 0 0 0 0 0 0 0 0 0 0 0 0 0 0 0 0 0 0 0 0 0 0 0 0 0 0 0 0 0 0 0 0 0 0 0 0 0 0 0 0 0 0 0 0 0 0 0 0 0 0 0 0 0 0 0 0 0 0 0 0 0 0 0 0 0 0 0 0 0 0 0 0 0 0 0 0 0 0 0 0 0 0 0 0 0 0 0 0 0 0 0 0 0 0 0 0 0 0 0 0 0 0 0 0 0 0 0 0 0 0 0 0 0 0 0 0 0 0 0 0 0 0 0 0 0 0 0 0 0 0 0 0 0 0 0 0 0 0 0 0 0 0 0 0 0 0 0 0 0 0 0 0 0 0 0 0 0 0 0 0 0 0 0 0 0 0 0 0 0 0 0 0 0 0 0 0 0 0 0 0 0 0 0 0 0 0 0 0 0 0 0 0 0 0 0 0 0 0 0 0 0 0 0 0 0 0 0 0 0 0 0 0 0 0 0 0 0 0 0 0 0 0 0 0 0 0 0 0 0 0 0 0 0 0 0 0 0 0 0 0 0 0 0 0 0 0 0 0 0 0 0 0 0 0 0 0 0 0 0 0 0 0 0 0 0 0 0 0 0 0 0 0 0 0 0 0 0 0 0 0 0 0 0 0 0 0 0 0 0 0 0 0 0 0 0 0 0 0 0 0 0 0 0 0 0 0 0 0 0 0 0 0 0 0 0 0 0 0 0 0 0 0 0 0 0 0 0 0 0 0 0 0 0 0 0 0 0 0 0 0 0 0 0 0 0 0 0 0 0 0 0 0 0 0 0 0 0 0 0 0 0 0 0 0 0 0 0 0 0 0 0 0 0 0 0 0 0 0 0 0 0 0 0 0 0 0 0 0 0 0 0 0 0 0 0 0 0 0 0 0 0 0 0 0 0 0 0 0 0 0 0 0 0 0 0 0 0 0 0 0 0 0 0 0 0 0 0 0 0 0 0 0 0 0 0 0 0 0 0 0 0 0 0 0 0 0 0 0 0 0 0 0 0 0 0 0 0 0 0 0 0 0 0 0 0 0 0 0 0 0 0 0 0 0 0 0 0 0 0 0 0 0 0 0 0 0 0 0 0 0 0 0 0 0 0 0 0 0 0 0 0 0 0 0 0 0 0 0 0 0 0 0 0 0 0 0 0 0 0 0 0 0 0 0 0 0 0 0 0 0 0 0 0 0 0 0 0 0 0 0 0 0 0 0 0 0 0 0 0 0 0 0 0 0 0 0 0 0 0 0 0 0 0 0 0 0 0 0 0 0 0 0 0 0 0 0 0 0 0 0 0 0 0 0 0 0 0 0 0 0 0 0 0 0 0 0 0 0 0 0 0 0 0 0 0 0 0 0 0 0 0 0 0 0 0 0 0 0 0 0 0 0 0 0 0 0 0 0 0 0 0 0 0 0 0 0 0 0 0 0 0 0 0 0 0 0 0 0 0 0 0 0 0 0 0 0 0 0 0 0 0 0 0 0 0 0 0 0 0 0 0 0 0 0 0 0 0 0 0 0 0 0 0 0 0 0 0 0 0 0 0 0 0 0 0 0 0 0 0 0 0 0 0 0 0 0 0 0 0 0 0 0 0 0 0 0 0 0 0 0 0 0 0 0 0 0 0 0 0 0 0 0 0 0 0 0 0 0 0 0 0 0 0 0 0 0 0 0 0 0 0 0 0 0 0 0 0 0 0 0 0 0 0 0 0 0 0 0 0 0 0 0 0 0 0 0 0 0 0 0 0 0 0 0 0 0 0 0 0 0 0 0 0 0 0 0 0 0 0 0 0 0 0 0 0 0 0 0 0 0 0 0 0 0 0 0 0 0 0 0 0 0 0 0 0 0 0 0 0 0 0 0 0 0 0 0 0 0 0 0 0 0 0 0 0 0 0 0 0 0 0 0 0 0 0 0 0 0 0 0 0 0 0 0 0 0 0 0 0 0 0 0 0 0 0 0 0 0 0 0 0 0 0 0 0 0 0 0 0 0 0 0 0 0 0 0 0 0 0 0 0 0 0 0 0 0 0 0 0 0 0 0 0 0 0 0 0 0 0 0 0 0 0 0 0 0 0 0 0 0 0 0 0 0 0 0 0 0 0 0 0 0 0 0 0 0 0 0 0 0 0 0 0 0 0 0 0 0 0 0 0 0 0 0 0 0 0 0 0 0 0 0 0 0 0 0 0 0 0 0 0.5961967 0.6450363 0.6004981 0.6225225 0.5574083 0.6052213 0 0 0 0 0 0 0 0 0 0 0 0 0 0 0 0 0 0 0 0 0 0 0 0 0 0 0 0 0 0 0 0 0 0 0 0 0 0 0 0 0 0 0 0 0 0 0 0 0 0 0 0 0 0 0 0 0 0 0 0 0 0 0 0 0 0 0 0 0 0 0 0 0 0 0 0 0 0 0 0 0 0 0 0 0 0 0 0 0 0 0 0 0 0 0 0 0 0 0 0 0 0 0 0 0 0 0 0 0 0 0 0 0 0 0 0 0 0 0 0 0 0 0 0 0 0 0 0 0 0 0 0 0 0 0 0 0 0 0 0 0 0 0 0 0 0 0 0 0 0 0 0 0 0 0 0 0 0 0 0 0 0 0 0 0 0 0 0 0 0 0 0 0 0 0 0 0 0 0 0 0 0 0 0 0 0 0 0 0 0 0 0 0 0 0 0 0 0 0 0 0 0 0 0 0 0 0 0 0 0 0 0 0 0 0 0 0 0 0 0 0 0 0 0 0 0 0 0 0 0 0 0 0 0 0 0 0 0 0 0 0 0 0 0 0 0 0 0 0 0 0 0 0 0 0 0 0 0 0 0 0 0 0 0 0 0 0 0 0 0 0 0 0 0 0 0 0 0 0 0 0 0 0 0 0 0 0 0 0 0 0 0 0 0 0 0 0 0 0 0 0 0 0 0 0 0 0 0 0 0 0 0 0 0 0 0 0 0 0 0 0 0 0 0 0 0 0 0 0 0 0 0 0 0 0 0 0 0 0 0 0 0 0 0 0 0 0 0 0 0 0 0 0 0 0 0 0 0 0 0 0 0 0 0 0 0 0 0 0 0 0 0 0 0 0 0 0 0 0 0 0 0 0 0 0 0 0 0 0 0 0 0 0 0 0 0 0 0 0 0 0 0 0 0 0 0 0 0 0 0 0 0 0 0 0 0 0 0 0 0 0 0 0 0 0 0 0 0 0 0 0 0 0 0 0 0 0 0 0 0 0 0 0 0 0 0 0 0 0 0 0 0 0 0 0 0 0 0 0 0 0 0 0 0 0 0 0 0 0 0 0 0 0 0 0 0 0 0 0 0 0 0 0 0 0 0 0 0 0 0 0 0 0 0 0 0 0 0 0 0 0 0 0 0 0 0 0 0 0 0 0 0 0 0 0 0 0 0 0 0 0 0 0 0 0 0 0 0 0 0 0 0 0 0 0 0 0 0 0 0 0 0 0 0 0 0 0 0 0 0 0 0 0 0 0 0 0 0 0 0 0 0 0 0 0 0 0 0 0 0 0 0 0 0 0 0 0 0 0 0 0 0 0 0 0 0 0 0 0 0 0 0 0 0 0 0 0 0 0 0 0 0 0 0 0 0 0 0 0 0 0 0 0 0 0 0 0 0 0 0 0 0 0 0 0 0 0 0 0 0 0 0 0 0 0 0 0 0 0 0 0 0 0 0 0 0 0 0 0 0 0 0 0 0 0 0 0 0 0 0 0 0 0 0 0 0 0 0 0 0 0 0 0 0 0 0 0 0 0 0 0 0 0 0 0 0 0 0 0 0 0 0 0 0 0 0 0 0 0 0 0 0 0 0 0 0 0 0 0 0 0 0 0 0 0 0 0 0 0 0 0 0 0 0 0 0 0 0 0 0 0 0 0 0 0 0 0 0 0 0 0 0 0 0 0 0 0 0 0 0 0 0 0 0 0 0 0 0 0 0 0 0 0 0 0 0 0 0 0 0 0 0 0 0 0 0 0 0 0 0 0 0 0 0 0 0 0 0 0 0 0 0 0 0 0 0 0 0 0 0 0 0 0 0 0 0 0 0 0 0 0 0 0 0 0 0 0 0 0 0 0 0 0 0 0 0 0 0 0 0 0 0 0 0 0 0 0 0 0 0 0 0 0 0 0 0 0 0 0 0 0 0 0 0 0 0 0 0 0 0 0 0 0 0 0 0 0 0 0 0 0 0 0 0 0 0 0 0 0 0 0 0 0 0 0 0 0 0 0 0 0 0 0 0 0 0 0 0 0 0 0 0 0 0 0 0 0 0 0 0 0 0 0 0 0 0 0 0 0 0 0 0 0 0 0 0 0 0 0 0 0 0 0 0 0 0 0 0 0 0 0 0 0 0 0 0 0 0 0 0 0 0 0 0 0 0 0 0 0 0 0 0 0 0 0 0 0 0 0 0 0 0 0 0 0 0 0 0 0 0 0 0 0 0 0 0 0 0 0 0 0 0 0 0 0 0 0 0 0 0 0 0 0 0 0 0 0 0 0 0 0 0 0 0 0 0 0 0 0 0 0 0 0 0 0 0 0 0 0 0 0 0 0 0 0 0 0 0 0 0 0 0 0 0 0 0 0 0 0 0 0 0 0 0 0 0 0 0 0 0 0 0 0 0 0 0 0 0 0 0 0 0 0 0 0 0 0 0 0 0 0 0 0 0 0 0 0 0 0 0 0 0 0 0 0 0 0 0 0 0 0 0 0 0 0 0 0 0 0 0 0 0 0 0 0 0 0 0 0 0 0 0 0 0 0 0 0 0 0 0 0 0 0 0 0 0 0 0 0 0 0 0 0 0 0 0 0 0 0 0 0 0 0 0 0 0 0 0 0 0 0 0 0 0 0 0 0 0 0 0 0 0 0 0 0 0 0 0 0 0 0 0 0 0 0 0 0 0 0 0 0 0 0 0 0 0 0 0 0 0 0 0 0 0 0 0 0 0 0 0 0 0 0 0 0 0 0 0 0 0 0 0 0 0 0 0 0 0 0 0 0 0 0 0 0 0 0 0 0 0 0 0 0 0 0 0 0 0 0 0 0 0 0 0 0 0 0 0 0 0 0 0 0 0 0 0 0 0 0 0 0 0 0 0 0 0 0 0 0 0 0 0 0 0 0 0 0 0 0 0 0 0 0 0 0 0 0 0 0 0 0 0 0 0 0 0 0 0 0 0 0 0 0 0 0 0 0 0 0 0 0 0 0 0 0 0 0 0 0 0 0 0 0 0 0 0 0 0 0 0 0 0 0 0 0 0 0 0 0 0 0 0 0 0 0 0 0 0 0 0 0 0 0 0 0 0 0 0 0 0 0 0 0 0 0 0 0 0 0 0 0 0 0 0 0 0 0 0 0 0 0 0 0 0 0 0 0 0 0 0 0 0 0 0 0 0 0 0 0 0 0 0 0 0 0 0 0 0 0 0 0 0 0 0 0 0 0 0 0 0 0 0 0 0 0 0 0 0 0 0 0 0 0 0 0 0 0 0 0 0 0 0 0 0 0 0 0 0 0 0 0 0 0 0 0 0 0 0 0 0 0 0 0 0 0 0 0 0 0 0 0 0 0 0 0 0 0 0 0 0 0 0 0 0 0 0 0 0 0 0 0 0 0 0 0 0 0 0 0 0 0 0 0 0 0 0 0 0 0 0 0 0 0 0 0 0 0 0 0 0 0 0 0 0 0 0 0 0 0 0 0 0 0 0 0 0 0 0 0 0 0 0 0 0 0 0 0 0 0 0 0 0 0 0 0 0 0 0 0 0 0 0 0 0 0 0 0 0 0 0 0 0 0 0 0 0 0 0 0 0 0.6600534 0.07410907 0.6603492 0.06965637 0.5990043 0.06126582 0.1950349 0.1162938 0.1945098 0.1123598 0.140433 0.1317368 0.5988251 0.06567263 0.5990043 0.06126582 0.5383681 0.05705308 0.1410188 0.1356256 0.140433 0.1317368 0.0868628 0.1531358 0.4786284 0.06133985 0.5383092 0.06140404 0.5383681 0.05705308 0.03349292 0.1813325 0.08751195 0.1569772 0.0868628 0.1531358 0.4198845 0.0653702 0.4786284 0.06133985 0.4785683 0.05705332 0.9087528 0.1426845 0.9094029 0.1381585 0.8469803 0.1167805 0.9087528 0.1426845 0.971536 0.1668317 0.9722361 0.1622369 0.4198845 0.0653702 0.4197103 0.06115442 0.3618698 0.06911969 0.8464056 0.1212926 0.8469803 0.1167805 0.784535 0.09791958 0.3621497 0.07326066 0.3618698 0.06911969 0.3050823 0.08060461 0.7218496 0.08650058 0.7840387 0.1024262 0.784535 0.09791958 0.249784 0.09917151 0.3054569 0.08467024 0.3050823 0.08060461 0.6600534 0.07410907 0.7218496 0.08650058 0.722253 0.0820136 0.1950349 0.1162938 0.249784 0.09917151 0.2493278 0.09517711 0.3658434 0.1296064 0.3656718 0.1267864 0.310221 0.137299 0.7771727 0.1640084 0.7775297 0.1609215 0.7165248 0.1445881 0.2559322 0.153714 0.3104597 0.1400746 0.310221 0.137299 0.6558914 0.1346837 0.7162288 0.1476487 0.7165248 0.1445881 0.2021723 0.1701238 0.2559322 0.153714 0.255634 0.1509793 0.6558914 0.1346837 0.6561151 0.1316552 0.5963932 0.1225681 0.2021723 0.1701238 0.2018224 0.1674249 0.1486738 0.1862528 0.5962485 0.1255603 0.5963932 0.1225681 0.5374311 0.1175541 0.09654688 0.2099857 0.14907 0.188921 0.1486738 0.1862528 0.5373684 0.1205067 0.5374311 0.1175541 0.4792923 0.1166641 0.04543262 0.2324582 0.09654688 0.2099857 0.09610015 0.2072935 0.4221264 0.1226749 0.4793114 0.1195743 0.4792923 0.1166641 0.9000049 0.2038397 0.900432 0.2007728 0.8389569 0.1799644 0.9000049 0.2038397 0.9598617 0.225283 0.9604182 0.222401 0.4221264 0.1226749 0.4220286 0.1198095 0.3656718 0.1267864 0.8385555 0.1830641 0.8389569 0.1799644 0.7775297 0.1609215 0.2631512 0.2202488 0.2634826 0.223344 0.3164489 0.2106269 0.6502401 0.2081739 0.6499612 0.2115836 0.708442 0.225546 0.2106937 0.2359178 0.2110886 0.2389824 0.2634826 0.223344 0.5923527 0.2014399 0.6499612 0.2115836 0.6502401 0.2081739 0.1591593 0.2571615 0.2110886 0.2389824 0.2106937 0.2359178 0.5355784 0.1953388 0.5923527 0.2014399 0.5925402 0.1980795 0.1074732 0.2774683 0.1591593 0.2571615 0.1587102 0.2541176 0.4796174 0.1900655 0.4796189 0.1933305 0.5355784 0.1953388 0.05627089 0.2955857 0.05665326 0.2986839 0.1074732 0.2774683 0.4243679 0.1921195 0.4244607 0.1953378 0.4796189 0.1933305 0.8896612 0.2796958 0.8891909 0.2832638 0.9495284 0.3031851 0.370085 0.2011872 0.4244607 0.1953378 0.4243679 0.1921195 0.7678499 0.2428488 0.8281987 0.262609 0.8286674 0.2590461 0.3164489 0.2106269 0.370085 0.2011872 0.3699056 0.1980136 0.708804 0.2220842 0.708442 0.225546 0.7678499 0.2428488 0.8281987 0.262609 0.8891909 0.2832638 0.8896612 0.2796958 0.5953906 0.1434287 0.6545583 0.1527749 0.6558914 0.1346837 0.1514385 0.2048768 0.2042748 0.1862586 0.2021723 0.1701238 0.5370019 0.1381349 0.5953906 0.1434287 0.5962485 0.1255603 0.09906572 0.2253124 0.1514385 0.2048768 0.14907 0.188921 0.5370019 0.1381349 0.5373684 0.1205067 0.4793114 0.1195743 0.09906572 0.2253124 0.09654688 0.2099857 0.04543262 0.2324582 0.4794336 0.136947 0.4793114 0.1195743 0.4221264 0.1226749 0.8361526 0.2016336 0.8973587 0.2228022 0.9000049 0.2038397 0.9584323 0.2447299 0.9598617 0.225283 0.9000049 0.2038397 0.3668782 0.146444 0.4227197 0.1397815 0.4221264 0.1226749 0.7750408 0.1824721 0.8361526 0.2016336 0.8385555 0.1830641 0.3118963 0.1566516 0.3668782 0.146444 0.3658434 0.1296064 0.7750408 0.1824721 0.7771727 0.1640084 0.7162288 0.1476487 0.3118963 0.1566516 0.3104597 0.1400746 0.2559322 0.153714 0.7144613 0.1659422 0.7162288 0.1476487 0.6558914 0.1346837 0.2577249 0.1700527 0.2559322 0.153714 0.2021723 0.1701238 0.3689497 0.1810504 0.3679273 0.1638489 0.3133674 0.1738007 0.7107274 0.203606 0.7705653 0.2205836 0.7728121 0.2016123 0.2613927 0.2037094 0.3148111 0.1907577 0.3133674 0.1738007 0.7107274 0.203606 0.712604 0.1848712 0.6531486 0.1714726 0.2613927 0.2037094 0.2595721 0.1869703 0.2064508 0.2029803 0.6517202 0.18996 0.6531486 0.1714726 0.5944719 0.161884 0.1563283 0.2378467 0.2086011 0.2195383 0.2064508 0.2029803 0.593534 0.1801212 0.5944719 0.161884 0.5365924 0.1563378 0.1563283 0.2378467 0.1538982 0.2214402 0.1017857 0.2419949 0.4796062 0.1726105 0.5361618 0.1743202 0.5365924 0.1563378 0.05244004 0.2793602 0.1043457 0.2578408 0.1017857 0.2419949 0.4796062 0.1726105 0.4795314 0.154888 0.4233078 0.1574542 0.9533544 0.2823522 0.9547889 0.2623544 0.8947979 0.2415886 0.8311743 0.2400687 0.8921591 0.2611046 0.8947979 0.2415886 0.3689497 0.1810504 0.4238709 0.1749142 0.4233078 0.1574542 0.8311743 0.2400687 0.8336618 0.2209111 0.7728121 0.2016123 0.4232527 0.1559603 0.4227197 0.1397815 0.3668782 0.146444 0.8338658 0.2192757 0.8361526 0.2016336 0.7750408 0.1824721 0.8950139 0.2399331 0.9550005 0.2607472 0.9584323 0.2447299 0.367833 0.1623779 0.3668782 0.146444 0.3118963 0.1566516 0.7127558 0.1832674 0.7729951 0.1999896 0.7750408 0.1824721 0.25941 0.1855409 0.3132373 0.1723514 0.3118963 0.1566516 0.6532626 0.1698894 0.7127558 0.1832674 0.7144613 0.1659422 0.25941 0.1855409 0.2577249 0.1700527 0.2042748 0.1862586 0.5945444 0.1603223 0.6532626 0.1698894 0.6545583 0.1527749 0.1536842 0.2200415 0.2062608 0.2015678 0.2042748 0.1862586 0.5945444 0.1603223 0.5953906 0.1434287 0.5370019 0.1381349 0.1536842 0.2200415 0.1514385 0.2048768 0.09906572 0.2253124 0.4795176 0.153371 0.5366216 0.1547982 0.5370019 0.1381349 0.05062633 0.2623292 0.1015502 0.2405939 0.09906572 0.2253124 0.4232527 0.1559603 0.4795176 0.153371 0.4794336 0.136947 0.2106937 0.2359178 0.2086011 0.2195383 0.1563283 0.2378467 0.5925402 0.1980795 0.593534 0.1801212 0.5361618 0.1743202 0.1587102 0.2541176 0.1563283 0.2378467 0.1043457 0.2578408 0.4796174 0.1900655 0.5356713 0.1920264 0.5361618 0.1743202 0.05627089 0.2955857 0.1069756 0.2743827 0.1043457 0.2578408 0.4243679 0.1921195 0.4796174 0.1900655 0.4796062 0.1726105 0.8896612 0.2796958 0.8921591 0.2611046 0.8311743 0.2400687 0.8896612 0.2796958 0.9498364 0.2996995 0.9533544 0.2823522 0.4243679 0.1921195 0.4238709 0.1749142 0.3689497 0.1810504 0.8286674 0.2590461 0.8311743 0.2400687 0.7705653 0.2205836 0.3699056 0.1980136 0.3689497 0.1810504 0.3148111 0.1907577 0.708804 0.2220842 0.7682794 0.2393328 0.7705653 0.2205836 0.2631512 0.2202488 0.3161896 0.2074951 0.3148111 0.1907577 0.6502401 0.2081739 0.708804 0.2220842 0.7107274 0.203606 0.2106937 0.2359178 0.2631512 0.2202488 0.2613927 0.2037094 0.6502401 0.2081739 0.6517202 0.18996 0.593534 0.1801212 0.8950139 0.2399331 0.8338658 0.2192757 0.8336618 0.2209111 0.8338658 0.2192757 0.7729951 0.1999896 0.7728121 0.2016123 0.7127558 0.1832674 0.712604 0.1848712 0.7728121 0.2016123 0.6532626 0.1698894 0.6531486 0.1714726 0.712604 0.1848712 0.6532626 0.1698894 0.5945444 0.1603223 0.5944719 0.161884 0.5945444 0.1603223 0.5366216 0.1547982 0.5365924 0.1563378 0.4795176 0.153371 0.4795314 0.154888 0.5365924 0.1563378 0.4232527 0.1559603 0.4233078 0.1574542 0.4795314 0.154888 0.4232527 0.1559603 0.367833 0.1623779 0.3679273 0.1638489 0.367833 0.1623779 0.3132373 0.1723514 0.3133674 0.1738007 0.25941 0.1855409 0.2595721 0.1869703 0.3133674 0.1738007 0.2062608 0.2015678 0.2064508 0.2029803 0.2595721 0.1869703 0.2062608 0.2015678 0.1536842 0.2200415 0.1538982 0.2214402 0.1536842 0.2200415 0.1015502 0.2405939 0.1017857 0.2419949 0.05062633 0.2623292 0.05086332 0.2636845 0.1017857 0.2419949 0.8950139 0.2399331 0.8947979 0.2415886 0.9547889 0.2623544 0.8950139 0.2399331 0.8973587 0.2228022 0.8361526 0.2016336 0.6441689 0.645561 0.6004981 0.6225225 0.5961967 0.6450363 0.2288522 0.6617316 0.223913 0.6387335 0.180292 0.6628975 0.4313775 0.6053209 0.4313187 0.5832502 0.3896982 0.5854097 0.3905403 0.6077975 0.3896982 0.5854097 0.3486016 0.5911625 0.1416005 0.721268 0.1865189 0.6864853 0.180292 0.6628975 0.5541513 0.6282641 0.5574083 0.6052213 0.5152748 0.592442 0.8330118 0.8234264 0.7805627 0.7613002 0.7686533 0.7860162 0.3108342 0.625072 0.3505426 0.6128527 0.3486016 0.5911625 0.7235544 0.7375826 0.7331024 0.7127313 0.6881706 0.674867 0.3077509 0.6024451 0.2662308 0.6182909 0.2700936 0.640019 0.5152748 0.592442 0.4733099 0.5862847 0.4724214 0.6087338 0.4313775 0.6053209 0.4724214 0.6087338 0.4733099 0.5862847 0.6385437 0.6696112 0.6810765 0.6978587 0.6881706 0.674867 0.2700936 0.640019 0.2662308 0.6182909 0.223913 0.6387335 0.8178569 0.6581408 0.8101745 0.6826788 0.8689365 0.7339134 0.4314015 0.5699169 0.4313187 0.5832502 0.4733099 0.5862847 0.7877395 0.744865 0.7805627 0.7613002 0.8330118 0.8234264 0.4314015 0.5699169 0.3892554 0.5720663 0.3896982 0.5854097 0.6924145 0.6605578 0.6881706 0.674867 0.7331024 0.7127313 0.3475599 0.5780555 0.3486016 0.5911625 0.3896982 0.5854097 0.6924145 0.6605578 0.6474751 0.6314585 0.6441689 0.645561 0.3475599 0.5780555 0.3060632 0.5892424 0.3077509 0.6024451 0.6030832 0.6086261 0.6004981 0.6225225 0.6441689 0.645561 0.2639988 0.6049205 0.2662308 0.6182909 0.3077509 0.6024451 0.5593648 0.5914707 0.5574083 0.6052213 0.6004981 0.6225225 0.2639988 0.6049205 0.2211792 0.6249811 0.223913 0.6387335 0.5164956 0.5790278 0.5152748 0.592442 0.5574083 0.6052213 0.176993 0.648932 0.180292 0.6628975 0.223913 0.6387335 0.5164956 0.5790278 0.4739226 0.5727072 0.4733099 0.5862847 0.176993 0.648932 0.1311765 0.6790406 0.1336646 0.6940597 0.7066442 0.6049845 0.6585247 0.5772535 0.6559644 0.5899496 0.2553041 0.5547356 0.2106858 0.5738434 0.2129483 0.5857945 0.474973 0.533372 0.4753459 0.5214488 0.4308605 0.5194266 0.4308605 0.5194266 0.3867547 0.5218291 0.3872939 0.5335361 0.6559644 0.5899496 0.6585247 0.5772535 0.611546 0.5555055 0.2106858 0.5738434 0.1650884 0.596341 0.1676607 0.608491 0.611546 0.5555055 0.5654692 0.5391529 0.564056 0.5513579 0.1650884 0.596341 0.1176506 0.6223986 0.1213241 0.6335511 0.3872939 0.5335361 0.3867547 0.5218291 0.3429696 0.528435 0.8049705 0.6981803 0.8101745 0.6826788 0.7566323 0.6397925 0.343971 0.5400542 0.3429696 0.528435 0.2992915 0.539494 0.5654692 0.5391529 0.5201527 0.5277688 0.5192751 0.5397756 0.8615542 0.7494174 0.8689365 0.7339134 0.8101745 0.6826788 0.5201527 0.5277688 0.4753459 0.5214488 0.474973 0.533372 0.7566323 0.6397925 0.7066442 0.6049845 0.7033823 0.6180636 0.3007602 0.5511301 0.2992915 0.539494 0.2553041 0.5547356 0.6757819 0.4794195 0.6799317 0.452348 0.627921 0.4336895 0.662609 0.55601 0.6585247 0.5772535 0.7066442 0.6049845 0.3858077 0.5022997 0.3412682 0.5090506 0.3429696 0.528435 0.7631226 0.6167695 0.711833 0.5830652 0.7066442 0.6049845 0.4306564 0.4997468 0.3858077 0.5022997 0.3867547 0.5218291 0.8178569 0.6581408 0.7631226 0.6167695 0.7566323 0.6397925 0.4306564 0.4997468 0.4308605 0.5194266 0.4753459 0.5214488 0.1130604 0.6008648 0.1176506 0.6223986 0.1650884 0.596341 0.4758961 0.5015484 0.4753459 0.5214488 0.5201527 0.5277688 0.2069695 0.5539795 0.1608678 0.5759959 0.1650884 0.596341 0.5677083 0.5187599 0.5215227 0.5077074 0.5201527 0.5277688 0.2521667 0.5351954 0.2069695 0.5539795 0.2106858 0.5738434 0.6146734 0.5347441 0.5677083 0.5187599 0.5654692 0.5391529 0.2521667 0.5351954 0.2553041 0.5547356 0.2992915 0.539494 0.6146734 0.5347441 0.611546 0.5555055 0.6585247 0.5772535 0.728361 0.5037713 0.6757819 0.4794195 0.6734384 0.4937425 0.1115353 0.5877505 0.1130604 0.6008648 0.1608678 0.5759959 0.4763872 0.4885845 0.4758961 0.5015484 0.5215227 0.5077074 0.2047677 0.5410136 0.158357 0.5628507 0.1608678 0.5759959 0.5692735 0.5054769 0.5225355 0.494623 0.5215227 0.5077074 0.250325 0.5224235 0.2047677 0.5410136 0.2069695 0.5539795 0.6168094 0.5212209 0.5692735 0.5054769 0.5677083 0.5187599 0.250325 0.5224235 0.2521667 0.5351954 0.2968369 0.5200977 0.6168094 0.5212209 0.6146734 0.5347441 0.662609 0.55601 0.2954197 0.5074159 0.2968369 0.5200977 0.3412682 0.5090506 0.6653577 0.5421679 0.662609 0.55601 0.711833 0.5830652 0.3853335 0.4895534 0.3403176 0.4963774 0.3412682 0.5090506 0.7673609 0.6017086 0.7152714 0.5687603 0.711833 0.5830652 0.4306602 0.4869068 0.3853335 0.4895534 0.3858077 0.5022997 0.8230975 0.6412496 0.8178569 0.6581408 0.8778758 0.7063533 0.4306602 0.4869068 0.4306564 0.4997468 0.4758961 0.5015484 0.7525227 0.6535443 0.7033823 0.6180636 0.7022603 0.6223334 0.6559644 0.5899496 0.6550805 0.5941008 0.7022603 0.6223334 0.6559644 0.5899496 0.6095839 0.5679255 0.6089022 0.5719935 0.564056 0.5513579 0.5635579 0.5553569 0.6089022 0.5719935 0.5192751 0.5397756 0.5189571 0.5437177 0.5635579 0.5553569 0.474973 0.533372 0.4748213 0.537284 0.5189571 0.5437177 0.474973 0.533372 0.4309437 0.5312232 0.4309447 0.5351028 0.3872939 0.5335361 0.3874469 0.5373858 0.4309447 0.5351028 0.3872939 0.5335361 0.343971 0.5400542 0.3442789 0.54388 0.343971 0.5400542 0.3007602 0.5511301 0.3012238 0.5549641 0.3007602 0.5511301 0.257197 0.5664775 0.2578042 0.5703534 0.2129483 0.5857945 0.2136821 0.5897452 0.2578042 0.5703534 0.1676607 0.608491 0.1684685 0.6124324 0.2136821 0.5897452 0.1213241 0.6335511 0.1216509 0.6376213 0.1684685 0.6124324 0.8615542 0.7494174 0.8049705 0.6981803 0.8031786 0.7032137 0.7525227 0.6535443 0.7511081 0.6580253 0.8031786 0.7032137 0.7877395 0.744865 0.7385894 0.6978752 0.7331024 0.7127313 0.241514 0.4657721 0.1944076 0.4839226 0.1966016 0.4969288 0.477141 0.4436218 0.4774203 0.4303426 0.4295977 0.4293377 0.4295977 0.4293377 0.382232 0.4325219 0.3828721 0.4455327 0.6757819 0.4794195 0.6247428 0.4600673 0.6229426 0.47402 0.1966016 0.4969288 0.1944076 0.4839226 0.146987 0.5048647 0.6247428 0.4600673 0.5748293 0.4455353 0.573553 0.4592083 0.146987 0.5048647 0.09872978 0.528393 0.1022515 0.5401002 0.3828721 0.4455327 0.382232 0.4325219 0.3352131 0.4397596 0.8376162 0.5855178 0.8418238 0.5679422 0.7832104 0.5333312 0.3352131 0.4397596 0.2883785 0.4509248 0.2898762 0.463819 0.573553 0.4592083 0.5748293 0.4455353 0.5257837 0.435669 0.8992769 0.624466 0.9054231 0.6067721 0.8418238 0.5679422 0.5257837 0.435669 0.4774203 0.4303426 0.477141 0.4436218 0.7796894 0.5489938 0.7832104 0.5333312 0.728361 0.5037713 0.2898762 0.463819 0.2883785 0.4509248 0.241514 0.4657721 0.7254473 0.5186175 0.7244676 0.5233197 0.7785023 0.5539515 0.7254473 0.5186175 0.6734384 0.4937425 0.672648 0.4982814 0.6734384 0.4937425 0.6229426 0.47402 0.6223303 0.4784441 0.573553 0.4592083 0.5731109 0.4635463 0.6223303 0.4784441 0.5250151 0.4491204 0.5247376 0.4533913 0.5731109 0.4635463 0.5250151 0.4491204 0.477141 0.4436218 0.477021 0.4478402 0.477141 0.4436218 0.4297854 0.4424688 0.4298162 0.4466439 0.3828721 0.4455327 0.383049 0.4496726 0.4298162 0.4466439 0.3362918 0.4526847 0.3366107 0.456801 0.383049 0.4496726 0.3362918 0.4526847 0.2898762 0.463819 0.2903306 0.4679296 0.2898762 0.463819 0.2433929 0.4786961 0.2439712 0.4828215 0.1966016 0.4969288 0.1972841 0.5010856 0.2439712 0.4828215 0.1494349 0.5178749 0.1501643 0.5219463 0.1972841 0.5010856 0.1494349 0.5178749 0.1022515 0.5401002 0.1024821 0.5441905 0.8992769 0.624466 0.8376162 0.5855178 0.8361969 0.5910642 0.7796894 0.5489938 0.7785023 0.5539515 0.8361969 0.5910642 0.8230975 0.6412496 0.7673609 0.6017086 0.7631226 0.6167695 0.3352131 0.4397596 0.382232 0.4325219 0.3809316 0.4079623 0.382232 0.4325219 0.4295977 0.4293377 0.4291316 0.4045384 0.9054231 0.6067721 0.9129751 0.5723816 0.8487308 0.5366902 0.728361 0.5037713 0.7832104 0.5333312 0.7893823 0.5038553 0.146987 0.5048647 0.1423667 0.4801921 0.09364938 0.5031465 0.5257837 0.435669 0.527081 0.4102416 0.4778171 0.4052511 0.146987 0.5048647 0.1944076 0.4839226 0.1902815 0.4594776 0.5748293 0.4455353 0.6247428 0.4600673 0.627921 0.4336895 0.7895345 0.7405417 0.7400751 0.6936798 0.7385894 0.6978752 0.2883785 0.4509248 0.2855055 0.4266259 0.2379466 0.4414563 0.5257837 0.435669 0.5748293 0.4455353 0.5770563 0.419685 0.1944076 0.4839226 0.241514 0.4657721 0.2379466 0.4414563 0.3352131 0.4397596 0.3331065 0.4153773 0.2855055 0.4266259 0.7448518 0.4062873 0.7474341 0.3893509 0.6913165 0.3687787 0.09228527 0.4900037 0.09364938 0.5031465 0.1423667 0.4801921 0.728361 0.5037713 0.7335054 0.475729 0.6799317 0.452348 0.2968369 0.5200977 0.2992915 0.539494 0.3429696 0.528435 0.4781876 0.3912932 0.4778171 0.4052511 0.527081 0.4102416 0.1881933 0.4458803 0.1400182 0.4666505 0.1423667 0.4801921 0.578424 0.4053229 0.5279424 0.3961034 0.527081 0.4102416 0.2361676 0.4279087 0.1881933 0.4458803 0.1902815 0.4594776 0.6298053 0.4190455 0.578424 0.4053229 0.5770563 0.419685 0.2361676 0.4279087 0.2379466 0.4414563 0.2855055 0.4266259 0.6298053 0.4190455 0.627921 0.4336895 0.6799317 0.452348 0.2840999 0.4130806 0.2855055 0.4266259 0.3331065 0.4153773 0.6823393 0.4373306 0.6799317 0.452348 0.7335054 0.475729 0.380375 0.3942816 0.3321132 0.4017872 0.3331065 0.4153773 0.7928442 0.4875152 0.7364378 0.4601836 0.7335054 0.475729 0.42903 0.390733 0.380375 0.3942816 0.3809316 0.4079623 0.8527618 0.5184937 0.8487308 0.5366902 0.9129751 0.5723816 0.42903 0.390733 0.4291316 0.4045384 0.4778171 0.4052511 0.2273182 0.366977 0.1778918 0.3851151 0.1802332 0.3996787 0.4784401 0.3430218 0.4785802 0.3277789 0.4273802 0.3280286 0.4273802 0.3280286 0.3767631 0.3322671 0.3775594 0.3471513 0.6891881 0.3851942 0.6913165 0.3687787 0.6366455 0.3521843 0.1778918 0.3851151 0.1287556 0.4061824 0.1313636 0.4205295 0.6366455 0.3521843 0.5830923 0.3397887 0.5819546 0.3555082 0.1313636 0.4205295 0.1287556 0.4061824 0.07938969 0.4293264 0.3767631 0.3322671 0.3266314 0.3403164 0.3278625 0.3550678 0.8668416 0.4401006 0.8055647 0.4134759 0.8025724 0.4311871 0.3278625 0.3550678 0.3266314 0.3403164 0.2768633 0.3519662 0.5830923 0.3397887 0.5304498 0.3316634 0.5298154 0.3471263 0.9274202 0.4875968 0.9324238 0.4677913 0.8668416 0.4401006 0.5298154 0.3471263 0.5304498 0.3316634 0.4785802 0.3277789 0.8055647 0.4134759 0.7474341 0.3893509 0.7448518 0.4062873 0.2785015 0.3666254 0.2768633 0.3519662 0.2273182 0.366977 0.7448518 0.4062873 0.7440319 0.411314 0.8016189 0.4364451 0.7448518 0.4062873 0.6891881 0.3851942 0.6885098 0.3900652 0.6891881 0.3851942 0.6350052 0.3682116 0.6344763 0.3729675 0.5819546 0.3555082 0.581578 0.3601738 0.6344763 0.3729675 0.5298154 0.3471263 0.529591 0.351718 0.581578 0.3601738 0.5298154 0.3471263 0.4784401 0.3430218 0.4783647 0.3475503 0.4784401 0.3430218 0.4277182 0.3430784 0.427787 0.3475526 0.3775594 0.3471513 0.3777666 0.3515794 0.427787 0.3475526 0.3278625 0.3550678 0.3282013 0.3594599 0.3777666 0.3515794 0.3278625 0.3550678 0.2785015 0.3666254 0.2789637 0.3709935 0.2785015 0.3666254 0.2293316 0.3815838 0.229908 0.38594 0.1802332 0.3996787 0.1809108 0.404024 0.229908 0.38594 0.1313636 0.4205295 0.1320819 0.4247244 0.1809108 0.404024 0.1313636 0.4205295 0.08310741 0.4421982 0.08331382 0.4463717 0.9274202 0.4875968 0.8635142 0.4596852 0.8624463 0.4654887 0.8025724 0.4311871 0.8016189 0.4364451 0.8624463 0.4654887 0.8527618 0.5184937 0.7928442 0.4875152 0.7893823 0.5038553 0.7832104 0.5333312 0.8418238 0.5679422 0.8487308 0.5366902 0.6935914 0.6565243 0.6483991 0.627493 0.6474751 0.6314585 0.5168403 0.5752309 0.5164956 0.5790278 0.5593648 0.5914707 0.6037992 0.6047155 0.559898 0.5876213 0.5593648 0.5914707 0.4314255 0.5661509 0.4314015 0.5699169 0.4739226 0.5727072 0.3472709 0.574348 0.3475599 0.5780555 0.3892554 0.5720663 0.2633817 0.6011365 0.2639988 0.6049205 0.3060632 0.5892424 0.7895345 0.7405417 0.7877395 0.744865 0.8398347 0.8032276 0.176014 0.6447228 0.1294729 0.6749513 0.1311765 0.6790406 0.6935914 0.6565243 0.6924145 0.6605578 0.7385894 0.6978752 0.6037992 0.6047155 0.6030832 0.6086261 0.6474751 0.6314585 0.5168403 0.5752309 0.4740934 0.5689139 0.4739226 0.5727072 0.4314255 0.5661509 0.3891245 0.5683293 0.3892554 0.5720663 0.3472709 0.574348 0.305601 0.5855146 0.3060632 0.5892424 0.176014 0.6447228 0.176993 0.648932 0.2211792 0.6249811 0.2633817 0.6011365 0.2204183 0.6211004 0.2211792 0.6249811 0.7511081 0.6580253 0.7400751 0.6936798 0.7895345 0.7405417 0.4774203 0.4303426 0.4778171 0.4052511 0.4291316 0.4045384 0.8602678 0.7555341 0.8031786 0.7032137 0.7895345 0.7405417 0.1684685 0.6124324 0.1216509 0.6376213 0.1294729 0.6749513 0.1684685 0.6124324 0.176014 0.6447228 0.2204183 0.6211004 0.2136821 0.5897452 0.2204183 0.6211004 0.2633817 0.6011365 0.3012238 0.5549641 0.2578042 0.5703534 0.2633817 0.6011365 0.3442789 0.54388 0.3012238 0.5549641 0.305601 0.5855146 0.3442789 0.54388 0.3472709 0.574348 0.3891245 0.5683293 0.3874469 0.5373858 0.3891245 0.5683293 0.4314255 0.5661509 0.4748213 0.537284 0.4309447 0.5351028 0.4314255 0.5661509 0.5189571 0.5437177 0.4748213 0.537284 0.4740934 0.5689139 0.5189571 0.5437177 0.5168403 0.5752309 0.559898 0.5876213 0.5635579 0.5553569 0.559898 0.5876213 0.6037992 0.6047155 0.6550805 0.5941008 0.6089022 0.5719935 0.6037992 0.6047155 0.7022603 0.6223334 0.6550805 0.5941008 0.6483991 0.627493 0.7022603 0.6223334 0.6935914 0.6565243 0.7400751 0.6936798 0.7686371 0.5969653 0.7673609 0.6017086 0.8230975 0.6412496 0.8839463 0.6824497 0.8245527 0.6363465 0.8230975 0.6412496 0.1575102 0.5584821 0.1100152 0.583537 0.1115353 0.5877505 0.2040719 0.5369228 0.1575102 0.5584821 0.158357 0.5628507 0.2040719 0.5369228 0.2047677 0.5410136 0.250325 0.5224235 0.2949744 0.5034131 0.2497468 0.5183919 0.250325 0.5224235 0.2949744 0.5034131 0.2954197 0.5074159 0.3403176 0.4963774 0.3400167 0.4923793 0.3403176 0.4963774 0.3853335 0.4895534 0.3851801 0.4855377 0.3853335 0.4895534 0.4306602 0.4869068 0.4765355 0.4845039 0.4306561 0.4828618 0.4306602 0.4869068 0.5228455 0.4905012 0.4765355 0.4845039 0.4763872 0.4885845 0.5228455 0.4905012 0.5225355 0.494623 0.5692735 0.5054769 0.5697535 0.5012964 0.5692735 0.5054769 0.6168094 0.5212209 0.666203 0.5378108 0.6174657 0.5169642 0.6168094 0.5212209 0.666203 0.5378108 0.6653577 0.5421679 0.7152714 0.5687603 0.7163238 0.5642564 0.7152714 0.5687603 0.7673609 0.6017086 0.8361969 0.5910642 0.7785023 0.5539515 0.7686371 0.5969653 0.8361969 0.5910642 0.8245527 0.6363465 0.8839463 0.6824497 0.1024821 0.5441905 0.1100152 0.583537 0.1575102 0.5584821 0.1972841 0.5010856 0.1501643 0.5219463 0.1575102 0.5584821 0.2439712 0.4828215 0.1972841 0.5010856 0.2040719 0.5369228 0.2439712 0.4828215 0.2497468 0.5183919 0.2949744 0.5034131 0.2903306 0.4679296 0.2949744 0.5034131 0.3400167 0.4923793 0.383049 0.4496726 0.3366107 0.456801 0.3400167 0.4923793 0.4298162 0.4466439 0.383049 0.4496726 0.3851801 0.4855377 0.4298162 0.4466439 0.4306561 0.4828618 0.4765355 0.4845039 0.477021 0.4478402 0.4765355 0.4845039 0.5228455 0.4905012 0.5731109 0.4635463 0.5247376 0.4533913 0.5228455 0.4905012 0.6223303 0.4784441 0.5731109 0.4635463 0.5697535 0.5012964 0.6223303 0.4784441 0.6174657 0.5169642 0.666203 0.5378108 0.672648 0.4982814 0.666203 0.5378108 0.7163238 0.5642564 0.7785023 0.5539515 0.7244676 0.5233197 0.7163238 0.5642564 0.8624463 0.4654887 0.8016189 0.4364451 0.7938742 0.4823877 0.8624463 0.4654887 0.8538713 0.5132405 0.9170194 0.5473714 0.08331382 0.4463717 0.09080851 0.485697 0.1392187 0.4621588 0.1809108 0.404024 0.1320819 0.4247244 0.1392187 0.4621588 0.229908 0.38594 0.1809108 0.404024 0.1875272 0.4416048 0.229908 0.38594 0.2356037 0.423645 0.2836537 0.4088155 0.2789637 0.3709935 0.2836537 0.4088155 0.3317958 0.3975084 0.3777666 0.3515794 0.3282013 0.3594599 0.3317958 0.3975084 0.427787 0.3475526 0.3777666 0.3515794 0.3801938 0.3899756 0.427787 0.3475526 0.4289906 0.386389 0.4782952 0.3869023 0.4783647 0.3475503 0.4782952 0.3869023 0.5282021 0.3916561 0.581578 0.3601738 0.529591 0.351718 0.5282021 0.3916561 0.6344763 0.3729675 0.581578 0.3601738 0.5788399 0.4008064 0.6344763 0.3729675 0.6303796 0.4144417 0.6830723 0.4326117 0.6885098 0.3900652 0.6830723 0.4326117 0.7373268 0.4553009 0.8016189 0.4364451 0.7440319 0.411314 0.7373268 0.4553009 0.7373268 0.4553009 0.7364378 0.4601836 0.7928442 0.4875152 0.6830723 0.4326117 0.6823393 0.4373306 0.7364378 0.4601836 0.6830723 0.4326117 0.6303796 0.4144417 0.6298053 0.4190455 0.5788399 0.4008064 0.578424 0.4053229 0.6298053 0.4190455 0.5282021 0.3916561 0.5279424 0.3961034 0.578424 0.4053229 0.5282021 0.3916561 0.4782952 0.3869023 0.4781876 0.3912932 0.4782952 0.3869023 0.4289906 0.386389 0.42903 0.390733 0.3801938 0.3899756 0.380375 0.3942816 0.42903 0.390733 0.3317958 0.3975084 0.3321132 0.4017872 0.380375 0.3942816 0.2836537 0.4088155 0.2840999 0.4130806 0.3321132 0.4017872 0.2836537 0.4088155 0.2356037 0.423645 0.2361676 0.4279087 0.1875272 0.4416048 0.1881933 0.4458803 0.2361676 0.4279087 0.1875272 0.4416048 0.1392187 0.4621588 0.1400182 0.4666505 0.1392187 0.4621588 0.09080851 0.485697 0.09228527 0.4900037 0.9170194 0.5473714 0.8538713 0.5132405 0.8527618 0.5184937 0.7938742 0.4823877 0.7928442 0.4875152 0.8527618 0.5184937 0.6922178 0.3620433 0.6373509 0.3456005 0.6366455 0.3521843 0.27623 0.3459172 0.22653 0.3609488 0.2273182 0.366977 0.6366455 0.3521843 0.6373509 0.3456005 0.5835941 0.3333251 0.2273182 0.366977 0.22653 0.3609488 0.1769614 0.3791088 0.5830923 0.3397887 0.5835941 0.3333251 0.5307468 0.3253001 0.1778918 0.3851151 0.1769614 0.3791088 0.1276991 0.4001713 0.5307468 0.3253001 0.4786756 0.3215021 0.4785802 0.3277789 0.1276991 0.4001713 0.07822185 0.4232 0.07938969 0.4293264 0.4786756 0.3215021 0.4272798 0.3218271 0.4273802 0.3280286 0.8668416 0.4401006 0.8681205 0.4325715 0.806792 0.406237 0.9337031 0.4599231 0.8681205 0.4325715 0.8668416 0.4401006 0.4273802 0.3280286 0.4272798 0.3218271 0.3764748 0.3261305 0.8055647 0.4134759 0.806792 0.406237 0.7485147 0.3824116 0.3767631 0.3322671 0.3764748 0.3261305 0.3261649 0.3342314 0.7485147 0.3824116 0.6922178 0.3620433 0.6913165 0.3687787 0.3261649 0.3342314 0.27623 0.3459172 0.2768633 0.3519662 0.1171268 0.3380842 0.06537717 0.3604472 0.07822185 0.4232 0.4793516 0.2572908 0.4260237 0.2584312 0.4272798 0.3218271 0.8797466 0.3556419 0.8182595 0.3332834 0.806792 0.406237 0.9337031 0.4599231 0.9440053 0.3769357 0.8797466 0.3556419 0.4260237 0.2584312 0.3733795 0.2634636 0.3764748 0.3261305 0.8182595 0.3332834 0.758778 0.3120085 0.7485147 0.3824116 0.3733795 0.2634636 0.321348 0.2721744 0.3261649 0.3342314 0.758778 0.3120085 0.7008075 0.2934295 0.6922178 0.3620433 0.321348 0.2721744 0.2698353 0.2843045 0.27623 0.3459172 0.7008075 0.2934295 0.6440436 0.2783679 0.6373509 0.3456005 0.2698353 0.2843045 0.2187266 0.2995595 0.22653 0.3609488 0.6440436 0.2783679 0.58829 0.2672321 0.5835941 0.3333251 0.22653 0.3609488 0.2187266 0.2995595 0.1678848 0.317619 0.58829 0.2672321 0.5334202 0.2601978 0.5307468 0.3253001 0.1678848 0.317619 0.1171268 0.3380842 0.1276991 0.4001713 0.5334202 0.2601978 0.4793516 0.2572908 0.4786756 0.3215021 0.6440436 0.2783679 0.6444184 0.2743036 0.58855 0.2632353 0.2182511 0.2958765 0.1673353 0.3139489 0.1678848 0.317619 0.58829 0.2672321 0.58855 0.2632353 0.5335625 0.2562613 0.1678848 0.317619 0.1673353 0.3139489 0.1165226 0.3344216 0.5335625 0.2562613 0.4793767 0.2534098 0.4793516 0.2572908 0.1165226 0.3344216 0.06473541 0.3567455 0.06537717 0.3604472 0.4793767 0.2534098 0.4259353 0.2546016 0.4260237 0.2584312 0.8797466 0.3556419 0.8803699 0.3511074 0.818884 0.3289202 0.9446116 0.3722389 0.8803699 0.3511074 0.8797466 0.3556419 0.4259353 0.2546016 0.3731827 0.259681 0.3733795 0.2634636 0.8182595 0.3332834 0.818884 0.3289202 0.7593484 0.3077695 0.3733795 0.2634636 0.3731827 0.259681 0.32105 0.2684333 0.7593484 0.3077695 0.7012888 0.2892866 0.7008075 0.2934295 0.32105 0.2684333 0.2694441 0.2805972 0.2698353 0.2843045 0.7012888 0.2892866 0.6444184 0.2743036 0.6440436 0.2783679 0.2698353 0.2843045 0.2694441 0.2805972 0.2182511 0.2958765 0.2634826 0.223344 0.2694441 0.2805972 0.32105 0.2684333 0.6499612 0.2115836 0.6444184 0.2743036 0.7012888 0.2892866 0.2110886 0.2389824 0.2182511 0.2958765 0.2694441 0.2805972 0.58855 0.2632353 0.6444184 0.2743036 0.6499612 0.2115836 0.1673353 0.3139489 0.2182511 0.2958765 0.2110886 0.2389824 0.5335625 0.2562613 0.58855 0.2632353 0.5923527 0.2014399 0.1165226 0.3344216 0.1673353 0.3139489 0.1591593 0.2571615 0.4796189 0.1933305 0.4793767 0.2534098 0.5335625 0.2562613 0.05665326 0.2986839 0.06473541 0.3567455 0.1165226 0.3344216 0.4244607 0.1953378 0.4259353 0.2546016 0.4793767 0.2534098 0.8891909 0.2832638 0.8803699 0.3511074 0.9446116 0.3722389 0.3731827 0.259681 0.4259353 0.2546016 0.4244607 0.1953378 0.7593484 0.3077695 0.818884 0.3289202 0.8281987 0.262609 0.3656718 0.1267864 0.3621497 0.07326066 0.3054569 0.08467024 0.32105 0.2684333 0.3731827 0.259681 0.370085 0.2011872 0.708442 0.225546 0.7012888 0.2892866 0.7593484 0.3077695 0.7165248 0.1445881 0.7775297 0.1609215 0.7840387 0.1024262 0.255634 0.1509793 0.310221 0.137299 0.3054569 0.08467024 0.7165248 0.1445881 0.7218496 0.08650058 0.6600534 0.07410907 0.255634 0.1509793 0.249784 0.09917151 0.1950349 0.1162938 0.5963932 0.1225681 0.6561151 0.1316552 0.6600534 0.07410907 0.1486738 0.1862528 0.2018224 0.1674249 0.1950349 0.1162938 0.5963932 0.1225681 0.5988251 0.06567263 0.5383092 0.06140404 0.1486738 0.1862528 0.1410188 0.1356256 0.08751195 0.1569772 0.4792923 0.1166641 0.5374311 0.1175541 0.5383092 0.06140404 0.04484421 0.2298696 0.09610015 0.2072935 0.08751195 0.1569772 0.4792923 0.1166641 0.4786284 0.06133985 0.4198845 0.0653702 0.8389569 0.1799644 0.900432 0.2007728 0.9087528 0.1426845 0.9604182 0.222401 0.971536 0.1668317 0.9087528 0.1426845 0.3656718 0.1267864 0.4220286 0.1198095 0.4198845 0.0653702 0.8389569 0.1799644 0.8464056 0.1212926 0.7840387 0.1024262 0.818884 0.3289202 0.8803699 0.3511074 0.8891909 0.2832638 0 0 0 0 0 0 0 0 0 0 0 0 0 0 0 0 0 0 0 0 0 0 0 0 0 0 0 0 0 0 0 0 0 0 0 0 0 0 0 0 0 0 0 0 0 0 0 0 0 0 0 0 0 0 0 0 0 0 0 0 0 0 0 0 0 0 0 0 0 0 0 0 0 0 0 0 0 0 0 0 0 0 0 0 0.470566 0.6823503 0.4703442 0.6663958 0.4305285 0.6985582 0 0 0 0 0 0 0.6891623 0.8085117 0.7071021 0.887944 0.7145175 0.8772081 0 0 0 0 0 0 0.245057 0.7362175 0.2908246 0.7445471 0.2881445 0.7316942 0 0 0 0 0 0 0 0 0 0 0 0 0.391336 0.6802114 0.3918509 0.6645816 0.3548441 0.6624533 0.322826 0.6956861 0.3195059 0.6808167 0.2881445 0.7316942 0.6207789 0.7451731 0.6571417 0.7678277 0.6637897 0.7497036 0.1714447 0.7978618 0.2084702 0.7574443 0.20226 0.7392472 0.6891623 0.8085117 0.6973811 0.7947956 0.6637897 0.7497036 0.5409368 0.7013325 0.5736266 0.7531191 0.5765268 0.7398186 0.470566 0.6823503 0.5062478 0.6841308 0.5082095 0.6657813 0.245057 0.7362175 0.2419544 0.7198957 0.20226 0.7392472 0.760228 0.9318243 0.7694007 0.9143799 0.7145175 0.8772081 0.6207789 0.7451731 0.6241032 0.7286196 0.5765268 0.7398186 0.5409368 0.7013325 0.544559 0.6859879 0.5082095 0.6657813 0.391336 0.6802114 0.4303802 0.7118543 0.4305285 0.6985582 0.322826 0.6956861 0.3564463 0.6803685 0.3548441 0.6624533 0 0 0 0 0 0 0 0 0 0 0 0 0 0 0 0 0 0 0 0 0 0 0 0 0 0 0 0 0 0 0 0 0 0 0 0 0 0 0 0 0 0 0 0 0 0 0 0 0 0 0 0 0 0 0 0 0 0 0 0 0 0 0 0 0 0 0 0 0 0 0 0 0 0 0 0 0 0 0 0 0 0 0 0 0 0 0 0 0 0 0 0 0 0 0 0 0.3142039 0.6484047 0.3108342 0.625072 0.2700936 0.640019 0.7132062 0.7624513 0.7235544 0.7375826 0.6810765 0.6978587 0.5132163 0.6150279 0.4724214 0.6087338 0.4714996 0.6327584 0.7992654 0.8838703 0.8173919 0.8539227 0.7686533 0.7860162 0.5504302 0.6524595 0.5541513 0.6282641 0.5132163 0.6150279 0.3505426 0.6128527 0.3108342 0.625072 0.3142039 0.6484047 0.7686533 0.7860162 0.7235544 0.7375826 0.7132062 0.7624513 0.3912357 0.6314503 0.3905403 0.6077975 0.3505426 0.6128527 0.1865189 0.6864853 0.1416005 0.721268 0.1509794 0.7483366 0.5961967 0.6450363 0.5541513 0.6282641 0.5504302 0.6524595 0.2341076 0.6860858 0.2288522 0.6617316 0.1865189 0.6864853 0.6326092 0.694335 0.6385437 0.6696112 0.5961967 0.6450363 0.4313775 0.6053209 0.3905403 0.6077975 0.3912357 0.6314503 0.4714996 0.6327584 0.4724214 0.6087338 0.4313775 0.6053209 0.2700936 0.640019 0.2288522 0.6617316 0.2341076 0.6860858 0.6810765 0.6978587 0.6385437 0.6696112 0.6326092 0.694335 0.3392271 0.8195799 0.367446 0.8113658 0.3603898 0.7246263 0.3966562 0.8054073 0.427574 0.8043845 0.4299291 0.7385587 0.5206835 0.8288142 0.5378256 0.7351693 0.5012363 0.7297372 0.5810935 0.8673954 0.6092075 0.7758412 0.5675541 0.7795675 0.67461 0.9916583 0.7344944 0.9469336 0.6919747 0.9086389 0.2839628 0.8487755 0.2565243 0.7662268 0.2256647 0.8021851 0.4595518 0.8131605 0.4899172 0.8199755 0.5012363 0.7297372 0.5206835 0.8288142 0.5517975 0.8432336 0.5675541 0.7795675 0.6354636 0.9174901 0.6761646 0.8412063 0.6408762 0.8111473 0.2406319 0.905854 0.2610134 0.8745351 0.2256647 0.8021851 0.5810935 0.8673954 0.6086916 0.8906266 0.6408762 0.8111473 0.3392271 0.8195799 0.3254301 0.7282341 0.296473 0.7698499 0.3966562 0.8054073 0.3947488 0.712363 0.3603898 0.7246263 0.2839628 0.8487755 0.3098492 0.8295066 0.296473 0.7698499 0.6354636 0.9174901 0.6584927 0.9514692 0.6919747 0.9086389 0.4595518 0.8131605 0.4663634 0.7149208 0.4299291 0.7385587 0.7686533 0.7860162 0.7805627 0.7613002 0.7331024 0.7127313 0.4663634 0.7149208 0.470566 0.6823503 0.4303802 0.7118543 0.6761646 0.8412063 0.6919747 0.9086389 0.7071021 0.887944 0.2565243 0.7662268 0.296473 0.7698499 0.2908246 0.7445471 0.3603898 0.7246263 0.3947488 0.712363 0.391336 0.6802114 0.3254301 0.7282341 0.322826 0.6956861 0.2908246 0.7445471 0.6408762 0.8111473 0.6571417 0.7678277 0.6207789 0.7451731 0.2256647 0.8021851 0.2084702 0.7574443 0.1714447 0.7978618 0.6408762 0.8111473 0.6761646 0.8412063 0.6891623 0.8085117 0.5378256 0.7351693 0.5675541 0.7795675 0.5736266 0.7531191 0.5012363 0.7297372 0.5062478 0.6841308 0.470566 0.6823503 0.2256647 0.8021851 0.2565243 0.7662268 0.245057 0.7362175 0.7344944 0.9469336 0.760228 0.9318243 0.7071021 0.887944 0.6092075 0.7758412 0.6207789 0.7451731 0.5736266 0.7531191 0.5012363 0.7297372 0.5378256 0.7351693 0.5409368 0.7013325 0.3947488 0.712363 0.4299291 0.7385587 0.4303802 0.7118543 0.3603898 0.7246263 0.3564463 0.6803685 0.322826 0.6956861 0.4703442 0.6663958 0.4706791 0.6539223 0.4306136 0.6901397 0.6973811 0.7947956 0.7145175 0.8772081 0.7194653 0.8693355 0.2419544 0.7198957 0.2881445 0.7316942 0.2864845 0.7235007 0.3548441 0.6624533 0.3918509 0.6645816 0.3917589 0.6522874 0.3195059 0.6808167 0.3173726 0.6688732 0.2864845 0.7235007 0.6637897 0.7497036 0.6678476 0.7381445 0.6271949 0.7159059 0.20226 0.7392472 0.1984742 0.7274414 0.1607678 0.7702861 0.6637897 0.7497036 0.6973811 0.7947956 0.7035346 0.783311 0.544559 0.6859879 0.5765268 0.7398186 0.5783389 0.7313635 0.5082095 0.6657813 0.5094007 0.6542066 0.4706791 0.6539223 0.20226 0.7392472 0.2419544 0.7198957 0.2390549 0.7073766 0.7694007 0.9143799 0.7816451 0.9046202 0.7194653 0.8693355 0.6241032 0.7286196 0.6271949 0.7159059 0.5783389 0.7313635 0.5082095 0.6657813 0.544559 0.6859879 0.5469161 0.6736426 0.3918509 0.6645816 0.4305285 0.6985582 0.4306136 0.6901397 0.3548441 0.6624533 0.3538466 0.6511592 0.3173726 0.6688732 0 0 0 0 0 0 0 0 0 0 0 0 0 0 0 0 0 0 0 0 0 0 0 0 0 0 0 0 0 0 0 0 0 0 0 0 0 0 0 0 0 0 0 0 0 0 0 0 0 0 0 0 0 0 0 0 0 0 0 0 0 0 0 0 0 0 0 0 0 0 0 0 0 0 0 0 0 0 0 0 0 0 0 0 0 0 0 0 0 0 0 0 0 0 0 0 0 0 0 0 0 0 0 0 0 0 0 0 0 0 0 0 0 0 0 0 0 0 0 0 0 0 0 0 0 0 0 0 0 0 0 0 0 0 0 0 0 0 0 0 0 0 0 0 0 0 0 0 0 0 0 0 0 0 0 0 0 0 0 0 0 0 0 0 0 0 0 0 0 0 0 0 0 0 0 0 0 0 0 0 0 0 0 0 0 0 0 0 0 0 0 0 0.6702565 0.731216 0.6326092 0.694335 0.6271949 0.7159059 0.2778136 0.6809347 0.2341076 0.6860858 0.2390549 0.7073766 0.4706791 0.6539223 0.4714996 0.6327584 0.4310658 0.6465619 0.4310658 0.6465619 0.3912357 0.6314503 0.3917589 0.6522874 0.6271949 0.7159059 0.6326092 0.694335 0.5877419 0.6873382 0.2390549 0.7073766 0.2341076 0.6860858 0.1962575 0.7204082 0.5877419 0.6873382 0.5504302 0.6524595 0.5469161 0.6736426 0.1962575 0.7204082 0.1509794 0.7483366 0.1607678 0.7702861 0.3917589 0.6522874 0.3912357 0.6314503 0.3532549 0.6444454 0.7450308 0.8294571 0.7132062 0.7624513 0.7035346 0.783311 0.3532549 0.6444454 0.3142039 0.6484047 0.3173726 0.6688732 0.5469161 0.6736426 0.5504302 0.6524595 0.510102 0.6473329 0.7816451 0.9046202 0.7992654 0.8838703 0.7450308 0.8294571 0.510102 0.6473329 0.4714996 0.6327584 0.4706791 0.6539223 0.7035346 0.783311 0.7132062 0.7624513 0.6702565 0.731216 0.3173726 0.6688732 0.3142039 0.6484047 0.2778136 0.6809347 0 0 0 0 0 0 0 0 0 0 0 0 0 0 0 0 0 0 0 0 0 0 0 0 0 0 0 0 0 0 0 0 0 0 0 0 0 0 0 0 0 0 0 0 0 0 0 0 0 0 0 0 0 0 0 0 0 0 0 0 0 0 0 0 0 0 0 0 0 0 0 0 0 0 0 0 0 0 0 0 0 0 0 0 0 0 0 0 0 0 0 0 0 0 0 0 0 0 0 0 0 0 0 0 0 0 0 0 0 0 0 0 0 0 0 0 0 0 0 0 0 0 0 0 0 0 0 0 0 0 0 0 0 0 0 0 0 0 0 0 0 0 0 0 0 0 0 0 0 0 0 0 0 0 0 0 0 0 0 0 0 0 0 0 0 0 0 0 0 0 0 0 0 0 0 0 0 0 0 0 0 0 0 0 0 0 0 0 0 0 0 0 0 0 0 0 0 0 0 0 0 0 0 0 0 0 0 0 0 0 0 0 0 0 0 0 0 0 0 0 0 0 0 0 0 0 0 0 0 0 0 0 0 0 0 0 0 0 0 0 0 0 0 0 0 0 0 0 0 0 0 0 0 0 0 0 0 0 0 0 0 0 0 0 0 0 0 0 0 0 0 0 0 0 0 0 0 0 0 0 0 0 0 0 0 0 0 0 0 0 0 0 0 0 0 0 0 0 0 0 0 0 0 0 0 0 0 0 0 0 0 0 0 0 0 0 0 0 0 0 0 0 0 0 0 0 0 0 0 0 0 0 0 0 0 0 0 0 0 0 0 0 0 0 0 0 0 0 0 0 0 0 0 0 0 0 0 0 0 0 0 0 0 0 0 0 0 0 0 0 0 0 0 0 0 0 0 0 0 0 0 0 0 0 0 0 0 0 0 0 0 0 0 0 0 0 0 0 0 0 0 0 0 0 0 0 0 0 0 0 0 0 0 0 0 0 0 0 0 0 0 0 0 0 0 0 0 0 0 0 0 0 0 0 0 0 0 0 0 0 0 0 0 0 0 0 0 0 0 0 0 0 0 0 0 0 0 0 0 0 0 0 0 0 0 0 0 0 0 0 0 0 0 0 0 0 0 0 0 0 0 0 0 0 0 0 0 0 0 0 0 0 0 0 0 0 0 0 0 0 0 0 0 0 0 0 0 0 0 0 0 0 0 0 0 0 0 0 0 0 0 0 0 0 0 0 0 0 0 0 0 0 0 0 0 0 0 0 0 0 0 0 0 0 0 0 0 0 0 0 0 0 0 0 0 0 0 0 0 0 0 0 0 0 0 0 0 0 0 0 0 0 0 0 0 0 0 0 0 0 0 0 0 0 0 0 0 0 0 0 0 0 0 0 0 0 0 0 0 0 0 0 0 0 0 0 0 0 0 0 0 0 0 0 0 0 0 0 0 0 0 0 0 0 0 0 0 0 0 0 0 0 0 0 0 0 0 0 0 0 0 0 0 0 0 0 0 0 0 0 0 0 0 0 0 0 0 0 0 0 0 0 0 0 0 0 0 0 0 0 0 0 0 0 0 0 0 0 0 0 0 0 0 0 0 0 0 0 0 0 0 0 0 0 0 0 0 0 0 0 0 0 0 0 0 0 0 0 0 0 0 0 0 0 0 0 0 0 0 0 0 0 0 0 0 0 0 0 0 0 0 0 0 0 0 0 0 0 0 0 0 0 0 0 0 0 0 0 0 0 0 0 0 0 0 0 0 0 0 0 0 0 0 0 0 0 0 0 0 0 0 0 0 0 0 0 0 0 0 0 0 0 0 0 0 0 0 0 0 0 0 0 0 0 0 0 0 0 0 0 0 0 0 0 0 0 0 0 0 0 0 0 0 0 0 0 0 0 0 0 0 0 0 0 0 0 0 0 0 0 0 0 0 0 0 0 0 0 0 0 0 0 0 0 0 0 0 0 0 0 0 0 0 0 0 0 0 0 0 0 0 0 0 0 0 0 0 0 0 0 0 0 0 0 0 0 0 0 0 0 0 0 0 0 0 0 0 0 0 0 0 0 0 0 0 0 0 0 0 0 0 0 0 0 0 0 0 0 0 0 0 0 0 0 0 0 0 0 0 0 0 0 0 0 0 0 0 0 0 0 0 0 0 0 0 0 0 0 0 0 0 0 0 0 0 0 0 0 0 0 0 0 0 0 0 0 0 0 0 0 0 0 0 0 0 0 0 0 0 0 0 0 0 0 0 0 0 0 0 0 0 0 0 0 0 0 0 0 0 0 0 0 0 0 0 0 0 0 0 0 0 0 0 0 0 0 0 0 0 0 0 0 0 0 0 0 0 0 0 0 0 0 0 0 0 0 0 0 0 0 0 0 0 0 0 0 0 0 0 0 0 0 0 0 0 0 0 0 0 0 0 0 0 0 0 0 0 0 0 0 0 0 0 0 0 0 0 0 0 0 0 0 0 0 0 0 0 0 0 0 0 0 0 0 0 0 0 0 0 0 0 0 0 0 0 0 0 0 0 0 0 0 0 0 0 0 0 0 0 0 0 0 0 0 0 0 0 0 0 0 0 0 0 0 0 0 0 0 0 0 0 0 0 0 0 0 0 0 0 0 0 0 0 0 0 0 0 0 0 0 0 0 0 0 0 0 0 0 0 0 0 0 0 0 0 0 0 0 0 0 0 0 0 0 0 0 0 0 0 0 0 0 0 0 0 0 0 0 0 0 0 0 0 0 0 0 0 0 0 0 0 0 0 0 0 0 0 0 0 0 0 0 0 0 0 0 0 0 0 0 0 0 0 0 0 0 0 0 0 0 0 0 0 0 0 0 0 0 0 0 0 0 0 0 0 0 0 0 0 0 0 0 0 0 0 0 0 0 0 0 0 0 0 0 0 0 0 0 0 0 0 0 0 0 0 0 0 0 0 0 0 0 0 0 0 0 0 0 0 0 0 0 0 0 0 0 0 0 0 0 0 0 0 0 0 0 0 0 0 0 0 0 0 0 0 0 0 0 0 0 0 0 0 0 0 0 0 0 0 0 0 0 0 0 0 0 0 0 0 0 0 0 0 0</float_array>
          <technique_common>
            <accessor source="#Cylinder-mesh-map-0-array" count="16992" stride="2">
              <param name="S" type="float"/>
              <param name="T" type="float"/>
            </accessor>
          </technique_common>
        </source>
        <vertices id="Cylinder-mesh-vertices">
          <input semantic="POSITION" source="#Cylinder-mesh-positions"/>
        </vertices>
        <triangles material="body_out-material" count="2368">
          <input semantic="VERTEX" source="#Cylinder-mesh-vertices" offset="0"/>
          <input semantic="NORMAL" source="#Cylinder-mesh-normals" offset="1"/>
          <input semantic="TEXCOORD" source="#Cylinder-mesh-map-0" offset="2" set="0"/>
          <p>716 318 810 1107 319 811 717 320 812 556 563 1608 573 570 1609 557 565 1610 564 564 1611 581 571 1612 565 566 1613 557 565 1614 574 572 1615 558 567 1616 565 566 1617 582 573 1618 566 568 1619 558 567 1620 575 574 1621 559 569 1622 566 568 1623 583 575 1624 567 554 1625 559 569 1626 576 576 1627 560 555 1628 552 557 1629 569 577 1630 553 556 1631 567 554 1632 568 578 1633 552 557 1634 560 555 1635 577 579 1636 561 558 1637 553 556 1638 570 580 1639 554 559 1640 561 558 1641 578 581 1642 562 560 1643 554 559 1644 571 582 1645 555 561 1646 562 560 1647 579 583 1648 563 562 1649 555 561 1650 572 584 1651 556 563 1652 563 562 1653 580 585 1654 564 564 1655 648 586 1656 593 587 1657 610 588 1658 1051 589 1659 587 590 1660 1060 591 1661 648 586 1662 595 592 1663 1050 593 1664 1060 591 1665 588 594 1666 663 595 1667 1050 593 1668 612 596 1669 649 597 1670 651 598 1671 588 594 1672 605 599 1673 649 597 1674 597 600 1675 660 601 1676 651 598 1677 606 602 1678 653 603 1679 660 601 1680 598 604 1681 659 605 1682 653 603 1683 607 606 1684 654 607 1685 659 605 1686 615 608 1687 655 609 1688 654 607 1689 608 610 1690 656 611 1691 657 612 1692 585 613 1693 658 614 1694 655 609 1695 584 615 1696 657 612 1697 1062 616 1698 608 610 1699 593 587 1700 658 614 1701 586 617 1702 1051 589 1703 602 618 1704 1053 619 1705 1054 620 1706 603 621 1707 652 622 1708 1061 623 1709 604 624 1710 1052 625 1711 1053 619 1712 652 622 1713 611 626 1714 1059 627 1715 609 628 1716 661 629 1717 1052 625 1718 611 626 1719 1058 630 1720 1059 627 1721 592 631 1722 662 632 1723 661 629 1724 614 633 1725 1057 634 1726 1058 630 1727 591 635 1728 1049 636 1729 662 632 1730 613 637 1731 1056 638 1732 1057 634 1733 599 639 1734 1048 640 1735 1049 636 1736 1056 638 1737 601 641 1738 1055 642 1739 594 643 1740 650 644 1741 1063 645 1742 1055 642 1743 602 618 1744 1054 620 1745 589 646 1746 1061 623 1747 650 644 1748 596 647 1749 1063 645 1750 1048 640 1751 605 599 1752 620 648 1753 621 649 1754 597 600 1755 628 650 1756 629 651 1757 605 599 1758 622 652 1759 606 602 1760 598 604 1761 629 651 1762 630 653 1763 607 606 1764 622 652 1765 623 654 1766 615 608 1767 630 653 1768 631 655 1769 608 610 1770 623 654 1771 624 656 1772 584 615 1773 617 657 1774 585 613 1775 615 608 1776 616 658 1777 584 615 1778 608 610 1779 625 659 1780 593 587 1781 585 613 1782 618 660 1783 586 617 1784 593 587 1785 626 661 1786 610 588 1787 587 590 1788 618 660 1789 619 662 1790 610 588 1791 627 663 1792 595 592 1793 588 594 1794 619 662 1795 620 648 1796 595 592 1797 628 650 1798 612 596 1799 682 664 1800 642 665 1801 684 666 1802 670 667 1803 634 668 1804 635 669 1805 684 666 1806 643 670 1807 686 671 1808 672 672 1809 635 669 1810 636 673 1811 686 671 1812 644 674 1813 688 675 1814 674 676 1815 636 673 1816 637 677 1817 690 678 1818 644 674 1819 645 679 1820 674 676 1821 638 680 1822 676 681 1823 692 682 1824 645 679 1825 646 683 1826 678 684 1827 638 680 1828 639 685 1829 694 686 1830 646 683 1831 647 687 1832 680 688 1833 639 685 1834 640 689 1835 694 686 1836 632 690 1837 665 691 1838 665 691 1839 633 692 1840 666 693 1841 680 688 1842 641 694 1843 682 664 1844 666 693 1845 634 668 1846 668 695 1847 624 656 1848 683 696 1849 625 659 1850 618 660 1851 667 697 1852 669 698 1853 631 655 1854 664 699 1855 616 658 1856 626 661 1857 683 696 1858 685 700 1859 618 660 1860 671 701 1861 619 662 1862 627 663 1863 685 700 1864 687 702 1865 619 662 1866 673 703 1867 620 648 1868 627 663 1869 689 704 1870 628 650 1871 620 648 1872 675 705 1873 621 649 1874 628 650 1875 691 706 1876 629 651 1877 622 652 1878 675 705 1879 677 707 1880 629 651 1881 693 708 1882 630 653 1883 622 652 1884 679 709 1885 623 654 1886 630 653 1887 695 710 1888 631 655 1889 623 654 1890 681 711 1891 624 656 1892 644 674 1893 661 629 1894 645 679 1895 638 680 1896 1059 627 1897 1058 630 1898 645 679 1899 662 632 1900 646 683 1901 638 680 1902 1057 634 1903 639 685 1904 646 683 1905 1049 636 1906 647 687 1907 639 685 1908 1056 638 1909 640 689 1910 633 692 1911 1048 640 1912 1063 645 1913 647 687 1914 1048 640 1915 632 690 1916 640 689 1917 1055 642 1918 641 694 1919 634 668 1920 1063 645 1921 650 644 1922 642 665 1923 1055 642 1924 1054 620 1925 634 668 1926 1061 623 1927 635 669 1928 643 670 1929 1054 620 1930 1053 619 1931 635 669 1932 652 622 1933 636 673 1934 643 670 1935 1052 625 1936 644 674 1937 636 673 1938 1059 627 1939 637 677 1940 666 693 1941 664 699 1942 665 691 1943 668 695 1944 667 697 1945 666 693 1946 670 667 1947 669 698 1948 668 695 1949 672 672 1950 671 701 1951 670 667 1952 674 676 1953 673 703 1954 672 672 1955 676 681 1956 675 705 1957 674 676 1958 678 684 1959 677 707 1960 676 681 1961 680 688 1962 679 709 1963 678 684 1964 682 664 1965 681 711 1966 680 688 1967 684 666 1968 683 696 1969 682 664 1970 686 671 1971 685 700 1972 684 666 1973 688 675 1974 687 702 1975 686 671 1976 690 678 1977 689 704 1978 688 675 1979 692 682 1980 691 706 1981 690 678 1982 694 686 1983 693 708 1984 692 682 1985 665 691 1986 695 710 1987 694 686 1988 617 657 1989 664 699 1990 667 697 1991 1105 712 1992 715 713 1993 1101 714 1994 725 715 1995 1106 716 1996 726 717 1997 721 718 1998 1103 719 1999 1104 720 2000 722 721 2001 1104 720 2002 1109 722 2003 726 717 2004 1108 723 2005 727 724 2006 718 725 2007 1107 319 2008 1112 726 2009 712 727 2010 1108 723 2011 1100 728 2012 722 721 2013 1111 729 2014 723 730 2015 714 731 2016 1110 732 2017 1097 733 2018 1098 734 2019 723 730 2020 1111 729 2021 719 735 2022 1112 726 2023 1099 736 2024 720 737 2025 1099 736 2026 1103 719 2027 714 731 2028 1101 714 2029 715 713 2030 724 738 2031 1102 739 2032 725 715 2033 744 740 2034 792 741 2035 759 742 2036 720 737 2037 735 743 2038 719 735 2039 712 727 2040 743 744 2041 727 724 2042 721 718 2043 736 745 2044 720 737 2045 714 731 2046 729 746 2047 713 747 2048 722 721 2049 737 748 2050 721 718 2051 715 713 2052 730 749 2053 714 731 2054 723 730 2055 738 750 2056 722 721 2057 715 713 2058 732 751 2059 731 752 2060 724 738 2061 739 753 2062 723 730 2063 716 318 2064 733 754 2065 732 751 2066 725 715 2067 740 755 2068 724 738 2069 718 725 2070 733 754 2071 717 320 2072 725 715 2073 742 756 2074 741 757 2075 719 735 2076 734 758 2077 718 725 2078 726 717 2079 743 744 2080 742 756 2081 747 759 2082 761 760 2083 760 761 2084 757 762 2085 763 763 2086 762 764 2087 752 765 2088 765 766 2089 764 767 2090 753 768 2091 764 767 2092 766 769 2093 767 770 2094 747 759 2095 760 761 2096 758 771 2097 762 764 2098 768 772 2099 769 773 2100 748 774 2101 767 770 2102 759 742 2103 768 772 2104 770 775 2105 754 776 2106 766 769 2107 771 777 2108 745 778 2109 773 779 2110 772 780 2111 774 781 2112 754 776 2113 771 777 2114 775 782 2115 749 783 2116 769 773 2117 744 740 2118 770 775 2119 773 779 2120 751 784 2121 775 782 2122 765 766 2123 746 785 2124 772 780 2125 761 760 2126 756 786 2127 774 781 2128 763 763 2129 868 787 2130 828 788 2131 867 789 2132 747 759 2133 805 790 2134 746 785 2135 754 776 2136 798 791 2137 753 768 2138 746 785 2139 806 792 2140 745 778 2141 753 768 2142 799 793 2143 752 765 2144 745 778 2145 807 794 2146 744 740 2147 752 765 2148 800 795 2149 751 784 2150 759 742 2151 793 796 2152 758 771 2153 751 784 2154 801 797 2155 750 798 2156 758 771 2157 794 799 2158 757 762 2159 750 798 2160 802 800 2161 749 783 2162 757 762 2163 795 801 2164 756 786 2165 749 783 2166 803 802 2167 748 774 2168 755 803 2169 795 801 2170 796 804 2171 748 774 2172 804 805 2173 747 759 2174 827 806 2175 841 807 2176 840 808 2177 793 796 2178 823 809 2179 822 810 2180 800 795 2181 814 811 2182 801 797 2183 794 799 2184 822 810 2185 821 812 2186 801 797 2187 813 813 2188 802 800 2189 795 801 2190 821 812 2191 820 814 2192 803 802 2193 813 813 2194 812 815 2195 795 801 2196 819 816 2197 796 804 2198 804 805 2199 812 815 2200 811 817 2201 796 804 2202 818 818 2203 797 819 2204 804 805 2205 810 820 2206 805 790 2207 797 819 2208 817 821 2209 798 791 2210 805 790 2211 809 822 2212 806 792 2213 798 791 2214 816 823 2215 799 793 2216 807 794 2217 823 809 2218 792 741 2219 799 793 2220 815 824 2221 800 795 2222 921 825 2223 772 780 2224 920 826 2225 922 827 2226 761 760 2227 921 825 2228 923 828 2229 760 761 2230 922 827 2231 924 829 2232 767 770 2233 923 828 2234 925 830 2235 769 773 2236 924 829 2237 926 831 2238 775 782 2239 925 830 2240 927 832 2241 765 766 2242 926 831 2243 928 833 2244 764 767 2245 927 832 2246 928 833 2247 771 777 2248 766 769 2249 930 834 2250 771 777 2251 929 835 2252 931 836 2253 774 781 2254 930 834 2255 931 836 2256 762 764 2257 763 763 2258 933 837 2259 762 764 2260 932 838 2261 934 839 2262 768 772 2263 933 837 2264 935 840 2265 770 775 2266 934 839 2267 920 826 2268 773 779 2269 935 840 2270 713 747 2271 728 841 2272 712 727 2273 842 842 2274 836 843 2275 843 844 2276 832 845 2277 845 846 2278 844 847 2279 833 848 2280 844 847 2281 846 849 2282 847 850 2283 827 806 2284 840 808 2285 838 851 2286 842 842 2287 848 852 2288 849 853 2289 828 788 2290 847 850 2291 839 854 2292 848 852 2293 850 855 2294 834 856 2295 846 849 2296 851 857 2297 825 858 2298 853 859 2299 852 860 2300 854 861 2301 834 856 2302 851 857 2303 855 862 2304 829 863 2305 849 853 2306 824 864 2307 850 855 2308 853 859 2309 831 865 2310 855 862 2311 845 846 2312 826 866 2313 852 860 2314 841 807 2315 836 843 2316 854 861 2317 843 844 2318 953 867 2319 852 860 2320 952 868 2321 954 869 2322 841 807 2323 953 867 2324 955 870 2325 840 808 2326 954 869 2327 956 871 2328 847 850 2329 955 870 2330 957 872 2331 849 853 2332 956 871 2333 958 873 2334 855 862 2335 957 872 2336 959 874 2337 845 846 2338 958 873 2339 960 875 2340 844 847 2341 959 874 2342 960 875 2343 851 857 2344 846 849 2345 962 876 2346 851 857 2347 961 877 2348 963 878 2349 854 861 2350 962 876 2351 963 878 2352 842 842 2353 843 844 2354 965 879 2355 842 842 2356 964 880 2357 966 881 2358 848 852 2359 965 879 2360 967 882 2361 850 855 2362 966 881 2363 952 868 2364 853 859 2365 967 882 2366 806 792 2367 808 883 2368 807 794 2369 862 884 2370 834 856 2371 861 885 2372 863 886 2373 833 848 2374 862 884 2375 856 887 2376 824 864 2377 871 888 2378 870 889 2379 826 866 2380 869 890 2381 857 891 2382 839 854 2383 856 887 2384 865 892 2385 831 865 2386 864 893 2387 858 894 2388 838 851 2389 857 891 2390 867 789 2391 829 863 2392 866 895 2393 729 746 2394 776 896 2395 728 841 2396 860 897 2397 836 843 2398 859 898 2399 866 895 2400 830 899 2401 865 892 2402 859 898 2403 837 900 2404 858 894 2405 861 885 2406 835 901 2407 860 897 2408 891 902 2409 905 903 2410 904 904 2411 857 891 2412 887 905 2413 886 906 2414 869 890 2415 827 806 2416 868 787 2417 755 803 2418 797 819 2419 754 776 2420 864 893 2421 878 907 2422 865 892 2423 858 894 2424 886 906 2425 885 908 2426 865 892 2427 877 909 2428 866 895 2429 859 898 2430 885 908 2431 884 910 2432 867 789 2433 877 909 2434 876 911 2435 859 898 2436 883 912 2437 860 897 2438 868 787 2439 876 911 2440 875 913 2441 860 897 2442 882 914 2443 861 885 2444 868 787 2445 874 915 2446 869 890 2447 861 885 2448 881 916 2449 862 884 2450 869 890 2451 873 917 2452 870 889 2453 862 884 2454 880 918 2455 863 886 2456 871 888 2457 887 905 2458 856 887 2459 863 886 2460 879 919 2461 864 893 2462 906 920 2463 900 921 2464 907 922 2465 896 923 2466 909 924 2467 908 925 2468 897 926 2469 908 925 2470 910 927 2471 911 928 2472 891 902 2473 904 904 2474 902 929 2475 906 920 2476 912 930 2477 913 931 2478 892 932 2479 911 928 2480 903 933 2481 912 930 2482 914 934 2483 898 935 2484 910 927 2485 915 936 2486 889 937 2487 917 938 2488 916 939 2489 918 940 2490 898 935 2491 915 936 2492 919 941 2493 893 942 2494 913 931 2495 888 943 2496 914 934 2497 917 938 2498 895 944 2499 919 941 2500 909 924 2501 890 945 2502 916 939 2503 905 903 2504 900 921 2505 918 940 2506 907 922 2507 969 946 2508 916 939 2509 968 947 2510 970 948 2511 905 903 2512 969 946 2513 971 949 2514 904 904 2515 970 948 2516 972 950 2517 911 928 2518 971 949 2519 973 951 2520 913 931 2521 972 950 2522 974 952 2523 919 941 2524 973 951 2525 975 953 2526 909 924 2527 974 952 2528 976 954 2529 908 925 2530 975 953 2531 976 954 2532 915 936 2533 910 927 2534 978 955 2535 915 936 2536 977 956 2537 979 957 2538 918 940 2539 978 955 2540 979 957 2541 906 920 2542 907 922 2543 981 958 2544 906 920 2545 980 959 2546 982 960 2547 912 930 2548 981 958 2549 983 961 2550 914 934 2551 982 960 2552 968 947 2553 917 938 2554 983 961 2555 870 889 2556 872 962 2557 871 888 2558 871 888 2559 825 858 2560 870 889 2561 730 749 2562 789 963 2563 790 964 2564 734 758 2565 787 965 2566 733 754 2567 733 754 2568 788 966 2569 732 751 2570 736 745 2571 785 967 2572 735 743 2573 737 748 2574 782 968 2575 783 969 2576 739 753 2577 780 970 2578 781 971 2579 728 841 2580 777 972 2581 743 744 2582 743 744 2583 778 973 2584 742 756 2585 730 749 2586 791 974 2587 729 746 2588 732 751 2589 789 963 2590 731 752 2591 735 743 2592 786 975 2593 734 758 2594 737 748 2595 784 976 2596 736 745 2597 738 750 2598 781 971 2599 782 968 2600 742 756 2601 779 977 2602 741 757 2603 741 757 2604 780 970 2605 740 755 2606 776 896 2607 920 826 2608 935 840 2609 864 893 2610 832 845 2611 863 886 2612 776 896 2613 934 839 2614 777 972 2615 778 973 2616 934 839 2617 933 837 2618 778 973 2619 932 838 2620 779 977 2621 780 970 2622 932 838 2623 931 836 2624 780 970 2625 930 834 2626 781 971 2627 782 968 2628 930 834 2629 929 835 2630 782 968 2631 928 833 2632 783 969 2633 784 976 2634 928 833 2635 927 832 2636 784 976 2637 926 831 2638 785 967 2639 785 967 2640 925 830 2641 786 975 2642 787 965 2643 925 830 2644 924 829 2645 788 966 2646 924 829 2647 923 828 2648 788 966 2649 922 827 2650 789 963 2651 789 963 2652 921 825 2653 790 964 2654 791 974 2655 921 825 2656 920 826 2657 809 822 2658 951 978 2659 808 883 2660 808 883 2661 950 979 2662 823 809 2663 823 809 2664 949 980 2665 822 810 2666 822 810 2667 948 981 2668 821 812 2669 821 812 2670 947 982 2671 820 814 2672 819 816 2673 947 982 2674 946 983 2675 818 818 2676 946 983 2677 945 984 2678 817 821 2679 945 984 2680 944 985 2681 817 821 2682 943 986 2683 816 823 2684 816 823 2685 942 987 2686 815 824 2687 815 824 2688 941 988 2689 814 811 2690 814 811 2691 940 989 2692 813 813 2693 813 813 2694 939 990 2695 812 815 2696 812 815 2697 938 991 2698 811 817 2699 810 820 2700 938 991 2701 937 992 2702 810 820 2703 936 993 2704 809 822 2705 936 993 2706 967 882 2707 951 978 2708 951 978 2709 966 881 2710 950 979 2711 949 980 2712 966 881 2713 965 879 2714 949 980 2715 964 880 2716 948 981 2717 947 982 2718 964 880 2719 963 878 2720 947 982 2721 962 876 2722 946 983 2723 945 984 2724 962 876 2725 961 877 2726 945 984 2727 960 875 2728 944 985 2729 943 986 2730 960 875 2731 959 874 2732 943 986 2733 958 873 2734 942 987 2735 942 987 2736 957 872 2737 941 988 2738 940 989 2739 957 872 2740 956 871 2741 939 990 2742 956 871 2743 955 870 2744 939 990 2745 954 869 2746 938 991 2747 938 991 2748 953 867 2749 937 992 2750 937 992 2751 952 868 2752 936 993 2753 998 994 2754 968 947 2755 983 961 2756 998 994 2757 982 960 2758 997 995 2759 996 996 2760 982 960 2761 981 958 2762 996 996 2763 980 959 2764 995 997 2765 994 998 2766 980 959 2767 979 957 2768 994 998 2769 978 955 2770 993 999 2771 992 1000 2772 978 955 2773 977 956 2774 992 1000 2775 976 954 2776 991 1001 2777 990 1002 2778 976 954 2779 975 953 2780 990 1002 2781 974 952 2782 989 1003 2783 989 1003 2784 973 951 2785 988 1004 2786 987 1005 2787 973 951 2788 972 950 2789 986 1006 2790 972 950 2791 971 949 2792 986 1006 2793 970 948 2794 985 1007 2795 985 1007 2796 969 946 2797 984 1008 2798 999 1009 2799 969 946 2800 968 947 2801 874 915 2802 999 1009 2803 873 917 2804 874 915 2805 985 1007 2806 984 1008 2807 876 911 2808 985 1007 2809 875 913 2810 877 909 2811 986 1006 2812 876 911 2813 878 907 2814 987 1005 2815 877 909 2816 879 919 2817 988 1004 2818 878 907 2819 880 918 2820 989 1003 2821 879 919 2822 881 916 2823 990 1002 2824 880 918 2825 881 916 2826 992 1000 2827 991 1001 2828 882 914 2829 993 999 2830 992 1000 2831 883 912 2832 994 998 2833 993 999 2834 885 908 2835 994 998 2836 884 910 2837 886 906 2838 995 997 2839 885 908 2840 887 905 2841 996 996 2842 886 906 2843 872 962 2844 997 995 2845 887 905 2846 873 917 2847 998 994 2848 872 962 2849 1004 1010 2850 891 902 2851 892 932 2852 1012 1011 2853 899 1012 2854 900 921 2855 1005 1013 2856 892 932 2857 893 942 2858 1013 1014 2859 900 921 2860 901 1015 2861 1006 1016 2862 893 942 2863 894 1017 2864 1014 568 2865 901 1015 2866 902 929 2867 1007 1018 2868 894 1017 2869 895 944 2870 1015 1019 2871 902 929 2872 903 933 2873 1008 1020 2874 895 944 2875 896 923 2876 1001 1021 2877 888 943 2878 889 937 2879 1000 1022 2880 903 933 2881 888 943 2882 1009 1023 2883 896 923 2884 897 926 2885 1002 1024 2886 889 937 2887 890 945 2888 1010 1025 2889 897 926 2890 898 935 2891 1003 1026 2892 890 945 2893 891 902 2894 1011 1027 2895 898 935 2896 899 1012 2897 1031 1028 2898 1014 568 2899 1015 1019 2900 1024 1029 2901 1007 1018 2902 1008 1020 2903 1017 1030 2904 1000 1022 2905 1001 1021 2906 1016 1031 2907 1015 1019 2908 1000 1022 2909 1025 1032 2910 1008 1020 2911 1009 1023 2912 1018 1033 2913 1001 1021 2914 1002 1024 2915 1026 1034 2916 1009 1023 2917 1010 1025 2918 1019 1035 2919 1002 1024 2920 1003 1026 2921 1027 1036 2922 1010 1025 2923 1011 1027 2924 1020 1037 2925 1003 1026 2926 1004 1010 2927 1028 1038 2928 1011 1027 2929 1012 1011 2930 1021 1039 2931 1004 1010 2932 1005 1013 2933 1029 1040 2934 1012 1011 2935 1013 1014 2936 1022 1041 2937 1005 1013 2938 1006 1016 2939 1030 1042 2940 1013 1014 2941 1014 568 2942 1023 1043 2943 1006 1016 2944 1007 1018 2945 1037 1044 2946 1020 1037 2947 1021 1039 2948 1045 1045 2949 1028 1038 2950 1029 1040 2951 1038 1046 2952 1021 1039 2953 1022 1041 2954 1046 1047 2955 1029 1040 2956 1030 1042 2957 1039 1048 2958 1022 1041 2959 1023 1043 2960 1047 1049 2961 1030 1042 2962 1031 1028 2963 1040 1050 2964 1023 1043 2965 1024 1029 2966 1033 1051 2967 1016 1031 2968 1017 1030 2969 1032 1052 2970 1031 1028 2971 1016 1031 2972 1041 1053 2973 1024 1029 2974 1025 1032 2975 1034 1054 2976 1017 1030 2977 1018 1033 2978 1042 1055 2979 1025 1032 2980 1026 1034 2981 1035 1056 2982 1018 1033 2983 1019 1035 2984 1043 1057 2985 1026 1034 2986 1027 1036 2987 1036 1058 2988 1019 1035 2989 1020 1037 2990 1044 1059 2991 1027 1036 2992 1028 1038 2993 1042 1055 2994 604 624 2995 602 618 2996 1035 1056 2997 590 1060 2998 603 621 2999 604 624 3000 1044 1059 3001 609 628 3002 1036 1058 3003 611 626 3004 590 1060 3005 609 628 3006 1045 1045 3007 592 631 3008 1037 1044 3009 614 633 3010 611 626 3011 592 631 3012 1046 1047 3013 591 635 3014 1038 1046 3015 613 637 3016 614 633 3017 591 635 3018 1047 1049 3019 599 639 3020 1039 1048 3021 600 1061 3022 613 637 3023 599 639 3024 1032 1052 3025 596 647 3026 600 1061 3027 1041 1053 3028 601 641 3029 1033 1051 3030 589 646 3031 594 643 3032 577 579 3033 648 586 3034 578 581 3035 1041 1053 3036 602 618 3037 601 641 3038 1034 1054 3039 603 621 3040 589 646 3041 570 580 3042 1060 591 3043 571 582 3044 578 581 3045 1050 593 3046 579 583 3047 571 582 3048 663 595 3049 572 584 3050 579 583 3051 649 597 3052 580 585 3053 572 584 3054 651 598 3055 573 570 3056 580 585 3057 660 601 3058 581 571 3059 574 572 3060 651 598 3061 653 603 3062 582 573 3063 660 601 3064 659 605 3065 574 572 3066 654 607 3067 575 574 3068 583 575 3069 659 605 3070 655 609 3071 575 574 3072 656 611 3073 576 576 3074 569 577 3075 657 612 3076 658 614 3077 568 578 3078 655 609 3079 657 612 3080 577 579 3081 656 611 3082 1062 616 3083 569 577 3084 1051 589 3085 570 580 3086 596 647 3087 1033 1051 3088 594 643 3089 21 1063 3129 1145 1064 3130 1066 1065 3131 9 1066 3135 1152 1067 3136 705 1068 3137 11 1069 3141 1155 1070 3142 707 1071 3143 708 1072 3150 1159 1073 3151 1156 1074 3152 11 1069 3153 1075 1075 3154 1078 1076 3155 2 1077 3156 1150 1078 3157 702 1079 3158 15 1080 3159 1149 1081 3160 700 1082 3161 2 1077 3162 1152 1067 3163 1160 1083 3164 697 1084 3165 1158 1085 3166 1065 1086 3167 698 1087 3168 1145 1064 3169 8 1088 3170 15 1080 3171 1155 1070 3172 1072 1089 3173 9 1066 3174 1149 1081 3175 1080 1090 3176 697 1084 3177 1150 1078 3178 1069 1091 3179 698 1087 3180 1158 1085 3181 1068 1092 3182 21 1063 3183 1159 1073 3184 3 1093 3185 708 1072 3186 1075 1075 3187 12 1094 3188 1098 734 3237 1207 1127 3238 1198 1128 3239 1097 733 3240 1205 1129 3241 1199 1130 3242 1197 1131 3243 1112 726 3244 1208 1132 3245 1100 728 3246 1206 1133 3247 1196 1134 3248 1112 726 3249 1203 1135 3250 1208 1132 3251 1207 1127 3252 1109 722 3253 1204 1136 3254 1205 1129 3255 1100 728 3256 1196 1134 3257 1109 722 3258 1202 1137 3259 1204 1136 3260 1206 1133 3261 1106 716 3262 1193 1138 3263 1203 1135 3264 1105 712 3265 1194 1139 3266 1106 716 3267 1200 1140 3268 1193 1138 3269 1105 712 3270 1195 1141 3271 1194 1139 3272 1202 1137 3273 1103 719 3274 1201 1142 3275 1103 719 3276 1197 1131 3277 1201 1142 3278 1200 1140 3279 1098 734 3280 1198 1128 3281 1195 1141 3282 1097 733 3283 1199 1130 3284 1140 1143 3285 1119 1104 3286 1121 1107 3287 1129 1144 3288 1120 1125 3289 1139 1145 3290 1144 1146 3291 1126 1118 3292 1128 1119 3293 1143 1147 3294 1122 1111 3295 1127 1116 3296 1137 1148 3297 1124 1112 3298 1116 1098 3299 1142 1149 3300 1117 1101 3301 1125 1121 3302 1144 1146 3303 1114 1095 3304 1136 1150 3305 1143 1147 3306 1126 1118 3307 1135 1151 3308 1141 1152 3309 1115 1100 3310 1123 1109 3311 1142 1149 3312 1124 1112 3313 1134 1153 3314 1133 1154 3315 1123 1109 3316 1122 1111 3317 1138 1155 3318 1121 1107 3319 1118 1108 3320 1139 1145 3321 1119 1104 3322 1132 1156 3323 1138 1155 3324 1117 1101 3325 1131 1157 3326 1137 1148 3327 1115 1100 3328 1130 1158 3329 1129 1144 3330 1114 1095 3331 1113 1097 3332 713 747 3333 1100 728 3334 1110 732 3335 1066 1065 3336 1136 1150 3337 1129 1144 3338 1080 1090 3339 1130 1158 3340 1152 1067 3341 1078 1076 3342 1131 1157 3343 1155 1070 3344 1159 1073 3345 1132 1156 3346 1156 1074 3347 1078 1076 3348 1140 1143 3349 1138 1155 3350 1150 1078 3351 1141 1152 3352 1133 1154 3353 1149 1081 3354 1142 1149 3355 1134 1153 3356 1152 1067 3357 1141 1152 3358 1160 1083 3359 1069 1091 3360 1135 1151 3361 1158 1085 3362 1145 1064 3363 1144 1146 3364 1136 1150 3365 1155 1070 3366 1142 1149 3367 1072 1089 3368 1080 1090 3369 1134 1153 3370 1137 1148 3371 1069 1091 3372 1133 1154 3373 1143 1147 3374 1158 1085 3375 1144 1146 3376 1068 1092 3377 1066 1065 3378 1139 1145 3379 1159 1073 3380 1075 1075 3381 1132 1156 3382 1140 1143 3383 1147 1159 3384 8 1088 3385 21 1063 3386 709 1160 3387 705 1068 3388 1154 1161 3389 699 1162 3390 707 1071 3391 1146 1163 3392 1148 1164 3393 708 1072 3394 1153 1165 3395 699 1162 3396 12 1094 3397 11 1069 3398 696 1166 3399 2 1077 3400 702 1079 3401 706 1167 3402 15 1080 3403 700 1082 3404 1154 1161 3405 2 1077 3406 1157 1168 3407 703 1169 3408 1065 1086 3409 1151 1170 3410 701 1171 3411 698 1087 3412 8 1088 3413 1146 1163 3414 15 1080 3415 704 1172 3416 709 1160 3417 700 1082 3418 9 1066 3419 703 1169 3420 702 1079 3421 697 1084 3422 1151 1170 3423 698 1087 3424 711 1173 3425 1147 1159 3426 3 1093 3427 1148 1164 3428 710 1174 3429 708 1072 3430 12 1094 3431 696 1166 3528 1199 1130 3529 1157 1168 3530 1146 1163 3531 1198 1128 3532 699 1162 3533 1201 1142 3534 701 1171 3535 1147 1159 3536 1148 1164 3537 1201 1142 3538 1147 1159 3539 1194 1139 3540 696 1166 3541 703 1169 3542 1193 1138 3543 1146 1163 3544 704 1172 3545 1151 1170 3546 1194 1139 3547 703 1169 3548 706 1167 3549 1193 1138 3550 704 1172 3551 1204 1136 3552 1148 1164 3553 1153 1165 3554 1154 1161 3555 1196 1134 3556 709 1160 3557 710 1174 3558 1204 1136 3559 1153 1165 3560 1208 1132 3561 1151 1170 3562 711 1173 3563 1196 1134 3564 706 1167 3565 709 1160 3566 701 1171 3567 1208 1132 3568 711 1173 3569 1199 1130 3570 1154 1161 3571 1157 1168 3572 1198 1128 3573 710 1174 3574 699 1162 3575 2522 1729 5010 2134 1730 5011 2524 1731 5012 1989 1984 5808 1974 1981 5809 1990 1985 5810 1997 1986 5811 1982 1982 5812 1998 1987 5813 1990 1985 5814 1975 1983 5815 1991 1988 5816 1998 1987 5817 1983 1968 5818 1999 1989 5819 1992 1990 5820 1975 1983 5821 1976 1970 5822 2000 1991 5823 1983 1968 5824 1984 1969 5825 1993 1992 5826 1976 1970 5827 1977 1971 5828 1985 1993 5829 1970 1972 5830 1986 1994 5831 1985 1993 5832 1984 1969 5833 1969 1973 5834 1993 1992 5835 1978 1974 5836 1994 1995 5837 1986 1994 5838 1971 1975 5839 1987 1996 5840 1994 1995 5841 1979 1976 5842 1995 1997 5843 1988 1998 5844 1971 1975 5845 1972 1977 5846 1996 1999 5847 1979 1976 5848 1980 1978 5849 1989 1984 5850 1972 1977 5851 1973 1979 5852 1997 1986 5853 1980 1978 5854 1981 1980 5855 2010 2000 5856 2065 2001 5857 2027 2002 5858 2003 2003 5859 2477 2004 5860 2004 2005 5861 2012 2006 5862 2065 2001 5863 2467 2007 5864 2005 2008 5865 2477 2004 5866 2080 2009 5867 2029 2010 5868 2467 2007 5869 2066 2011 5870 2005 2008 5871 2068 2012 5872 2022 2013 5873 2029 2010 5874 2077 2014 5875 2014 2015 5876 2022 2013 5877 2070 2016 5878 2023 2017 5879 2015 2018 5880 2077 2014 5881 2076 2019 5882 2023 2017 5883 2071 2020 5884 2024 2021 5885 2032 2022 5886 2076 2019 5887 2072 2023 5888 2025 2024 5889 2071 2020 5890 2073 2025 5891 2001 2026 5892 2075 2027 5893 2002 2028 5894 2001 2026 5895 2072 2023 5896 2074 2029 5897 2025 2024 5898 2479 2030 5899 2010 2000 5900 2002 2028 5901 2468 2031 5902 2003 2003 5903 2470 2032 5904 2019 2033 5905 2471 2034 5906 2069 2035 5907 2020 2036 5908 2478 2037 5909 2469 2038 5910 2021 2039 5911 2470 2032 5912 2028 2040 5913 2069 2035 5914 2476 2041 5915 2009 2042 5916 2469 2038 5917 2078 2043 5918 2031 2044 5919 2476 2041 5920 2475 2045 5921 2008 2046 5922 2078 2043 5923 2079 2047 5924 2474 2048 5925 2031 2044 5926 2475 2045 5927 2466 2049 5928 2008 2046 5929 2079 2047 5930 2473 2050 5931 2030 2051 5932 2474 2048 5933 2465 2052 5934 2016 2053 5935 2466 2049 5936 2018 2054 5937 2473 2050 5938 2472 2055 5939 2006 2056 5940 2480 2057 5941 2067 2058 5942 2019 2033 5943 2472 2055 5944 2471 2034 5945 2478 2037 5946 2006 2056 5947 2067 2058 5948 2011 2059 5949 2465 2052 5950 2480 2057 5951 2038 2060 5952 2005 2008 5953 2022 2013 5954 2046 2061 5955 2029 2010 5956 2014 2015 5957 2039 2062 5958 2022 2013 5959 2023 2017 5960 2047 2063 5961 2014 2015 5962 2015 2018 5963 2039 2062 5964 2024 2021 5965 2040 2064 5966 2047 2063 5967 2032 2022 5968 2048 2065 5969 2040 2064 5970 2025 2024 5971 2041 2066 5972 2034 2067 5973 2001 2026 5974 2002 2028 5975 2048 2065 5976 2001 2026 5977 2033 2068 5978 2042 2069 5979 2025 2024 5980 2010 2000 5981 2035 2070 5982 2002 2028 5983 2003 2003 5984 2043 2071 5985 2010 2000 5986 2027 2002 5987 2035 2070 5988 2004 2005 5989 2036 2072 5990 2043 2071 5991 2012 2006 5992 2044 2073 5993 2036 2072 5994 2005 2008 5995 2037 2074 5996 2044 2073 5997 2029 2010 5998 2045 2075 5999 2058 2076 6000 2101 2077 6001 2059 2078 6002 2052 2079 6003 2085 2080 6004 2087 2081 6005 2060 2082 6006 2101 2077 6007 2103 2083 6008 2052 2079 6009 2089 2084 6010 2053 2085 6011 2060 2082 6012 2105 2086 6013 2061 2087 6014 2053 2085 6015 2091 2088 6016 2054 2089 6017 2062 2090 6018 2105 2086 6019 2107 2091 6020 2054 2089 6021 2093 2092 6022 2055 2093 6023 2062 2090 6024 2109 2094 6025 2063 2095 6026 2056 2096 6027 2093 2092 6028 2095 2097 6029 2064 2098 6030 2109 2094 6031 2111 2099 6032 2056 2096 6033 2097 2100 6034 2057 2101 6035 2064 2098 6036 2082 2102 6037 2049 2103 6038 2050 2104 6039 2082 2102 6040 2083 2105 6041 2058 2076 6042 2097 2100 6043 2099 2106 6044 2050 2104 6045 2085 2080 6046 2051 2107 6047 2098 2108 6048 2042 2069 6049 2100 2109 6050 2084 2110 6051 2035 2070 6052 2086 2111 6053 2081 2112 6054 2048 2065 6055 2033 2068 6056 2100 2109 6057 2043 2071 6058 2102 2113 6059 2088 2114 6060 2035 2070 6061 2036 2072 6062 2104 2115 6063 2043 2071 6064 2044 2073 6065 2090 2116 6066 2036 2072 6067 2037 2074 6068 2104 2115 6069 2045 2075 6070 2106 2117 6071 2092 2118 6072 2037 2074 6073 2038 2060 6074 2108 2119 6075 2045 2075 6076 2046 2061 6077 2092 2118 6078 2039 2062 6079 2094 2120 6080 2108 2119 6081 2047 2063 6082 2110 2121 6083 2096 2122 6084 2039 2062 6085 2040 2064 6086 2112 2123 6087 2047 2063 6088 2048 2065 6089 2098 2108 6090 2040 2064 6091 2041 2066 6092 2469 2038 6093 2062 2090 6094 2078 2043 6095 2476 2041 6096 2055 2093 6097 2475 2045 6098 2078 2043 6099 2063 2095 6100 2079 2047 6101 2474 2048 6102 2055 2093 6103 2056 2096 6104 2466 2049 6105 2063 2095 6106 2064 2098 6107 2473 2050 6108 2056 2096 6109 2057 2101 6110 2465 2052 6111 2050 2104 6112 2480 2057 6113 2465 2052 6114 2064 2098 6115 2049 2103 6116 2473 2050 6117 2058 2076 6118 2472 2055 6119 2480 2057 6120 2051 2107 6121 2067 2058 6122 2472 2055 6123 2059 2078 6124 2471 2034 6125 2478 2037 6126 2051 2107 6127 2052 2079 6128 2470 2032 6129 2059 2078 6130 2060 2082 6131 2069 2035 6132 2052 2079 6133 2053 2085 6134 2469 2038 6135 2060 2082 6136 2061 2087 6137 2069 2035 6138 2054 2089 6139 2476 2041 6140 2081 2112 6141 2083 2105 6142 2082 2102 6143 2084 2110 6144 2085 2080 6145 2083 2105 6146 2088 2114 6147 2085 2080 6148 2086 2111 6149 2090 2116 6150 2087 2081 6151 2088 2114 6152 2090 2116 6153 2091 2088 6154 2089 2084 6155 2092 2118 6156 2093 2092 6157 2091 2088 6158 2096 2122 6159 2093 2092 6160 2094 2120 6161 2098 2108 6162 2095 2097 6163 2096 2122 6164 2098 2108 6165 2099 2106 6166 2097 2100 6167 2100 2109 6168 2101 2077 6169 2099 2106 6170 2104 2115 6171 2101 2077 6172 2102 2113 6173 2106 2117 6174 2103 2083 6175 2104 2115 6176 2106 2117 6177 2107 2091 6178 2105 2086 6179 2108 2119 6180 2109 2094 6181 2107 2091 6182 2112 2123 6183 2109 2094 6184 2110 2121 6185 2081 2112 6186 2111 2099 6187 2112 2123 6188 2081 2112 6189 2034 2067 6190 2084 2110 6191 2132 2124 6192 2522 1729 6193 2518 2125 6194 2519 2126 6195 2143 2127 6196 2523 2128 6197 2520 2129 6198 2138 2130 6199 2521 2131 6200 2521 2131 6201 2139 2132 6202 2526 2133 6203 2525 2134 6204 2143 2127 6205 2144 2135 6206 2524 1731 6207 2135 2136 6208 2529 2137 6209 2144 2135 6210 2517 2138 6211 2525 2134 6212 2528 2139 6213 2139 2132 6214 2140 2140 6215 2527 2141 6216 2131 2142 6217 2514 2143 6218 2140 2140 6219 2515 2144 6220 2528 2139 6221 2135 2136 6222 2516 2145 6223 2529 2137 6224 2520 2129 6225 2136 2146 6226 2137 2147 6227 2518 2125 6228 2131 2142 6229 2132 2124 6230 2515 2144 6231 2142 2148 6232 2519 2126 6233 2224 2149 6234 2176 2150 6235 2209 2151 6236 2153 2152 6237 2136 2146 6238 2152 2153 6239 2145 2154 6240 2144 2135 6241 2160 2155 6242 2153 2152 6243 2138 2130 6244 2137 2147 6245 2147 2156 6246 2130 2157 6247 2146 2158 6248 2155 2159 6249 2138 2130 6250 2154 2160 6251 2147 2156 6252 2132 2124 6253 2131 2142 6254 2155 2159 6255 2140 2140 6256 2139 2132 6257 2149 2161 6258 2132 2124 6259 2148 2162 6260 2157 2163 6261 2140 2140 6262 2156 2164 6263 2150 2165 6264 2133 2166 6265 2149 2161 6266 2157 2163 6267 2142 2148 6268 2141 2167 6269 2151 2168 6270 2134 1730 6271 2150 2165 6272 2159 2169 6273 2142 2148 6274 2158 2170 6275 2151 2168 6276 2136 2146 6277 2135 2136 6278 2159 2169 6279 2144 2135 6280 2143 2127 6281 2163 2171 6282 2177 2172 6283 2178 2173 6284 2173 2174 6285 2179 2175 6286 2180 2176 6287 2182 2177 6288 2169 2178 6289 2181 2179 6290 2169 2178 6291 2183 2180 6292 2181 2179 6293 2177 2172 6294 2165 2181 6295 2184 2182 6296 2174 2183 6297 2185 2184 6298 2179 2175 6299 2165 2181 6300 2186 2185 6301 2184 2182 6302 2175 2186 6303 2187 2187 6304 2185 2184 6305 2183 2180 6306 2171 2188 6307 2188 2189 6308 2190 2190 6309 2162 2191 6310 2189 2192 6311 2188 2189 6312 2172 2193 6313 2191 2194 6314 2166 2195 6315 2192 2196 6316 2186 2185 6317 2187 2187 6318 2161 2197 6319 2190 2190 6320 2167 2198 6321 2182 2177 6322 2192 2196 6323 2162 2191 6324 2178 2173 6325 2189 2192 6326 2191 2194 6327 2173 2174 6328 2180 2176 6329 2244 2199 6330 2284 2200 6331 2245 2201 6332 2221 2202 6333 2163 2171 6334 2222 2203 6335 2215 2204 6336 2171 2188 6337 2170 2205 6338 2223 2206 6339 2163 2171 6340 2162 2191 6341 2216 2207 6342 2170 2205 6343 2169 2178 6344 2224 2149 6345 2162 2191 6346 2161 2197 6347 2216 2207 6348 2168 2208 6349 2217 2209 6350 2209 2151 6351 2175 2186 6352 2210 2210 6353 2217 2209 6354 2167 2198 6355 2218 2211 6356 2211 2212 6357 2175 2186 6358 2174 2183 6359 2219 2213 6360 2167 2198 6361 2166 2195 6362 2212 2214 6363 2174 2183 6364 2173 2174 6365 2220 2215 6366 2166 2195 6367 2165 2181 6368 2212 2214 6369 2172 2193 6370 2213 2216 6371 2220 2215 6372 2164 2217 6373 2221 2202 6374 2243 2218 6375 2257 2219 6376 2258 2220 6377 2240 2221 6378 2210 2210 6379 2239 2222 6380 2232 2223 6381 2218 2211 6382 2231 2224 6383 2238 2225 6384 2210 2210 6385 2211 2212 6386 2230 2226 6387 2218 2211 6388 2219 2213 6389 2237 2227 6390 2211 2212 6391 2212 2214 6392 2229 2228 6393 2219 2213 6394 2220 2215 6395 2237 2227 6396 2213 2216 6397 2236 2229 6398 2229 2228 6399 2221 2202 6400 2228 2230 6401 2236 2229 6402 2214 2231 6403 2235 2232 6404 2228 2230 6405 2222 2203 6406 2227 2233 6407 2234 2234 6408 2214 2231 6409 2215 2204 6410 2226 2235 6411 2222 2203 6412 2223 2206 6413 2233 2236 6414 2215 2204 6415 2216 2207 6416 2225 2237 6417 2209 2151 6418 2240 2221 6419 2233 2236 6420 2217 2209 6421 2232 2223 6422 2189 2192 6423 2338 2238 6424 2337 2239 6425 2177 2172 6426 2338 2238 6427 2178 2173 6428 2177 2172 6429 2340 2240 6430 2339 2241 6431 2186 2185 6432 2340 2240 6433 2184 2182 6434 2192 2196 6435 2341 2242 6436 2186 2185 6437 2182 2177 6438 2342 2243 6439 2192 2196 6440 2182 2177 6441 2344 2244 6442 2343 2245 6443 2183 2180 6444 2344 2244 6445 2181 2179 6446 2183 2180 6447 2346 2246 6448 2345 2247 6449 2188 2189 6450 2347 2248 6451 2346 2246 6452 2191 2194 6453 2348 2249 6454 2347 2248 6455 2179 2175 6456 2348 2249 6457 2180 2176 6458 2185 2184 6459 2349 2250 6460 2179 2175 6461 2187 2187 6462 2350 2251 6463 2185 2184 6464 2187 2187 6465 2352 2252 6466 2351 2253 6467 2189 2192 6468 2352 2252 6469 2190 2190 6470 2145 2154 6471 2130 2157 6472 2129 2254 6473 2253 2255 6474 2259 2256 6475 2260 2257 6476 2262 2258 6477 2249 2259 6478 2261 2260 6479 2249 2259 6480 2263 2261 6481 2261 2260 6482 2244 2199 6483 2264 2262 6484 2257 2219 6485 2259 2256 6486 2255 2263 6487 2265 2264 6488 2245 2201 6489 2266 2265 6490 2264 2262 6491 2255 2263 6492 2267 2266 6493 2265 2264 6494 2263 2261 6495 2251 2267 6496 2268 2268 6497 2270 2269 6498 2242 2270 6499 2269 2271 6500 2251 2267 6501 2271 2272 6502 2268 2268 6503 2266 2265 6504 2247 2273 6505 2272 2274 6506 2267 2266 6507 2241 2275 6508 2270 2269 6509 2247 2273 6510 2262 2258 6511 2272 2274 6512 2269 2271 6513 2243 2218 6514 2258 2220 6515 2271 2272 6516 2253 2255 6517 2260 2257 6518 2258 2220 6519 2369 2276 6520 2269 2271 6521 2258 2220 6522 2371 2277 6523 2370 2278 6524 2257 2219 6525 2372 2279 6526 2371 2277 6527 2266 2265 6528 2372 2279 6529 2264 2262 6530 2272 2274 6531 2373 2280 6532 2266 2265 6533 2272 2274 6534 2375 2281 6535 2374 2282 6536 2262 2258 6537 2376 2283 6538 2375 2281 6539 2263 2261 6540 2376 2283 6541 2261 2260 6542 2268 2268 6543 2377 2284 6544 2263 2261 6545 2268 2268 6546 2379 2285 6547 2378 2286 6548 2271 2272 6549 2380 2287 6550 2379 2285 6551 2259 2256 6552 2380 2287 6553 2260 2257 6554 2265 2264 6555 2381 2288 6556 2259 2256 6557 2265 2264 6558 2383 2289 6559 2382 2290 6560 2267 2266 6561 2384 2291 6562 2383 2289 6563 2269 2271 6564 2384 2291 6565 2270 2269 6566 2225 2237 6567 2223 2206 6568 2224 2149 6569 2251 2267 6570 2279 2292 6571 2278 2293 6572 2250 2294 6573 2280 2295 6574 2279 2292 6575 2256 2296 6576 2288 2297 6577 2241 2275 6578 2243 2218 6579 2287 2298 6580 2286 2299 6581 2255 2263 6582 2273 2300 6583 2256 2296 6584 2247 2273 6585 2281 2301 6586 2248 2302 6587 2255 2263 6588 2275 2303 6589 2274 2304 6590 2246 2305 6591 2284 2200 6592 2283 2306 6593 2193 2307 6594 2146 2158 6595 2145 2154 6596 2252 2308 6597 2276 2309 6598 2253 2255 6599 2247 2273 6600 2283 2306 6601 2282 2310 6602 2254 2311 6603 2276 2309 6604 2275 2303 6605 2251 2267 6606 2277 2312 6607 2252 2308 6608 2322 2313 6609 2308 2314 6610 2321 2315 6611 2304 2316 6612 2274 2304 6613 2303 2317 6614 2243 2218 6615 2285 2318 6616 2244 2199 6617 2213 2216 6618 2171 2188 6619 2214 2231 6620 2296 2319 6621 2282 2310 6622 2295 2320 6623 2302 2321 6624 2274 2304 6625 2275 2303 6626 2294 2322 6627 2282 2310 6628 2283 2306 6629 2301 2323 6630 2275 2303 6631 2276 2309 6632 2293 2324 6633 2283 2306 6634 2284 2200 6635 2301 2323 6636 2277 2312 6637 2300 2325 6638 2293 2324 6639 2285 2318 6640 2292 2326 6641 2300 2325 6642 2278 2293 6643 2299 2327 6644 2292 2326 6645 2286 2299 6646 2291 2328 6647 2298 2329 6648 2278 2293 6649 2279 2292 6650 2290 2330 6651 2286 2299 6652 2287 2298 6653 2297 2331 6654 2279 2292 6655 2280 2295 6656 2289 2332 6657 2273 2300 6658 2304 2316 6659 2297 2331 6660 2281 2301 6661 2296 2319 6662 2317 2333 6663 2323 2334 6664 2324 2335 6665 2326 2336 6666 2313 2337 6667 2325 2338 6668 2313 2337 6669 2327 2339 6670 2325 2338 6671 2321 2315 6672 2309 2340 6673 2328 2341 6674 2318 2342 6675 2329 2343 6676 2323 2334 6677 2309 2340 6678 2330 2344 6679 2328 2341 6680 2329 2343 6681 2320 2345 6682 2331 2346 6683 2314 2347 6684 2332 2348 6685 2327 2339 6686 2305 2349 6687 2333 2350 6688 2334 2351 6689 2332 2348 6690 2316 2352 6691 2335 2353 6692 2310 2354 6693 2336 2355 6694 2330 2344 6695 2331 2346 6696 2305 2349 6697 2334 2351 6698 2336 2355 6699 2312 2356 6700 2326 2336 6701 2306 2357 6702 2322 2313 6703 2333 2350 6704 2335 2353 6705 2317 2333 6706 2324 2335 6707 2322 2313 6708 2385 2358 6709 2333 2350 6710 2322 2313 6711 2387 2359 6712 2386 2360 6713 2321 2315 6714 2388 2361 6715 2387 2359 6716 2330 2344 6717 2388 2361 6718 2328 2341 6719 2336 2355 6720 2389 2362 6721 2330 2344 6722 2336 2355 6723 2391 2363 6724 2390 2364 6725 2326 2336 6726 2392 2365 6727 2391 2363 6728 2327 2339 6729 2392 2365 6730 2325 2338 6731 2332 2348 6732 2393 2366 6733 2327 2339 6734 2332 2348 6735 2395 2367 6736 2394 2368 6737 2335 2353 6738 2396 2369 6739 2395 2367 6740 2323 2334 6741 2396 2369 6742 2324 2335 6743 2329 2343 6744 2397 2370 6745 2323 2334 6746 2329 2343 6747 2399 2371 6748 2398 2372 6749 2331 2346 6750 2400 2373 6751 2399 2371 6752 2333 2350 6753 2400 2373 6754 2334 2351 6755 2289 2332 6756 2287 2298 6757 2288 2297 6758 2242 2270 6759 2288 2297 6760 2287 2298 6761 2207 2374 6762 2148 2162 6763 2147 2156 6764 2203 2375 6765 2150 2165 6766 2204 2376 6767 2205 2377 6768 2150 2165 6769 2149 2161 6770 2201 2378 6771 2152 2153 6772 2202 2379 6773 2199 2380 6774 2154 2160 6775 2200 2381 6776 2197 2382 6777 2156 2164 6778 2198 2383 6779 2193 2307 6780 2160 2155 6781 2194 2384 6782 2195 2385 6783 2160 2155 6784 2159 2169 6785 2207 2374 6786 2146 2158 6787 2208 2386 6788 2205 2377 6789 2148 2162 6790 2206 2387 6791 2203 2375 6792 2152 2153 6793 2151 2168 6794 2201 2378 6795 2154 2160 6796 2153 2152 6797 2199 2380 6798 2156 2164 6799 2155 2159 6800 2195 2385 6801 2158 2170 6802 2196 2388 6803 2197 2382 6804 2158 2170 6805 2157 2163 6806 2337 2239 6807 2193 2307 6808 2352 2252 6809 2248 2302 6810 2280 2295 6811 2249 2259 6812 2351 2253 6813 2193 2307 6814 2194 2384 6815 2350 2251 6816 2194 2384 6817 2195 2385 6818 2350 2251 6819 2196 2388 6820 2349 2250 6821 2349 2250 6822 2197 2382 6823 2348 2249 6824 2347 2248 6825 2197 2382 6826 2198 2383 6827 2346 2246 6828 2198 2383 6829 2199 2380 6830 2346 2246 6831 2200 2381 6832 2345 2247 6833 2345 2247 6834 2201 2378 6835 2344 2244 6836 2343 2245 6837 2201 2378 6838 2202 2379 6839 2342 2243 6840 2202 2379 6841 2203 2375 6842 2342 2243 6843 2204 2376 6844 2341 2242 6845 2341 2242 6846 2205 2377 6847 2340 2240 6848 2339 2241 6849 2205 2377 6850 2206 2387 6851 2338 2238 6852 2206 2387 6853 2207 2374 6854 2338 2238 6855 2208 2386 6856 2337 2239 6857 2353 2389 6858 2225 2237 6859 2368 2390 6860 2367 2391 6861 2225 2237 6862 2240 2221 6863 2366 2392 6864 2240 2221 6865 2239 2222 6866 2365 2393 6867 2239 2222 6868 2238 2225 6869 2365 2393 6870 2237 2227 6871 2364 2394 6872 2363 2395 6873 2237 2227 6874 2236 2229 6875 2363 2395 6876 2235 2232 6877 2362 2396 6878 2362 2396 6879 2234 2234 6880 2361 2397 6881 2361 2397 6882 2233 2236 6883 2360 2398 6884 2359 2399 6885 2233 2236 6886 2232 2223 6887 2358 2400 6888 2232 2223 6889 2231 2224 6890 2358 2400 6891 2230 2226 6892 2357 2401 6893 2357 2401 6894 2229 2228 6895 2356 2402 6896 2355 2403 6897 2229 2228 6898 2228 2230 6899 2355 2403 6900 2227 2233 6901 2354 2404 6902 2354 2404 6903 2226 2235 6904 2353 2389 6905 2384 2291 6906 2353 2389 6907 2368 2390 6908 2384 2291 6909 2367 2391 6910 2383 2289 6911 2383 2289 6912 2366 2392 6913 2382 2290 6914 2381 2288 6915 2366 2392 6916 2365 2393 6917 2380 2287 6918 2365 2393 6919 2364 2394 6920 2380 2287 6921 2363 2395 6922 2379 2285 6923 2379 2285 6924 2362 2396 6925 2378 2286 6926 2377 2284 6927 2362 2396 6928 2361 2397 6929 2376 2283 6930 2361 2397 6931 2360 2398 6932 2376 2283 6933 2359 2399 6934 2375 2281 6935 2375 2281 6936 2358 2400 6937 2374 2282 6938 2373 2280 6939 2358 2400 6940 2357 2401 6941 2372 2279 6942 2357 2401 6943 2356 2402 6944 2372 2279 6945 2355 2403 6946 2371 2277 6947 2371 2277 6948 2354 2404 6949 2370 2278 6950 2369 2276 6951 2354 2404 6952 2353 2389 6953 2400 2373 6954 2416 2405 6955 2415 2406 6956 2400 2373 6957 2414 2407 6958 2399 2371 6959 2399 2371 6960 2413 2408 6961 2398 2372 6962 2397 2370 6963 2413 2408 6964 2412 2409 6965 2396 2369 6966 2412 2409 6967 2411 2410 6968 2396 2369 6969 2410 2411 6970 2395 2367 6971 2395 2367 6972 2409 2412 6973 2394 2368 6974 2393 2366 6975 2409 2412 6976 2408 2413 6977 2392 2365 6978 2408 2413 6979 2407 2414 6980 2392 2365 6981 2406 2415 6982 2391 2363 6983 2391 2363 6984 2405 2416 6985 2390 2364 6986 2389 2362 6987 2405 2416 6988 2404 2417 6989 2388 2361 6990 2404 2417 6991 2403 2418 6992 2388 2361 6993 2402 2419 6994 2387 2359 6995 2387 2359 6996 2401 2420 6997 2386 2360 6998 2385 2358 6999 2401 2420 7000 2416 2405 7001 2401 2420 7002 2290 2330 7003 2416 2405 7004 2402 2419 7005 2291 2328 7006 2401 2420 7007 2402 2419 7008 2293 2324 7009 2292 2326 7010 2404 2417 7011 2293 2324 7012 2403 2418 7013 2405 2416 7014 2294 2322 7015 2404 2417 7016 2405 2416 7017 2296 2319 7018 2295 2320 7019 2406 2415 7020 2297 2331 7021 2296 2319 7022 2408 2413 7023 2297 2331 7024 2407 2414 7025 2409 2412 7026 2298 2329 7027 2408 2413 7028 2410 2411 7029 2299 2327 7030 2409 2412 7031 2410 2411 7032 2301 2323 7033 2300 2325 7034 2412 2409 7035 2301 2323 7036 2411 2410 7037 2412 2409 7038 2303 2317 7039 2302 2321 7040 2413 2408 7041 2304 2316 7042 2303 2317 7043 2414 2407 7044 2289 2332 7045 2304 2316 7046 2416 2405 7047 2289 2332 7048 2415 2406 7049 2420 2421 7050 2309 2340 7051 2308 2314 7052 2428 2422 7053 2317 2333 7054 2316 2352 7055 2309 2340 7056 2422 2423 7057 2310 2354 7058 2317 2333 7059 2430 2424 7060 2318 2342 7061 2310 2354 7062 2423 2425 7063 2311 2426 7064 2318 2342 7065 2431 2427 7066 2319 2428 7067 2423 2425 7068 2312 2356 7069 2311 2426 7070 2431 2427 7071 2320 2345 7072 2319 2428 7073 2424 2429 7074 2313 2337 7075 2312 2356 7076 2305 2349 7077 2418 2430 7078 2306 2357 7079 2432 2431 7080 2305 2349 7081 2320 2345 7082 2313 2337 7083 2426 2432 7084 2314 2347 7085 2306 2357 7086 2419 2433 7087 2307 2434 7088 2314 2347 7089 2427 2435 7090 2315 2436 7091 2419 2433 7092 2308 2314 7093 2307 2434 7094 2427 2435 7095 2316 2352 7096 2315 2436 7097 2447 2437 7098 2432 2431 7099 2431 2427 7100 2440 2438 7101 2425 2439 7102 2424 2429 7103 2433 2440 7104 2418 2430 7105 2417 2441 7106 2432 2431 7107 2433 2440 7108 2417 2441 7109 2441 2442 7110 2426 2432 7111 2425 2439 7112 2434 2443 7113 2419 2433 7114 2418 2430 7115 2442 2444 7116 2427 2435 7117 2426 2432 7118 2435 2445 7119 2420 2421 7120 2419 2433 7121 2443 2446 7122 2428 2422 7123 2427 2435 7124 2436 2447 7125 2421 2448 7126 2420 2421 7127 2444 2449 7128 2429 2450 7129 2428 2422 7130 2437 2451 7131 2422 2423 7132 2421 2448 7133 2429 2450 7134 2446 2452 7135 2430 2424 7136 2438 2453 7137 2423 2425 7138 2422 2423 7139 2446 2452 7140 2431 2427 7141 2430 2424 7142 2439 2454 7143 2424 2429 7144 2423 2425 7145 2437 2451 7146 2454 2455 7147 2438 2453 7148 2461 2456 7149 2446 2452 7150 2445 2457 7151 2438 2453 7152 2455 2458 7153 2439 2454 7154 2446 2452 7155 2463 2459 7156 2447 2437 7157 2455 2458 7158 2440 2438 7159 2439 2454 7160 2463 2459 7161 2448 2460 7162 2447 2437 7163 2456 2461 7164 2441 2442 7165 2440 2438 7166 2433 2440 7167 2450 2462 7168 2434 2443 7169 2464 2463 7170 2433 2440 7171 2448 2460 7172 2457 2464 7173 2442 2444 7174 2441 2442 7175 2434 2443 7176 2451 2465 7177 2435 2445 7178 2442 2444 7179 2459 2466 7180 2443 2446 7181 2451 2465 7182 2436 2447 7183 2435 2445 7184 2459 2466 7185 2444 2449 7186 2443 2446 7187 2452 2467 7188 2437 2451 7189 2436 2447 7190 2444 2449 7191 2461 2456 7192 2445 2457 7193 2021 2039 7194 2459 2466 7195 2019 2033 7196 2007 2468 7197 2452 2467 7198 2020 2036 7199 2026 2469 7200 2460 2470 7201 2021 2039 7202 2454 2455 7203 2007 2468 7204 2028 2040 7205 2462 2471 7206 2026 2469 7207 2009 2042 7208 2455 2458 7209 2028 2040 7210 2031 2044 7211 2463 2459 7212 2009 2042 7213 2008 2046 7214 2030 2051 7215 2455 2458 7216 2031 2044 7217 2016 2053 7218 2463 2459 7219 2008 2046 7220 2017 2472 7221 2456 2461 7222 2030 2051 7223 2013 2473 7224 2464 2463 7225 2016 2053 7226 2458 2474 7227 2017 2472 7228 2018 2054 7229 2451 2465 7230 2011 2059 7231 2006 2056 7232 2479 2030 7233 1995 1997 7234 2065 2001 7235 2459 2466 7236 2018 2054 7237 2019 2033 7238 2020 2036 7239 2451 2465 7240 2006 2056 7241 2477 2004 7242 1987 1996 7243 1988 1998 7244 2467 2007 7245 1995 1997 7246 1996 1999 7247 2477 2004 7248 1989 1984 7249 2080 2009 7250 2467 2007 7251 1997 1986 7252 2066 2011 7253 2068 2012 7254 1989 1984 7255 1990 1985 7256 2077 2014 7257 1997 1986 7258 1998 1987 7259 2068 2012 7260 1991 1988 7261 2070 2016 7262 2077 2014 7263 1999 1989 7264 2076 2019 7265 2071 2020 7266 1991 1988 7267 1992 1990 7268 2072 2023 7269 1999 1989 7270 2000 1991 7271 2071 2020 7272 1993 1992 7273 2073 2025 7274 2075 2027 7275 1985 1993 7276 1986 1994 7277 2072 2023 7278 1985 1993 7279 2074 2029 7280 2479 2030 7281 1993 1992 7282 1994 1995 7283 2075 2027 7284 1987 1996 7285 2468 2031 7286 2450 2462 7287 2013 2473 7288 2011 2059 7289 2562 2476 7329 1438 2477 7330 2483 2478 7331 2569 2479 7335 1426 2480 7336 2122 2481 7337 2572 2482 7341 1428 2483 7342 2124 2484 7343 2576 2485 7350 2125 2486 7351 2573 2487 7352 2492 2488 7353 1428 2483 7354 2495 2489 7355 2567 2490 7356 1419 2491 7357 2119 2492 7358 2566 2493 7359 1432 2494 7360 2117 2495 7361 2569 2479 7362 1419 2491 7363 2577 2496 7364 2575 2497 7365 2114 2498 7366 2482 2499 7367 2562 2476 7368 2115 2500 7369 1425 2501 7370 2572 2482 7371 1432 2494 7372 2489 2502 7373 2566 2493 7374 1426 2480 7375 2497 2503 7376 2567 2490 7377 2114 2498 7378 2486 2504 7379 2575 2497 7380 2115 2500 7381 2485 2505 7382 2576 2485 7383 1438 2477 7384 1420 2506 7385 2492 2488 7386 2125 2486 7387 1429 2507 7388 2624 2540 7437 2515 2144 7438 2615 2541 7439 2622 2542 7440 2514 2143 7441 2616 2543 7442 2529 2137 7443 2614 2544 7444 2625 2545 7445 2623 2546 7446 2517 2138 7447 2613 2547 7448 2620 2548 7449 2529 2137 7450 2625 2545 7451 2526 2133 7452 2624 2540 7453 2621 2549 7454 2517 2138 7455 2622 2542 7456 2613 2547 7457 2619 2550 7458 2526 2133 7459 2621 2549 7460 2523 2128 7461 2623 2546 7462 2610 2551 7463 2522 1729 7464 2620 2548 7465 2611 2552 7466 2617 2553 7467 2523 2128 7468 2610 2551 7469 2612 2554 7470 2522 1729 7471 2611 2552 7472 2520 2129 7473 2619 2550 7474 2618 2555 7475 2614 2544 7476 2520 2129 7477 2618 2555 7478 2515 2144 7479 2617 2553 7480 2615 2541 7481 2514 2143 7482 2612 2554 7483 2616 2543 7484 2538 2539 7485 2549 2556 7486 2557 2557 7487 2537 2518 7488 2546 2558 7489 2556 2559 7490 2543 2531 7491 2561 2560 7492 2545 2537 7493 2539 2523 7494 2560 2561 7495 2544 2530 7496 2541 2526 7497 2554 2562 7498 2533 2512 7499 2534 2516 7500 2559 2563 7501 2542 2534 7502 2531 2533 7503 2561 2560 7504 2553 2564 7505 2543 2531 7506 2560 2561 7507 2552 2565 7508 2532 2513 7509 2558 2566 7510 2540 2528 7511 2541 2526 7512 2559 2563 7513 2551 2567 7514 2539 2523 7515 2558 2566 7516 2550 2568 7517 2538 2539 7518 2555 2569 7519 2535 2515 7520 2537 2518 7521 2549 2556 7522 2536 2519 7523 2534 2516 7524 2555 2569 7525 2548 2570 7526 2532 2513 7527 2554 2562 7528 2547 2571 7529 2531 2533 7530 2546 2558 7531 2530 2509 7532 2517 2138 7533 2130 2157 7534 2527 2141 7535 2553 2564 7536 2483 2478 7537 2546 2558 7538 2547 2571 7539 2497 2503 7540 2569 2479 7541 2548 2570 7542 2495 2489 7543 2572 2482 7544 2549 2556 7545 2576 2485 7546 2573 2487 7547 2557 2557 7548 2495 2489 7549 2555 2569 7550 2558 2566 7551 2567 2490 7552 2550 2568 7553 2559 2563 7554 2566 2493 7555 2551 2567 7556 2558 2566 7557 2569 2479 7558 2577 2496 7559 2552 2565 7560 2486 2504 7561 2575 2497 7562 2561 2560 7563 2562 2476 7564 2553 2564 7565 2559 2563 7566 2572 2482 7567 2489 2502 7568 2551 2567 7569 2497 2503 7570 2554 2562 7571 2550 2568 7572 2486 2504 7573 2560 2561 7574 2561 2560 7575 2575 2497 7576 2485 2505 7577 2556 2559 7578 2483 2478 7579 2576 2485 7580 2549 2556 7581 2492 2488 7582 2557 2557 7583 1425 2501 7584 2564 2572 7585 1438 2477 7586 2122 2481 7587 2126 2573 7588 2571 2574 7589 2124 2484 7590 2116 2575 7591 2563 2576 7592 2125 2486 7593 2565 2577 7594 2570 2578 7595 1429 2507 7596 2116 2575 7597 1428 2483 7598 1419 2491 7599 2113 2579 7600 2119 2492 7601 1432 2494 7602 2123 2580 7603 2117 2495 7604 1419 2491 7605 2571 2574 7606 2574 2581 7607 2482 2499 7608 2120 2582 7609 2568 2583 7610 2115 2500 7611 2118 2584 7612 1425 2501 7613 1432 2494 7614 2563 2576 7615 2121 2585 7616 2117 2495 7617 2126 2573 7618 1426 2480 7619 2119 2492 7620 2120 2582 7621 2114 2498 7622 2115 2500 7623 2568 2583 7624 2128 2586 7625 1420 2506 7626 2564 2572 7627 2565 2577 7628 2125 2486 7629 2127 2587 7630 1429 2507 7631 2616 2543 7728 2113 2579 7729 2574 2581 7730 2615 2541 7731 2563 2576 7732 2116 2575 7733 2118 2584 7734 2618 2555 7735 2564 2572 7736 2618 2555 7737 2565 2577 7738 2564 2572 7739 2113 2579 7740 2611 2552 7741 2120 2582 7742 2563 2576 7743 2610 2551 7744 2121 2585 7745 2611 2552 7746 2568 2583 7747 2120 2582 7748 2610 2551 7749 2123 2580 7750 2121 2585 7751 2565 2577 7752 2621 2549 7753 2570 2578 7754 2613 2547 7755 2571 2574 7756 2126 2573 7757 2621 2549 7758 2127 2587 7759 2570 2578 7760 2568 2583 7761 2625 2545 7762 2128 2586 7763 2123 2580 7764 2613 2547 7765 2126 2573 7766 2625 2545 7767 2118 2584 7768 2128 2586 7769 2571 2574 7770 2616 2543 7771 2574 2581 7772 2127 2587 7773 2615 2541 7774 2116 2575 7775 716 318 9303 1105 712 9304 1107 319 9305 556 563 10101 572 584 10102 573 570 10103 564 564 10104 580 585 10105 581 571 10106 557 565 10107 573 570 10108 574 572 10109 565 566 10110 581 571 10111 582 573 10112 558 567 10113 574 572 10114 575 574 10115 566 568 10116 582 573 10117 583 575 10118 559 569 10119 575 574 10120 576 576 10121 552 557 10122 568 578 10123 569 577 10124 567 554 10125 583 575 10126 568 578 10127 560 555 10128 576 576 10129 577 579 10130 553 556 10131 569 577 10132 570 580 10133 561 558 10134 577 579 10135 578 581 10136 554 559 10137 570 580 10138 571 582 10139 562 560 10140 578 581 10141 579 583 10142 555 561 10143 571 582 10144 572 584 10145 563 562 10146 579 583 10147 580 585 10148 648 586 10149 1062 616 10150 593 587 10151 1051 589 10152 586 617 10153 587 590 10154 648 586 10155 610 588 10156 595 592 10157 1060 591 10158 587 590 10159 588 594 10160 1050 593 10161 595 592 10162 612 596 10163 651 598 10164 663 595 10165 588 594 10166 649 597 10167 612 596 10168 597 600 10169 651 598 10170 605 599 10171 606 602 10172 660 601 10173 597 600 10174 598 604 10175 653 603 10176 606 602 10177 607 606 10178 659 605 10179 598 604 10180 615 608 10181 654 607 10182 607 606 10183 608 610 10184 657 612 10185 584 615 10186 585 613 10187 655 609 10188 615 608 10189 584 615 10190 1062 616 10191 656 611 10192 608 610 10193 658 614 10194 585 613 10195 586 617 10196 602 618 10197 604 624 10198 1053 619 10199 603 621 10200 590 1060 10201 652 622 10202 604 624 10203 609 628 10204 1052 625 10205 652 622 10206 590 1060 10207 611 626 10208 609 628 10209 592 631 10210 661 629 10211 611 626 10212 614 633 10213 1058 630 10214 592 631 10215 591 635 10216 662 632 10217 614 633 10218 613 637 10219 1057 634 10220 591 635 10221 599 639 10222 1049 636 10223 613 637 10224 600 1061 10225 1056 638 10226 599 639 10227 596 647 10228 1048 640 10229 1056 638 10230 600 1061 10231 601 641 10232 594 643 10233 589 646 10234 650 644 10235 1055 642 10236 601 641 10237 602 618 10238 589 646 10239 603 621 10240 1061 623 10241 596 647 10242 594 643 10243 1063 645 10244 605 599 10245 588 594 10246 620 648 10247 597 600 10248 612 596 10249 628 650 10250 605 599 10251 621 649 10252 622 652 10253 598 604 10254 597 600 10255 629 651 10256 607 606 10257 606 602 10258 622 652 10259 615 608 10260 598 604 10261 630 653 10262 608 610 10263 607 606 10264 623 654 10265 584 615 10266 616 658 10267 617 657 10268 615 608 10269 631 655 10270 616 658 10271 608 610 10272 624 656 10273 625 659 10274 585 613 10275 617 657 10276 618 660 10277 593 587 10278 625 659 10279 626 661 10280 587 590 10281 586 617 10282 618 660 10283 610 588 10284 626 661 10285 627 663 10286 588 594 10287 587 590 10288 619 662 10289 595 592 10290 627 663 10291 628 650 10292 682 664 10293 641 694 10294 642 665 10295 670 667 10296 668 695 10297 634 668 10298 684 666 10299 642 665 10300 643 670 10301 672 672 10302 670 667 10303 635 669 10304 686 671 10305 643 670 10306 644 674 10307 674 676 10308 672 672 10309 636 673 10310 690 678 10311 688 675 10312 644 674 10313 674 676 10314 637 677 10315 638 680 10316 692 682 10317 690 678 10318 645 679 10319 678 684 10320 676 681 10321 638 680 10322 694 686 10323 692 682 10324 646 683 10325 680 688 10326 678 684 10327 639 685 10328 694 686 10329 647 687 10330 632 690 10331 665 691 10332 632 690 10333 633 692 10334 680 688 10335 640 689 10336 641 694 10337 666 693 10338 633 692 10339 634 668 10340 624 656 10341 681 711 10342 683 696 10343 618 660 10344 617 657 10345 667 697 10346 631 655 10347 695 710 10348 664 699 10349 626 661 10350 625 659 10351 683 696 10352 618 660 10353 669 698 10354 671 701 10355 627 663 10356 626 661 10357 685 700 10358 619 662 10359 671 701 10360 673 703 10361 627 663 10362 687 702 10363 689 704 10364 620 648 10365 673 703 10366 675 705 10367 628 650 10368 689 704 10369 691 706 10370 622 652 10371 621 649 10372 675 705 10373 629 651 10374 691 706 10375 693 708 10376 622 652 10377 677 707 10378 679 709 10379 630 653 10380 693 708 10381 695 710 10382 623 654 10383 679 709 10384 681 711 10385 644 674 10386 1052 625 10387 661 629 10388 638 680 10389 637 677 10390 1059 627 10391 645 679 10392 661 629 10393 662 632 10394 638 680 10395 1058 630 10396 1057 634 10397 646 683 10398 662 632 10399 1049 636 10400 639 685 10401 1057 634 10402 1056 638 10403 633 692 10404 632 690 10405 1048 640 10406 647 687 10407 1049 636 10408 1048 640 10409 640 689 10410 1056 638 10411 1055 642 10412 634 668 10413 633 692 10414 1063 645 10415 642 665 10416 641 694 10417 1055 642 10418 634 668 10419 650 644 10420 1061 623 10421 643 670 10422 642 665 10423 1054 620 10424 635 669 10425 1061 623 10426 652 622 10427 643 670 10428 1053 619 10429 1052 625 10430 636 673 10431 652 622 10432 1059 627 10433 666 693 10434 667 697 10435 664 699 10436 668 695 10437 669 698 10438 667 697 10439 670 667 10440 671 701 10441 669 698 10442 672 672 10443 673 703 10444 671 701 10445 674 676 10446 675 705 10447 673 703 10448 676 681 10449 677 707 10450 675 705 10451 678 684 10452 679 709 10453 677 707 10454 680 688 10455 681 711 10456 679 709 10457 682 664 10458 683 696 10459 681 711 10460 684 666 10461 685 700 10462 683 696 10463 686 671 10464 687 702 10465 685 700 10466 688 675 10467 689 704 10468 687 702 10469 690 678 10470 691 706 10471 689 704 10472 692 682 10473 693 708 10474 691 706 10475 694 686 10476 695 710 10477 693 708 10478 665 691 10479 664 699 10480 695 710 10481 617 657 10482 616 658 10483 664 699 10484 1105 712 10485 716 318 10486 715 713 10487 725 715 10488 1102 739 10489 1106 716 10490 721 718 10491 720 737 10492 1103 719 10493 722 721 10494 721 718 10495 1104 720 10496 726 717 10497 1106 716 10498 1108 723 10499 718 725 10500 717 320 10501 1107 319 10502 712 727 10503 727 724 10504 1108 723 10505 722 721 10506 1109 722 10507 1111 729 10508 714 731 10509 713 747 10510 1110 732 10511 1098 734 10512 724 738 10513 723 730 10514 719 735 10515 718 725 10516 1112 726 10517 720 737 10518 719 735 10519 1099 736 10520 714 731 10521 1097 733 10522 1101 714 10523 724 738 10524 1098 734 10525 1102 739 10526 744 740 10527 807 794 10528 792 741 10529 720 737 10530 736 745 10531 735 743 10532 712 727 10533 728 841 10534 743 744 10535 721 718 10536 737 748 10537 736 745 10538 714 731 10539 730 749 10540 729 746 10541 722 721 10542 738 750 10543 737 748 10544 715 713 10545 731 752 10546 730 749 10547 723 730 10548 739 753 10549 738 750 10550 715 713 10551 716 318 10552 732 751 10553 724 738 10554 740 755 10555 739 753 10556 716 318 10557 717 320 10558 733 754 10559 725 715 10560 741 757 10561 740 755 10562 718 725 10563 734 758 10564 733 754 10565 725 715 10566 726 717 10567 742 756 10568 719 735 10569 735 743 10570 734 758 10571 726 717 10572 727 724 10573 743 744 10574 747 759 10575 746 785 10576 761 760 10577 757 762 10578 756 786 10579 763 763 10580 752 765 10581 751 784 10582 765 766 10583 753 768 10584 752 765 10585 764 767 10586 767 770 10587 748 774 10588 747 759 10589 758 771 10590 757 762 10591 762 764 10592 769 773 10593 749 783 10594 748 774 10595 759 742 10596 758 771 10597 768 772 10598 754 776 10599 753 768 10600 766 769 10601 745 778 10602 744 740 10603 773 779 10604 774 781 10605 755 803 10606 754 776 10607 775 782 10608 750 798 10609 749 783 10610 744 740 10611 759 742 10612 770 775 10613 751 784 10614 750 798 10615 775 782 10616 746 785 10617 745 778 10618 772 780 10619 756 786 10620 755 803 10621 774 781 10622 868 787 10623 827 806 10624 828 788 10625 747 759 10626 804 805 10627 805 790 10628 754 776 10629 797 819 10630 798 791 10631 746 785 10632 805 790 10633 806 792 10634 753 768 10635 798 791 10636 799 793 10637 745 778 10638 806 792 10639 807 794 10640 752 765 10641 799 793 10642 800 795 10643 759 742 10644 792 741 10645 793 796 10646 751 784 10647 800 795 10648 801 797 10649 758 771 10650 793 796 10651 794 799 10652 750 798 10653 801 797 10654 802 800 10655 757 762 10656 794 799 10657 795 801 10658 749 783 10659 802 800 10660 803 802 10661 755 803 10662 756 786 10663 795 801 10664 748 774 10665 803 802 10666 804 805 10667 827 806 10668 826 866 10669 841 807 10670 793 796 10671 792 741 10672 823 809 10673 800 795 10674 815 824 10675 814 811 10676 794 799 10677 793 796 10678 822 810 10679 801 797 10680 814 811 10681 813 813 10682 795 801 10683 794 799 10684 821 812 10685 803 802 10686 802 800 10687 813 813 10688 795 801 10689 820 814 10690 819 816 10691 804 805 10692 803 802 10693 812 815 10694 796 804 10695 819 816 10696 818 818 10697 804 805 10698 811 817 10699 810 820 10700 797 819 10701 818 818 10702 817 821 10703 805 790 10704 810 820 10705 809 822 10706 798 791 10707 817 821 10708 816 823 10709 807 794 10710 808 883 10711 823 809 10712 799 793 10713 816 823 10714 815 824 10715 921 825 10716 761 760 10717 772 780 10718 922 827 10719 760 761 10720 761 760 10721 923 828 10722 767 770 10723 760 761 10724 924 829 10725 769 773 10726 767 770 10727 925 830 10728 775 782 10729 769 773 10730 926 831 10731 765 766 10732 775 782 10733 927 832 10734 764 767 10735 765 766 10736 928 833 10737 766 769 10738 764 767 10739 928 833 10740 929 835 10741 771 777 10742 930 834 10743 774 781 10744 771 777 10745 931 836 10746 763 763 10747 774 781 10748 931 836 10749 932 838 10750 762 764 10751 933 837 10752 768 772 10753 762 764 10754 934 839 10755 770 775 10756 768 772 10757 935 840 10758 773 779 10759 770 775 10760 920 826 10761 772 780 10762 773 779 10763 713 747 10764 729 746 10765 728 841 10766 842 842 10767 837 900 10768 836 843 10769 832 845 10770 831 865 10771 845 846 10772 833 848 10773 832 845 10774 844 847 10775 847 850 10776 828 788 10777 827 806 10778 838 851 10779 837 900 10780 842 842 10781 849 853 10782 829 863 10783 828 788 10784 839 854 10785 838 851 10786 848 852 10787 834 856 10788 833 848 10789 846 849 10790 825 858 10791 824 864 10792 853 859 10793 854 861 10794 835 901 10795 834 856 10796 855 862 10797 830 899 10798 829 863 10799 824 864 10800 839 854 10801 850 855 10802 831 865 10803 830 899 10804 855 862 10805 826 866 10806 825 858 10807 852 860 10808 836 843 10809 835 901 10810 854 861 10811 953 867 10812 841 807 10813 852 860 10814 954 869 10815 840 808 10816 841 807 10817 955 870 10818 847 850 10819 840 808 10820 956 871 10821 849 853 10822 847 850 10823 957 872 10824 855 862 10825 849 853 10826 958 873 10827 845 846 10828 855 862 10829 959 874 10830 844 847 10831 845 846 10832 960 875 10833 846 849 10834 844 847 10835 960 875 10836 961 877 10837 851 857 10838 962 876 10839 854 861 10840 851 857 10841 963 878 10842 843 844 10843 854 861 10844 963 878 10845 964 880 10846 842 842 10847 965 879 10848 848 852 10849 842 842 10850 966 881 10851 850 855 10852 848 852 10853 967 882 10854 853 859 10855 850 855 10856 952 868 10857 852 860 10858 853 859 10859 806 792 10860 809 822 10861 808 883 10862 862 884 10863 833 848 10864 834 856 10865 863 886 10866 832 845 10867 833 848 10868 856 887 10869 839 854 10870 824 864 10871 870 889 10872 825 858 10873 826 866 10874 857 891 10875 838 851 10876 839 854 10877 865 892 10878 830 899 10879 831 865 10880 858 894 10881 837 900 10882 838 851 10883 867 789 10884 828 788 10885 829 863 10886 729 746 10887 791 974 10888 776 896 10889 860 897 10890 835 901 10891 836 843 10892 866 895 10893 829 863 10894 830 899 10895 859 898 10896 836 843 10897 837 900 10898 861 885 10899 834 856 10900 835 901 10901 891 902 10902 890 945 10903 905 903 10904 857 891 10905 856 887 10906 887 905 10907 869 890 10908 826 866 10909 827 806 10910 755 803 10911 796 804 10912 797 819 10913 864 893 10914 879 919 10915 878 907 10916 858 894 10917 857 891 10918 886 906 10919 865 892 10920 878 907 10921 877 909 10922 859 898 10923 858 894 10924 885 908 10925 867 789 10926 866 895 10927 877 909 10928 859 898 10929 884 910 10930 883 912 10931 868 787 10932 867 789 10933 876 911 10934 860 897 10935 883 912 10936 882 914 10937 868 787 10938 875 913 10939 874 915 10940 861 885 10941 882 914 10942 881 916 10943 869 890 10944 874 915 10945 873 917 10946 862 884 10947 881 916 10948 880 918 10949 871 888 10950 872 962 10951 887 905 10952 863 886 10953 880 918 10954 879 919 10955 906 920 10956 901 1015 10957 900 921 10958 896 923 10959 895 944 10960 909 924 10961 897 926 10962 896 923 10963 908 925 10964 911 928 10965 892 932 10966 891 902 10967 902 929 10968 901 1015 10969 906 920 10970 913 931 10971 893 942 10972 892 932 10973 903 933 10974 902 929 10975 912 930 10976 898 935 10977 897 926 10978 910 927 10979 889 937 10980 888 943 10981 917 938 10982 918 940 10983 899 1012 10984 898 935 10985 919 941 10986 894 1017 10987 893 942 10988 888 943 10989 903 933 10990 914 934 10991 895 944 10992 894 1017 10993 919 941 10994 890 945 10995 889 937 10996 916 939 10997 900 921 10998 899 1012 10999 918 940 11000 969 946 11001 905 903 11002 916 939 11003 970 948 11004 904 904 11005 905 903 11006 971 949 11007 911 928 11008 904 904 11009 972 950 11010 913 931 11011 911 928 11012 973 951 11013 919 941 11014 913 931 11015 974 952 11016 909 924 11017 919 941 11018 975 953 11019 908 925 11020 909 924 11021 976 954 11022 910 927 11023 908 925 11024 976 954 11025 977 956 11026 915 936 11027 978 955 11028 918 940 11029 915 936 11030 979 957 11031 907 922 11032 918 940 11033 979 957 11034 980 959 11035 906 920 11036 981 958 11037 912 930 11038 906 920 11039 982 960 11040 914 934 11041 912 930 11042 983 961 11043 917 938 11044 914 934 11045 968 947 11046 916 939 11047 917 938 11048 870 889 11049 873 917 11050 872 962 11051 871 888 11052 824 864 11053 825 858 11054 730 749 11055 731 752 11056 789 963 11057 734 758 11058 786 975 11059 787 965 11060 733 754 11061 787 965 11062 788 966 11063 736 745 11064 784 976 11065 785 967 11066 737 748 11067 738 750 11068 782 968 11069 739 753 11070 740 755 11071 780 970 11072 728 841 11073 776 896 11074 777 972 11075 743 744 11076 777 972 11077 778 973 11078 730 749 11079 790 964 11080 791 974 11081 732 751 11082 788 966 11083 789 963 11084 735 743 11085 785 967 11086 786 975 11087 737 748 11088 783 969 11089 784 976 11090 738 750 11091 739 753 11092 781 971 11093 742 756 11094 778 973 11095 779 977 11096 741 757 11097 779 977 11098 780 970 11099 776 896 11100 791 974 11101 920 826 11102 864 893 11103 831 865 11104 832 845 11105 776 896 11106 935 840 11107 934 839 11108 778 973 11109 777 972 11110 934 839 11111 778 973 11112 933 837 11113 932 838 11114 780 970 11115 779 977 11116 932 838 11117 780 970 11118 931 836 11119 930 834 11120 782 968 11121 781 971 11122 930 834 11123 782 968 11124 929 835 11125 928 833 11126 784 976 11127 783 969 11128 928 833 11129 784 976 11130 927 832 11131 926 831 11132 785 967 11133 926 831 11134 925 830 11135 787 965 11136 786 975 11137 925 830 11138 788 966 11139 787 965 11140 924 829 11141 788 966 11142 923 828 11143 922 827 11144 789 963 11145 922 827 11146 921 825 11147 791 974 11148 790 964 11149 921 825 11150 809 822 11151 936 993 11152 951 978 11153 808 883 11154 951 978 11155 950 979 11156 823 809 11157 950 979 11158 949 980 11159 822 810 11160 949 980 11161 948 981 11162 821 812 11163 948 981 11164 947 982 11165 819 816 11166 820 814 11167 947 982 11168 818 818 11169 819 816 11170 946 983 11171 817 821 11172 818 818 11173 945 984 11174 817 821 11175 944 985 11176 943 986 11177 816 823 11178 943 986 11179 942 987 11180 815 824 11181 942 987 11182 941 988 11183 814 811 11184 941 988 11185 940 989 11186 813 813 11187 940 989 11188 939 990 11189 812 815 11190 939 990 11191 938 991 11192 810 820 11193 811 817 11194 938 991 11195 810 820 11196 937 992 11197 936 993 11198 936 993 11199 952 868 11200 967 882 11201 951 978 11202 967 882 11203 966 881 11204 949 980 11205 950 979 11206 966 881 11207 949 980 11208 965 879 11209 964 880 11210 947 982 11211 948 981 11212 964 880 11213 947 982 11214 963 878 11215 962 876 11216 945 984 11217 946 983 11218 962 876 11219 945 984 11220 961 877 11221 960 875 11222 943 986 11223 944 985 11224 960 875 11225 943 986 11226 959 874 11227 958 873 11228 942 987 11229 958 873 11230 957 872 11231 940 989 11232 941 988 11233 957 872 11234 939 990 11235 940 989 11236 956 871 11237 939 990 11238 955 870 11239 954 869 11240 938 991 11241 954 869 11242 953 867 11243 937 992 11244 953 867 11245 952 868 11246 998 994 11247 999 1009 11248 968 947 11249 998 994 11250 983 961 11251 982 960 11252 996 996 11253 997 995 11254 982 960 11255 996 996 11256 981 958 11257 980 959 11258 994 998 11259 995 997 11260 980 959 11261 994 998 11262 979 957 11263 978 955 11264 992 1000 11265 993 999 11266 978 955 11267 992 1000 11268 977 956 11269 976 954 11270 990 1002 11271 991 1001 11272 976 954 11273 990 1002 11274 975 953 11275 974 952 11276 989 1003 11277 974 952 11278 973 951 11279 987 1005 11280 988 1004 11281 973 951 11282 986 1006 11283 987 1005 11284 972 950 11285 986 1006 11286 971 949 11287 970 948 11288 985 1007 11289 970 948 11290 969 946 11291 999 1009 11292 984 1008 11293 969 946 11294 874 915 11295 984 1008 11296 999 1009 11297 874 915 11298 875 913 11299 985 1007 11300 876 911 11301 986 1006 11302 985 1007 11303 877 909 11304 987 1005 11305 986 1006 11306 878 907 11307 988 1004 11308 987 1005 11309 879 919 11310 989 1003 11311 988 1004 11312 880 918 11313 990 1002 11314 989 1003 11315 881 916 11316 991 1001 11317 990 1002 11318 881 916 11319 882 914 11320 992 1000 11321 882 914 11322 883 912 11323 993 999 11324 883 912 11325 884 910 11326 994 998 11327 885 908 11328 995 997 11329 994 998 11330 886 906 11331 996 996 11332 995 997 11333 887 905 11334 997 995 11335 996 996 11336 872 962 11337 998 994 11338 997 995 11339 873 917 11340 999 1009 11341 998 994 11342 1004 1010 11343 1003 1026 11344 891 902 11345 1012 1011 11346 1011 1027 11347 899 1012 11348 1005 1013 11349 1004 1010 11350 892 932 11351 1013 1014 11352 1012 1011 11353 900 921 11354 1006 1016 11355 1005 1013 11356 893 942 11357 1014 568 11358 1013 1014 11359 901 1015 11360 1007 1018 11361 1006 1016 11362 894 1017 11363 1015 1019 11364 1014 568 11365 902 929 11366 1008 1020 11367 1007 1018 11368 895 944 11369 1001 1021 11370 1000 1022 11371 888 943 11372 1000 1022 11373 1015 1019 11374 903 933 11375 1009 1023 11376 1008 1020 11377 896 923 11378 1002 1024 11379 1001 1021 11380 889 937 11381 1010 1025 11382 1009 1023 11383 897 926 11384 1003 1026 11385 1002 1024 11386 890 945 11387 1011 1027 11388 1010 1025 11389 898 935 11390 1031 1028 11391 1030 1042 11392 1014 568 11393 1024 1029 11394 1023 1043 11395 1007 1018 11396 1017 1030 11397 1016 1031 11398 1000 1022 11399 1016 1031 11400 1031 1028 11401 1015 1019 11402 1025 1032 11403 1024 1029 11404 1008 1020 11405 1018 1033 11406 1017 1030 11407 1001 1021 11408 1026 1034 11409 1025 1032 11410 1009 1023 11411 1019 1035 11412 1018 1033 11413 1002 1024 11414 1027 1036 11415 1026 1034 11416 1010 1025 11417 1020 1037 11418 1019 1035 11419 1003 1026 11420 1028 1038 11421 1027 1036 11422 1011 1027 11423 1021 1039 11424 1020 1037 11425 1004 1010 11426 1029 1040 11427 1028 1038 11428 1012 1011 11429 1022 1041 11430 1021 1039 11431 1005 1013 11432 1030 1042 11433 1029 1040 11434 1013 1014 11435 1023 1043 11436 1022 1041 11437 1006 1016 11438 1037 1044 11439 1036 1058 11440 1020 1037 11441 1045 1045 11442 1044 1059 11443 1028 1038 11444 1038 1046 11445 1037 1044 11446 1021 1039 11447 1046 1047 11448 1045 1045 11449 1029 1040 11450 1039 1048 11451 1038 1046 11452 1022 1041 11453 1047 1049 11454 1046 1047 11455 1030 1042 11456 1040 1050 11457 1039 1048 11458 1023 1043 11459 1033 1051 11460 1032 1052 11461 1016 1031 11462 1032 1052 11463 1047 1049 11464 1031 1028 11465 1041 1053 11466 1040 1050 11467 1024 1029 11468 1034 1054 11469 1033 1051 11470 1017 1030 11471 1042 1055 11472 1041 1053 11473 1025 1032 11474 1035 1056 11475 1034 1054 11476 1018 1033 11477 1043 1057 11478 1042 1055 11479 1026 1034 11480 1036 1058 11481 1035 1056 11482 1019 1035 11483 1044 1059 11484 1043 1057 11485 1027 1036 11486 1042 1055 11487 1043 1057 11488 604 624 11489 1035 1056 11490 1036 1058 11491 590 1060 11492 604 624 11493 1043 1057 11494 1044 1059 11495 1036 1058 11496 1037 1044 11497 611 626 11498 609 628 11499 1044 1059 11500 1045 1045 11501 1037 1044 11502 1038 1046 11503 614 633 11504 592 631 11505 1045 1045 11506 1046 1047 11507 1038 1046 11508 1039 1048 11509 613 637 11510 591 635 11511 1046 1047 11512 1047 1049 11513 1039 1048 11514 1040 1050 11515 600 1061 11516 599 639 11517 1047 1049 11518 1032 1052 11519 600 1061 11520 1040 1050 11521 1041 1053 11522 1033 1051 11523 1034 1054 11524 589 646 11525 577 579 11526 1062 616 11527 648 586 11528 1041 1053 11529 1042 1055 11530 602 618 11531 1034 1054 11532 1035 1056 11533 603 621 11534 570 580 11535 1051 589 11536 1060 591 11537 578 581 11538 648 586 11539 1050 593 11540 571 582 11541 1060 591 11542 663 595 11543 579 583 11544 1050 593 11545 649 597 11546 572 584 11547 663 595 11548 651 598 11549 580 585 11550 649 597 11551 660 601 11552 574 572 11553 573 570 11554 651 598 11555 582 573 11556 581 571 11557 660 601 11558 574 572 11559 653 603 11560 654 607 11561 583 575 11562 582 573 11563 659 605 11564 575 574 11565 654 607 11566 656 611 11567 569 577 11568 568 578 11569 657 612 11570 568 578 11571 583 575 11572 655 609 11573 577 579 11574 576 576 11575 656 611 11576 569 577 11577 658 614 11578 1051 589 11579 596 647 11580 1032 1052 11581 1033 1051 11582 21 1063 11625 8 1088 11626 1145 1064 11627 9 1066 11631 1080 1090 11632 1152 1067 11633 11 1069 11637 1078 1076 11638 1155 1070 11639 708 1072 11646 3 1093 11647 1159 1073 11648 11 1069 11649 12 1094 11650 1075 1075 11651 2 1077 11652 1160 1083 11653 1150 1078 11654 15 1080 11655 1072 1089 11656 1149 1081 11657 2 1077 11658 705 1068 11659 1152 1067 11660 697 1084 11661 1069 1091 11662 1158 1085 11663 698 1087 11664 1068 1092 11665 1145 1064 11666 15 1080 11667 707 1071 11668 1155 1070 11669 9 1066 11670 700 1082 11671 1149 1081 11672 697 1084 11673 702 1079 11674 1150 1078 11675 698 1087 11676 1065 1086 11677 1158 1085 11678 21 1063 11679 1066 1065 11680 1159 1073 11681 708 1072 11682 1156 1074 11683 1075 1075 11684 1098 734 11733 1111 729 11734 1207 1127 11735 1097 733 11736 1110 732 11737 1205 1129 11738 1197 1131 11739 1099 736 11740 1112 726 11741 1100 728 11742 1108 723 11743 1206 1133 11744 1112 726 11745 1107 319 11746 1203 1135 11747 1207 1127 11748 1111 729 11749 1109 722 11750 1205 1129 11751 1110 732 11752 1100 728 11753 1109 722 11754 1104 720 11755 1202 1137 11756 1206 1133 11757 1108 723 11758 1106 716 11759 1203 1135 11760 1107 319 11761 1105 712 11762 1106 716 11763 1102 739 11764 1200 1140 11765 1105 712 11766 1101 714 11767 1195 1141 11768 1202 1137 11769 1104 720 11770 1103 719 11771 1103 719 11772 1099 736 11773 1197 1131 11774 1200 1140 11775 1102 739 11776 1098 734 11777 1195 1141 11778 1101 714 11779 1097 733 11780 1140 1143 11781 1132 1156 11782 1119 1104 11783 1129 1144 11784 1113 1097 11785 1120 1125 11786 1144 1146 11787 1135 1151 11788 1126 1118 11789 1143 1147 11790 1133 1154 11791 1122 1111 11792 1137 1148 11793 1134 1153 11794 1124 1112 11795 1142 1149 11796 1131 1157 11797 1117 1101 11798 1144 1146 11799 1128 1119 11800 1114 1095 11801 1143 1147 11802 1127 1116 11803 1126 1118 11804 1141 1152 11805 1130 1158 11806 1115 1100 11807 1142 1149 11808 1125 1121 11809 1124 1112 11810 1133 1154 11811 1141 1152 11812 1123 1109 11813 1138 1155 11814 1140 1143 11815 1121 1107 11816 1139 1145 11817 1120 1125 11818 1119 1104 11819 1138 1155 11820 1118 1108 11821 1117 1101 11822 1137 1148 11823 1116 1098 11824 1115 1100 11825 1129 1144 11826 1136 1150 11827 1114 1095 11828 713 747 11829 712 727 11830 1100 728 11831 1066 1065 11832 1145 1064 11833 1136 1150 11834 1080 1090 11835 1137 1148 11836 1130 1158 11837 1078 1076 11838 1138 1155 11839 1131 1157 11840 1159 1073 11841 1139 1145 11842 1132 1156 11843 1078 1076 11844 1075 1075 11845 1140 1143 11846 1150 1078 11847 1160 1083 11848 1141 1152 11849 1149 1081 11850 1072 1089 11851 1142 1149 11852 1152 1067 11853 1130 1158 11854 1141 1152 11855 1069 1091 11856 1143 1147 11857 1135 1151 11858 1145 1064 11859 1068 1092 11860 1144 1146 11861 1155 1070 11862 1131 1157 11863 1142 1149 11864 1080 1090 11865 1149 1081 11866 1134 1153 11867 1069 1091 11868 1150 1078 11869 1133 1154 11870 1158 1085 11871 1135 1151 11872 1144 1146 11873 1066 1065 11874 1129 1144 11875 1139 1145 11876 1075 1075 11877 1156 1074 11878 1132 1156 11879 1147 1159 11880 701 1171 11881 8 1088 11882 709 1160 11883 9 1066 11884 705 1068 11885 699 1162 11886 11 1069 11887 707 1071 11888 1148 1164 11889 3 1093 11890 708 1072 11891 699 1162 11892 710 1174 11893 12 1094 11894 696 1166 11895 1157 1168 11896 2 1077 11897 706 1167 11898 704 1172 11899 15 1080 11900 1154 1161 11901 705 1068 11902 2 1077 11903 703 1169 11904 697 1084 11905 1065 1086 11906 701 1171 11907 711 1173 11908 698 1087 11909 1146 1163 11910 707 1071 11911 15 1080 11912 709 1160 11913 706 1167 11914 700 1082 11915 703 1169 11916 696 1166 11917 702 1079 11918 1151 1170 11919 1065 1086 11920 698 1087 11921 1147 1159 11922 21 1063 11923 3 1093 11924 710 1174 11925 1153 1165 11926 708 1072 11927 696 1166 12024 1195 1141 12025 1199 1130 12026 1146 1163 12027 1200 1140 12028 1198 1128 12029 1201 1142 12030 1197 1131 12031 701 1171 12032 1148 1164 12033 1202 1137 12034 1201 1142 12035 1194 1139 12036 1195 1141 12037 696 1166 12038 1193 1138 12039 1200 1140 12040 1146 1163 12041 1151 1170 12042 1203 1135 12043 1194 1139 12044 706 1167 12045 1206 1133 12046 1193 1138 12047 1204 1136 12048 1202 1137 12049 1148 1164 12050 1154 1161 12051 1205 1129 12052 1196 1134 12053 710 1174 12054 1207 1127 12055 1204 1136 12056 1208 1132 12057 1203 1135 12058 1151 1170 12059 1196 1134 12060 1206 1133 12061 706 1167 12062 701 1171 12063 1197 1131 12064 1208 1132 12065 1199 1130 12066 1205 1129 12067 1154 1161 12068 1198 1128 12069 1207 1127 12070 710 1174 12071 2522 1729 13551 2133 2166 13552 2134 1730 13553 1989 1984 14349 1973 1979 14350 1974 1981 14351 1997 1986 14352 1981 1980 14353 1982 1982 14354 1990 1985 14355 1974 1981 14356 1975 1983 14357 1998 1987 14358 1982 1982 14359 1983 1968 14360 1992 1990 14361 1991 1988 14362 1975 1983 14363 2000 1991 14364 1999 1989 14365 1983 1968 14366 1993 1992 14367 1992 1990 14368 1976 1970 14369 1985 1993 14370 1969 1973 14371 1970 1972 14372 1985 1993 14373 2000 1991 14374 1984 1969 14375 1993 1992 14376 1977 1971 14377 1978 1974 14378 1986 1994 14379 1970 1972 14380 1971 1975 14381 1994 1995 14382 1978 1974 14383 1979 1976 14384 1988 1998 14385 1987 1996 14386 1971 1975 14387 1996 1999 14388 1995 1997 14389 1979 1976 14390 1989 1984 14391 1988 1998 14392 1972 1977 14393 1997 1986 14394 1996 1999 14395 1980 1978 14396 2010 2000 14397 2479 2030 14398 2065 2001 14399 2003 2003 14400 2468 2031 14401 2477 2004 14402 2012 2006 14403 2027 2002 14404 2065 2001 14405 2005 2008 14406 2004 2005 14407 2477 2004 14408 2029 2010 14409 2012 2006 14410 2467 2007 14411 2005 2008 14412 2080 2009 14413 2068 2012 14414 2029 2010 14415 2066 2011 14416 2077 2014 14417 2022 2013 14418 2068 2012 14419 2070 2016 14420 2015 2018 14421 2014 2015 14422 2077 2014 14423 2023 2017 14424 2070 2016 14425 2071 2020 14426 2032 2022 14427 2015 2018 14428 2076 2019 14429 2025 2024 14430 2024 2021 14431 2071 2020 14432 2001 2026 14433 2074 2029 14434 2075 2027 14435 2001 2026 14436 2032 2022 14437 2072 2023 14438 2025 2024 14439 2073 2025 14440 2479 2030 14441 2002 2028 14442 2075 2027 14443 2468 2031 14444 2470 2032 14445 2021 2039 14446 2019 2033 14447 2069 2035 14448 2007 2468 14449 2020 2036 14450 2469 2038 14451 2026 2469 14452 2021 2039 14453 2028 2040 14454 2007 2468 14455 2069 2035 14456 2009 2042 14457 2026 2469 14458 2469 2038 14459 2031 2044 14460 2028 2040 14461 2476 2041 14462 2008 2046 14463 2009 2042 14464 2078 2043 14465 2474 2048 14466 2030 2051 14467 2031 2044 14468 2466 2049 14469 2016 2053 14470 2008 2046 14471 2473 2050 14472 2017 2472 14473 2030 2051 14474 2465 2052 14475 2013 2473 14476 2016 2053 14477 2018 2054 14478 2017 2472 14479 2473 2050 14480 2006 2056 14481 2011 2059 14482 2480 2057 14483 2019 2033 14484 2018 2054 14485 2472 2055 14486 2478 2037 14487 2020 2036 14488 2006 2056 14489 2011 2059 14490 2013 2473 14491 2465 2052 14492 2038 2060 14493 2037 2074 14494 2005 2008 14495 2046 2061 14496 2045 2075 14497 2029 2010 14498 2039 2062 14499 2038 2060 14500 2022 2013 14501 2047 2063 14502 2046 2061 14503 2014 2015 14504 2039 2062 14505 2023 2017 14506 2024 2021 14507 2047 2063 14508 2015 2018 14509 2032 2022 14510 2040 2064 14511 2024 2021 14512 2025 2024 14513 2034 2067 14514 2033 2068 14515 2001 2026 14516 2048 2065 14517 2032 2022 14518 2001 2026 14519 2042 2069 14520 2041 2066 14521 2025 2024 14522 2035 2070 14523 2034 2067 14524 2002 2028 14525 2043 2071 14526 2042 2069 14527 2010 2000 14528 2035 2070 14529 2003 2003 14530 2004 2005 14531 2043 2071 14532 2027 2002 14533 2012 2006 14534 2036 2072 14535 2004 2005 14536 2005 2008 14537 2044 2073 14538 2012 2006 14539 2029 2010 14540 2058 2076 14541 2099 2106 14542 2101 2077 14543 2052 2079 14544 2051 2107 14545 2085 2080 14546 2060 2082 14547 2059 2078 14548 2101 2077 14549 2052 2079 14550 2087 2081 14551 2089 2084 14552 2060 2082 14553 2103 2083 14554 2105 2086 14555 2053 2085 14556 2089 2084 14557 2091 2088 14558 2062 2090 14559 2061 2087 14560 2105 2086 14561 2054 2089 14562 2091 2088 14563 2093 2092 14564 2062 2090 14565 2107 2091 14566 2109 2094 14567 2056 2096 14568 2055 2093 14569 2093 2092 14570 2064 2098 14571 2063 2095 14572 2109 2094 14573 2056 2096 14574 2095 2097 14575 2097 2100 14576 2064 2098 14577 2111 2099 14578 2082 2102 14579 2050 2104 14580 2049 2103 14581 2082 2102 14582 2058 2076 14583 2057 2101 14584 2097 2100 14585 2050 2104 14586 2083 2105 14587 2085 2080 14588 2098 2108 14589 2041 2066 14590 2042 2069 14591 2084 2110 14592 2034 2067 14593 2035 2070 14594 2081 2112 14595 2112 2123 14596 2048 2065 14597 2100 2109 14598 2042 2069 14599 2043 2071 14600 2088 2114 14601 2086 2111 14602 2035 2070 14603 2104 2115 14604 2102 2113 14605 2043 2071 14606 2090 2116 14607 2088 2114 14608 2036 2072 14609 2104 2115 14610 2044 2073 14611 2045 2075 14612 2092 2118 14613 2090 2116 14614 2037 2074 14615 2108 2119 14616 2106 2117 14617 2045 2075 14618 2092 2118 14619 2038 2060 14620 2039 2062 14621 2108 2119 14622 2046 2061 14623 2047 2063 14624 2096 2122 14625 2094 2120 14626 2039 2062 14627 2112 2123 14628 2110 2121 14629 2047 2063 14630 2098 2108 14631 2096 2122 14632 2040 2064 14633 2469 2038 14634 2061 2087 14635 2062 2090 14636 2476 2041 14637 2054 2089 14638 2055 2093 14639 2078 2043 14640 2062 2090 14641 2063 2095 14642 2474 2048 14643 2475 2045 14644 2055 2093 14645 2466 2049 14646 2079 2047 14647 2063 2095 14648 2473 2050 14649 2474 2048 14650 2056 2096 14651 2465 2052 14652 2049 2103 14653 2050 2104 14654 2465 2052 14655 2466 2049 14656 2064 2098 14657 2473 2050 14658 2057 2101 14659 2058 2076 14660 2480 2057 14661 2050 2104 14662 2051 2107 14663 2472 2055 14664 2058 2076 14665 2059 2078 14666 2478 2037 14667 2067 2058 14668 2051 2107 14669 2470 2032 14670 2471 2034 14671 2059 2078 14672 2069 2035 14673 2478 2037 14674 2052 2079 14675 2469 2038 14676 2470 2032 14677 2060 2082 14678 2069 2035 14679 2053 2085 14680 2054 2089 14681 2081 2112 14682 2084 2110 14683 2083 2105 14684 2084 2110 14685 2086 2111 14686 2085 2080 14687 2088 2114 14688 2087 2081 14689 2085 2080 14690 2090 2116 14691 2089 2084 14692 2087 2081 14693 2090 2116 14694 2092 2118 14695 2091 2088 14696 2092 2118 14697 2094 2120 14698 2093 2092 14699 2096 2122 14700 2095 2097 14701 2093 2092 14702 2098 2108 14703 2097 2100 14704 2095 2097 14705 2098 2108 14706 2100 2109 14707 2099 2106 14708 2100 2109 14709 2102 2113 14710 2101 2077 14711 2104 2115 14712 2103 2083 14713 2101 2077 14714 2106 2117 14715 2105 2086 14716 2103 2083 14717 2106 2117 14718 2108 2119 14719 2107 2091 14720 2108 2119 14721 2110 2121 14722 2109 2094 14723 2112 2123 14724 2111 2099 14725 2109 2094 14726 2081 2112 14727 2082 2102 14728 2111 2099 14729 2081 2112 14730 2033 2068 14731 2034 2067 14732 2132 2124 14733 2133 2166 14734 2522 1729 14735 2519 2126 14736 2142 2148 14737 2143 2127 14738 2520 2129 14739 2137 2147 14740 2138 2130 14741 2521 2131 14742 2138 2130 14743 2139 2132 14744 2525 2134 14745 2523 2128 14746 2143 2127 14747 2524 1731 14748 2134 1730 14749 2135 2136 14750 2144 2135 14751 2129 2254 14752 2517 2138 14753 2528 2139 14754 2526 2133 14755 2139 2132 14756 2527 2141 14757 2130 2157 14758 2131 2142 14759 2140 2140 14760 2141 2167 14761 2515 2144 14762 2135 2136 14763 2136 2146 14764 2516 2145 14765 2520 2129 14766 2516 2145 14767 2136 2146 14768 2518 2125 14769 2514 2143 14770 2131 2142 14771 2515 2144 14772 2141 2167 14773 2142 2148 14774 2224 2149 14775 2161 2197 14776 2176 2150 14777 2153 2152 14778 2137 2147 14779 2136 2146 14780 2145 2154 14781 2129 2254 14782 2144 2135 14783 2153 2152 14784 2154 2160 14785 2138 2130 14786 2147 2156 14787 2131 2142 14788 2130 2157 14789 2155 2159 14790 2139 2132 14791 2138 2130 14792 2147 2156 14793 2148 2162 14794 2132 2124 14795 2155 2159 14796 2156 2164 14797 2140 2140 14798 2149 2161 14799 2133 2166 14800 2132 2124 14801 2157 2163 14802 2141 2167 14803 2140 2140 14804 2150 2165 14805 2134 1730 14806 2133 2166 14807 2157 2163 14808 2158 2170 14809 2142 2148 14810 2151 2168 14811 2135 2136 14812 2134 1730 14813 2159 2169 14814 2143 2127 14815 2142 2148 14816 2151 2168 14817 2152 2153 14818 2136 2146 14819 2159 2169 14820 2160 2155 14821 2144 2135 14822 2163 2171 14823 2164 2217 14824 2177 2172 14825 2173 2174 14826 2174 2183 14827 2179 2175 14828 2182 2177 14829 2168 2208 14830 2169 2178 14831 2169 2178 14832 2170 2205 14833 2183 2180 14834 2177 2172 14835 2164 2217 14836 2165 2181 14837 2174 2183 14838 2175 2186 14839 2185 2184 14840 2165 2181 14841 2166 2195 14842 2186 2185 14843 2175 2186 14844 2176 2150 14845 2187 2187 14846 2183 2180 14847 2170 2205 14848 2171 2188 14849 2190 2190 14850 2161 2197 14851 2162 2191 14852 2188 2189 14853 2171 2188 14854 2172 2193 14855 2166 2195 14856 2167 2198 14857 2192 2196 14858 2187 2187 14859 2176 2150 14860 2161 2197 14861 2167 2198 14862 2168 2208 14863 2182 2177 14864 2162 2191 14865 2163 2171 14866 2178 2173 14867 2191 2194 14868 2172 2193 14869 2173 2174 14870 2244 2199 14871 2285 2318 14872 2284 2200 14873 2221 2202 14874 2164 2217 14875 2163 2171 14876 2215 2204 14877 2214 2231 14878 2171 2188 14879 2223 2206 14880 2222 2203 14881 2163 2171 14882 2216 2207 14883 2215 2204 14884 2170 2205 14885 2224 2149 14886 2223 2206 14887 2162 2191 14888 2216 2207 14889 2169 2178 14890 2168 2208 14891 2209 2151 14892 2176 2150 14893 2175 2186 14894 2217 2209 14895 2168 2208 14896 2167 2198 14897 2211 2212 14898 2210 2210 14899 2175 2186 14900 2219 2213 14901 2218 2211 14902 2167 2198 14903 2212 2214 14904 2211 2212 14905 2174 2183 14906 2220 2215 14907 2219 2213 14908 2166 2195 14909 2212 2214 14910 2173 2174 14911 2172 2193 14912 2220 2215 14913 2165 2181 14914 2164 2217 14915 2243 2218 14916 2244 2199 14917 2257 2219 14918 2240 2221 14919 2209 2151 14920 2210 2210 14921 2232 2223 14922 2217 2209 14923 2218 2211 14924 2238 2225 14925 2239 2222 14926 2210 2210 14927 2230 2226 14928 2231 2224 14929 2218 2211 14930 2237 2227 14931 2238 2225 14932 2211 2212 14933 2229 2228 14934 2230 2226 14935 2219 2213 14936 2237 2227 14937 2212 2214 14938 2213 2216 14939 2229 2228 14940 2220 2215 14941 2221 2202 14942 2236 2229 14943 2213 2216 14944 2214 2231 14945 2228 2230 14946 2221 2202 14947 2222 2203 14948 2234 2234 14949 2235 2232 14950 2214 2231 14951 2226 2235 14952 2227 2233 14953 2222 2203 14954 2233 2236 14955 2234 2234 14956 2215 2204 14957 2225 2237 14958 2224 2149 14959 2209 2151 14960 2233 2236 14961 2216 2207 14962 2217 2209 14963 2189 2192 14964 2178 2173 14965 2338 2238 14966 2177 2172 14967 2339 2241 14968 2338 2238 14969 2177 2172 14970 2184 2182 14971 2340 2240 14972 2186 2185 14973 2341 2242 14974 2340 2240 14975 2192 2196 14976 2342 2243 14977 2341 2242 14978 2182 2177 14979 2343 2245 14980 2342 2243 14981 2182 2177 14982 2181 2179 14983 2344 2244 14984 2183 2180 14985 2345 2247 14986 2344 2244 14987 2183 2180 14988 2188 2189 14989 2346 2246 14990 2188 2189 14991 2191 2194 14992 2347 2248 14993 2191 2194 14994 2180 2176 14995 2348 2249 14996 2179 2175 14997 2349 2250 14998 2348 2249 14999 2185 2184 15000 2350 2251 15001 2349 2250 15002 2187 2187 15003 2351 2253 15004 2350 2251 15005 2187 2187 15006 2190 2190 15007 2352 2252 15008 2189 2192 15009 2337 2239 15010 2352 2252 15011 2145 2154 15012 2146 2158 15013 2130 2157 15014 2253 2255 15015 2254 2311 15016 2259 2256 15017 2262 2258 15018 2248 2302 15019 2249 2259 15020 2249 2259 15021 2250 2294 15022 2263 2261 15023 2244 2199 15024 2245 2201 15025 2264 2262 15026 2259 2256 15027 2254 2311 15028 2255 2263 15029 2245 2201 15030 2246 2305 15031 2266 2265 15032 2255 2263 15033 2256 2296 15034 2267 2266 15035 2263 2261 15036 2250 2294 15037 2251 2267 15038 2270 2269 15039 2241 2275 15040 2242 2270 15041 2251 2267 15042 2252 2308 15043 2271 2272 15044 2266 2265 15045 2246 2305 15046 2247 2273 15047 2267 2266 15048 2256 2296 15049 2241 2275 15050 2247 2273 15051 2248 2302 15052 2262 2258 15053 2269 2271 15054 2242 2270 15055 2243 2218 15056 2271 2272 15057 2252 2308 15058 2253 2255 15059 2258 2220 15060 2370 2278 15061 2369 2276 15062 2258 2220 15063 2257 2219 15064 2371 2277 15065 2257 2219 15066 2264 2262 15067 2372 2279 15068 2266 2265 15069 2373 2280 15070 2372 2279 15071 2272 2274 15072 2374 2282 15073 2373 2280 15074 2272 2274 15075 2262 2258 15076 2375 2281 15077 2262 2258 15078 2261 2260 15079 2376 2283 15080 2263 2261 15081 2377 2284 15082 2376 2283 15083 2268 2268 15084 2378 2286 15085 2377 2284 15086 2268 2268 15087 2271 2272 15088 2379 2285 15089 2271 2272 15090 2260 2257 15091 2380 2287 15092 2259 2256 15093 2381 2288 15094 2380 2287 15095 2265 2264 15096 2382 2290 15097 2381 2288 15098 2265 2264 15099 2267 2266 15100 2383 2289 15101 2267 2266 15102 2270 2269 15103 2384 2291 15104 2269 2271 15105 2369 2276 15106 2384 2291 15107 2225 2237 15108 2226 2235 15109 2223 2206 15110 2251 2267 15111 2250 2294 15112 2279 2292 15113 2250 2294 15114 2249 2259 15115 2280 2295 15116 2256 2296 15117 2273 2300 15118 2288 2297 15119 2243 2218 15120 2242 2270 15121 2287 2298 15122 2255 2263 15123 2274 2304 15124 2273 2300 15125 2247 2273 15126 2282 2310 15127 2281 2301 15128 2255 2263 15129 2254 2311 15130 2275 2303 15131 2246 2305 15132 2245 2201 15133 2284 2200 15134 2193 2307 15135 2208 2386 15136 2146 2158 15137 2252 2308 15138 2277 2312 15139 2276 2309 15140 2247 2273 15141 2246 2305 15142 2283 2306 15143 2254 2311 15144 2253 2255 15145 2276 2309 15146 2251 2267 15147 2278 2293 15148 2277 2312 15149 2322 2313 15150 2307 2434 15151 2308 2314 15152 2304 2316 15153 2273 2300 15154 2274 2304 15155 2243 2218 15156 2286 2299 15157 2285 2318 15158 2213 2216 15159 2172 2193 15160 2171 2188 15161 2296 2319 15162 2281 2301 15163 2282 2310 15164 2302 2321 15165 2303 2317 15166 2274 2304 15167 2294 2322 15168 2295 2320 15169 2282 2310 15170 2301 2323 15171 2302 2321 15172 2275 2303 15173 2293 2324 15174 2294 2322 15175 2283 2306 15176 2301 2323 15177 2276 2309 15178 2277 2312 15179 2293 2324 15180 2284 2200 15181 2285 2318 15182 2300 2325 15183 2277 2312 15184 2278 2293 15185 2292 2326 15186 2285 2318 15187 2286 2299 15188 2298 2329 15189 2299 2327 15190 2278 2293 15191 2290 2330 15192 2291 2328 15193 2286 2299 15194 2297 2331 15195 2298 2329 15196 2279 2292 15197 2289 2332 15198 2288 2297 15199 2273 2300 15200 2297 2331 15201 2280 2295 15202 2281 2301 15203 2317 2333 15204 2318 2342 15205 2323 2334 15206 2326 2336 15207 2312 2356 15208 2313 2337 15209 2313 2337 15210 2314 2347 15211 2327 2339 15212 2321 2315 15213 2308 2314 15214 2309 2340 15215 2318 2342 15216 2319 2428 15217 2329 2343 15218 2309 2340 15219 2310 2354 15220 2330 2344 15221 2329 2343 15222 2319 2428 15223 2320 2345 15224 2314 2347 15225 2315 2436 15226 2332 2348 15227 2305 2349 15228 2306 2357 15229 2333 2350 15230 2332 2348 15231 2315 2436 15232 2316 2352 15233 2310 2354 15234 2311 2426 15235 2336 2355 15236 2331 2346 15237 2320 2345 15238 2305 2349 15239 2336 2355 15240 2311 2426 15241 2312 2356 15242 2306 2357 15243 2307 2434 15244 2322 2313 15245 2335 2353 15246 2316 2352 15247 2317 2333 15248 2322 2313 15249 2386 2360 15250 2385 2358 15251 2322 2313 15252 2321 2315 15253 2387 2359 15254 2321 2315 15255 2328 2341 15256 2388 2361 15257 2330 2344 15258 2389 2362 15259 2388 2361 15260 2336 2355 15261 2390 2364 15262 2389 2362 15263 2336 2355 15264 2326 2336 15265 2391 2363 15266 2326 2336 15267 2325 2338 15268 2392 2365 15269 2327 2339 15270 2393 2366 15271 2392 2365 15272 2332 2348 15273 2394 2368 15274 2393 2366 15275 2332 2348 15276 2335 2353 15277 2395 2367 15278 2335 2353 15279 2324 2335 15280 2396 2369 15281 2323 2334 15282 2397 2370 15283 2396 2369 15284 2329 2343 15285 2398 2372 15286 2397 2370 15287 2329 2343 15288 2331 2346 15289 2399 2371 15290 2331 2346 15291 2334 2351 15292 2400 2373 15293 2333 2350 15294 2385 2358 15295 2400 2373 15296 2289 2332 15297 2290 2330 15298 2287 2298 15299 2242 2270 15300 2241 2275 15301 2288 2297 15302 2207 2374 15303 2206 2387 15304 2148 2162 15305 2203 2375 15306 2151 2168 15307 2150 2165 15308 2205 2377 15309 2204 2376 15310 2150 2165 15311 2201 2378 15312 2153 2152 15313 2152 2153 15314 2199 2380 15315 2155 2159 15316 2154 2160 15317 2197 2382 15318 2157 2163 15319 2156 2164 15320 2193 2307 15321 2145 2154 15322 2160 2155 15323 2195 2385 15324 2194 2384 15325 2160 2155 15326 2207 2374 15327 2147 2156 15328 2146 2158 15329 2205 2377 15330 2149 2161 15331 2148 2162 15332 2203 2375 15333 2202 2379 15334 2152 2153 15335 2201 2378 15336 2200 2381 15337 2154 2160 15338 2199 2380 15339 2198 2383 15340 2156 2164 15341 2195 2385 15342 2159 2169 15343 2158 2170 15344 2197 2382 15345 2196 2388 15346 2158 2170 15347 2337 2239 15348 2208 2386 15349 2193 2307 15350 2248 2302 15351 2281 2301 15352 2280 2295 15353 2351 2253 15354 2352 2252 15355 2193 2307 15356 2350 2251 15357 2351 2253 15358 2194 2384 15359 2350 2251 15360 2195 2385 15361 2196 2388 15362 2349 2250 15363 2196 2388 15364 2197 2382 15365 2347 2248 15366 2348 2249 15367 2197 2382 15368 2346 2246 15369 2347 2248 15370 2198 2383 15371 2346 2246 15372 2199 2380 15373 2200 2381 15374 2345 2247 15375 2200 2381 15376 2201 2378 15377 2343 2245 15378 2344 2244 15379 2201 2378 15380 2342 2243 15381 2343 2245 15382 2202 2379 15383 2342 2243 15384 2203 2375 15385 2204 2376 15386 2341 2242 15387 2204 2376 15388 2205 2377 15389 2339 2241 15390 2340 2240 15391 2205 2377 15392 2338 2238 15393 2339 2241 15394 2206 2387 15395 2338 2238 15396 2207 2374 15397 2208 2386 15398 2353 2389 15399 2226 2235 15400 2225 2237 15401 2367 2391 15402 2368 2390 15403 2225 2237 15404 2366 2392 15405 2367 2391 15406 2240 2221 15407 2365 2393 15408 2366 2392 15409 2239 2222 15410 2365 2393 15411 2238 2225 15412 2237 2227 15413 2363 2395 15414 2364 2394 15415 2237 2227 15416 2363 2395 15417 2236 2229 15418 2235 2232 15419 2362 2396 15420 2235 2232 15421 2234 2234 15422 2361 2397 15423 2234 2234 15424 2233 2236 15425 2359 2399 15426 2360 2398 15427 2233 2236 15428 2358 2400 15429 2359 2399 15430 2232 2223 15431 2358 2400 15432 2231 2224 15433 2230 2226 15434 2357 2401 15435 2230 2226 15436 2229 2228 15437 2355 2403 15438 2356 2402 15439 2229 2228 15440 2355 2403 15441 2228 2230 15442 2227 2233 15443 2354 2404 15444 2227 2233 15445 2226 2235 15446 2384 2291 15447 2369 2276 15448 2353 2389 15449 2384 2291 15450 2368 2390 15451 2367 2391 15452 2383 2289 15453 2367 2391 15454 2366 2392 15455 2381 2288 15456 2382 2290 15457 2366 2392 15458 2380 2287 15459 2381 2288 15460 2365 2393 15461 2380 2287 15462 2364 2394 15463 2363 2395 15464 2379 2285 15465 2363 2395 15466 2362 2396 15467 2377 2284 15468 2378 2286 15469 2362 2396 15470 2376 2283 15471 2377 2284 15472 2361 2397 15473 2376 2283 15474 2360 2398 15475 2359 2399 15476 2375 2281 15477 2359 2399 15478 2358 2400 15479 2373 2280 15480 2374 2282 15481 2358 2400 15482 2372 2279 15483 2373 2280 15484 2357 2401 15485 2372 2279 15486 2356 2402 15487 2355 2403 15488 2371 2277 15489 2355 2403 15490 2354 2404 15491 2369 2276 15492 2370 2278 15493 2354 2404 15494 2400 2373 15495 2385 2358 15496 2416 2405 15497 2400 2373 15498 2415 2406 15499 2414 2407 15500 2399 2371 15501 2414 2407 15502 2413 2408 15503 2397 2370 15504 2398 2372 15505 2413 2408 15506 2396 2369 15507 2397 2370 15508 2412 2409 15509 2396 2369 15510 2411 2410 15511 2410 2411 15512 2395 2367 15513 2410 2411 15514 2409 2412 15515 2393 2366 15516 2394 2368 15517 2409 2412 15518 2392 2365 15519 2393 2366 15520 2408 2413 15521 2392 2365 15522 2407 2414 15523 2406 2415 15524 2391 2363 15525 2406 2415 15526 2405 2416 15527 2389 2362 15528 2390 2364 15529 2405 2416 15530 2388 2361 15531 2389 2362 15532 2404 2417 15533 2388 2361 15534 2403 2418 15535 2402 2419 15536 2387 2359 15537 2402 2419 15538 2401 2420 15539 2385 2358 15540 2386 2360 15541 2401 2420 15542 2401 2420 15543 2291 2328 15544 2290 2330 15545 2402 2419 15546 2292 2326 15547 2291 2328 15548 2402 2419 15549 2403 2418 15550 2293 2324 15551 2404 2417 15552 2294 2322 15553 2293 2324 15554 2405 2416 15555 2295 2320 15556 2294 2322 15557 2405 2416 15558 2406 2415 15559 2296 2319 15560 2406 2415 15561 2407 2414 15562 2297 2331 15563 2408 2413 15564 2298 2329 15565 2297 2331 15566 2409 2412 15567 2299 2327 15568 2298 2329 15569 2410 2411 15570 2300 2325 15571 2299 2327 15572 2410 2411 15573 2411 2410 15574 2301 2323 15575 2412 2409 15576 2302 2321 15577 2301 2323 15578 2412 2409 15579 2413 2408 15580 2303 2317 15581 2413 2408 15582 2414 2407 15583 2304 2316 15584 2414 2407 15585 2415 2406 15586 2289 2332 15587 2416 2405 15588 2290 2330 15589 2289 2332 15590 2420 2421 15591 2421 2448 15592 2309 2340 15593 2428 2422 15594 2429 2450 15595 2317 2333 15596 2309 2340 15597 2421 2448 15598 2422 2423 15599 2317 2333 15600 2429 2450 15601 2430 2424 15602 2310 2354 15603 2422 2423 15604 2423 2425 15605 2318 2342 15606 2430 2424 15607 2431 2427 15608 2423 2425 15609 2424 2429 15610 2312 2356 15611 2431 2427 15612 2432 2431 15613 2320 2345 15614 2424 2429 15615 2425 2439 15616 2313 2337 15617 2305 2349 15618 2417 2441 15619 2418 2430 15620 2432 2431 15621 2417 2441 15622 2305 2349 15623 2313 2337 15624 2425 2439 15625 2426 2432 15626 2306 2357 15627 2418 2430 15628 2419 2433 15629 2314 2347 15630 2426 2432 15631 2427 2435 15632 2419 2433 15633 2420 2421 15634 2308 2314 15635 2427 2435 15636 2428 2422 15637 2316 2352 15638 2447 2437 15639 2448 2460 15640 2432 2431 15641 2440 2438 15642 2441 2442 15643 2425 2439 15644 2433 2440 15645 2434 2443 15646 2418 2430 15647 2432 2431 15648 2448 2460 15649 2433 2440 15650 2441 2442 15651 2442 2444 15652 2426 2432 15653 2434 2443 15654 2435 2445 15655 2419 2433 15656 2442 2444 15657 2443 2446 15658 2427 2435 15659 2435 2445 15660 2436 2447 15661 2420 2421 15662 2443 2446 15663 2444 2449 15664 2428 2422 15665 2436 2447 15666 2437 2451 15667 2421 2448 15668 2444 2449 15669 2445 2457 15670 2429 2450 15671 2437 2451 15672 2438 2453 15673 2422 2423 15674 2429 2450 15675 2445 2457 15676 2446 2452 15677 2438 2453 15678 2439 2454 15679 2423 2425 15680 2446 2452 15681 2447 2437 15682 2431 2427 15683 2439 2454 15684 2440 2438 15685 2424 2429 15686 2437 2451 15687 2453 2828 15688 2454 2455 15689 2461 2456 15690 2462 2471 15691 2446 2452 15692 2438 2453 15693 2454 2455 15694 2455 2458 15695 2446 2452 15696 2462 2471 15697 2463 2459 15698 2455 2458 15699 2456 2461 15700 2440 2438 15701 2463 2459 15702 2464 2463 15703 2448 2460 15704 2456 2461 15705 2457 2464 15706 2441 2442 15707 2433 2440 15708 2449 2829 15709 2450 2462 15710 2464 2463 15711 2449 2829 15712 2433 2440 15713 2457 2464 15714 2458 2474 15715 2442 2444 15716 2434 2443 15717 2450 2462 15718 2451 2465 15719 2442 2444 15720 2458 2474 15721 2459 2466 15722 2451 2465 15723 2452 2467 15724 2436 2447 15725 2459 2466 15726 2460 2470 15727 2444 2449 15728 2452 2467 15729 2453 2828 15730 2437 2451 15731 2444 2449 15732 2460 2470 15733 2461 2456 15734 2021 2039 15735 2460 2470 15736 2459 2466 15737 2007 2468 15738 2453 2828 15739 2452 2467 15740 2026 2469 15741 2461 2456 15742 2460 2470 15743 2454 2455 15744 2453 2828 15745 2007 2468 15746 2462 2471 15747 2461 2456 15748 2026 2469 15749 2455 2458 15750 2454 2455 15751 2028 2040 15752 2463 2459 15753 2462 2471 15754 2009 2042 15755 2030 2051 15756 2456 2461 15757 2455 2458 15758 2016 2053 15759 2464 2463 15760 2463 2459 15761 2017 2472 15762 2457 2464 15763 2456 2461 15764 2013 2473 15765 2449 2829 15766 2464 2463 15767 2458 2474 15768 2457 2464 15769 2017 2472 15770 2451 2465 15771 2450 2462 15772 2011 2059 15773 2479 2030 15774 1994 1995 15775 1995 1997 15776 2459 2466 15777 2458 2474 15778 2018 2054 15779 2020 2036 15780 2452 2467 15781 2451 2465 15782 2477 2004 15783 2468 2031 15784 1987 1996 15785 2467 2007 15786 2065 2001 15787 1995 1997 15788 2477 2004 15789 1988 1998 15790 1989 1984 15791 2467 2007 15792 1996 1999 15793 1997 1986 15794 2068 2012 15795 2080 2009 15796 1989 1984 15797 2077 2014 15798 2066 2011 15799 1997 1986 15800 2068 2012 15801 1990 1985 15802 1991 1988 15803 2077 2014 15804 1998 1987 15805 1999 1989 15806 2071 2020 15807 2070 2016 15808 1991 1988 15809 2072 2023 15810 2076 2019 15811 1999 1989 15812 2071 2020 15813 1992 1990 15814 1993 1992 15815 2075 2027 15816 2074 2029 15817 1985 1993 15818 2072 2023 15819 2000 1991 15820 1985 1993 15821 2479 2030 15822 2073 2025 15823 1993 1992 15824 2075 2027 15825 1986 1994 15826 1987 1996 15827 2450 2462 15828 2449 2829 15829 2013 2473 15830 2562 2476 15873 1425 2501 15874 1438 2477 15875 2569 2479 15879 2497 2503 15880 1426 2480 15881 2572 2482 15885 2495 2489 15886 1428 2483 15887 2576 2485 15894 1420 2506 15895 2125 2486 15896 2492 2488 15897 1429 2507 15898 1428 2483 15899 2567 2490 15900 2577 2496 15901 1419 2491 15902 2566 2493 15903 2489 2502 15904 1432 2494 15905 2569 2479 15906 2122 2481 15907 1419 2491 15908 2575 2497 15909 2486 2504 15910 2114 2498 15911 2562 2476 15912 2485 2505 15913 2115 2500 15914 2572 2482 15915 2124 2484 15916 1432 2494 15917 2566 2493 15918 2117 2495 15919 1426 2480 15920 2567 2490 15921 2119 2492 15922 2114 2498 15923 2575 2497 15924 2482 2499 15925 2115 2500 15926 2576 2485 15927 2483 2478 15928 1438 2477 15929 2492 2488 15930 2573 2487 15931 2125 2486 15932 2624 2540 15981 2528 2139 15982 2515 2144 15983 2622 2542 15984 2527 2141 15985 2514 2143 15986 2529 2137 15987 2516 2145 15988 2614 2544 15989 2623 2546 15990 2525 2134 15991 2517 2138 15992 2620 2548 15993 2524 1731 15994 2529 2137 15995 2526 2133 15996 2528 2139 15997 2624 2540 15998 2517 2138 15999 2527 2141 16000 2622 2542 16001 2619 2550 16002 2521 2131 16003 2526 2133 16004 2523 2128 16005 2525 2134 16006 2623 2546 16007 2522 1729 16008 2524 1731 16009 2620 2548 16010 2617 2553 16011 2519 2126 16012 2523 2128 16013 2612 2554 16014 2518 2125 16015 2522 1729 16016 2520 2129 16017 2521 2131 16018 2619 2550 16019 2614 2544 16020 2516 2145 16021 2520 2129 16022 2515 2144 16023 2519 2126 16024 2617 2553 16025 2514 2143 16026 2518 2125 16027 2612 2554 16028 2538 2539 16029 2536 2519 16030 2549 2556 16031 2537 2518 16032 2530 2509 16033 2546 2558 16034 2543 2531 16035 2552 2565 16036 2561 2560 16037 2539 2523 16038 2550 2568 16039 2560 2561 16040 2541 2526 16041 2551 2567 16042 2554 2562 16043 2534 2516 16044 2548 2570 16045 2559 2563 16046 2531 2533 16047 2545 2537 16048 2561 2560 16049 2543 2531 16050 2544 2530 16051 2560 2561 16052 2532 2513 16053 2547 2571 16054 2558 2566 16055 2541 2526 16056 2542 2534 16057 2559 2563 16058 2539 2523 16059 2540 2528 16060 2558 2566 16061 2538 2539 16062 2557 2557 16063 2555 2569 16064 2537 2518 16065 2556 2559 16066 2549 2556 16067 2534 2516 16068 2535 2515 16069 2555 2569 16070 2532 2513 16071 2533 2512 16072 2554 2562 16073 2531 2533 16074 2553 2564 16075 2546 2558 16076 2517 2138 16077 2129 2254 16078 2130 2157 16079 2553 2564 16080 2562 2476 16081 2483 2478 16082 2547 2571 16083 2554 2562 16084 2497 2503 16085 2548 2570 16086 2555 2569 16087 2495 2489 16088 2549 2556 16089 2556 2559 16090 2576 2485 16091 2557 2557 16092 2492 2488 16093 2495 2489 16094 2558 2566 16095 2577 2496 16096 2567 2490 16097 2559 2563 16098 2489 2502 16099 2566 2493 16100 2558 2566 16101 2547 2571 16102 2569 2479 16103 2552 2565 16104 2560 2561 16105 2486 2504 16106 2561 2560 16107 2485 2505 16108 2562 2476 16109 2559 2563 16110 2548 2570 16111 2572 2482 16112 2551 2567 16113 2566 2493 16114 2497 2503 16115 2550 2568 16116 2567 2490 16117 2486 2504 16118 2561 2560 16119 2552 2565 16120 2575 2497 16121 2556 2559 16122 2546 2558 16123 2483 2478 16124 2549 2556 16125 2573 2487 16126 2492 2488 16127 1425 2501 16128 2118 2584 16129 2564 2572 16130 2122 2481 16131 1426 2480 16132 2126 2573 16133 2124 2484 16134 1428 2483 16135 2116 2575 16136 2125 2486 16137 1420 2506 16138 2565 2577 16139 1429 2507 16140 2127 2587 16141 2116 2575 16142 1419 2491 16143 2574 2581 16144 2113 2579 16145 1432 2494 16146 2121 2585 16147 2123 2580 16148 1419 2491 16149 2122 2481 16150 2571 2574 16151 2482 2499 16152 2114 2498 16153 2120 2582 16154 2115 2500 16155 2128 2586 16156 2118 2584 16157 1432 2494 16158 2124 2484 16159 2563 2576 16160 2117 2495 16161 2123 2580 16162 2126 2573 16163 2119 2492 16164 2113 2579 16165 2120 2582 16166 2115 2500 16167 2482 2499 16168 2568 2583 16169 1420 2506 16170 1438 2477 16171 2564 2572 16172 2125 2486 16173 2570 2578 16174 2127 2587 16175 2616 2543 16272 2612 2554 16273 2113 2579 16274 2615 2541 16275 2617 2553 16276 2563 2576 16277 2118 2584 16278 2614 2544 16279 2618 2555 16280 2618 2555 16281 2619 2550 16282 2565 2577 16283 2113 2579 16284 2612 2554 16285 2611 2552 16286 2563 2576 16287 2617 2553 16288 2610 2551 16289 2611 2552 16290 2620 2548 16291 2568 2583 16292 2610 2551 16293 2623 2546 16294 2123 2580 16295 2565 2577 16296 2619 2550 16297 2621 2549 16298 2613 2547 16299 2622 2542 16300 2571 2574 16301 2621 2549 16302 2624 2540 16303 2127 2587 16304 2568 2583 16305 2620 2548 16306 2625 2545 16307 2123 2580 16308 2623 2546 16309 2613 2547 16310 2625 2545 16311 2614 2544 16312 2118 2584 16313 2571 2574 16314 2622 2542 16315 2616 2543 16316 2127 2587 16317 2624 2540 16318 2615 2541 16319</p>
        </triangles>
        <triangles material="bottle-material" count="3296">
          <input semantic="VERTEX" source="#Cylinder-mesh-vertices" offset="0"/>
          <input semantic="NORMAL" source="#Cylinder-mesh-normals" offset="1"/>
          <input semantic="TEXCOORD" source="#Cylinder-mesh-map-0" offset="2" set="0"/>
          <p>0 0 0 121 1 1 23 2 2 167 3 3 6 4 4 1071 5 5 1077 6 6 123 7 7 1074 8 8 170 9 9 1076 10 10 1079 11 11 6 4 12 125 12 13 5 13 14 173 14 15 1067 15 16 14 16 17 1076 10 18 127 17 19 1071 5 20 176 18 21 1073 19 22 17 20 23 1067 15 24 129 21 25 1079 11 26 179 22 27 18 23 28 20 24 29 1073 19 30 131 25 31 14 16 32 182 26 33 1070 27 34 23 2 35 18 23 36 133 28 37 17 20 38 1070 27 39 135 29 40 20 24 41 164 30 42 1077 6 43 5 13 44 67 31 45 24 32 46 1 33 47 13 34 48 114 35 49 75 36 50 22 37 51 214 38 52 212 39 53 77 40 54 29 41 55 16 42 56 10 43 57 112 44 58 73 45 59 75 36 60 28 46 61 13 34 62 105 47 63 1 33 64 65 48 65 7 49 66 110 50 67 71 51 68 73 45 69 27 52 70 10 43 71 81 53 72 24 32 73 49 54 74 4 55 75 108 56 76 69 57 77 71 51 78 26 58 79 7 49 80 19 59 81 118 60 82 79 61 83 69 57 84 25 62 85 4 55 86 16 42 87 116 63 88 77 40 89 79 61 90 30 64 91 19 59 92 212 39 93 31 65 94 22 37 95 209 66 96 31 65 97 102 67 98 119 68 99 22 37 100 209 66 101 205 69 102 30 64 103 99 70 104 117 71 105 19 59 106 205 69 107 201 72 108 29 41 109 96 73 110 115 74 111 16 42 112 201 72 113 197 75 114 28 46 115 93 76 116 113 77 117 13 34 118 197 75 119 193 78 120 27 52 121 90 79 122 111 80 123 10 43 124 193 78 125 189 81 126 26 58 127 87 82 128 109 83 129 7 49 130 189 81 131 185 84 132 25 62 133 84 85 134 107 86 135 4 55 136 185 84 137 1 33 138 106 87 139 67 31 140 105 47 141 40 88 142 32 89 143 46 90 144 118 60 145 38 91 146 161 92 147 0 0 148 1074 8 149 45 93 150 116 63 151 37 94 152 119 68 153 47 95 154 39 96 155 44 97 156 114 35 157 36 98 158 117 71 159 46 90 160 38 91 161 43 99 162 112 44 163 35 100 164 115 74 165 45 93 166 37 94 167 42 101 168 110 50 169 34 102 170 113 77 171 44 97 172 36 98 173 41 103 174 108 56 175 33 104 176 111 80 177 43 99 178 35 100 179 40 88 180 106 87 181 32 89 182 109 83 183 42 101 184 34 102 185 107 86 186 41 103 187 33 104 188 157 105 189 62 106 190 61 107 191 96 73 192 29 41 193 59 108 194 136 109 195 48 110 196 63 111 197 84 85 198 25 62 199 51 112 200 148 113 201 56 114 202 55 115 203 87 82 204 26 58 205 53 116 206 99 70 207 30 64 208 61 107 209 139 117 210 50 118 211 49 54 212 151 119 213 58 120 214 57 121 215 90 79 216 27 52 217 55 115 218 102 67 219 31 65 220 63 111 221 142 122 222 52 123 223 51 112 224 154 124 225 60 125 226 59 108 227 93 76 228 28 46 229 57 121 230 47 95 231 214 38 232 39 96 233 145 126 234 54 127 235 53 116 236 80 128 237 138 129 238 82 130 239 83 131 240 141 132 241 85 133 242 86 134 243 144 135 244 88 136 245 89 137 246 147 138 247 91 139 248 92 140 249 150 141 250 94 142 251 95 143 252 153 144 253 97 145 254 98 146 255 156 147 256 100 148 257 101 149 258 159 150 259 103 151 260 162 152 261 121 1 262 160 153 263 50 118 264 52 123 265 1064 154 266 180 155 267 133 28 268 178 156 269 66 157 270 187 158 271 184 159 272 68 160 273 191 161 274 188 162 275 70 163 276 195 164 277 192 165 278 72 166 279 199 167 280 196 168 281 200 169 282 202 170 283 203 171 284 76 172 285 207 173 286 204 174 287 78 175 288 211 176 289 208 177 290 186 178 291 141 132 292 83 131 293 72 166 294 92 140 295 198 179 296 64 180 297 138 129 298 80 128 299 206 181 300 156 147 301 98 146 302 147 138 303 194 182 304 70 163 305 95 143 306 74 183 307 153 144 308 144 135 309 190 184 310 68 160 311 159 150 312 210 185 313 78 175 314 104 186 315 213 187 316 64 180 317 184 159 318 165 188 319 122 189 320 188 162 321 168 190 322 124 191 323 192 165 324 171 192 325 126 193 326 196 168 327 174 194 328 128 195 329 200 169 330 177 196 331 130 197 332 204 174 333 180 155 334 132 198 335 208 177 336 183 199 337 134 200 338 162 152 339 215 201 340 104 186 341 65 48 342 24 32 343 81 53 344 82 130 345 137 202 346 80 128 347 82 130 348 81 53 349 136 109 350 85 133 351 140 203 352 83 131 353 85 133 354 84 85 355 139 117 356 88 136 357 143 204 358 86 134 359 88 136 360 87 82 361 142 122 362 91 139 363 146 205 364 89 137 365 91 139 366 90 79 367 145 126 368 94 142 369 149 206 370 92 140 371 94 142 372 93 76 373 148 113 374 97 145 375 152 207 376 95 143 377 97 145 378 96 73 379 151 119 380 100 148 381 155 208 382 98 146 383 100 148 384 99 70 385 154 124 386 103 151 387 158 209 388 101 149 389 103 151 390 102 67 391 157 105 392 165 188 393 123 7 394 163 210 395 168 190 396 125 12 397 166 211 398 171 192 399 127 17 400 169 212 401 183 199 402 135 29 403 181 213 404 177 196 405 131 25 406 175 214 407 184 159 408 185 84 409 66 157 410 187 158 411 67 31 412 106 87 413 188 162 414 189 81 415 68 160 416 191 161 417 69 57 418 108 56 419 192 165 420 193 78 421 70 163 422 195 164 423 71 51 424 110 50 425 196 168 426 197 75 427 72 166 428 199 167 429 73 45 430 112 44 431 200 169 432 201 72 433 74 183 434 203 171 435 75 36 436 114 35 437 204 174 438 205 69 439 76 172 440 207 173 441 77 40 442 116 63 443 208 177 444 209 66 445 78 175 446 211 176 447 79 61 448 118 60 449 186 178 450 140 203 451 67 31 452 66 157 453 84 85 454 141 132 455 72 166 456 93 76 457 150 141 458 198 179 459 149 206 460 73 45 461 64 180 462 137 202 463 212 39 464 213 187 465 81 53 466 138 129 467 206 181 468 155 208 469 77 40 470 76 172 471 99 70 472 156 147 473 70 163 474 90 79 475 147 138 476 194 182 477 146 205 478 71 51 479 202 170 480 152 207 481 75 36 482 74 183 483 96 73 484 153 144 485 68 160 486 87 82 487 144 135 488 190 184 489 143 204 490 69 57 491 78 175 492 102 67 493 159 150 494 210 185 495 158 209 496 79 61 497 104 186 498 212 39 499 214 38 500 215 201 501 65 48 502 213 187 503 122 189 504 107 86 505 184 159 506 165 188 507 106 87 508 123 7 509 124 191 510 109 83 511 188 162 512 168 190 513 108 56 514 125 12 515 126 193 516 111 80 517 192 165 518 171 192 519 110 50 520 127 17 521 128 195 522 113 77 523 196 168 524 174 194 525 112 44 526 129 21 527 130 197 528 115 74 529 200 169 530 177 196 531 114 35 532 131 25 533 132 198 534 117 71 535 204 174 536 180 155 537 116 63 538 133 28 539 134 200 540 119 68 541 208 177 542 183 199 543 118 60 544 135 29 545 162 152 546 214 38 547 121 1 548 120 215 549 105 47 550 215 201 551 233 216 552 219 217 553 232 218 554 235 219 555 229 220 556 234 221 557 237 222 558 224 223 559 236 224 560 236 224 561 225 225 562 238 226 563 239 227 564 219 217 565 220 228 566 234 221 567 230 229 568 240 230 569 241 231 570 220 228 571 221 232 572 240 230 573 231 233 574 242 234 575 238 226 576 226 235 577 243 236 578 245 237 579 217 238 580 244 239 581 246 240 582 226 235 583 227 241 584 247 242 585 221 232 586 222 243 587 242 234 588 216 244 589 245 237 590 247 242 591 223 245 592 237 222 593 244 239 594 218 246 595 233 216 596 246 240 597 228 247 598 235 219 599 17 20 600 235 219 601 18 23 602 1074 8 603 233 216 604 1077 6 605 1076 10 606 237 222 607 1079 11 608 0 0 609 242 234 610 245 237 611 1071 5 612 247 242 613 1076 10 614 1073 19 615 246 240 616 17 20 617 1074 8 618 245 237 619 244 239 620 1073 19 621 238 226 622 243 236 623 23 2 624 240 230 625 242 234 626 6 4 627 241 231 628 1071 5 629 20 24 630 240 230 631 1070 27 632 5 13 633 239 227 634 6 4 635 14 16 636 236 224 637 238 226 638 1079 11 639 236 224 640 1067 15 641 18 23 642 234 221 643 20 24 644 1077 6 645 232 218 646 5 13 647 328 248 648 280 249 649 295 250 650 227 241 651 260 251 652 228 247 653 220 228 654 253 252 655 221 232 656 228 247 657 261 253 658 229 220 659 221 232 660 254 254 661 222 243 662 229 220 663 262 255 664 230 229 665 222 243 666 255 256 667 223 245 668 230 229 669 263 257 670 231 233 671 223 245 672 256 258 673 224 223 674 216 244 675 249 259 676 217 238 677 231 233 678 248 260 679 216 244 680 224 223 681 257 261 682 225 225 683 217 238 684 250 262 685 218 246 686 225 225 687 258 263 688 226 235 689 218 246 690 251 264 691 219 217 692 226 235 693 259 265 694 227 241 695 271 266 696 256 258 697 255 256 698 279 267 699 248 260 700 263 257 701 272 268 702 257 261 703 256 258 704 265 269 705 250 262 706 249 259 707 273 270 708 258 263 709 257 261 710 266 271 711 251 264 712 250 262 713 274 272 714 259 265 715 258 263 716 251 264 717 268 273 718 252 274 719 275 275 720 260 251 721 259 265 722 252 274 723 269 276 724 253 252 725 276 277 726 261 253 727 260 251 728 269 276 729 254 254 730 253 252 731 261 253 732 278 278 733 262 255 734 270 279 735 255 256 736 254 254 737 262 255 738 279 267 739 263 257 740 297 280 741 283 281 742 296 282 743 299 283 744 293 284 745 298 285 746 301 286 747 288 287 748 300 288 749 300 288 750 289 289 751 302 290 752 303 291 753 283 281 754 284 292 755 298 285 756 294 293 757 304 294 758 305 295 759 284 292 760 285 296 761 304 294 762 295 250 763 306 297 764 302 290 765 290 298 766 307 299 767 309 300 768 281 301 769 308 302 770 310 303 771 290 298 772 291 304 773 311 305 774 285 296 775 286 306 776 306 297 777 280 249 778 309 300 779 311 305 780 287 245 781 301 286 782 308 302 783 282 307 784 297 280 785 310 303 786 292 308 787 299 283 788 364 309 789 404 310 790 403 311 791 341 312 792 283 281 793 282 307 794 334 313 795 290 298 796 289 289 797 342 314 798 282 307 799 281 301 800 335 315 801 289 289 802 288 287 803 343 316 804 281 301 805 280 249 806 336 317 807 288 287 808 287 245 809 329 321 813 295 250 814 294 293 815 337 322 816 287 245 817 286 306 818 330 323 819 294 293 820 293 284 821 338 324 822 286 306 823 285 296 824 331 325 825 293 284 826 292 308 827 339 326 828 285 296 829 284 292 830 291 304 831 331 325 832 292 308 833 340 327 834 284 292 835 283 281 836 377 328 837 363 329 838 376 330 839 329 321 840 359 331 841 328 248 842 350 332 843 336 317 844 337 322 845 330 323 846 358 333 847 329 321 848 349 334 849 337 322 850 338 324 851 331 325 852 357 335 853 330 323 854 339 326 855 349 334 856 338 324 857 355 336 858 331 325 859 332 337 860 340 327 861 348 338 862 339 326 863 354 339 864 332 337 865 333 340 866 346 341 867 340 327 868 341 312 869 353 342 870 333 340 871 334 313 872 345 343 873 341 312 874 342 314 875 352 344 876 334 313 877 335 315 878 359 331 879 343 316 880 328 248 881 351 345 882 335 315 883 336 317 884 308 302 885 457 346 886 456 347 887 297 280 888 458 348 889 457 346 890 296 282 891 459 349 892 458 348 893 303 291 894 460 350 895 459 349 896 305 295 897 461 351 898 460 350 899 311 305 900 462 352 901 461 351 902 301 286 903 463 353 904 462 352 905 300 288 906 464 354 907 463 353 908 464 354 909 307 299 910 465 355 911 307 299 912 466 356 913 465 355 914 310 303 915 467 357 916 466 356 917 467 357 918 298 285 919 468 358 920 298 285 921 469 359 922 468 358 923 304 294 924 470 360 925 469 359 926 306 297 927 471 361 928 470 360 929 309 300 930 456 347 931 471 361 932 264 362 933 249 259 934 248 260 935 378 363 936 372 364 937 373 365 938 381 366 939 368 367 940 380 368 941 380 368 942 369 369 943 382 370 944 383 371 945 363 329 946 364 309 947 378 363 948 374 372 949 384 373 950 385 374 951 364 309 952 365 375 953 384 373 954 375 376 955 386 377 956 382 370 957 370 378 958 387 379 959 389 380 960 361 381 961 388 382 962 390 383 963 370 378 964 371 384 965 391 385 966 365 375 967 366 386 968 386 377 969 360 387 970 389 380 971 391 385 972 367 388 973 381 366 974 388 382 975 362 389 976 377 328 977 390 383 978 372 364 979 379 390 980 388 382 981 489 391 982 488 392 983 377 328 984 490 393 985 489 391 986 376 330 987 491 394 988 490 393 989 383 371 990 492 395 991 491 394 992 385 374 993 493 396 994 492 395 995 391 385 996 494 397 997 493 396 998 381 366 999 495 398 1000 494 397 1001 380 368 1002 496 399 1003 495 398 1004 496 399 1005 387 379 1006 497 400 1007 387 379 1008 498 401 1009 497 400 1010 390 383 1011 499 402 1012 498 401 1013 499 402 1014 378 363 1015 500 403 1016 378 363 1017 501 404 1018 500 403 1019 384 373 1020 502 405 1021 501 404 1022 386 377 1023 503 406 1024 502 405 1025 389 380 1026 488 392 1027 503 406 1028 344 407 1029 342 314 1030 343 316 1031 370 378 1032 398 408 1033 397 409 1034 369 369 1035 399 410 1036 398 408 1037 360 387 1038 392 411 1039 407 412 1040 362 389 1041 406 413 1042 405 414 1043 375 376 1044 393 415 1045 392 411 1046 367 388 1047 401 416 1048 400 417 1049 374 372 1050 394 418 1051 393 415 1052 365 375 1053 403 311 1054 402 419 1055 312 420 1056 265 269 1057 264 362 1058 372 364 1059 396 421 1060 395 422 1061 366 386 1062 402 419 1063 401 416 1064 373 365 1065 395 422 1066 394 418 1067 371 384 1068 397 409 1069 396 421 1070 441 423 1071 427 424 1072 440 425 1073 393 415 1074 423 426 1075 392 411 1076 363 329 1077 405 414 1078 404 310 1079 333 340 1080 291 304 1081 290 298 1082 414 427 1083 400 417 1084 401 416 1085 394 418 1086 422 428 1087 393 415 1088 413 429 1089 401 416 1090 402 419 1091 395 422 1092 421 430 1093 394 418 1094 403 311 1095 413 429 1096 402 419 1097 419 431 1098 395 422 1099 396 421 1100 404 310 1101 412 432 1102 403 311 1103 418 433 1104 396 421 1105 397 409 1106 410 434 1107 404 310 1108 405 414 1109 417 435 1110 397 409 1111 398 408 1112 409 436 1113 405 414 1114 406 413 1115 416 437 1116 398 408 1117 399 410 1118 423 426 1119 407 412 1120 392 411 1121 415 438 1122 399 410 1123 400 417 1124 442 439 1125 436 440 1126 437 441 1127 445 442 1128 432 443 1129 444 444 1130 444 444 1131 433 445 1132 446 446 1133 447 447 1134 427 424 1135 428 448 1136 442 439 1137 438 449 1138 448 450 1139 449 451 1140 428 448 1141 429 452 1142 448 450 1143 439 453 1144 450 454 1145 446 446 1146 434 455 1147 451 456 1148 453 457 1149 425 458 1150 452 459 1151 454 460 1152 434 455 1153 435 461 1154 455 462 1155 429 452 1156 430 463 1157 450 454 1158 424 464 1159 453 457 1160 455 462 1161 431 465 1162 445 442 1163 452 459 1164 426 466 1165 441 423 1166 454 460 1167 436 440 1168 443 467 1169 452 459 1170 505 468 1171 504 469 1172 441 423 1173 506 470 1174 505 468 1175 440 425 1176 507 471 1177 506 470 1178 447 447 1179 508 472 1180 507 471 1181 449 451 1182 509 473 1183 508 472 1184 455 462 1185 510 474 1186 509 473 1187 445 442 1188 511 475 1189 510 474 1190 444 444 1191 512 476 1192 511 475 1193 512 476 1194 451 456 1195 513 477 1196 451 456 1197 514 478 1198 513 477 1199 454 460 1200 515 479 1201 514 478 1202 515 479 1203 442 439 1204 516 480 1205 442 439 1206 517 481 1207 516 480 1208 448 450 1209 518 482 1210 517 481 1211 450 454 1212 519 483 1213 518 482 1214 453 457 1215 504 469 1216 519 483 1217 408 484 1218 406 413 1219 407 412 1220 361 381 1221 407 412 1222 406 413 1223 266 271 1224 325 485 1225 267 486 1226 323 487 1227 270 279 1228 269 276 1229 324 488 1230 269 276 1231 268 273 1232 321 489 1233 272 268 1234 271 266 1235 273 270 1236 318 490 1237 274 272 1238 275 275 1239 316 491 1240 276 277 1241 313 492 1242 264 362 1243 279 267 1244 314 493 1245 279 267 1246 278 278 1247 327 494 1248 266 271 1249 265 269 1250 325 485 1251 268 273 1252 267 486 1253 322 495 1254 271 266 1255 270 279 1256 320 496 1257 273 270 1258 272 268 1259 274 272 1260 317 497 1261 275 275 1262 315 498 1263 278 278 1264 277 499 1265 316 491 1266 277 499 1267 276 277 1268 312 420 1269 456 347 1270 327 494 1271 368 367 1272 400 417 1273 399 410 1274 470 360 1275 312 420 1276 313 492 1277 314 493 1278 470 360 1279 313 492 1280 468 358 1281 314 493 1282 315 498 1283 316 491 1284 468 358 1285 315 498 1286 466 356 1287 316 491 1288 317 497 1289 318 490 1290 466 356 1291 317 497 1292 464 354 1293 318 490 1294 319 500 1295 320 496 1296 464 354 1297 319 500 1298 462 352 1299 320 496 1300 321 489 1301 461 351 1302 321 489 1303 322 495 1304 323 487 1305 461 351 1306 322 495 1307 324 488 1308 460 350 1309 323 487 1310 458 348 1311 324 488 1312 325 485 1313 457 346 1314 325 485 1315 326 501 1316 327 494 1317 457 346 1318 326 501 1319 487 502 1320 345 343 1321 344 407 1322 486 503 1323 344 407 1324 359 331 1325 485 504 1326 359 331 1327 358 333 1328 484 505 1329 358 333 1330 357 335 1331 483 506 1332 357 335 1333 356 507 1334 355 336 1335 483 506 1336 356 507 1337 354 339 1338 482 508 1339 355 336 1340 353 342 1341 481 509 1342 354 339 1343 479 510 1344 353 342 1345 352 344 1346 478 511 1347 352 344 1348 351 345 1349 477 512 1350 351 345 1351 350 332 1352 476 513 1353 350 332 1354 349 334 1355 475 514 1356 349 334 1357 348 338 1358 474 515 1359 348 338 1360 347 516 1361 346 341 1362 474 515 1363 347 516 1364 472 517 1365 346 341 1366 345 343 1367 487 502 1368 488 392 1369 472 517 1370 502 405 1371 487 502 1372 486 503 1373 485 504 1374 502 405 1375 486 503 1376 500 403 1377 485 504 1378 484 505 1379 483 506 1380 500 403 1381 484 505 1382 498 401 1383 483 506 1384 482 508 1385 481 509 1386 498 401 1387 482 508 1388 496 399 1389 481 509 1390 480 518 1391 479 510 1392 496 399 1393 480 518 1394 494 397 1395 479 510 1396 478 511 1397 493 396 1398 478 511 1399 477 512 1400 476 513 1401 493 396 1402 477 512 1403 475 514 1404 492 395 1405 476 513 1406 490 393 1407 475 514 1408 474 515 1409 489 391 1410 474 515 1411 473 519 1412 472 517 1413 489 391 1414 473 519 1415 534 520 1416 504 469 1417 535 521 1418 518 482 1419 534 520 1420 533 522 1421 532 523 1422 518 482 1423 533 522 1424 516 480 1425 532 523 1426 531 524 1427 530 525 1428 516 480 1429 531 524 1430 514 478 1431 530 525 1432 529 526 1433 528 527 1434 514 478 1435 529 526 1436 512 476 1437 528 527 1438 527 528 1439 526 529 1440 512 476 1441 527 528 1442 510 474 1443 526 529 1444 525 530 1445 509 473 1446 525 530 1447 524 531 1448 523 532 1449 509 473 1450 524 531 1451 522 533 1452 508 472 1453 523 532 1454 506 470 1455 522 533 1456 521 534 1457 505 468 1458 521 534 1459 520 535 1460 535 521 1461 505 468 1462 520 535 1463 535 521 1464 410 434 1465 409 436 1466 410 434 1467 521 534 1468 411 536 1469 521 534 1470 412 432 1471 411 536 1472 522 533 1473 413 429 1474 412 432 1475 523 532 1476 414 427 1477 413 429 1478 524 531 1479 415 438 1480 414 427 1481 525 530 1482 416 437 1483 415 438 1484 526 529 1485 417 435 1486 416 437 1487 417 435 1488 528 527 1489 418 433 1490 418 433 1491 529 526 1492 419 431 1493 419 431 1494 530 525 1495 420 537 1496 530 525 1497 421 430 1498 420 537 1499 531 524 1500 422 428 1501 421 430 1502 532 523 1503 423 426 1504 422 428 1505 533 522 1506 408 484 1507 423 426 1508 534 520 1509 409 436 1510 408 484 1511 427 424 1512 540 538 1513 428 448 1514 435 461 1515 548 539 1516 436 440 1517 428 448 1518 541 540 1519 429 452 1520 436 440 1521 549 541 1522 437 441 1523 429 452 1524 542 542 1525 430 463 1526 437 441 1527 550 543 1528 438 449 1529 430 463 1530 543 544 1531 431 465 1532 438 449 1533 551 545 1534 439 453 1535 431 465 1536 544 546 1537 432 443 1538 424 464 1539 537 547 1540 425 458 1541 439 453 1542 536 548 1543 424 464 1544 432 443 1545 545 549 1546 433 445 1547 425 458 1548 538 550 1549 426 466 1550 433 445 1551 546 551 1552 434 455 1553 426 466 1554 539 552 1555 427 424 1556 434 455 1557 547 553 1558 435 461 1559 550 543 1560 567 554 1561 551 545 1562 543 544 1563 560 555 1564 544 546 1565 536 548 1566 553 556 1567 537 547 1568 551 545 1569 552 557 1570 536 548 1571 544 546 1572 561 558 1573 545 549 1574 537 547 1575 554 559 1576 538 550 1577 545 549 1578 562 560 1579 546 551 1580 538 550 1581 555 561 1582 539 552 1583 546 551 1584 563 562 1585 547 553 1586 539 552 1587 556 563 1588 540 538 1589 547 553 1590 564 564 1591 548 539 1592 540 538 1593 557 565 1594 541 540 1595 548 539 1596 565 566 1597 549 541 1598 541 540 1599 558 567 1600 542 542 1601 549 541 1602 566 568 1603 550 543 1604 542 542 1605 559 569 1606 543 544 1607 58 120 3090 60 125 3091 1064 154 3092 54 127 3093 52 123 3094 53 116 3095 62 106 3096 60 125 3097 61 107 3098 56 114 3099 54 127 3100 55 115 3101 48 110 3102 62 106 3103 63 111 3104 50 118 3105 48 110 3106 49 54 3107 58 120 3108 56 114 3109 57 121 3110 219 217 3111 252 274 3112 220 228 3113 174 194 3114 129 21 3115 172 1062 3116 1071 5 3117 42 101 3118 167 3 3119 17 20 3120 45 93 3121 176 18 3122 40 88 3123 1074 8 3124 123 7 3125 14 16 3126 44 97 3127 173 14 3128 41 103 3132 5 13 3133 125 12 3134 47 95 3138 23 2 3139 121 1 3140 1079 11 3144 43 99 3145 170 9 3146 20 24 3147 46 90 3148 179 22 3149 1114 1095 3189 1085 1096 3190 1113 1097 3191 1116 1098 3192 1093 1099 3193 1115 1100 3194 1117 1101 3195 1084 1102 3196 1083 1103 3197 1119 1104 3198 1087 1105 3199 1092 1106 3200 1121 1107 3201 1084 1102 3202 1118 1108 3203 1123 1109 3204 1081 1110 3205 1122 1111 3206 1124 1112 3207 1089 1113 3208 1091 1114 3209 1123 1109 3210 1093 1099 3211 1082 1115 3212 1127 1116 3213 1090 1117 3214 1126 1118 3215 1128 1119 3216 1086 1120 3217 1114 1095 3218 1125 1121 3219 1083 1103 3220 1089 1113 3221 1116 1098 3222 1091 1114 3223 1094 1122 3224 1122 1111 3225 1088 1123 3226 1127 1116 3227 1126 1118 3228 1096 1124 3229 1128 1119 3230 1113 1097 3231 1087 1105 3232 1120 1125 3233 1119 1104 3234 1095 1126 3235 1121 1107 3236 1388 1175 3432 1249 1176 3433 1400 1177 3434 1379 1178 3435 1261 1179 3436 1378 1180 3437 1398 1181 3438 1264 1182 3439 1242 1183 3440 1382 1184 3441 1261 1179 3442 1239 1185 3443 1174 1186 3444 1176 1187 3445 1175 1188 3446 1386 1189 3447 1252 1190 3448 1233 1191 3449 1382 1184 3450 1264 1182 3451 1392 1192 3452 1085 1096 3453 1381 1193 3454 1087 1105 3455 1370 1194 3456 1246 1195 3457 1384 1196 3458 1386 1189 3459 1255 1197 3460 1390 1198 3461 1083 1103 3462 1385 1199 3463 1089 1113 3464 1388 1175 3465 1246 1195 3466 1227 1200 3467 1087 1105 3468 1391 1201 3469 1092 1106 3470 1375 1202 3471 1252 1190 3472 1374 1203 3473 1395 1204 3474 1255 1197 3475 1236 1205 3476 1371 1206 3477 1258 1207 3478 1370 1194 3479 1210 1208 3480 1186 1209 3481 1209 1210 3482 1212 1211 3483 1182 1212 3484 1211 1213 3485 1214 1214 3486 1185 1215 3487 1213 1216 3488 1216 1217 3489 1190 1218 3490 1215 1219 3491 1217 1220 3492 1184 1221 3493 1210 1208 3494 1209 1210 3495 1192 1222 3496 1212 1211 3497 1219 1223 3498 1183 1224 3499 1218 1225 3500 1221 1226 3501 1191 1227 3502 1220 1228 3503 1211 1213 3504 1181 1229 3505 1219 1223 3506 1215 1219 3507 1189 1230 3508 1222 1231 3509 1223 1232 3510 1179 1233 3511 1214 1214 3512 1218 1225 3513 1188 1234 3514 1221 1226 3515 1220 1228 3516 1180 1235 3517 1223 1232 3518 1224 1236 3519 1177 1237 3520 1217 1220 3521 1213 1216 3522 1187 1238 3523 1216 1217 3524 1222 1231 3525 1178 1239 3526 1224 1236 3527 1243 1240 3576 1367 1241 3577 1272 1242 3578 1231 1243 3579 1331 1244 3580 1286 1245 3581 1240 1246 3582 1355 1247 3583 1304 1248 3584 1237 1249 3585 1349 1250 3586 1298 1251 3587 1258 1207 3588 1363 1252 3589 1339 1253 3590 1234 1254 3591 1337 1255 3592 1292 1256 3593 1228 1257 3594 1325 1258 3595 1280 1259 3596 1240 1246 3597 1361 1260 3598 1269 1261 3599 1237 1249 3600 1355 1247 3601 1266 1262 3602 1225 1263 3603 1319 1264 3604 1274 1265 3605 1267 1266 3606 1327 1267 3607 1252 1190 3608 1243 1240 3609 1292 1256 3610 1310 1268 3611 1231 1243 3612 1337 1255 3613 1257 1269 3614 1228 1257 3615 1349 1250 3616 1263 1270 3617 1225 1263 3618 1325 1258 3619 1251 1271 3620 1089 1113 3621 1389 1272 3622 1091 1114 3623 1316 1273 3624 1226 1274 3625 1277 1275 3626 1227 1200 3627 1321 1276 3628 1249 1176 3629 1275 1277 3630 1248 1278 3631 1225 1263 3632 1226 1274 3633 1323 1279 3634 1250 1280 3635 1320 1281 3636 1209 1210 3637 1273 1282 3638 1096 1124 3639 1380 1283 3640 1086 1120 3641 1322 1284 3642 1229 1285 3643 1283 1286 3644 1230 1287 3645 1345 1288 3646 1261 1179 3647 1281 1289 3648 1251 1271 3649 1228 1257 3650 1229 1285 3651 1347 1290 3652 1262 1291 3653 1326 1292 3654 1211 1213 3655 1279 1293 3656 1398 1181 3657 1267 1266 3658 1375 1202 3659 1328 1294 3660 1232 1295 3661 1289 1296 3662 1233 1191 3663 1333 1297 3664 1255 1197 3665 1287 1298 3666 1254 1299 3667 1231 1243 3668 1232 1295 3669 1335 1300 3670 1256 1301 3671 1332 1302 3672 1213 1216 3673 1285 1303 3674 1092 1106 3675 1397 1304 3676 1095 1126 3677 1295 1305 3678 1256 1301 3679 1235 1306 3680 1245 1307 3681 1296 1308 3682 1314 1309 3683 1293 1310 3684 1257 1269 3685 1234 1254 3686 1244 1311 3687 1294 1312 3688 1312 1313 3689 1291 1314 3690 1216 1217 3691 1215 1219 3692 1394 1315 3693 1270 1316 3694 1371 1206 3695 1340 1317 3696 1247 1318 3697 1316 1273 3698 1259 1319 3699 1317 1320 3700 1247 1318 3701 1342 1321 3702 1248 1278 3703 1318 1322 3704 1260 1323 3705 1319 1264 3706 1248 1278 3707 1344 1317 3708 1210 1208 3709 1320 1281 3710 1091 1114 3711 1396 1324 3712 1094 1122 3713 1350 1325 3714 1211 1213 3715 1219 1223 3716 1227 1200 3717 1315 1326 3718 1278 1327 3719 1277 1275 3720 1250 1280 3721 1322 1284 3722 1226 1274 3723 1317 1320 3724 1276 1328 3725 1275 1277 3726 1251 1271 3727 1324 1329 3728 1379 1178 3729 1249 1176 3730 1230 1287 3731 1346 1330 3732 1238 1331 3733 1301 1332 3734 1239 1185 3735 1351 1333 3736 1264 1182 3737 1299 1334 3738 1263 1270 3739 1237 1249 3740 1238 1331 3741 1353 1335 3742 1265 1336 3743 1350 1325 3744 1218 1225 3745 1297 1337 3746 1395 1204 3747 1245 1307 3748 1394 1315 3749 1307 1338 3750 1265 1336 3751 1241 1339 3752 1242 1183 3753 1357 1340 3754 1267 1266 3755 1305 1341 3756 1266 1262 3757 1240 1246 3758 1241 1339 3759 1359 1342 3760 1268 1343 3761 1303 1344 3762 1221 1226 3763 1220 1228 3764 1086 1120 3765 1377 1345 3766 1085 1096 3767 1338 1346 3768 1213 1216 3769 1216 1217 3770 1230 1287 3771 1321 1276 3772 1284 1347 3773 1346 1330 3774 1229 1285 3775 1262 1291 3776 1229 1285 3777 1323 1279 3778 1282 1348 3779 1281 1289 3780 1263 1270 3781 1348 1349 3782 1094 1122 3783 1393 1350 3784 1093 1099 3785 1297 1337 3786 1221 1226 3787 1356 1351 3788 1236 1205 3789 1333 1297 3790 1296 1308 3791 1295 1305 3792 1244 1311 3793 1313 1352 3794 1235 1306 3795 1335 1300 3796 1294 1312 3797 1293 1310 3798 1243 1240 3799 1311 1353 3800 1084 1102 3801 1373 1354 3802 1083 1103 3803 1328 1294 3804 1268 1343 3805 1253 1355 3806 1268 1343 3807 1329 1356 3808 1253 1355 3809 1330 1357 3810 1269 1261 3811 1254 1299 3812 1269 1261 3813 1331 1244 3814 1254 1299 3815 1332 1302 3816 1223 1232 3817 1214 1214 3818 1088 1123 3819 1387 1358 3820 1090 1117 3821 1303 1344 3822 1223 1232 3823 1362 1359 3824 1239 1185 3825 1345 1288 3826 1302 1360 3827 1301 1332 3828 1265 1336 3829 1352 1361 3830 1238 1331 3831 1347 1290 3832 1300 1362 3833 1299 1334 3834 1266 1262 3835 1354 1363 3836 1095 1126 3837 1376 1364 3838 1084 1102 3839 1368 1365 3840 1222 1231 3841 1224 1236 3842 1242 1183 3843 1351 1333 3844 1308 1366 3845 1307 1338 3846 1268 1343 3847 1358 1367 3848 1241 1339 3849 1353 1335 3850 1306 1368 3851 1305 1341 3852 1269 1261 3853 1360 1369 3854 1082 1115 3855 1369 1370 3856 1081 1110 3857 1364 1371 3858 1259 1319 3859 1340 1317 3860 1259 1319 3861 1365 1372 3862 1341 1373 3863 1366 1374 3864 1260 1323 3865 1342 1321 3866 1260 1323 3867 1367 1241 3868 1343 1253 3869 1368 1365 3870 1217 1220 3871 1344 1317 3872 1090 1117 3873 1399 1375 3874 1096 1124 3875 1291 1314 3876 1222 1231 3877 1309 1376 3878 1233 1191 3879 1327 1267 3880 1290 1377 3881 1334 1378 3882 1232 1295 3883 1256 1301 3884 1232 1295 3885 1329 1356 3886 1288 1379 3887 1287 1298 3888 1257 1269 3889 1336 1380 3890 1093 1099 3891 1372 1381 3892 1082 1115 3893 1258 1207 3894 1315 1326 3895 1246 1195 3896 1245 1307 3897 1363 1252 3898 1270 1316 3899 1364 1371 3900 1244 1311 3901 1271 1382 3902 1244 1311 3903 1365 1372 3904 1271 1382 3905 1311 1353 3906 1272 1242 3907 1366 1374 3908 1277 1275 3909 1315 1326 3910 1316 1273 3911 1318 1322 3912 1276 1328 3913 1317 1320 3914 1273 1282 3915 1319 1264 3916 1320 1281 3917 1283 1286 3918 1321 1276 3919 1322 1284 3920 1324 1329 3921 1282 1348 3922 1323 1279 3923 1279 1293 3924 1325 1258 3925 1326 1292 3926 1289 1296 3927 1327 1267 3928 1328 1294 3929 1330 1357 3930 1288 1379 3931 1329 1356 3932 1285 1303 3933 1331 1244 3934 1332 1302 3935 1295 1305 3936 1333 1297 3937 1334 1378 3938 1336 1380 3939 1294 1312 3940 1335 1300 3941 1291 1314 3942 1337 1255 3943 1338 1346 3944 1316 1273 3945 1339 1253 3946 1340 1317 3947 1318 1322 3948 1341 1373 3949 1342 1321 3950 1320 1281 3951 1343 1253 3952 1344 1317 3953 1322 1284 3954 1278 1327 3955 1277 1275 3956 1324 1329 3957 1276 1328 3958 1275 1277 3959 1326 1292 3960 1274 1265 3961 1273 1282 3962 1301 1332 3963 1345 1288 3964 1346 1330 3965 1348 1349 3966 1300 1362 3967 1347 1290 3968 1297 1337 3969 1349 1250 3970 1350 1325 3971 1352 1361 3972 1308 1366 3973 1351 1333 3974 1354 1363 3975 1306 1368 3976 1353 1335 3977 1356 1351 3978 1304 1248 3979 1355 1247 3980 1346 1330 3981 1284 1347 3982 1283 1286 3983 1348 1349 3984 1282 1348 3985 1281 1289 3986 1350 1325 3987 1280 1259 3988 1279 1293 3989 1313 1352 3990 1296 1308 3991 1295 1305 3992 1311 1353 3993 1294 1312 3994 1293 1310 3995 1309 1376 3996 1292 1256 3997 1291 1314 3998 1328 1294 3999 1357 1340 4000 1358 1367 4001 1330 1357 4002 1359 1342 4003 1360 1369 4004 1332 1302 4005 1361 1260 4006 1362 1359 4007 1301 1332 4008 1351 1333 4009 1302 1360 4010 1354 1363 4011 1300 1362 4012 1299 1334 4013 1297 1337 4014 1355 1247 4015 1298 1251 4016 1358 1367 4017 1308 1366 4018 1307 1338 4019 1360 1369 4020 1306 1368 4021 1305 1341 4022 1362 1359 4023 1304 1248 4024 1303 1344 4025 1340 1317 4026 1363 1252 4027 1364 1371 4028 1342 1321 4029 1365 1372 4030 1366 1374 4031 1344 1317 4032 1367 1241 4033 1368 1365 4034 1289 1296 4035 1333 1297 4036 1290 1377 4037 1287 1298 4038 1335 1300 4039 1288 1379 4040 1285 1303 4041 1337 1255 4042 1286 1245 4043 1364 1371 4044 1314 1309 4045 1313 1352 4046 1366 1374 4047 1312 1313 4048 1311 1353 4049 1368 1365 4050 1310 1268 4051 1309 1376 4052 1273 1282 4053 1212 1211 4054 1326 1292 4055 1388 1175 4056 1167 1383 4057 1402 1384 4058 1376 1364 4059 1176 1187 4060 1173 1385 4061 1380 1283 4062 1415 1386 4063 1377 1345 4064 1385 1199 4065 1164 1387 4066 1389 1272 4067 1378 1180 4068 1166 1388 4069 1379 1178 4070 1389 1272 4071 1161 1389 4072 1396 1324 4073 1386 1189 4074 1163 1390 4075 1408 1391 4076 1375 1202 4077 1175 1188 4078 1398 1181 4079 1381 1193 4080 1415 1386 4081 1405 1392 4082 1382 1184 4083 1416 1393 4084 1378 1180 4085 1390 1198 4086 1162 1394 4087 1163 1390 4088 1391 1201 4089 1405 1392 4090 1403 1395 4091 1392 1192 4092 1406 1396 4093 1382 1184 4094 1383 1397 4095 1413 1398 4096 1409 1399 4097 1380 1283 4098 1168 1400 4099 1165 1401 4100 1384 1196 4101 1414 1402 4102 1370 1194 4103 1081 1110 4104 1383 1397 4105 1088 1123 4106 1170 1403 4107 1172 1404 4108 1171 1405 4109 1166 1388 4110 1168 1400 4111 1167 1383 4112 1162 1394 4113 1164 1387 4114 1163 1390 4115 1167 1383 4116 1401 1406 4117 1402 1384 4118 1175 1188 4119 1403 1395 4120 1404 1407 4121 1171 1405 4122 1161 1389 4123 1162 1394 4124 1404 1407 4125 1405 1392 4126 1406 1396 4127 1163 1390 4128 1407 1408 4129 1408 1391 4130 1402 1384 4131 1409 1399 4132 1410 1409 4133 1408 1391 4134 1411 1410 4135 1412 1411 4136 1410 1409 4137 1413 1398 4138 1414 1402 4139 1406 1396 4140 1415 1386 4141 1416 1393 4142 1416 1393 4143 1165 1401 4144 1166 1388 4145 1412 1411 4146 1173 1385 4147 1174 1186 4148 1414 1402 4149 1169 1412 4150 1170 1403 4151 1375 1202 4152 1412 1411 4153 1174 1186 4154 1384 1196 4155 1402 1384 4156 1410 1409 4157 1387 1358 4158 1168 1400 4159 1399 1375 4160 1376 1364 4161 1411 1410 4162 1373 1354 4163 1394 1315 4164 1170 1403 4165 1171 1405 4166 1383 1397 4167 1401 1406 4168 1387 1358 4169 1370 1194 4170 1170 1403 4171 1371 1206 4172 1392 1192 4173 1175 1188 4174 1404 1407 4175 1369 1370 4176 1169 1412 4177 1413 1398 4178 1393 1350 4179 1169 1412 4180 1372 1381 4181 1386 1189 4182 1412 1411 4183 1374 1203 4184 1391 1201 4185 1176 1187 4186 1397 1304 4187 1385 1199 4188 1411 1410 4189 1407 1408 4190 1394 1315 4191 1162 1394 4192 1395 1204 4193 1379 1178 4194 1167 1383 4195 1400 1177 4196 1396 1324 4197 1172 1404 4198 1393 1350 4199 1538 1413 4200 1417 1414 4201 1440 1415 4202 1423 1416 4203 1584 1417 4204 2488 1418 4205 1540 1419 4206 2494 1420 4207 2491 1421 4208 2493 1422 4209 1587 1423 4210 2496 1424 4211 1542 1425 4212 1423 1416 4213 1422 1426 4214 2484 1427 4215 1590 1428 4216 1431 1429 4217 1544 1430 4218 2493 1422 4219 2488 1418 4220 2490 1431 4221 1593 1432 4222 1434 1433 4223 1546 1434 4224 2484 1427 4225 2496 1424 4226 1435 1435 4227 1596 1436 4228 1437 1437 4229 1548 1438 4230 2490 1431 4231 1431 1429 4232 2487 1439 4233 1599 1440 4234 1440 1415 4235 1550 1441 4236 1435 1435 4237 1434 1433 4238 1552 1442 4239 2487 1439 4240 1437 1437 4241 2494 1420 4242 1581 1443 4243 1422 1426 4244 1441 1444 4245 1484 1445 4246 1418 1446 4247 1531 1447 4248 1430 1448 4249 1492 1449 4250 1631 1450 4251 1439 1451 4252 1629 1452 4253 1446 1453 4254 1494 1454 4255 1433 1455 4256 1529 1456 4257 1427 1457 4258 1490 1458 4259 1445 1459 4260 1492 1449 4261 1430 1448 4262 1418 1446 4263 1522 1460 4264 1482 1461 4265 1527 1462 4266 1424 1463 4267 1488 1464 4268 1444 1465 4269 1490 1458 4270 1427 1457 4271 1466 1466 4272 1441 1444 4273 1498 1467 4274 1525 1468 4275 1421 1469 4276 1486 1470 4277 1443 1471 4278 1488 1464 4279 1424 1463 4280 1535 1472 4281 1436 1473 4282 1496 1474 4283 1442 1475 4284 1486 1470 4285 1421 1469 4286 1533 1476 4287 1433 1455 4288 1494 1454 4289 1447 1477 4290 1496 1474 4291 1436 1473 4292 1448 1478 4293 1629 1452 4294 1439 1451 4295 1448 1478 4296 1626 1479 4297 1519 1480 4298 1439 1451 4299 1536 1481 4300 1626 1479 4301 1447 1477 4302 1622 1482 4303 1516 1483 4304 1436 1473 4305 1534 1484 4306 1622 1482 4307 1446 1453 4308 1618 1485 4309 1513 1486 4310 1433 1455 4311 1532 1487 4312 1618 1485 4313 1445 1459 4314 1614 1488 4315 1510 1489 4316 1430 1448 4317 1530 1490 4318 1614 1488 4319 1444 1465 4320 1610 1491 4321 1507 1492 4322 1427 1457 4323 1528 1493 4324 1610 1491 4325 1443 1471 4326 1606 1494 4327 1504 1495 4328 1424 1463 4329 1526 1496 4330 1606 1494 4331 1442 1475 4332 1602 1497 4333 1501 1498 4334 1421 1469 4335 1524 1499 4336 1602 1497 4337 1523 1500 4338 1418 1446 4339 1484 1445 4340 1457 1501 4341 1522 1460 4342 1449 1502 4343 1535 1472 4344 1463 1503 4345 1455 1504 4346 1417 1414 4347 1578 1505 4348 2491 1421 4349 1533 1476 4350 1462 1506 4351 1454 1507 4352 1464 1508 4353 1536 1481 4354 1456 1509 4355 1531 1447 4356 1461 1510 4357 1453 1511 4358 1463 1503 4359 1534 1484 4360 1455 1504 4361 1529 1456 4362 1460 1512 4363 1452 1513 4364 1462 1506 4365 1532 1487 4366 1454 1507 4367 1527 1462 4368 1459 1514 4369 1451 1515 4370 1461 1510 4371 1530 1490 4372 1453 1511 4373 1525 1468 4374 1458 1516 4375 1450 1517 4376 1460 1512 4377 1528 1493 4378 1452 1513 4379 1523 1500 4380 1457 1501 4381 1449 1502 4382 1459 1514 4383 1526 1496 4384 1451 1515 4385 1458 1516 4386 1524 1499 4387 1450 1517 4388 1479 1518 4389 1574 1519 4390 1575 1520 4391 1476 1521 4392 1446 1453 4393 1513 1486 4394 1465 1522 4395 1553 1523 4396 1554 1524 4397 1468 1525 4398 1442 1475 4399 1501 1498 4400 1473 1526 4401 1565 1527 4402 1566 1528 4403 1470 1529 4404 1443 1471 4405 1504 1495 4406 1478 1530 4407 1447 1477 4408 1516 1483 4409 1467 1531 4410 1556 1532 4411 1557 1533 4412 1475 1534 4413 1568 1535 4414 1569 1536 4415 1472 1537 4416 1444 1465 4417 1507 1492 4418 1480 1538 4419 1448 1478 4420 1519 1480 4421 1469 1539 4422 1559 1540 4423 1560 1541 4424 1477 1542 4425 1571 1543 4426 1572 1544 4427 1474 1545 4428 1445 1459 4429 1510 1489 4430 1631 1450 4431 1464 1508 4432 1456 1509 4433 1471 1546 4434 1562 1547 4435 1563 1548 4436 1499 1549 4437 1555 1550 4438 1497 1551 4439 1502 1552 4440 1558 1553 4441 1500 1554 4442 1505 1555 4443 1561 1556 4444 1503 1557 4445 1508 1558 4446 1564 1559 4447 1506 1560 4448 1511 1561 4449 1567 1562 4450 1509 1563 4451 1514 1564 4452 1570 1565 4453 1512 1566 4454 1517 1567 4455 1573 1568 4456 1515 1569 4457 1520 1570 4458 1576 1571 4459 1518 1572 4460 1577 1573 4461 1579 1574 4462 1537 1575 4463 1469 1539 4464 1467 1531 4465 2481 1576 4466 1595 1577 4467 1597 1578 4468 1549 1579 4469 1604 1580 4470 1483 1581 4471 1601 1582 4472 1607 1583 4473 1605 1584 4474 1608 1585 4475 1611 1586 4476 1609 1587 4477 1612 1588 4478 1615 1589 4479 1613 1590 4480 1616 1591 4481 1619 1592 4482 1617 1593 4483 1620 1594 4484 1623 1595 4485 1621 1596 4486 1624 1597 4487 1628 1598 4488 1495 1599 4489 1625 1600 4490 1558 1553 4491 1603 1601 4492 1500 1554 4493 1509 1563 4494 1489 1602 4495 1615 1589 4496 1630 1603 4497 1497 1551 4498 1555 1550 4499 1493 1604 4500 1515 1569 4501 1573 1568 4502 1611 1586 4503 1564 1559 4504 1487 1605 4505 1491 1606 4506 1512 1566 4507 1570 1565 4508 1607 1583 4509 1561 1556 4510 1485 1607 4511 1627 1608 4512 1576 1571 4513 1495 1599 4514 1632 1609 4515 1481 1610 4516 1630 1603 4517 1582 1611 4518 1601 1582 4519 1539 1612 4520 1608 1585 4521 1541 1613 4522 1585 1614 4523 1588 1615 4524 1609 1587 4525 1543 1616 4526 1616 1591 4527 1545 1617 4528 1591 1618 4529 1594 1619 4530 1617 1593 4531 1547 1620 4532 1624 1597 4533 1549 1579 4534 1597 1578 4535 1600 1621 4536 1625 1600 4537 1551 1622 4538 1537 1575 4539 1521 1623 4540 1632 1609 4541 1441 1444 4542 1482 1461 4543 1498 1467 4544 1554 1524 4545 1499 1549 4546 1497 1551 4547 1498 1467 4548 1499 1549 4549 1553 1523 4550 1557 1533 4551 1502 1552 4552 1500 1554 4553 1501 1498 4554 1502 1552 4555 1556 1532 4556 1560 1541 4557 1505 1555 4558 1503 1557 4559 1504 1495 4560 1505 1555 4561 1559 1540 4562 1563 1548 4563 1508 1558 4564 1506 1560 4565 1507 1492 4566 1508 1558 4567 1562 1547 4568 1566 1528 4569 1511 1561 4570 1509 1563 4571 1510 1489 4572 1511 1561 4573 1565 1527 4574 1569 1536 4575 1514 1564 4576 1512 1566 4577 1513 1486 4578 1514 1564 4579 1568 1535 4580 1572 1544 4581 1517 1567 4582 1515 1569 4583 1516 1483 4584 1517 1567 4585 1571 1543 4586 1575 1520 4587 1520 1570 4588 1518 1572 4589 1519 1480 4590 1520 1570 4591 1574 1519 4592 1580 1624 4593 1582 1611 4594 1539 1612 4595 1583 1625 4596 1585 1614 4597 1541 1613 4598 1586 1626 4599 1588 1615 4600 1543 1616 4601 1598 1627 4602 1600 1621 4603 1551 1622 4604 1592 1628 4605 1594 1619 4606 1547 1620 4607 1602 1497 4608 1601 1582 4609 1483 1581 4610 1484 1445 4611 1604 1580 4612 1523 1500 4613 1606 1494 4614 1605 1584 4615 1485 1607 4616 1486 1470 4617 1608 1585 4618 1525 1468 4619 1610 1491 4620 1609 1587 4621 1487 1605 4622 1488 1464 4623 1612 1588 4624 1527 1462 4625 1614 1488 4626 1613 1590 4627 1489 1602 4628 1490 1458 4629 1616 1591 4630 1529 1456 4631 1618 1485 4632 1617 1593 4633 1491 1606 4634 1492 1449 4635 1620 1594 4636 1531 1447 4637 1622 1482 4638 1621 1596 4639 1493 1604 4640 1494 1454 4641 1624 1597 4642 1533 1476 4643 1626 1479 4644 1625 1600 4645 1495 1599 4646 1496 1474 4647 1628 1598 4648 1535 1472 4649 1557 1533 4650 1603 1601 4651 1484 1445 4652 1501 1498 4653 1483 1581 4654 1558 1553 4655 1510 1489 4656 1489 1602 4657 1567 1562 4658 1566 1528 4659 1615 1589 4660 1490 1458 4661 1554 1524 4662 1481 1610 4663 1629 1452 4664 1498 1467 4665 1630 1603 4666 1555 1550 4667 1572 1544 4668 1623 1595 4669 1494 1454 4670 1516 1483 4671 1493 1604 4672 1573 1568 4673 1507 1492 4674 1487 1605 4675 1564 1559 4676 1563 1548 4677 1611 1586 4678 1488 1464 4679 1569 1536 4680 1619 1592 4681 1492 1449 4682 1513 1486 4683 1491 1606 4684 1570 1565 4685 1504 1495 4686 1485 1607 4687 1561 1556 4688 1560 1541 4689 1607 1583 4690 1486 1470 4691 1519 1480 4692 1495 1599 4693 1576 1571 4694 1575 1520 4695 1627 1608 4696 1496 1474 4697 1629 1452 4698 1521 1623 4699 1631 1450 4700 1482 1461 4701 1632 1609 4702 1630 1603 4703 1524 1499 4704 1539 1612 4705 1601 1582 4706 1523 1500 4707 1582 1611 4708 1540 1419 4709 1526 1496 4710 1541 1613 4711 1605 1584 4712 1525 1468 4713 1585 1614 4714 1542 1425 4715 1528 1493 4716 1543 1616 4717 1609 1587 4718 1527 1462 4719 1588 1615 4720 1544 1430 4721 1530 1490 4722 1545 1617 4723 1613 1590 4724 1529 1456 4725 1591 1618 4726 1546 1434 4727 1532 1487 4728 1547 1620 4729 1617 1593 4730 1531 1447 4731 1594 1619 4732 1548 1438 4733 1534 1484 4734 1549 1579 4735 1621 1596 4736 1533 1476 4737 1597 1578 4738 1550 1441 4739 1536 1481 4740 1551 1622 4741 1625 1600 4742 1535 1472 4743 1600 1621 4744 1552 1442 4745 1631 1450 4746 1579 1574 4747 1538 1413 4748 1522 1460 4749 1537 1575 4750 1632 1609 4751 1635 1629 4752 1649 1630 4753 1636 1631 4754 1646 1632 4755 1652 1633 4756 1651 1634 4757 1640 1635 4758 1653 1636 4759 1641 1637 4760 1642 1638 4761 1653 1636 4762 1655 1639 4763 1636 1631 4764 1656 1640 4765 1637 1641 4766 1647 1642 4767 1651 1634 4768 1657 1643 4769 1638 1644 4770 1656 1640 4771 1658 1645 4772 1648 1646 4773 1657 1643 4774 1659 1647 4775 1642 1638 4776 1660 1648 4777 1643 1649 4778 1634 1650 4779 1662 1651 4780 1661 1652 4781 1643 1649 4782 1663 1653 4783 1644 1654 4784 1639 1655 4785 1658 1645 4786 1664 1656 4787 1648 1646 4788 1662 1651 4789 1633 1657 4790 1639 1655 4791 1654 1658 4792 1640 1635 4793 1634 1650 4794 1650 1659 4795 1635 1629 4796 1644 1654 4797 1652 1633 4798 1645 1660 4799 1652 1633 4800 1434 1433 4801 1435 1435 4802 1650 1659 4803 2491 1421 4804 2494 1420 4805 1664 1656 4806 2496 1424 4807 1654 1658 4808 1662 1651 4809 1440 1415 4810 1417 1414 4811 1664 1656 4812 2488 1418 4813 2493 1422 4814 1660 1648 4815 1434 1433 4816 1663 1653 4817 1662 1651 4818 2491 1421 4819 1661 1652 4820 1660 1648 4821 1431 1429 4822 2490 1431 4823 1657 1643 4824 1440 1415 4825 1659 1647 4826 1656 1640 4827 2488 1418 4828 1658 1645 4829 1657 1643 4830 1437 1437 4831 2487 1439 4832 1656 1640 4833 1422 1426 4834 1423 1416 4835 1653 1636 4836 1431 1429 4837 1655 1639 4838 1653 1636 4839 2496 1424 4840 2484 1427 4841 1652 1633 4842 1437 1437 4843 1651 1634 4844 1650 1659 4845 1422 1426 4846 1649 1630 4847 1760 1661 4848 1712 1662 4849 1697 1663 4850 1677 1664 4851 1644 1654 4852 1645 1660 4853 1669 1665 4854 1638 1644 4855 1670 1666 4856 1677 1664 4857 1646 1632 4858 1678 1667 4859 1670 1666 4860 1639 1655 4861 1671 1668 4862 1678 1667 4863 1647 1642 4864 1679 1669 4865 1672 1670 4866 1639 1655 4867 1640 1635 4868 1679 1669 4869 1648 1646 4870 1680 1671 4871 1673 1672 4872 1640 1635 4873 1641 1637 4874 1665 1673 4875 1634 1650 4876 1666 1674 4877 1665 1673 4878 1648 1646 4879 1633 1657 4880 1673 1672 4881 1642 1638 4882 1674 1675 4883 1667 1676 4884 1634 1650 4885 1635 1629 4886 1675 1677 4887 1642 1638 4888 1643 1649 4889 1668 1678 4890 1635 1629 4891 1636 1631 4892 1676 1679 4893 1643 1649 4894 1644 1654 4895 1689 1680 4896 1672 1670 4897 1673 1672 4898 1681 1681 4899 1680 1671 4900 1665 1673 4901 1674 1675 4902 1689 1680 4903 1673 1672 4904 1667 1676 4905 1682 1682 4906 1666 1674 4907 1675 1677 4908 1690 1683 4909 1674 1675 4910 1684 1684 4911 1667 1676 4912 1668 1678 4913 1692 1685 4914 1675 1677 4915 1676 1679 4916 1685 1686 4917 1668 1678 4918 1669 1665 4919 1693 1687 4920 1676 1679 4921 1677 1664 4922 1670 1666 4923 1685 1686 4924 1669 1665 4925 1678 1667 4926 1693 1687 4927 1677 1664 4928 1671 1668 4929 1686 1688 4930 1670 1666 4931 1679 1669 4932 1694 1689 4933 1678 1667 4934 1688 1690 4935 1671 1668 4936 1672 1670 4937 1696 1691 4938 1679 1669 4939 1680 1671 4940 1700 1692 4941 1714 1693 4942 1713 1694 4943 1709 1695 4944 1715 1696 4945 1710 1697 4946 1705 1698 4947 1718 1699 4948 1717 1700 4949 1705 1698 4950 1719 1701 4951 1706 1702 4952 1701 1703 4953 1713 1694 4954 1720 1704 4955 1711 1705 4956 1715 1696 4957 1721 1706 4958 1701 1703 4959 1722 1707 4960 1702 1708 4961 1712 1662 4962 1721 1706 4963 1723 1709 4964 1706 1702 4965 1724 1710 4966 1707 1711 4967 1698 1712 4968 1726 1713 4969 1725 1714 4970 1707 1711 4971 1727 1715 4972 1708 1716 4973 1702 1708 4974 1728 1717 4975 1703 1718 4976 1697 1663 4977 1723 1709 4978 1726 1713 4979 1704 1719 4980 1728 1717 4981 1718 1699 4982 1698 1712 4983 1714 1693 4984 1699 1720 4985 1709 1695 4986 1727 1715 4987 1716 1721 4988 1780 1722 4989 1820 1723 4990 1821 1724 4991 1757 1725 4992 1699 1720 4993 1700 1692 4994 1750 1726 4995 1706 1702 4996 1707 1711 4997 1699 1720 4998 1759 1727 4999 1698 1712 5000 1706 1702 5001 1752 1728 5002 1705 1698 5003 1698 1712 5004 1760 1661 5005 1697 1663 5006 1752 1728 5007 1704 1719 5008 1705 1698 5009 1712 1662 5013 1746 1732 5014 1711 1705 5015 1753 1733 5016 1703 1718 5017 1704 1719 5018 1711 1705 5019 1747 1734 5020 1710 1697 5021 1703 1718 5022 1755 1735 5023 1702 1708 5024 1710 1697 5025 1748 1736 5026 1709 1695 5027 1702 1708 5028 1756 1737 5029 1701 1703 5030 1748 1736 5031 1708 1716 5032 1709 1695 5033 1756 1737 5034 1700 1692 5035 1701 1703 5036 1779 1738 5037 1793 1739 5038 1780 1722 5039 1776 1740 5040 1746 1732 5041 1745 1741 5042 1768 1742 5043 1754 1743 5044 1753 1733 5045 1746 1732 5046 1774 1744 5047 1747 1734 5048 1754 1743 5049 1766 1745 5050 1755 1735 5051 1747 1734 5052 1773 1746 5053 1748 1736 5054 1755 1735 5055 1765 1747 5056 1756 1737 5057 1773 1746 5058 1749 1748 5059 1748 1736 5060 1765 1747 5061 1757 1725 5062 1756 1737 5063 1772 1749 5064 1750 1726 5065 1749 1748 5066 1764 1750 5067 1758 1751 5068 1757 1725 5069 1750 1726 5070 1770 1752 5071 1751 1753 5072 1758 1751 5073 1762 1754 5074 1759 1727 5075 1751 1753 5076 1769 1755 5077 1752 1728 5078 1761 1756 5079 1745 1741 5080 1760 1661 5081 1769 1755 5082 1753 1733 5083 1752 1728 5084 1714 1693 5085 1873 1757 5086 1874 1758 5087 1875 1759 5088 1714 1693 5089 1874 1758 5090 1876 1760 5091 1713 1694 5092 1875 1759 5093 1722 1707 5094 1876 1760 5095 1877 1761 5096 1728 1717 5097 1877 1761 5098 1878 1762 5099 1879 1763 5100 1728 1717 5101 1878 1762 5102 1880 1764 5103 1718 1699 5104 1879 1763 5105 1719 1701 5106 1880 1764 5107 1881 1765 5108 1724 1710 5109 1881 1765 5110 1882 1766 5111 1883 1767 5112 1724 1710 5113 1882 1766 5114 1884 1768 5115 1727 1715 5116 1883 1767 5117 1715 1696 5118 1884 1768 5119 1885 1769 5120 1721 1706 5121 1885 1769 5122 1886 1770 5123 1887 1771 5124 1721 1706 5125 1886 1770 5126 1888 1772 5127 1723 1709 5128 1887 1771 5129 1725 1714 5130 1888 1772 5131 1873 1757 5132 1666 1674 5133 1681 1681 5134 1665 1673 5135 1789 1773 5136 1795 1774 5137 1790 1775 5138 1785 1776 5139 1798 1777 5140 1797 1778 5141 1786 1779 5142 1797 1778 5143 1799 1780 5144 1780 1722 5145 1800 1781 5146 1781 1782 5147 1791 1783 5148 1795 1774 5149 1801 1784 5150 1781 1782 5151 1802 1785 5152 1782 1786 5153 1791 1783 5154 1803 1787 5155 1792 1788 5156 1787 1789 5157 1799 1780 5158 1804 1790 5159 1778 1791 5160 1806 1792 5161 1805 1793 5162 1787 1789 5163 1807 1794 5164 1788 1795 5165 1783 1796 5166 1802 1785 5167 1808 1797 5168 1777 1798 5169 1803 1787 5170 1806 1792 5171 1783 1796 5172 1798 1777 5173 1784 1799 5174 1779 1738 5175 1805 1793 5176 1794 1800 5177 1789 1773 5178 1807 1794 5179 1796 1801 5180 1794 1800 5181 1905 1802 5182 1906 1803 5183 1907 1804 5184 1794 1800 5185 1906 1803 5186 1908 1805 5187 1793 1739 5188 1907 1804 5189 1802 1785 5190 1908 1805 5191 1909 1806 5192 1808 1797 5193 1909 1806 5194 1910 1807 5195 1911 1808 5196 1808 1797 5197 1910 1807 5198 1912 1809 5199 1798 1777 5200 1911 1808 5201 1799 1780 5202 1912 1809 5203 1913 1810 5204 1804 1790 5205 1913 1810 5206 1914 1811 5207 1915 1812 5208 1804 1790 5209 1914 1811 5210 1916 1813 5211 1807 1794 5212 1915 1812 5213 1795 1774 5214 1916 1813 5215 1917 1814 5216 1801 1784 5217 1917 1814 5218 1918 1815 5219 1919 1816 5220 1801 1784 5221 1918 1815 5222 1920 1817 5223 1803 1787 5224 1919 1816 5225 1805 1793 5226 1920 1817 5227 1905 1802 5228 1759 1727 5229 1761 1756 5230 1760 1661 5231 1815 1818 5232 1787 1789 5233 1814 1819 5234 1816 1820 5235 1786 1779 5236 1815 1818 5237 1792 1788 5238 1824 1821 5239 1809 1822 5240 1823 1823 5241 1779 1738 5242 1822 1824 5243 1791 1783 5244 1809 1822 5245 1810 1825 5246 1783 1796 5247 1817 1826 5248 1818 1827 5249 1811 1828 5250 1791 1783 5251 1810 1825 5252 1820 1723 5253 1782 1786 5254 1819 1829 5255 1682 1682 5256 1729 1830 5257 1681 1681 5258 1788 1795 5259 1812 1831 5260 1813 1832 5261 1819 1829 5262 1783 1796 5263 1818 1827 5264 1812 1831 5265 1790 1775 5266 1811 1828 5267 1787 1789 5268 1813 1832 5269 1814 1819 5270 1844 1833 5271 1858 1834 5272 1857 1835 5273 1840 1836 5274 1810 1825 5275 1809 1822 5276 1779 1738 5277 1821 1724 5278 1822 1824 5279 1749 1748 5280 1707 1711 5281 1708 1716 5282 1832 1837 5283 1818 1827 5284 1817 1826 5285 1810 1825 5286 1838 1838 5287 1811 1828 5288 1818 1827 5289 1830 1839 5290 1819 1829 5291 1811 1828 5292 1837 1840 5293 1812 1831 5294 1819 1829 5295 1829 1841 5296 1820 1723 5297 1837 1840 5298 1813 1832 5299 1812 1831 5300 1829 1841 5301 1821 1724 5302 1820 1723 5303 1836 1842 5304 1814 1819 5305 1813 1832 5306 1828 1843 5307 1822 1824 5308 1821 1724 5309 1814 1819 5310 1834 1844 5311 1815 1818 5312 1822 1824 5313 1826 1845 5314 1823 1823 5315 1815 1818 5316 1833 1846 5317 1816 1820 5318 1825 1847 5319 1809 1822 5320 1824 1821 5321 1833 1846 5322 1817 1826 5323 1816 1820 5324 1853 1848 5325 1859 1849 5326 1854 1850 5327 1849 1851 5328 1862 1852 5329 1861 1853 5330 1849 1851 5331 1863 1854 5332 1850 1855 5333 1845 1856 5334 1857 1835 5335 1864 1857 5336 1854 1850 5337 1865 1858 5338 1855 1859 5339 1845 1856 5340 1866 1860 5341 1846 1861 5342 1856 1862 5343 1865 1858 5344 1867 1863 5345 1850 1855 5346 1868 1864 5347 1851 1865 5348 1841 1866 5349 1869 1867 5350 1842 1868 5351 1852 1869 5352 1868 1864 5353 1871 1870 5354 1846 1861 5355 1872 1871 5356 1847 1872 5357 1841 1866 5358 1867 1863 5359 1870 1873 5360 1848 1874 5361 1872 1871 5362 1862 1852 5363 1842 1868 5364 1858 1834 5365 1843 1875 5366 1853 1848 5367 1871 1870 5368 1860 1876 5369 1858 1834 5370 1921 1877 5371 1922 1878 5372 1923 1879 5373 1858 1834 5374 1922 1878 5375 1924 1880 5376 1857 1835 5377 1923 1879 5378 1866 1860 5379 1924 1880 5380 1925 1881 5381 1872 1871 5382 1925 1881 5383 1926 1882 5384 1927 1883 5385 1872 1871 5386 1926 1882 5387 1928 1884 5388 1862 1852 5389 1927 1883 5390 1863 1854 5391 1928 1884 5392 1929 1885 5393 1868 1864 5394 1929 1885 5395 1930 1886 5396 1931 1887 5397 1868 1864 5398 1930 1886 5399 1932 1888 5400 1871 1870 5401 1931 1887 5402 1859 1849 5403 1932 1888 5404 1933 1889 5405 1865 1858 5406 1933 1889 5407 1934 1890 5408 1935 1891 5409 1865 1858 5410 1934 1890 5411 1936 1892 5412 1867 1863 5413 1935 1891 5414 1869 1867 5415 1936 1892 5416 1921 1877 5417 1823 1823 5418 1825 1847 5419 1824 1821 5420 1824 1821 5421 1778 1791 5422 1823 1823 5423 1684 1684 5424 1743 1893 5425 1683 1894 5426 1739 1895 5427 1686 1688 5428 1687 1896 5429 1686 1688 5430 1741 1897 5431 1685 1686 5432 1737 1898 5433 1688 1690 5434 1689 1680 5435 1735 1899 5436 1690 1683 5437 1691 1900 5438 1733 1901 5439 1692 1685 5440 1693 1687 5441 1729 1830 5442 1696 1691 5443 1681 1681 5444 1696 1691 5445 1731 1902 5446 1695 1903 5447 1743 1893 5448 1682 1682 5449 1683 1894 5450 1741 1897 5451 1684 1684 5452 1685 1686 5453 1688 1690 5454 1739 1895 5455 1687 1896 5456 1690 1683 5457 1737 1898 5458 1689 1680 5459 1692 1685 5460 1735 1899 5461 1691 1900 5462 1731 1902 5463 1694 1689 5464 1695 1903 5465 1694 1689 5466 1733 1901 5467 1693 1687 5468 1873 1757 5469 1729 1830 5470 1744 1904 5471 1784 1799 5472 1816 1820 5473 1817 1826 5474 1729 1830 5475 1887 1771 5476 1730 1905 5477 1730 1905 5478 1886 1770 5479 1731 1902 5480 1886 1770 5481 1732 1906 5482 1731 1902 5483 1885 1769 5484 1733 1901 5485 1732 1906 5486 1733 1901 5487 1883 1767 5488 1734 1907 5489 1734 1907 5490 1882 1766 5491 1735 1899 5492 1882 1766 5493 1736 1908 5494 1735 1899 5495 1881 1765 5496 1737 1898 5497 1736 1908 5498 1737 1898 5499 1879 1763 5500 1738 1909 5501 1738 1909 5502 1878 1762 5503 1739 1895 5504 1878 1762 5505 1740 1910 5506 1739 1895 5507 1877 1761 5508 1741 1897 5509 1740 1910 5510 1741 1897 5511 1875 1759 5512 1742 1911 5513 1742 1911 5514 1874 1758 5515 1743 1893 5516 1874 1758 5517 1744 1904 5518 1743 1893 5519 1889 1912 5520 1761 1756 5521 1762 1754 5522 1761 1756 5523 1903 1913 5524 1776 1740 5525 1776 1740 5526 1902 1914 5527 1775 1915 5528 1775 1915 5529 1901 1916 5530 1774 1744 5531 1901 1916 5532 1773 1746 5533 1774 1744 5534 1773 1746 5535 1899 1917 5536 1772 1749 5537 1899 1917 5538 1771 1918 5539 1772 1749 5540 1898 1919 5541 1770 1752 5542 1771 1918 5543 1897 1920 5544 1769 1755 5545 1770 1752 5546 1769 1755 5547 1895 1921 5548 1768 1742 5549 1768 1742 5550 1894 1922 5551 1767 1923 5552 1894 1922 5553 1766 1745 5554 1767 1923 5555 1893 1924 5556 1765 1747 5557 1766 1745 5558 1765 1747 5559 1891 1925 5560 1764 1750 5561 1891 1925 5562 1763 1926 5563 1764 1750 5564 1890 1927 5565 1762 1754 5566 1763 1926 5567 1889 1912 5568 1920 1817 5569 1904 1928 5570 1920 1817 5571 1903 1913 5572 1904 1928 5573 1919 1816 5574 1902 1914 5575 1903 1913 5576 1902 1914 5577 1917 1814 5578 1901 1916 5579 1901 1916 5580 1916 1813 5581 1900 1929 5582 1916 1813 5583 1899 1917 5584 1900 1929 5585 1915 1812 5586 1898 1919 5587 1899 1917 5588 1898 1919 5589 1913 1810 5590 1897 1920 5591 1897 1920 5592 1912 1809 5593 1896 1930 5594 1912 1809 5595 1895 1921 5596 1896 1930 5597 1911 1808 5598 1894 1922 5599 1895 1921 5600 1894 1922 5601 1909 1806 5602 1893 1924 5603 1893 1924 5604 1908 1805 5605 1892 1931 5606 1908 1805 5607 1891 1925 5608 1892 1931 5609 1907 1804 5610 1890 1927 5611 1891 1925 5612 1890 1927 5613 1905 1802 5614 1889 1912 5615 1921 1877 5616 1951 1932 5617 1952 1933 5618 1951 1932 5619 1935 1891 5620 1950 1934 5621 1935 1891 5622 1949 1935 5623 1950 1934 5624 1949 1935 5625 1933 1889 5626 1948 1936 5627 1933 1889 5628 1947 1937 5629 1948 1936 5630 1947 1937 5631 1931 1887 5632 1946 1938 5633 1931 1887 5634 1945 1939 5635 1946 1938 5636 1945 1939 5637 1929 1885 5638 1944 1940 5639 1929 1885 5640 1943 1941 5641 1944 1940 5642 1943 1941 5643 1927 1883 5644 1942 1942 5645 1927 1883 5646 1941 1943 5647 1942 1942 5648 1941 1943 5649 1925 1881 5650 1940 1944 5651 1925 1881 5652 1939 1945 5653 1940 1944 5654 1939 1945 5655 1923 1879 5656 1938 1946 5657 1923 1879 5658 1937 1947 5659 1938 1946 5660 1937 1947 5661 1921 1877 5662 1952 1933 5663 1937 1947 5664 1826 1845 5665 1827 1948 5666 1938 1946 5667 1827 1948 5668 1828 1843 5669 1939 1945 5670 1828 1843 5671 1829 1841 5672 1830 1839 5673 1939 1945 5674 1829 1841 5675 1941 1943 5676 1830 1839 5677 1831 1949 5678 1832 1837 5679 1941 1943 5680 1831 1949 5681 1943 1941 5682 1832 1837 5683 1833 1846 5684 1834 1844 5685 1943 1941 5686 1833 1846 5687 1945 1939 5688 1834 1844 5689 1835 1950 5690 1946 1938 5691 1835 1950 5692 1836 1842 5693 1947 1937 5694 1836 1842 5695 1837 1840 5696 1838 1838 5697 1947 1937 5698 1837 1840 5699 1839 1951 5700 1948 1936 5701 1838 1838 5702 1840 1836 5703 1949 1935 5704 1839 1951 5705 1951 1932 5706 1840 1836 5707 1825 1847 5708 1826 1845 5709 1951 1932 5710 1825 1847 5711 1956 1952 5712 1845 1856 5713 1957 1953 5714 1964 1954 5715 1853 1848 5716 1965 1955 5717 1958 1956 5718 1845 1856 5719 1846 1861 5720 1966 1957 5721 1853 1848 5722 1854 1850 5723 1959 1958 5724 1846 1861 5725 1847 1872 5726 1967 1959 5727 1854 1850 5728 1855 1859 5729 1959 1958 5730 1848 1874 5731 1960 1960 5732 1967 1959 5733 1856 1862 5734 1968 1961 5735 1960 1960 5736 1849 1851 5737 1961 1962 5738 1954 1963 5739 1841 1866 5740 1842 1868 5741 1968 1961 5742 1841 1866 5743 1953 1964 5744 1962 1965 5745 1849 1851 5746 1850 1855 5747 1955 1966 5748 1842 1868 5749 1843 1875 5750 1963 1967 5751 1850 1855 5752 1851 1865 5753 1955 1966 5754 1844 1833 5755 1956 1952 5756 1963 1967 5757 1852 1869 5758 1964 1954 5759 1983 1968 5760 1968 1961 5761 1984 1969 5762 1976 1970 5763 1961 1962 5764 1977 1971 5765 1970 1972 5766 1953 1964 5767 1954 1963 5768 1984 1969 5769 1953 1964 5770 1969 1973 5771 1977 1971 5772 1962 1965 5773 1978 1974 5774 1970 1972 5775 1955 1966 5776 1971 1975 5777 1978 1974 5778 1963 1967 5779 1979 1976 5780 1971 1975 5781 1956 1952 5782 1972 1977 5783 1979 1976 5784 1964 1954 5785 1980 1978 5786 1972 1977 5787 1957 1953 5788 1973 1979 5789 1980 1978 5790 1965 1955 5791 1981 1980 5792 1973 1979 5793 1958 1956 5794 1974 1981 5795 1981 1980 5796 1966 1957 5797 1982 1982 5798 1974 1981 5799 1959 1958 5800 1975 1983 5801 1982 1982 5802 1967 1959 5803 1983 1968 5804 1975 1983 5805 1960 1960 5806 1976 1970 5807 1477 1542 7290 1475 1534 7291 2481 1576 7292 1469 1539 7293 1471 1546 7294 1470 1529 7295 1477 1542 7296 1479 1518 7297 1478 1530 7298 1471 1546 7299 1473 1526 7300 1472 1537 7301 1479 1518 7302 1465 1522 7303 1480 1538 7304 1465 1522 7305 1467 1531 7306 1466 1466 7307 1473 1526 7308 1475 1534 7309 1474 1545 7310 1669 1665 7311 1636 1631 7312 1637 1641 7313 1589 2475 7314 1591 1618 7315 1545 1617 7316 1459 1514 7317 2488 1418 7318 1584 1417 7319 1462 1506 7320 1434 1433 7321 1593 1432 7322 2491 1421 7323 1457 1501 7324 1540 1419 7325 1461 1510 7326 1431 1429 7327 1590 1428 7328 1422 1426 7332 1458 1516 7333 1542 1425 7334 1440 1415 7338 1464 1508 7339 1538 1413 7340 1460 1512 7344 2496 1424 7345 1587 1423 7346 1463 1503 7347 1437 1437 7348 1596 1436 7349 2503 2508 7389 2530 2509 7390 2502 2510 7391 2510 2511 7392 2533 2512 7393 2532 2513 7394 2500 2514 7395 2535 2515 7396 2534 2516 7397 2509 2517 7398 2537 2518 7399 2536 2519 7400 2512 2520 7401 2535 2515 7402 2501 2521 7403 2499 2522 7404 2539 2523 7405 2498 2524 7406 2506 2525 7407 2541 2526 7408 2508 2527 7409 2499 2522 7410 2532 2513 7411 2540 2528 7412 2507 2529 7413 2544 2530 7414 2543 2531 7415 2513 2532 7416 2531 2533 7417 2503 2508 7418 2506 2525 7419 2534 2516 7420 2542 2534 7421 2508 2527 7422 2533 2512 7423 2511 2535 7424 2498 2524 7425 2544 2530 7426 2505 2536 7427 2513 2532 7428 2543 2531 7429 2545 2537 7430 2504 2538 7431 2530 2509 7432 2537 2518 7433 2509 2517 7434 2538 2539 7435 2512 2520 7436 2666 2588 7632 2805 2589 7633 2817 2590 7634 2678 2591 7635 2796 2592 7636 2795 2593 7637 2681 2594 7638 2815 2595 7639 2659 2596 7640 2678 2591 7641 2799 2597 7642 2656 2598 7643 2590 2599 7644 2592 2600 7645 2593 2601 7646 2669 2602 7647 2803 2603 7648 2650 2604 7649 2681 2594 7650 2799 2597 7651 2809 2605 7652 2798 2606 7653 2502 2510 7654 2504 2538 7655 2663 2607 7656 2787 2608 7657 2801 2609 7658 2672 2610 7659 2803 2603 7660 2807 2611 7661 2802 2612 7662 2500 2514 7663 2506 2525 7664 2663 2607 7665 2805 2589 7666 2644 2613 7667 2808 2614 7668 2504 2538 7669 2509 2517 7670 2684 2615 7671 2791 2616 7672 2669 2602 7673 2672 2610 7674 2812 2617 7675 2653 2618 7676 2675 2619 7677 2788 2620 7678 2787 2608 7679 2603 2621 7680 2627 2622 7681 2626 2623 7682 2609 2624 7683 2628 2625 7684 2599 2626 7685 2602 2627 7686 2631 2628 7687 2630 2629 7688 2604 2630 7689 2632 2631 7690 2607 2632 7691 2594 2633 7692 2627 2622 7693 2601 2634 7694 2609 2624 7695 2626 2623 7696 2629 2635 7697 2600 2636 7698 2636 2637 7699 2635 2638 7700 2605 2639 7701 2637 2640 7702 2608 2641 7703 2599 2626 7704 2636 2637 7705 2598 2642 7706 2606 2643 7707 2632 2631 7708 2639 2644 7709 2596 2645 7710 2640 2646 7711 2631 2628 7712 2605 2639 7713 2635 2638 7714 2638 2647 7715 2608 2641 7716 2640 2646 7717 2597 2648 7718 2595 2649 7719 2634 2650 7720 2594 2633 7721 2602 2627 7722 2633 2651 7723 2604 2630 7724 2595 2649 7725 2639 2644 7726 2641 2652 7727 2784 2653 7776 2660 2654 7777 2689 2655 7778 2748 2656 7779 2648 2657 7780 2703 2658 7781 2772 2659 7782 2657 2660 7783 2721 2661 7784 2766 2662 7785 2654 2663 7786 2715 2664 7787 2780 2665 7788 2675 2619 7789 2756 2666 7790 2754 2667 7791 2651 2668 7792 2709 2669 7793 2742 2670 7794 2645 2671 7795 2697 2672 7796 2778 2673 7797 2657 2660 7798 2686 2674 7799 2772 2659 7800 2654 2663 7801 2683 2675 7802 2736 2676 7803 2642 2677 7804 2691 2678 7805 2744 2679 7806 2684 2615 7807 2669 2602 7808 2709 2669 7809 2660 2654 7810 2727 2680 7811 2754 2667 7812 2648 2657 7813 2674 2681 7814 2766 2662 7815 2645 2671 7816 2680 2682 7817 2742 2670 7818 2642 2677 7819 2668 2683 7820 2802 2612 7821 2508 2527 7822 2806 2684 7823 2643 2685 7824 2733 2686 7825 2694 2687 7826 2738 2688 7827 2644 2613 7828 2666 2588 7829 2665 2689 7830 2692 2690 7831 2642 2677 7832 2740 2691 7833 2643 2685 7834 2667 2692 7835 2626 2623 7836 2737 2693 7837 2690 2694 7838 2816 2695 7839 2503 2508 7840 2797 2696 7841 2646 2697 7842 2739 2698 7843 2700 2699 7844 2762 2700 7845 2647 2701 7846 2678 2591 7847 2668 2683 7848 2698 2702 7849 2645 2671 7850 2764 2703 7851 2646 2697 7852 2679 2704 7853 2628 2625 7854 2743 2705 7855 2696 2706 7856 2684 2615 7857 2815 2595 7858 2792 2707 7859 2649 2708 7860 2745 2709 7861 2706 2710 7862 2707 2711 7863 2672 2610 7864 2750 2712 7865 2671 2713 7866 2704 2714 7867 2648 2657 7868 2752 2715 7869 2649 2708 7870 2673 2716 7871 2631 2628 7872 2702 2717 7873 2630 2629 7874 2808 2614 7875 2512 2520 7876 2814 2718 7877 2673 2716 7878 2712 2719 7879 2652 2720 7880 2713 2721 7881 2662 2722 7882 2731 2723 7883 2674 2681 7884 2710 2724 7885 2651 2668 7886 2711 2725 7887 2661 2726 7888 2729 2727 7889 2633 2651 7890 2708 2728 7891 2632 2631 7892 2687 2729 7893 2811 2730 7894 2788 2620 7895 2676 2731 7896 2733 2686 7897 2664 2732 7898 2734 2733 7899 2676 2731 7900 2664 2732 7901 2677 2734 7902 2735 2735 7903 2665 2689 7904 2736 2676 7905 2677 2734 7906 2665 2689 7907 2634 2650 7908 2737 2693 7909 2627 2622 7910 2806 2684 7911 2511 2535 7912 2813 2736 7913 2628 2625 7914 2767 2737 7915 2636 2637 7916 2732 2738 7917 2644 2613 7918 2695 2739 7919 2643 2685 7920 2739 2698 7921 2667 2692 7922 2734 2733 7923 2643 2685 7924 2693 2740 7925 2668 2683 7926 2692 2690 7927 2741 2741 7928 2666 2588 7929 2796 2592 7930 2647 2701 7931 2655 2742 7932 2763 2743 7933 2718 2744 7934 2768 2745 7935 2656 2598 7936 2681 2594 7937 2680 2682 7938 2716 2746 7939 2654 2663 7940 2770 2747 7941 2655 2742 7942 2682 2748 7943 2635 2638 7944 2767 2737 7945 2714 2749 7946 2653 2618 7947 2811 2730 7948 2662 2722 7949 2658 2750 7950 2769 2751 7951 2724 2752 7952 2774 2753 7953 2659 2596 7954 2684 2615 7955 2683 2675 7956 2722 2754 7957 2657 2660 7958 2776 2755 7959 2658 2750 7960 2685 2756 7961 2637 2640 7962 2773 2757 7963 2720 2758 7964 2797 2696 7965 2502 2510 7966 2794 2759 7967 2633 2651 7968 2702 2717 7969 2755 2760 7970 2738 2688 7971 2647 2701 7972 2701 2761 7973 2646 2697 7974 2763 2743 7975 2679 2704 7976 2740 2691 7977 2646 2697 7978 2699 2762 7979 2680 2682 7980 2698 2702 7981 2765 2763 7982 2810 2764 7983 2511 2535 7984 2510 2511 7985 2635 2638 7986 2773 2757 7987 2638 2647 7988 2750 2712 7989 2653 2618 7990 2713 2721 7991 2661 2726 7992 2712 2719 7993 2730 2765 7994 2752 2715 7995 2652 2720 7996 2711 2725 7997 2660 2654 7998 2710 2724 7999 2728 2766 8000 2790 2767 8001 2501 2521 8002 2500 2514 8003 2670 2768 8004 2775 2769 8005 2745 2709 8006 2776 2755 8007 2670 2768 8008 2746 2770 8009 2671 2713 8010 2777 2771 8011 2747 2772 8012 2778 2673 8013 2671 2713 8014 2748 2656 8015 2640 2646 8016 2749 2773 8017 2631 2628 8018 2804 2774 8019 2505 2536 8020 2507 2529 8021 2640 2646 8022 2720 2758 8023 2779 2775 8024 2762 2700 8025 2656 2598 8026 2719 2776 8027 2655 2742 8028 2769 2751 8029 2682 2748 8030 2764 2703 8031 2655 2742 8032 2717 2777 8033 2683 2675 8034 2716 2746 8035 2771 2778 8036 2814 2718 8037 2501 2521 8038 2793 2779 8039 2639 2644 8040 2785 2780 8041 2641 2652 8042 2768 2745 8043 2659 2596 8044 2725 2781 8045 2658 2750 8046 2775 2769 8047 2685 2756 8048 2770 2747 8049 2658 2750 8050 2723 2782 8051 2686 2674 8052 2722 2754 8053 2777 2771 8054 2789 2783 8055 2498 2524 8056 2786 2784 8057 2676 2731 8058 2781 2785 8059 2757 2786 8060 2782 2787 8061 2676 2731 8062 2758 2788 8063 2677 2734 8064 2783 2789 8065 2759 2790 8066 2784 2653 8067 2677 2734 8068 2760 2791 8069 2634 2650 8070 2785 2780 8071 2761 2792 8072 2816 2695 8073 2507 2529 8074 2513 2532 8075 2639 2644 8076 2708 2728 8077 2726 2793 8078 2707 2711 8079 2669 2602 8080 2650 2604 8081 2649 2708 8082 2751 2794 8083 2673 2716 8084 2746 2770 8085 2649 2708 8086 2705 2795 8087 2674 2681 8088 2704 2714 8089 2753 2796 8090 2789 2783 8091 2510 2511 8092 2499 2522 8093 2732 2738 8094 2675 2619 8095 2663 2607 8096 2780 2665 8097 2662 2722 8098 2687 2729 8099 2661 2726 8100 2781 2785 8101 2688 2797 8102 2782 2787 8103 2661 2726 8104 2688 2797 8105 2689 2655 8106 2728 2766 8107 2783 2789 8108 2695 2739 8109 2733 2686 8110 2732 2738 8111 2734 2733 8112 2692 2690 8113 2735 2735 8114 2691 2678 8115 2737 2693 8116 2736 2676 8117 2701 2761 8118 2739 2698 8119 2738 2688 8120 2740 2691 8121 2698 2702 8122 2741 2741 8123 2697 2672 8124 2743 2705 8125 2742 2670 8126 2707 2711 8127 2745 2709 8128 2744 2679 8129 2746 2770 8130 2704 2714 8131 2747 2772 8132 2703 2658 8133 2749 2773 8134 2748 2656 8135 2713 2721 8136 2751 2794 8137 2750 2712 8138 2752 2715 8139 2710 2724 8140 2753 2796 8141 2709 2669 8142 2755 2760 8143 2754 2667 8144 2732 2738 8145 2757 2786 8146 2756 2666 8147 2734 2733 8148 2759 2790 8149 2758 2788 8150 2736 2676 8151 2761 2792 8152 2760 2791 8153 2738 2688 8154 2694 2687 8155 2695 2739 8156 2740 2691 8157 2692 2690 8158 2693 2740 8159 2742 2670 8160 2690 2694 8161 2691 2678 8162 2719 2776 8163 2763 2743 8164 2762 2700 8165 2764 2703 8166 2716 2746 8167 2765 2763 8168 2715 2664 8169 2767 2737 8170 2766 2662 8171 2768 2745 8172 2724 2752 8173 2769 2751 8174 2770 2747 8175 2722 2754 8176 2771 2778 8177 2772 2659 8178 2720 2758 8179 2773 2757 8180 2762 2700 8181 2700 2699 8182 2701 2761 8183 2764 2703 8184 2698 2702 8185 2699 2762 8186 2766 2662 8187 2696 2706 8188 2697 2672 8189 2731 2723 8190 2712 2719 8191 2713 2721 8192 2729 2727 8193 2710 2724 8194 2711 2725 8195 2727 2680 8196 2708 2728 8197 2709 2669 8198 2744 2679 8199 2775 2769 8200 2774 2753 8201 2746 2770 8202 2777 2771 8203 2776 2755 8204 2748 2656 8205 2779 2775 8206 2778 2673 8207 2768 2745 8208 2718 2744 8209 2719 2776 8210 2770 2747 8211 2716 2746 8212 2717 2777 8213 2772 2659 8214 2714 2749 8215 2715 2664 8216 2774 2753 8217 2724 2752 8218 2725 2781 8219 2776 2755 8220 2722 2754 8221 2723 2782 8222 2778 2673 8223 2720 2758 8224 2721 2661 8225 2756 2666 8226 2781 2785 8227 2780 2665 8228 2758 2788 8229 2783 2789 8230 2782 2787 8231 2760 2791 8232 2785 2780 8233 2784 2653 8234 2707 2711 8235 2751 2794 8236 2706 2710 8237 2752 2715 8238 2704 2714 8239 2705 2795 8240 2703 2658 8241 2755 2760 8242 2702 2717 8243 2780 2665 8244 2730 2765 8245 2731 2723 8246 2782 2787 8247 2728 2766 8248 2729 2727 8249 2784 2653 8250 2726 2793 8251 2727 2680 8252 2626 2623 8253 2743 2705 8254 2629 2635 8255 2819 2798 8256 2817 2590 8257 2805 2589 8258 2590 2599 8259 2814 2718 8260 2793 2779 8261 2832 2799 8262 2797 2696 8263 2794 2759 8264 2581 2800 8265 2802 2612 8266 2806 2684 8267 2833 2801 8268 2796 2592 8269 2583 2802 8270 2578 2803 8271 2806 2684 8272 2813 2736 8273 2580 2804 8274 2803 2603 8275 2825 2805 8276 2591 2806 8277 2815 2595 8278 2592 2600 8279 2832 2799 8280 2798 2606 8281 2822 2807 8282 2833 2801 8283 2799 2597 8284 2795 2593 8285 2579 2808 8286 2807 2611 8287 2580 2804 8288 2822 2807 8289 2808 2614 8290 2820 2809 8291 2823 2810 8292 2809 2605 8293 2799 2597 8294 2826 2811 8295 2786 2784 8296 2800 2812 8297 2582 2813 8298 2816 2695 8299 2797 2696 8300 2827 2814 8301 2787 2608 8302 2831 2815 8303 2786 2784 8304 2505 2536 8305 2800 2812 8306 2586 2816 8307 2588 2817 8308 2589 2818 8309 2582 2813 8310 2584 2819 8311 2585 2820 8312 2578 2803 8313 2580 2804 8314 2581 2800 8315 2585 2820 8316 2819 2798 8317 2818 2821 8318 2593 2601 8319 2821 2822 8320 2820 2809 8321 2589 2818 8322 2579 2808 8323 2578 2803 8324 2820 2809 8325 2823 2810 8326 2822 2807 8327 2581 2800 8328 2825 2805 8329 2824 2823 8330 2818 2821 8331 2827 2814 8332 2826 2811 8333 2824 2823 8334 2829 2824 8335 2828 2825 8336 2826 2811 8337 2831 2815 8338 2830 2826 8339 2822 2807 8340 2833 2801 8341 2832 2799 8342 2832 2799 8343 2583 2802 8344 2582 2813 8345 2828 2825 8346 2591 2806 8347 2590 2599 8348 2830 2826 8349 2587 2827 8350 2586 2816 8351 2591 2806 8352 2791 2616 8353 2792 2707 8354 2827 2814 8355 2805 2589 8356 2801 2609 8357 2818 2821 8358 2816 2695 8359 2585 2820 8360 2590 2599 8361 2790 2767 8362 2828 2825 8363 2588 2817 8364 2788 2620 8365 2811 2730 8366 2826 2811 8367 2804 2774 8368 2818 2821 8369 2831 2815 8370 2788 2620 8371 2587 2827 8372 2592 2600 8373 2809 2605 8374 2821 2822 8375 2830 2826 8376 2789 2783 8377 2786 2784 8378 2589 2818 8379 2789 2783 8380 2586 2816 8381 2829 2824 8382 2803 2603 8383 2791 2616 8384 2593 2601 8385 2808 2614 8386 2814 2718 8387 2828 2825 8388 2802 2612 8389 2824 2823 8390 2579 2808 8391 2811 2730 8392 2812 2617 8393 2583 2802 8394 2817 2590 8395 2584 2819 8396 2578 2803 8397 2810 2764 8398 2589 2818 8399 1191 1227 8400 2597 2648 8401 1180 1235 8402 1178 1239 8403 2606 2643 8404 2595 2649 8405 1192 1222 8406 2599 2626 8407 1182 1212 8408 1187 1238 8409 2607 2632 8410 1190 1218 8411 1192 1222 8412 2603 2621 8413 2609 2624 8414 1188 1234 8415 2608 2641 8416 1191 1227 8417 1189 1230 8418 2607 2632 8419 2606 2643 8420 1188 1234 8421 2600 2636 8422 2605 2639 8423 1185 1215 8424 2604 2630 8425 1187 1238 8426 1186 1209 8427 2601 2634 8428 2603 2621 8429 1185 1215 8430 2596 2645 8431 2602 2627 8432 1177 1237 8433 2601 2634 8434 1184 1221 8435 1183 1224 8436 2598 2642 8437 2600 2636 8438 1182 1212 8439 2598 2642 8440 1181 1229 8441 1179 1233 8442 2597 2648 8443 2596 2645 8444 1178 1239 8445 2594 2633 8446 1177 1237 8447 0 0 8448 160 153 8449 121 1 8450 167 3 8451 166 211 8452 6 4 8453 1077 6 8454 163 210 8455 123 7 8456 170 9 8457 169 212 8458 1076 10 8459 6 4 8460 166 211 8461 125 12 8462 173 14 8463 172 1062 8464 1067 15 8465 1076 10 8466 169 212 8467 127 17 8468 176 18 8469 175 214 8470 1073 19 8471 1067 15 8472 172 1062 8473 129 21 8474 179 22 8475 178 156 8476 18 23 8477 1073 19 8478 175 214 8479 131 25 8480 182 26 8481 181 213 8482 1070 27 8483 18 23 8484 178 156 8485 133 28 8486 1070 27 8487 181 213 8488 135 29 8489 164 30 8490 163 210 8491 1077 6 8492 67 31 8493 140 203 8494 24 32 8495 13 34 8496 36 98 8497 114 35 8498 22 37 8499 39 96 8500 214 38 8501 77 40 8502 155 208 8503 29 41 8504 10 43 8505 35 100 8506 112 44 8507 75 36 8508 152 207 8509 28 46 8510 105 47 8511 32 89 8512 1 33 8513 7 49 8514 34 102 8515 110 50 8516 73 45 8517 149 206 8518 27 52 8519 48 110 8520 136 109 8521 49 54 8522 136 109 8523 81 53 8524 49 54 8525 4 55 8526 33 104 8527 108 56 8528 71 51 8529 146 205 8530 26 58 8531 19 59 8532 38 91 8533 118 60 8534 69 57 8535 143 204 8536 25 62 8537 16 42 8538 37 94 8539 116 63 8540 79 61 8541 158 209 8542 30 64 8543 212 39 8544 137 202 8545 31 65 8546 209 66 8547 22 37 8548 31 65 8549 119 68 8550 39 96 8551 22 37 8552 205 69 8553 19 59 8554 30 64 8555 117 71 8556 38 91 8557 19 59 8558 201 72 8559 16 42 8560 29 41 8561 115 74 8562 37 94 8563 16 42 8564 197 75 8565 13 34 8566 28 46 8567 113 77 8568 36 98 8569 13 34 8570 193 78 8571 10 43 8572 27 52 8573 111 80 8574 35 100 8575 10 43 8576 189 81 8577 7 49 8578 26 58 8579 109 83 8580 34 102 8581 7 49 8582 185 84 8583 4 55 8584 25 62 8585 107 86 8586 33 104 8587 4 55 8588 1 33 8589 32 89 8590 106 87 8591 105 47 8592 161 92 8593 40 88 8594 46 90 8595 135 29 8596 118 60 8597 161 92 8598 160 153 8599 0 0 8600 45 93 8601 133 28 8602 116 63 8603 119 68 8604 182 26 8605 47 95 8606 44 97 8607 131 25 8608 114 35 8609 117 71 8610 179 22 8611 46 90 8612 43 99 8613 129 21 8614 112 44 8615 115 74 8616 176 18 8617 45 93 8618 42 101 8619 127 17 8620 110 50 8621 113 77 8622 173 14 8623 44 97 8624 41 103 8625 125 12 8626 108 56 8627 111 80 8628 170 9 8629 43 99 8630 40 88 8631 123 7 8632 106 87 8633 109 83 8634 167 3 8635 42 101 8636 107 86 8637 164 30 8638 41 103 8639 61 107 8640 30 64 8641 158 209 8642 158 209 8643 157 105 8644 61 107 8645 58 120 8646 151 119 8647 59 108 8648 151 119 8649 96 73 8650 59 108 8651 63 111 8652 31 65 8653 137 202 8654 137 202 8655 136 109 8656 63 111 8657 50 118 8658 139 117 8659 51 112 8660 139 117 8661 84 85 8662 51 112 8663 55 115 8664 27 52 8665 149 206 8666 149 206 8667 148 113 8668 55 115 8669 52 123 8670 142 122 8671 53 116 8672 142 122 8673 87 82 8674 53 116 8675 60 125 8676 154 124 8677 61 107 8678 154 124 8679 99 70 8680 61 107 8681 49 54 8682 24 32 8683 140 203 8684 140 203 8685 139 117 8686 49 54 8687 57 121 8688 28 46 8689 152 207 8690 152 207 8691 151 119 8692 57 121 8693 54 127 8694 145 126 8695 55 115 8696 145 126 8697 90 79 8698 55 115 8699 62 106 8700 157 105 8701 63 111 8702 157 105 8703 102 67 8704 63 111 8705 51 112 8706 25 62 8707 143 204 8708 143 204 8709 142 122 8710 51 112 8711 59 108 8712 29 41 8713 155 208 8714 155 208 8715 154 124 8716 59 108 8717 56 114 8718 148 113 8719 57 121 8720 148 113 8721 93 76 8722 57 121 8723 47 95 8724 121 1 8725 214 38 8726 53 116 8727 26 58 8728 146 205 8729 146 205 8730 145 126 8731 53 116 8732 161 92 8733 120 215 8734 160 153 8735 120 215 8736 162 152 8737 160 153 8738 50 118 8739 51 112 8740 52 123 8741 179 22 8742 132 198 8743 178 156 8744 132 198 8745 180 155 8746 178 156 8747 66 157 8748 186 178 8749 187 158 8750 68 160 8751 190 184 8752 191 161 8753 70 163 8754 194 182 8755 195 164 8756 72 166 8757 198 179 8758 199 167 8759 200 169 8760 74 183 8761 202 170 8762 76 172 8763 206 181 8764 207 173 8765 78 175 8766 210 185 8767 211 176 8768 186 178 8769 66 157 8770 141 132 8771 72 166 8772 150 141 8773 92 140 8774 64 180 8775 213 187 8776 138 129 8777 206 181 8778 76 172 8779 156 147 8780 147 138 8781 89 137 8782 194 182 8783 95 143 8784 202 170 8785 74 183 8786 144 135 8787 86 134 8788 190 184 8789 159 150 8790 101 149 8791 210 185 8792 104 186 8793 215 201 8794 213 187 8795 184 159 8796 187 158 8797 165 188 8798 188 162 8799 191 161 8800 168 190 8801 192 165 8802 195 164 8803 171 192 8804 196 168 8805 199 167 8806 174 194 8807 200 169 8808 203 171 8809 177 196 8810 204 174 8811 207 173 8812 180 155 8813 208 177 8814 211 176 8815 183 199 8816 162 152 8817 120 215 8818 215 201 8819 65 48 8820 1 33 8821 24 32 8822 82 130 8823 136 109 8824 137 202 8825 82 130 8826 138 129 8827 81 53 8828 85 133 8829 139 117 8830 140 203 8831 85 133 8832 141 132 8833 84 85 8834 88 136 8835 142 122 8836 143 204 8837 88 136 8838 144 135 8839 87 82 8840 91 139 8841 145 126 8842 146 205 8843 91 139 8844 147 138 8845 90 79 8846 94 142 8847 148 113 8848 149 206 8849 94 142 8850 150 141 8851 93 76 8852 97 145 8853 151 119 8854 152 207 8855 97 145 8856 153 144 8857 96 73 8858 100 148 8859 154 124 8860 155 208 8861 100 148 8862 156 147 8863 99 70 8864 103 151 8865 157 105 8866 158 209 8867 103 151 8868 159 150 8869 102 67 8870 164 30 8871 122 189 8872 163 210 8873 122 189 8874 165 188 8875 163 210 8876 167 3 8877 124 191 8878 166 211 8879 124 191 8880 168 190 8881 166 211 8882 170 9 8883 126 193 8884 169 212 8885 126 193 8886 171 192 8887 169 212 8888 182 26 8889 134 200 8890 181 213 8891 134 200 8892 183 199 8893 181 213 8894 176 18 8895 130 197 8896 175 214 8897 130 197 8898 177 196 8899 175 214 8900 184 159 8901 107 86 8902 185 84 8903 187 158 8904 186 178 8905 67 31 8906 188 162 8907 109 83 8908 189 81 8909 191 161 8910 190 184 8911 69 57 8912 192 165 8913 111 80 8914 193 78 8915 195 164 8916 194 182 8917 71 51 8918 196 168 8919 113 77 8920 197 75 8921 199 167 8922 198 179 8923 73 45 8924 200 169 8925 115 74 8926 201 72 8927 203 171 8928 202 170 8929 75 36 8930 204 174 8931 117 71 8932 205 69 8933 207 173 8934 206 181 8935 77 40 8936 208 177 8937 119 68 8938 209 66 8939 211 176 8940 210 185 8941 79 61 8942 186 178 8943 83 131 8944 140 203 8945 66 157 8946 185 84 8947 84 85 8948 72 166 8949 197 75 8950 93 76 8951 198 179 8952 92 140 8953 149 206 8954 64 180 8955 80 128 8956 137 202 8957 213 187 8958 65 48 8959 81 53 8960 206 181 8961 98 146 8962 155 208 8963 76 172 8964 205 69 8965 99 70 8966 70 163 8967 193 78 8968 90 79 8969 194 182 8970 89 137 8971 146 205 8972 202 170 8973 95 143 8974 152 207 8975 74 183 8976 201 72 8977 96 73 8978 68 160 8979 189 81 8980 87 82 8981 190 184 8982 86 134 8983 143 204 8984 78 175 8985 209 66 8986 102 67 8987 210 185 8988 101 149 8989 158 209 8990 104 186 8991 64 180 8992 212 39 8993 215 201 8994 105 47 8995 65 48 8996 122 189 8997 164 30 8998 107 86 8999 165 188 9000 187 158 9001 106 87 9002 124 191 9003 167 3 9004 109 83 9005 168 190 9006 191 161 9007 108 56 9008 126 193 9009 170 9 9010 111 80 9011 171 192 9012 195 164 9013 110 50 9014 128 195 9015 173 14 9016 113 77 9017 174 194 9018 199 167 9019 112 44 9020 130 197 9021 176 18 9022 115 74 9023 177 196 9024 203 171 9025 114 35 9026 132 198 9027 179 22 9028 117 71 9029 180 155 9030 207 173 9031 116 63 9032 134 200 9033 182 26 9034 119 68 9035 183 199 9036 211 176 9037 118 60 9038 162 152 9039 104 186 9040 214 38 9041 120 215 9042 161 92 9043 105 47 9044 233 216 9045 218 246 9046 219 217 9047 235 219 9048 228 247 9049 229 220 9050 237 222 9051 223 245 9052 224 223 9053 236 224 9054 224 223 9055 225 225 9056 239 227 9057 232 218 9058 219 217 9059 234 221 9060 229 220 9061 230 229 9062 241 231 9063 239 227 9064 220 228 9065 240 230 9066 230 229 9067 231 233 9068 238 226 9069 225 225 9070 226 235 9071 245 237 9072 216 244 9073 217 238 9074 246 240 9075 243 236 9076 226 235 9077 247 242 9078 241 231 9079 221 232 9080 242 234 9081 231 233 9082 216 244 9083 247 242 9084 222 243 9085 223 245 9086 244 239 9087 217 238 9088 218 246 9089 246 240 9090 227 241 9091 228 247 9092 17 20 9093 246 240 9094 235 219 9095 1074 8 9096 244 239 9097 233 216 9098 1076 10 9099 247 242 9100 237 222 9101 0 0 9102 23 2 9103 242 234 9104 1071 5 9105 241 231 9106 247 242 9107 1073 19 9108 243 236 9109 246 240 9110 1074 8 9111 0 0 9112 245 237 9113 1073 19 9114 14 16 9115 238 226 9116 23 2 9117 1070 27 9118 240 230 9119 6 4 9120 239 227 9121 241 231 9122 20 24 9123 234 221 9124 240 230 9125 5 13 9126 232 218 9127 239 227 9128 14 16 9129 1067 15 9130 236 224 9131 1079 11 9132 237 222 9133 236 224 9134 18 23 9135 235 219 9136 234 221 9137 1077 6 9138 233 216 9139 232 218 9140 328 248 9141 343 316 9142 280 249 9143 227 241 9144 259 265 9145 260 251 9146 220 228 9147 252 274 9148 253 252 9149 228 247 9150 260 251 9151 261 253 9152 221 232 9153 253 252 9154 254 254 9155 229 220 9156 261 253 9157 262 255 9158 222 243 9159 254 254 9160 255 256 9161 230 229 9162 262 255 9163 263 257 9164 223 245 9165 255 256 9166 256 258 9167 216 244 9168 248 260 9169 249 259 9170 231 233 9171 263 257 9172 248 260 9173 224 223 9174 256 258 9175 257 261 9176 217 238 9177 249 259 9178 250 262 9179 225 225 9180 257 261 9181 258 263 9182 218 246 9183 250 262 9184 251 264 9185 226 235 9186 258 263 9187 259 265 9188 271 266 9189 272 268 9190 256 258 9191 279 267 9192 264 362 9193 248 260 9194 272 268 9195 273 270 9196 257 261 9197 265 269 9198 266 271 9199 250 262 9200 273 270 9201 274 272 9202 258 263 9203 266 271 9204 267 486 9205 251 264 9206 274 272 9207 275 275 9208 259 265 9209 251 264 9210 267 486 9211 268 273 9212 275 275 9213 276 277 9214 260 251 9215 252 274 9216 268 273 9217 269 276 9218 276 277 9219 277 499 9220 261 253 9221 269 276 9222 270 279 9223 254 254 9224 261 253 9225 277 499 9226 278 278 9227 270 279 9228 271 266 9229 255 256 9230 262 255 9231 278 278 9232 279 267 9233 297 280 9234 282 307 9235 283 281 9236 299 283 9237 292 308 9238 293 284 9239 301 286 9240 287 245 9241 288 287 9242 300 288 9243 288 287 9244 289 289 9245 303 291 9246 296 282 9247 283 281 9248 298 285 9249 293 284 9250 294 293 9251 305 295 9252 303 291 9253 284 292 9254 304 294 9255 294 293 9256 295 250 9257 302 290 9258 289 289 9259 290 298 9260 309 300 9261 280 249 9262 281 301 9263 310 303 9264 307 299 9265 290 298 9266 311 305 9267 305 295 9268 285 296 9269 306 297 9270 295 250 9271 280 249 9272 311 305 9273 286 306 9274 287 245 9275 308 302 9276 281 301 9277 282 307 9278 310 303 9279 291 304 9280 292 308 9281 364 309 9282 363 329 9283 404 310 9284 341 312 9285 340 327 9286 283 281 9287 334 313 9288 333 340 9289 290 298 9290 342 314 9291 341 312 9292 282 307 9293 335 315 9294 334 313 9295 289 289 9296 343 316 9297 342 314 9298 281 301 9299 336 317 9300 335 315 9301 288 287 9302 329 321 9306 328 248 9307 295 250 9308 337 322 9309 336 317 9310 287 245 9311 330 323 9312 329 321 9313 294 293 9314 338 324 9315 337 322 9316 286 306 9317 331 325 9318 330 323 9319 293 284 9320 339 326 9321 338 324 9322 285 296 9323 291 304 9324 332 337 9325 331 325 9326 340 327 9327 339 326 9328 284 292 9329 377 328 9330 362 389 9331 363 329 9332 329 321 9333 358 333 9334 359 331 9335 350 332 9336 351 345 9337 336 317 9338 330 323 9339 357 335 9340 358 333 9341 349 334 9342 350 332 9343 337 322 9344 331 325 9345 356 507 9346 357 335 9347 339 326 9348 348 338 9349 349 334 9350 355 336 9351 356 507 9352 331 325 9353 340 327 9354 347 516 9355 348 338 9356 354 339 9357 355 336 9358 332 337 9359 346 341 9360 347 516 9361 340 327 9362 353 342 9363 354 339 9364 333 340 9365 345 343 9366 346 341 9367 341 312 9368 352 344 9369 353 342 9370 334 313 9371 359 331 9372 344 407 9373 343 316 9374 351 345 9375 352 344 9376 335 315 9377 308 302 9378 297 280 9379 457 346 9380 297 280 9381 296 282 9382 458 348 9383 296 282 9384 303 291 9385 459 349 9386 303 291 9387 305 295 9388 460 350 9389 305 295 9390 311 305 9391 461 351 9392 311 305 9393 301 286 9394 462 352 9395 301 286 9396 300 288 9397 463 353 9398 300 288 9399 302 290 9400 464 354 9401 464 354 9402 302 290 9403 307 299 9404 307 299 9405 310 303 9406 466 356 9407 310 303 9408 299 283 9409 467 357 9410 467 357 9411 299 283 9412 298 285 9413 298 285 9414 304 294 9415 469 359 9416 304 294 9417 306 297 9418 470 360 9419 306 297 9420 309 300 9421 471 361 9422 309 300 9423 308 302 9424 456 347 9425 264 362 9426 265 269 9427 249 259 9428 378 363 9429 379 390 9430 372 364 9431 381 366 9432 367 388 9433 368 367 9434 380 368 9435 368 367 9436 369 369 9437 383 371 9438 376 330 9439 363 329 9440 378 363 9441 373 365 9442 374 372 9443 385 374 9444 383 371 9445 364 309 9446 384 373 9447 374 372 9448 375 376 9449 382 370 9450 369 369 9451 370 378 9452 389 380 9453 360 387 9454 361 381 9455 390 383 9456 387 379 9457 370 378 9458 391 385 9459 385 374 9460 365 375 9461 386 377 9462 375 376 9463 360 387 9464 391 385 9465 366 386 9466 367 388 9467 388 382 9468 361 381 9469 362 389 9470 390 383 9471 371 384 9472 372 364 9473 388 382 9474 377 328 9475 489 391 9476 377 328 9477 376 330 9478 490 393 9479 376 330 9480 383 371 9481 491 394 9482 383 371 9483 385 374 9484 492 395 9485 385 374 9486 391 385 9487 493 396 9488 391 385 9489 381 366 9490 494 397 9491 381 366 9492 380 368 9493 495 398 9494 380 368 9495 382 370 9496 496 399 9497 496 399 9498 382 370 9499 387 379 9500 387 379 9501 390 383 9502 498 401 9503 390 383 9504 379 390 9505 499 402 9506 499 402 9507 379 390 9508 378 363 9509 378 363 9510 384 373 9511 501 404 9512 384 373 9513 386 377 9514 502 405 9515 386 377 9516 389 380 9517 503 406 9518 389 380 9519 388 382 9520 488 392 9521 344 407 9522 345 343 9523 342 314 9524 370 378 9525 369 369 9526 398 408 9527 369 369 9528 368 367 9529 399 410 9530 360 387 9531 375 376 9532 392 411 9533 362 389 9534 361 381 9535 406 413 9536 375 376 9537 374 372 9538 393 415 9539 367 388 9540 366 386 9541 401 416 9542 374 372 9543 373 365 9544 394 418 9545 365 375 9546 364 309 9547 403 311 9548 312 420 9549 327 494 9550 265 269 9551 372 364 9552 371 384 9553 396 421 9554 366 386 9555 365 375 9556 402 419 9557 373 365 9558 372 364 9559 395 422 9560 371 384 9561 370 378 9562 397 409 9563 441 423 9564 426 466 9565 427 424 9566 393 415 9567 422 428 9568 423 426 9569 363 329 9570 362 389 9571 405 414 9572 333 340 9573 332 337 9574 291 304 9575 414 427 9576 415 438 9577 400 417 9578 394 418 9579 421 430 9580 422 428 9581 413 429 9582 414 427 9583 401 416 9584 395 422 9585 420 537 9586 421 430 9587 403 311 9588 412 432 9589 413 429 9590 419 431 9591 420 537 9592 395 422 9593 404 310 9594 411 536 9595 412 432 9596 418 433 9597 419 431 9598 396 421 9599 410 434 9600 411 536 9601 404 310 9602 417 435 9603 418 433 9604 397 409 9605 409 436 9606 410 434 9607 405 414 9608 416 437 9609 417 435 9610 398 408 9611 423 426 9612 408 484 9613 407 412 9614 415 438 9615 416 437 9616 399 410 9617 442 439 9618 443 467 9619 436 440 9620 445 442 9621 431 465 9622 432 443 9623 444 444 9624 432 443 9625 433 445 9626 447 447 9627 440 425 9628 427 424 9629 442 439 9630 437 441 9631 438 449 9632 449 451 9633 447 447 9634 428 448 9635 448 450 9636 438 449 9637 439 453 9638 446 446 9639 433 445 9640 434 455 9641 453 457 9642 424 464 9643 425 458 9644 454 460 9645 451 456 9646 434 455 9647 455 462 9648 449 451 9649 429 452 9650 450 454 9651 439 453 9652 424 464 9653 455 462 9654 430 463 9655 431 465 9656 452 459 9657 425 458 9658 426 466 9659 454 460 9660 435 461 9661 436 440 9662 452 459 9663 441 423 9664 505 468 9665 441 423 9666 440 425 9667 506 470 9668 440 425 9669 447 447 9670 507 471 9671 447 447 9672 449 451 9673 508 472 9674 449 451 9675 455 462 9676 509 473 9677 455 462 9678 445 442 9679 510 474 9680 445 442 9681 444 444 9682 511 475 9683 444 444 9684 446 446 9685 512 476 9686 512 476 9687 446 446 9688 451 456 9689 451 456 9690 454 460 9691 514 478 9692 454 460 9693 443 467 9694 515 479 9695 515 479 9696 443 467 9697 442 439 9698 442 439 9699 448 450 9700 517 481 9701 448 450 9702 450 454 9703 518 482 9704 450 454 9705 453 457 9706 519 483 9707 453 457 9708 452 459 9709 504 469 9710 408 484 9711 409 436 9712 406 413 9713 361 381 9714 360 387 9715 407 412 9716 266 271 9717 326 501 9718 325 485 9719 323 487 9720 322 495 9721 270 279 9722 324 488 9723 323 487 9724 269 276 9725 321 489 9726 320 496 9727 272 268 9728 273 270 9729 319 500 9730 318 490 9731 275 275 9732 317 497 9733 316 491 9734 313 492 9735 312 420 9736 264 362 9737 314 493 9738 313 492 9739 279 267 9740 327 494 9741 326 501 9742 266 271 9743 325 485 9744 324 488 9745 268 273 9746 322 495 9747 321 489 9748 271 266 9749 320 496 9750 319 500 9751 273 270 9752 274 272 9753 318 490 9754 317 497 9755 315 498 9756 314 493 9757 278 278 9758 316 491 9759 315 498 9760 277 499 9761 312 420 9762 471 361 9763 456 347 9764 368 367 9765 367 388 9766 400 417 9767 470 360 9768 471 361 9769 312 420 9770 314 493 9771 469 359 9772 470 360 9773 468 358 9774 469 359 9775 314 493 9776 316 491 9777 467 357 9778 468 358 9779 466 356 9780 467 357 9781 316 491 9782 318 490 9783 465 355 9784 466 356 9785 464 354 9786 465 355 9787 318 490 9788 320 496 9789 463 353 9790 464 354 9791 462 352 9792 463 353 9793 320 496 9794 461 351 9795 462 352 9796 321 489 9797 323 487 9798 460 350 9799 461 351 9800 324 488 9801 459 349 9802 460 350 9803 458 348 9804 459 349 9805 324 488 9806 457 346 9807 458 348 9808 325 485 9809 327 494 9810 456 347 9811 457 346 9812 487 502 9813 472 517 9814 345 343 9815 486 503 9816 487 502 9817 344 407 9818 485 504 9819 486 503 9820 359 331 9821 484 505 9822 485 504 9823 358 333 9824 483 506 9825 484 505 9826 357 335 9827 355 336 9828 482 508 9829 483 506 9830 354 339 9831 481 509 9832 482 508 9833 353 342 9834 480 518 9835 481 509 9836 479 510 9837 480 518 9838 353 342 9839 478 511 9840 479 510 9841 352 344 9842 477 512 9843 478 511 9844 351 345 9845 476 513 9846 477 512 9847 350 332 9848 475 514 9849 476 513 9850 349 334 9851 474 515 9852 475 514 9853 348 338 9854 346 341 9855 473 519 9856 474 515 9857 472 517 9858 473 519 9859 346 341 9860 487 502 9861 503 406 9862 488 392 9863 502 405 9864 503 406 9865 487 502 9866 485 504 9867 501 404 9868 502 405 9869 500 403 9870 501 404 9871 485 504 9872 483 506 9873 499 402 9874 500 403 9875 498 401 9876 499 402 9877 483 506 9878 481 509 9879 497 400 9880 498 401 9881 496 399 9882 497 400 9883 481 509 9884 479 510 9885 495 398 9886 496 399 9887 494 397 9888 495 398 9889 479 510 9890 493 396 9891 494 397 9892 478 511 9893 476 513 9894 492 395 9895 493 396 9896 475 514 9897 491 394 9898 492 395 9899 490 393 9900 491 394 9901 475 514 9902 489 391 9903 490 393 9904 474 515 9905 472 517 9906 488 392 9907 489 391 9908 534 520 9909 519 483 9910 504 469 9911 518 482 9912 519 483 9913 534 520 9914 532 523 9915 517 481 9916 518 482 9917 516 480 9918 517 481 9919 532 523 9920 530 525 9921 515 479 9922 516 480 9923 514 478 9924 515 479 9925 530 525 9926 528 527 9927 513 477 9928 514 478 9929 512 476 9930 513 477 9931 528 527 9932 526 529 9933 511 475 9934 512 476 9935 510 474 9936 511 475 9937 526 529 9938 509 473 9939 510 474 9940 525 530 9941 523 532 9942 508 472 9943 509 473 9944 522 533 9945 507 471 9946 508 472 9947 506 470 9948 507 471 9949 522 533 9950 505 468 9951 506 470 9952 521 534 9953 535 521 9954 504 469 9955 505 468 9956 535 521 9957 520 535 9958 410 434 9959 410 434 9960 520 535 9961 521 534 9962 521 534 9963 522 533 9964 412 432 9965 522 533 9966 523 532 9967 413 429 9968 523 532 9969 524 531 9970 414 427 9971 524 531 9972 525 530 9973 415 438 9974 525 530 9975 526 529 9976 416 437 9977 526 529 9978 527 528 9979 417 435 9980 417 435 9981 527 528 9982 528 527 9983 418 433 9984 528 527 9985 529 526 9986 419 431 9987 529 526 9988 530 525 9989 530 525 9990 531 524 9991 421 430 9992 531 524 9993 532 523 9994 422 428 9995 532 523 9996 533 522 9997 423 426 9998 533 522 9999 534 520 10000 408 484 10001 534 520 10002 535 521 10003 409 436 10004 427 424 10005 539 552 10006 540 538 10007 435 461 10008 547 553 10009 548 539 10010 428 448 10011 540 538 10012 541 540 10013 436 440 10014 548 539 10015 549 541 10016 429 452 10017 541 540 10018 542 542 10019 437 441 10020 549 541 10021 550 543 10022 430 463 10023 542 542 10024 543 544 10025 438 449 10026 550 543 10027 551 545 10028 431 465 10029 543 544 10030 544 546 10031 424 464 10032 536 548 10033 537 547 10034 439 453 10035 551 545 10036 536 548 10037 432 443 10038 544 546 10039 545 549 10040 425 458 10041 537 547 10042 538 550 10043 433 445 10044 545 549 10045 546 551 10046 426 466 10047 538 550 10048 539 552 10049 434 455 10050 546 551 10051 547 553 10052 550 543 10053 566 568 10054 567 554 10055 543 544 10056 559 569 10057 560 555 10058 536 548 10059 552 557 10060 553 556 10061 551 545 10062 567 554 10063 552 557 10064 544 546 10065 560 555 10066 561 558 10067 537 547 10068 553 556 10069 554 559 10070 545 549 10071 561 558 10072 562 560 10073 538 550 10074 554 559 10075 555 561 10076 546 551 10077 562 560 10078 563 562 10079 539 552 10080 555 561 10081 556 563 10082 547 553 10083 563 562 10084 564 564 10085 540 538 10086 556 563 10087 557 565 10088 548 539 10089 564 564 10090 565 566 10091 541 540 10092 557 565 10093 558 567 10094 549 541 10095 565 566 10096 566 568 10097 542 542 10098 558 567 10099 559 569 10100 58 120 11583 59 108 11584 60 125 11585 54 127 11586 1064 154 11587 52 123 11588 62 106 11589 1064 154 11590 60 125 11591 56 114 11592 1064 154 11593 54 127 11594 48 110 11595 1064 154 11596 62 106 11597 50 118 11598 1064 154 11599 48 110 11600 58 120 11601 1064 154 11602 56 114 11603 219 217 11604 251 264 11605 252 274 11606 173 14 11607 128 195 11608 172 1062 11609 128 195 11610 174 194 11611 172 1062 11612 1071 5 11613 127 17 11614 42 101 11615 17 20 11616 133 28 11617 45 93 11618 40 88 11619 161 92 11620 1074 8 11621 14 16 11622 131 25 11623 44 97 11624 41 103 11628 164 30 11629 5 13 11630 47 95 11634 182 26 11635 23 2 11636 1079 11 11640 129 21 11641 43 99 11642 20 24 11643 135 29 11644 46 90 11645 1114 1095 11685 1086 1120 11686 1085 1096 11687 1116 1098 11688 1094 1122 11689 1093 1099 11690 1117 1101 11691 1118 1108 11692 1084 1102 11693 1119 1104 11694 1120 1125 11695 1087 1105 11696 1121 1107 11697 1095 1126 11698 1084 1102 11699 1123 1109 11700 1082 1115 11701 1081 1110 11702 1124 1112 11703 1125 1121 11704 1089 1113 11705 1123 1109 11706 1115 1100 11707 1093 1099 11708 1127 1116 11709 1088 1123 11710 1090 1117 11711 1128 1119 11712 1096 1124 11713 1086 1120 11714 1125 1121 11715 1117 1101 11716 1083 1103 11717 1116 1098 11718 1124 1112 11719 1091 1114 11720 1122 1111 11721 1081 1110 11722 1088 1123 11723 1126 1118 11724 1090 1117 11725 1096 1124 11726 1113 1097 11727 1085 1096 11728 1087 1105 11729 1119 1104 11730 1092 1106 11731 1095 1126 11732 1388 1175 11928 1227 1200 11929 1249 1176 11930 1379 1178 11931 1230 1287 11932 1261 1179 11933 1398 1181 11934 1392 1192 11935 1264 1182 11936 1382 1184 11937 1378 1180 11938 1261 1179 11939 1174 1186 11940 1173 1385 11941 1176 1187 11942 1386 1189 11943 1374 1203 11944 1252 1190 11945 1382 1184 11946 1239 1185 11947 1264 1182 11948 1085 1096 11949 1377 1345 11950 1381 1193 11951 1370 1194 11952 1258 1207 11953 1246 1195 11954 1386 1189 11955 1233 1191 11956 1255 1197 11957 1083 1103 11958 1373 1354 11959 1385 1199 11960 1388 1175 11961 1384 1196 11962 1246 1195 11963 1087 1105 11964 1381 1193 11965 1391 1201 11966 1375 1202 11967 1267 1266 11968 1252 1190 11969 1395 1204 11970 1390 1198 11971 1255 1197 11972 1371 1206 11973 1270 1316 11974 1258 1207 11975 1210 1208 11976 1184 1221 11977 1186 1209 11978 1212 1211 11979 1192 1222 11980 1182 1212 11981 1214 1214 11982 1179 1233 11983 1185 1215 11984 1216 1217 11985 1187 1238 11986 1190 1218 11987 1217 1220 11988 1177 1237 11989 1184 1221 11990 1209 1210 11991 1186 1209 11992 1192 1222 11993 1219 1223 11994 1181 1229 11995 1183 1224 11996 1221 1226 11997 1188 1234 11998 1191 1227 11999 1211 1213 12000 1182 1212 12001 1181 1229 12002 1215 1219 12003 1190 1218 12004 1189 1230 12005 1223 1232 12006 1180 1235 12007 1179 1233 12008 1218 1225 12009 1183 1224 12010 1188 1234 12011 1220 1228 12012 1191 1227 12013 1180 1235 12014 1224 1236 12015 1178 1239 12016 1177 1237 12017 1213 1216 12018 1185 1215 12019 1187 1238 12020 1222 1231 12021 1189 1230 12022 1178 1239 12023 1243 1240 12072 1310 1268 12073 1367 1241 12074 1231 1243 12075 1254 1299 12076 1331 1244 12077 1240 1246 12078 1266 1262 12079 1355 1247 12080 1237 1249 12081 1263 1270 12082 1349 1250 12083 1258 1207 12084 1270 1316 12085 1363 1252 12086 1234 1254 12087 1257 1269 12088 1337 1255 12089 1228 1257 12090 1251 1271 12091 1325 1258 12092 1240 1246 12093 1304 1248 12094 1361 1260 12095 1237 1249 12096 1298 1251 12097 1355 1247 12098 1225 1263 12099 1248 1278 12100 1319 1264 12101 1267 1266 12102 1357 1340 12103 1327 1267 12104 1243 1240 12105 1234 1254 12106 1292 1256 12107 1231 1243 12108 1286 1245 12109 1337 1255 12110 1228 1257 12111 1280 1259 12112 1349 1250 12113 1225 1263 12114 1274 1265 12115 1325 1258 12116 1089 1113 12117 1385 1199 12118 1389 1272 12119 1316 1273 12120 1247 1318 12121 1226 1274 12122 1227 1200 12123 1278 1327 12124 1321 1276 12125 1275 1277 12126 1318 1322 12127 1248 1278 12128 1226 1274 12129 1276 1328 12130 1323 1279 12131 1320 1281 12132 1210 1208 12133 1209 1210 12134 1096 1124 12135 1399 1375 12136 1380 1283 12137 1322 1284 12138 1250 1280 12139 1229 1285 12140 1230 1287 12141 1284 1347 12142 1345 1288 12143 1281 1289 12144 1324 1329 12145 1251 1271 12146 1229 1285 12147 1282 1348 12148 1347 1290 12149 1326 1292 12150 1212 1211 12151 1211 1213 12152 1398 1181 12153 1242 1183 12154 1267 1266 12155 1328 1294 12156 1253 1355 12157 1232 1295 12158 1233 1191 12159 1290 1377 12160 1333 1297 12161 1287 1298 12162 1330 1357 12163 1254 1299 12164 1232 1295 12165 1288 1379 12166 1335 1300 12167 1332 1302 12168 1214 1214 12169 1213 1216 12170 1092 1106 12171 1391 1201 12172 1397 1304 12173 1295 1305 12174 1334 1378 12175 1256 1301 12176 1245 1307 12177 1236 1205 12178 1296 1308 12179 1293 1310 12180 1336 1380 12181 1257 1269 12182 1244 1311 12183 1235 1306 12184 1294 1312 12185 1291 1314 12186 1338 1346 12187 1216 1217 12188 1394 1315 12189 1245 1307 12190 1270 1316 12191 1340 1317 12192 1259 1319 12193 1247 1318 12194 1259 1319 12195 1341 1373 12196 1317 1320 12197 1342 1321 12198 1260 1323 12199 1248 1278 12200 1260 1323 12201 1343 1253 12202 1319 1264 12203 1344 1317 12204 1217 1220 12205 1210 1208 12206 1091 1114 12207 1389 1272 12208 1396 1324 12209 1350 1325 12210 1279 1293 12211 1211 1213 12212 1227 1200 12213 1246 1195 12214 1315 1326 12215 1277 1275 12216 1226 1274 12217 1250 1280 12218 1226 1274 12219 1247 1318 12220 1317 1320 12221 1275 1277 12222 1225 1263 12223 1251 1271 12224 1379 1178 12225 1400 1177 12226 1249 1176 12227 1346 1330 12228 1262 1291 12229 1238 1331 12230 1239 1185 12231 1302 1360 12232 1351 1333 12233 1299 1334 12234 1348 1349 12235 1263 1270 12236 1238 1331 12237 1300 1362 12238 1353 1335 12239 1350 1325 12240 1219 1223 12241 1218 1225 12242 1395 1204 12243 1236 1205 12244 1245 1307 12245 1307 1338 12246 1352 1361 12247 1265 1336 12248 1242 1183 12249 1308 1366 12250 1357 1340 12251 1305 1341 12252 1354 1363 12253 1266 1262 12254 1241 1339 12255 1306 1368 12256 1359 1342 12257 1303 1344 12258 1356 1351 12259 1221 1226 12260 1086 1120 12261 1380 1283 12262 1377 1345 12263 1338 1346 12264 1285 1303 12265 1213 1216 12266 1230 1287 12267 1249 1176 12268 1321 1276 12269 1346 1330 12270 1283 1286 12271 1229 1285 12272 1229 1285 12273 1250 1280 12274 1323 1279 12275 1281 1289 12276 1228 1257 12277 1263 1270 12278 1094 1122 12279 1396 1324 12280 1393 1350 12281 1297 1337 12282 1218 1225 12283 1221 1226 12284 1236 1205 12285 1255 1197 12286 1333 1297 12287 1295 1305 12288 1235 1306 12289 1244 1311 12290 1235 1306 12291 1256 1301 12292 1335 1300 12293 1293 1310 12294 1234 1254 12295 1243 1240 12296 1084 1102 12297 1376 1364 12298 1373 1354 12299 1328 1294 12300 1358 1367 12301 1268 1343 12302 1268 1343 12303 1359 1342 12304 1329 1356 12305 1330 1357 12306 1360 1369 12307 1269 1261 12308 1269 1261 12309 1361 1260 12310 1331 1244 12311 1332 1302 12312 1362 1359 12313 1223 1232 12314 1088 1123 12315 1383 1397 12316 1387 1358 12317 1303 1344 12318 1220 1228 12319 1223 1232 12320 1239 1185 12321 1261 1179 12322 1345 1288 12323 1301 1332 12324 1238 1331 12325 1265 1336 12326 1238 1331 12327 1262 1291 12328 1347 1290 12329 1299 1334 12330 1237 1249 12331 1266 1262 12332 1095 1126 12333 1397 1304 12334 1376 1364 12335 1368 1365 12336 1309 1376 12337 1222 1231 12338 1242 1183 12339 1264 1182 12340 1351 1333 12341 1307 1338 12342 1241 1339 12343 1268 1343 12344 1241 1339 12345 1265 1336 12346 1353 1335 12347 1305 1341 12348 1240 1246 12349 1269 1261 12350 1082 1115 12351 1372 1381 12352 1369 1370 12353 1364 1371 12354 1271 1382 12355 1259 1319 12356 1259 1319 12357 1271 1382 12358 1365 1372 12359 1366 1374 12360 1272 1242 12361 1260 1323 12362 1260 1323 12363 1272 1242 12364 1367 1241 12365 1368 1365 12366 1224 1236 12367 1217 1220 12368 1090 1117 12369 1387 1358 12370 1399 1375 12371 1291 1314 12372 1215 1219 12373 1222 1231 12374 1233 1191 12375 1252 1190 12376 1327 1267 12377 1334 1378 12378 1289 1296 12379 1232 1295 12380 1232 1295 12381 1253 1355 12382 1329 1356 12383 1287 1298 12384 1231 1243 12385 1257 1269 12386 1093 1099 12387 1393 1350 12388 1372 1381 12389 1258 1207 12390 1339 1253 12391 1315 1326 12392 1245 1307 12393 1314 1309 12394 1363 1252 12395 1364 1371 12396 1313 1352 12397 1244 1311 12398 1244 1311 12399 1312 1313 12400 1365 1372 12401 1311 1353 12402 1243 1240 12403 1272 1242 12404 1277 1275 12405 1278 1327 12406 1315 1326 12407 1318 1322 12408 1275 1277 12409 1276 1328 12410 1273 1282 12411 1274 1265 12412 1319 1264 12413 1283 1286 12414 1284 1347 12415 1321 1276 12416 1324 1329 12417 1281 1289 12418 1282 1348 12419 1279 1293 12420 1280 1259 12421 1325 1258 12422 1289 1296 12423 1290 1377 12424 1327 1267 12425 1330 1357 12426 1287 1298 12427 1288 1379 12428 1285 1303 12429 1286 1245 12430 1331 1244 12431 1295 1305 12432 1296 1308 12433 1333 1297 12434 1336 1380 12435 1293 1310 12436 1294 1312 12437 1291 1314 12438 1292 1256 12439 1337 1255 12440 1316 1273 12441 1315 1326 12442 1339 1253 12443 1318 1322 12444 1317 1320 12445 1341 1373 12446 1320 1281 12447 1319 1264 12448 1343 1253 12449 1322 1284 12450 1321 1276 12451 1278 1327 12452 1324 1329 12453 1323 1279 12454 1276 1328 12455 1326 1292 12456 1325 1258 12457 1274 1265 12458 1301 1332 12459 1302 1360 12460 1345 1288 12461 1348 1349 12462 1299 1334 12463 1300 1362 12464 1297 1337 12465 1298 1251 12466 1349 1250 12467 1352 1361 12468 1307 1338 12469 1308 1366 12470 1354 1363 12471 1305 1341 12472 1306 1368 12473 1356 1351 12474 1303 1344 12475 1304 1248 12476 1346 1330 12477 1345 1288 12478 1284 1347 12479 1348 1349 12480 1347 1290 12481 1282 1348 12482 1350 1325 12483 1349 1250 12484 1280 1259 12485 1313 1352 12486 1314 1309 12487 1296 1308 12488 1311 1353 12489 1312 1313 12490 1294 1312 12491 1309 1376 12492 1310 1268 12493 1292 1256 12494 1328 1294 12495 1327 1267 12496 1357 1340 12497 1330 1357 12498 1329 1356 12499 1359 1342 12500 1332 1302 12501 1331 1244 12502 1361 1260 12503 1301 1332 12504 1352 1361 12505 1351 1333 12506 1354 1363 12507 1353 1335 12508 1300 1362 12509 1297 1337 12510 1356 1351 12511 1355 1247 12512 1358 1367 12513 1357 1340 12514 1308 1366 12515 1360 1369 12516 1359 1342 12517 1306 1368 12518 1362 1359 12519 1361 1260 12520 1304 1248 12521 1340 1317 12522 1339 1253 12523 1363 1252 12524 1342 1321 12525 1341 1373 12526 1365 1372 12527 1344 1317 12528 1343 1253 12529 1367 1241 12530 1289 1296 12531 1334 1378 12532 1333 1297 12533 1287 1298 12534 1336 1380 12535 1335 1300 12536 1285 1303 12537 1338 1346 12538 1337 1255 12539 1364 1371 12540 1363 1252 12541 1314 1309 12542 1366 1374 12543 1365 1372 12544 1312 1313 12545 1368 1365 12546 1367 1241 12547 1310 1268 12548 1273 1282 12549 1209 1210 12550 1212 1211 12551 1388 1175 12552 1400 1177 12553 1167 1383 12554 1376 1364 12555 1397 1304 12556 1176 1187 12557 1380 1283 12558 1165 1401 12559 1415 1386 12560 1385 1199 12561 1407 1408 12562 1164 1387 12563 1378 1180 12564 1416 1393 12565 1166 1388 12566 1389 1272 12567 1164 1387 12568 1161 1389 12569 1386 1189 12570 1390 1198 12571 1163 1390 12572 1375 1202 12573 1174 1186 12574 1175 1188 12575 1381 1193 12576 1377 1345 12577 1415 1386 12578 1382 1184 12579 1406 1396 12580 1416 1393 12581 1390 1198 12582 1395 1204 12583 1162 1394 12584 1391 1201 12585 1381 1193 12586 1405 1392 12587 1392 1192 12588 1404 1407 12589 1406 1396 12590 1383 1397 12591 1369 1370 12592 1413 1398 12593 1380 1283 12594 1399 1375 12595 1168 1400 12596 1384 1196 12597 1410 1409 12598 1414 1402 12599 1081 1110 12600 1369 1370 12601 1383 1397 12602 1170 1403 12603 1169 1412 12604 1172 1404 12605 1166 1388 12606 1165 1401 12607 1168 1400 12608 1162 1394 12609 1161 1389 12610 1164 1387 12611 1167 1383 12612 1168 1400 12613 1401 1406 12614 1175 1188 12615 1176 1187 12616 1403 1395 12617 1171 1405 12618 1172 1404 12619 1161 1389 12620 1404 1407 12621 1403 1395 12622 1405 1392 12623 1163 1390 12624 1164 1387 12625 1407 1408 12626 1402 1384 12627 1401 1406 12628 1409 1399 12629 1408 1391 12630 1407 1408 12631 1411 1410 12632 1410 1409 12633 1409 1399 12634 1413 1398 12635 1406 1396 12636 1405 1392 12637 1415 1386 12638 1416 1393 12639 1415 1386 12640 1165 1401 12641 1412 1411 12642 1411 1410 12643 1173 1385 12644 1414 1402 12645 1413 1398 12646 1169 1412 12647 1375 1202 12648 1374 1203 12649 1412 1411 12650 1384 1196 12651 1388 1175 12652 1402 1384 12653 1387 1358 12654 1401 1406 12655 1168 1400 12656 1376 1364 12657 1173 1385 12658 1411 1410 12659 1394 1315 12660 1371 1206 12661 1170 1403 12662 1383 1397 12663 1409 1399 12664 1401 1406 12665 1370 1194 12666 1414 1402 12667 1170 1403 12668 1392 1192 12669 1398 1181 12670 1175 1188 12671 1369 1370 12672 1372 1381 12673 1169 1412 12674 1393 1350 12675 1172 1404 12676 1169 1412 12677 1386 1189 12678 1408 1391 12679 1412 1411 12680 1391 1201 12681 1403 1395 12682 1176 1187 12683 1385 1199 12684 1373 1354 12685 1411 1410 12686 1394 1315 12687 1171 1405 12688 1162 1394 12689 1379 1178 12690 1166 1388 12691 1167 1383 12692 1396 1324 12693 1161 1389 12694 1172 1404 12695 1538 1413 12696 1577 1573 12697 1417 1414 12698 1423 1416 12699 1583 1625 12700 1584 1417 12701 1540 1419 12702 1580 1624 12703 2494 1420 12704 2493 1422 12705 1586 1626 12706 1587 1423 12707 1542 1425 12708 1583 1625 12709 1423 1416 12710 2484 1427 12711 1589 2475 12712 1590 1428 12713 1544 1430 12714 1586 1626 12715 2493 1422 12716 2490 1431 12717 1592 1628 12718 1593 1432 12719 1546 1434 12720 1589 2475 12721 2484 1427 12722 1435 1435 12723 1595 1577 12724 1596 1436 12725 1548 1438 12726 1592 1628 12727 2490 1431 12728 2487 1439 12729 1598 1627 12730 1599 1440 12731 1550 1441 12732 1595 1577 12733 1435 1435 12734 1552 1442 12735 1598 1627 12736 2487 1439 12737 2494 1420 12738 1580 1624 12739 1581 1443 12740 1441 1444 12741 1557 1533 12742 1484 1445 12743 1531 1447 12744 1453 1511 12745 1430 1448 12746 1631 1450 12747 1456 1509 12748 1439 1451 12749 1446 1453 12750 1572 1544 12751 1494 1454 12752 1529 1456 12753 1452 1513 12754 1427 1457 12755 1445 1459 12756 1569 1536 12757 1492 1449 12758 1418 1446 12759 1449 1502 12760 1522 1460 12761 1527 1462 12762 1451 1515 12763 1424 1463 12764 1444 1465 12765 1566 1528 12766 1490 1458 12767 1553 1523 12768 1465 1522 12769 1498 1467 12770 1465 1522 12771 1466 1466 12772 1498 1467 12773 1525 1468 12774 1450 1517 12775 1421 1469 12776 1443 1471 12777 1563 1548 12778 1488 1464 12779 1535 1472 12780 1455 1504 12781 1436 1473 12782 1442 1475 12783 1560 1541 12784 1486 1470 12785 1533 1476 12786 1454 1507 12787 1433 1455 12788 1447 1477 12789 1575 1520 12790 1496 1474 12791 1448 1478 12792 1554 1524 12793 1629 1452 12794 1448 1478 12795 1439 1451 12796 1626 1479 12797 1439 1451 12798 1456 1509 12799 1536 1481 12800 1447 1477 12801 1436 1473 12802 1622 1482 12803 1436 1473 12804 1455 1504 12805 1534 1484 12806 1446 1453 12807 1433 1455 12808 1618 1485 12809 1433 1455 12810 1454 1507 12811 1532 1487 12812 1445 1459 12813 1430 1448 12814 1614 1488 12815 1430 1448 12816 1453 1511 12817 1530 1490 12818 1444 1465 12819 1427 1457 12820 1610 1491 12821 1427 1457 12822 1452 1513 12823 1528 1493 12824 1443 1471 12825 1424 1463 12826 1606 1494 12827 1424 1463 12828 1451 1515 12829 1526 1496 12830 1442 1475 12831 1421 1469 12832 1602 1497 12833 1421 1469 12834 1450 1517 12835 1524 1499 12836 1523 1500 12837 1449 1502 12838 1418 1446 12839 1457 1501 12840 1578 1505 12841 1522 1460 12842 1535 1472 12843 1552 1442 12844 1463 1503 12845 1417 1414 12846 1577 1573 12847 1578 1505 12848 1533 1476 12849 1550 1441 12850 1462 1506 12851 1464 1508 12852 1599 1440 12853 1536 1481 12854 1531 1447 12855 1548 1438 12856 1461 1510 12857 1463 1503 12858 1596 1436 12859 1534 1484 12860 1529 1456 12861 1546 1434 12862 1460 1512 12863 1462 1506 12864 1593 1432 12865 1532 1487 12866 1527 1462 12867 1544 1430 12868 1459 1514 12869 1461 1510 12870 1590 1428 12871 1530 1490 12872 1525 1468 12873 1542 1425 12874 1458 1516 12875 1460 1512 12876 1587 1423 12877 1528 1493 12878 1523 1500 12879 1540 1419 12880 1457 1501 12881 1459 1514 12882 1584 1417 12883 1526 1496 12884 1458 1516 12885 1581 1443 12886 1524 1499 12887 1447 1477 12888 1478 1530 12889 1575 1520 12890 1478 1530 12891 1479 1518 12892 1575 1520 12893 1568 1535 12894 1475 1534 12895 1513 1486 12896 1475 1534 12897 1476 1521 12898 1513 1486 12899 1448 1478 12900 1480 1538 12901 1554 1524 12902 1480 1538 12903 1465 1522 12904 1554 1524 12905 1556 1532 12906 1467 1531 12907 1501 1498 12908 1467 1531 12909 1468 1525 12910 1501 1498 12911 1444 1465 12912 1472 1537 12913 1566 1528 12914 1472 1537 12915 1473 1526 12916 1566 1528 12917 1559 1540 12918 1469 1539 12919 1504 1495 12920 1469 1539 12921 1470 1529 12922 1504 1495 12923 1571 1543 12924 1477 1542 12925 1516 1483 12926 1477 1542 12927 1478 1530 12928 1516 1483 12929 1441 1444 12930 1466 1466 12931 1557 1533 12932 1466 1466 12933 1467 1531 12934 1557 1533 12935 1445 1459 12936 1474 1545 12937 1569 1536 12938 1474 1545 12939 1475 1534 12940 1569 1536 12941 1562 1547 12942 1471 1546 12943 1507 1492 12944 1471 1546 12945 1472 1537 12946 1507 1492 12947 1574 1519 12948 1479 1518 12949 1519 1480 12950 1479 1518 12951 1480 1538 12952 1519 1480 12953 1442 1475 12954 1468 1525 12955 1560 1541 12956 1468 1525 12957 1469 1539 12958 1560 1541 12959 1446 1453 12960 1476 1521 12961 1572 1544 12962 1476 1521 12963 1477 1542 12964 1572 1544 12965 1565 1527 12966 1473 1526 12967 1510 1489 12968 1473 1526 12969 1474 1545 12970 1510 1489 12971 1631 1450 12972 1538 1413 12973 1464 1508 12974 1443 1471 12975 1470 1529 12976 1563 1548 12977 1470 1529 12978 1471 1546 12979 1563 1548 12980 1537 1575 12981 1578 1505 12982 1577 1573 12983 1577 1573 12984 1538 1413 12985 1579 1574 12986 1469 1539 12987 1468 1525 12988 1467 1531 12989 1549 1579 12990 1596 1436 12991 1595 1577 12992 1595 1577 12993 1550 1441 12994 1597 1578 12995 1604 1580 12996 1603 1601 12997 1483 1581 12998 1607 1583 12999 1485 1607 13000 1605 1584 13001 1611 1586 13002 1487 1605 13003 1609 1587 13004 1615 1589 13005 1489 1602 13006 1613 1590 13007 1619 1592 13008 1491 1606 13009 1617 1593 13010 1623 1595 13011 1493 1604 13012 1621 1596 13013 1628 1598 13014 1627 1608 13015 1495 1599 13016 1558 1553 13017 1483 1581 13018 1603 1601 13019 1509 1563 13020 1567 1562 13021 1489 1602 13022 1630 1603 13023 1481 1610 13024 1497 1551 13025 1493 1604 13026 1623 1595 13027 1515 1569 13028 1611 1586 13029 1506 1560 13030 1564 1559 13031 1491 1606 13032 1619 1592 13033 1512 1566 13034 1607 1583 13035 1503 1557 13036 1561 1556 13037 1627 1608 13038 1518 1572 13039 1576 1571 13040 1632 1609 13041 1521 1623 13042 1481 1610 13043 1582 1611 13044 1604 1580 13045 1601 1582 13046 1608 1585 13047 1605 1584 13048 1541 1613 13049 1588 1615 13050 1612 1588 13051 1609 1587 13052 1616 1591 13053 1613 1590 13054 1545 1617 13055 1594 1619 13056 1620 1594 13057 1617 1593 13058 1624 1597 13059 1621 1596 13060 1549 1579 13061 1600 1621 13062 1628 1598 13063 1625 1600 13064 1537 1575 13065 1579 1574 13066 1521 1623 13067 1441 1444 13068 1418 1446 13069 1482 1461 13070 1554 1524 13071 1553 1523 13072 1499 1549 13073 1498 1467 13074 1555 1550 13075 1499 1549 13076 1557 1533 13077 1556 1532 13078 1502 1552 13079 1501 1498 13080 1558 1553 13081 1502 1552 13082 1560 1541 13083 1559 1540 13084 1505 1555 13085 1504 1495 13086 1561 1556 13087 1505 1555 13088 1563 1548 13089 1562 1547 13090 1508 1558 13091 1507 1492 13092 1564 1559 13093 1508 1558 13094 1566 1528 13095 1565 1527 13096 1511 1561 13097 1510 1489 13098 1567 1562 13099 1511 1561 13100 1569 1536 13101 1568 1535 13102 1514 1564 13103 1513 1486 13104 1570 1565 13105 1514 1564 13106 1572 1544 13107 1571 1543 13108 1517 1567 13109 1516 1483 13110 1573 1568 13111 1517 1567 13112 1575 1520 13113 1574 1519 13114 1520 1570 13115 1519 1480 13116 1576 1571 13117 1520 1570 13118 1539 1612 13119 1581 1443 13120 1580 1624 13121 1580 1624 13122 1540 1419 13123 1582 1611 13124 1541 1613 13125 1584 1417 13126 1583 1625 13127 1583 1625 13128 1542 1425 13129 1585 1614 13130 1543 1616 13131 1587 1423 13132 1586 1626 13133 1586 1626 13134 1544 1430 13135 1588 1615 13136 1551 1622 13137 1599 1440 13138 1598 1627 13139 1598 1627 13140 1552 1442 13141 1600 1621 13142 1547 1620 13143 1593 1432 13144 1592 1628 13145 1592 1628 13146 1548 1438 13147 1594 1619 13148 1602 1497 13149 1524 1499 13150 1601 1582 13151 1484 1445 13152 1603 1601 13153 1604 1580 13154 1606 1494 13155 1526 1496 13156 1605 1584 13157 1486 1470 13158 1607 1583 13159 1608 1585 13160 1610 1491 13161 1528 1493 13162 1609 1587 13163 1488 1464 13164 1611 1586 13165 1612 1588 13166 1614 1488 13167 1530 1490 13168 1613 1590 13169 1490 1458 13170 1615 1589 13171 1616 1591 13172 1618 1485 13173 1532 1487 13174 1617 1593 13175 1492 1449 13176 1619 1592 13177 1620 1594 13178 1622 1482 13179 1534 1484 13180 1621 1596 13181 1494 1454 13182 1623 1595 13183 1624 1597 13184 1626 1479 13185 1536 1481 13186 1625 1600 13187 1496 1474 13188 1627 1608 13189 1628 1598 13190 1557 1533 13191 1500 1554 13192 1603 1601 13193 1501 1498 13194 1602 1497 13195 1483 1581 13196 1510 1489 13197 1614 1488 13198 1489 1602 13199 1566 1528 13200 1509 1563 13201 1615 1589 13202 1554 1524 13203 1497 1551 13204 1481 1610 13205 1498 1467 13206 1482 1461 13207 1630 1603 13208 1572 1544 13209 1515 1569 13210 1623 1595 13211 1516 1483 13212 1622 1482 13213 1493 1604 13214 1507 1492 13215 1610 1491 13216 1487 1605 13217 1563 1548 13218 1506 1560 13219 1611 1586 13220 1569 1536 13221 1512 1566 13222 1619 1592 13223 1513 1486 13224 1618 1485 13225 1491 1606 13226 1504 1495 13227 1606 1494 13228 1485 1607 13229 1560 1541 13230 1503 1557 13231 1607 1583 13232 1519 1480 13233 1626 1479 13234 1495 1599 13235 1575 1520 13236 1518 1572 13237 1627 1608 13238 1629 1452 13239 1481 1610 13240 1521 1623 13241 1482 1461 13242 1522 1460 13243 1632 1609 13244 1524 1499 13245 1581 1443 13246 1539 1612 13247 1523 1500 13248 1604 1580 13249 1582 1611 13250 1526 1496 13251 1584 1417 13252 1541 1613 13253 1525 1468 13254 1608 1585 13255 1585 1614 13256 1528 1493 13257 1587 1423 13258 1543 1616 13259 1527 1462 13260 1612 1588 13261 1588 1615 13262 1530 1490 13263 1590 1428 13264 1545 1617 13265 1529 1456 13266 1616 1591 13267 1591 1618 13268 1532 1487 13269 1593 1432 13270 1547 1620 13271 1531 1447 13272 1620 1594 13273 1594 1619 13274 1534 1484 13275 1596 1436 13276 1549 1579 13277 1533 1476 13278 1624 1597 13279 1597 1578 13280 1536 1481 13281 1599 1440 13282 1551 1622 13283 1535 1472 13284 1628 1598 13285 1600 1621 13286 1631 1450 13287 1521 1623 13288 1579 1574 13289 1522 1460 13290 1578 1505 13291 1537 1575 13292 1635 1629 13293 1650 1659 13294 1649 1630 13295 1646 1632 13296 1645 1660 13297 1652 1633 13298 1640 1635 13299 1654 1658 13300 1653 1636 13301 1642 1638 13302 1641 1637 13303 1653 1636 13304 1636 1631 13305 1649 1630 13306 1656 1640 13307 1647 1642 13308 1646 1632 13309 1651 1634 13310 1638 1644 13311 1637 1641 13312 1656 1640 13313 1648 1646 13314 1647 1642 13315 1657 1643 13316 1642 1638 13317 1655 1639 13318 1660 1648 13319 1634 1650 13320 1633 1657 13321 1662 1651 13322 1643 1649 13323 1660 1648 13324 1663 1653 13325 1639 1655 13326 1638 1644 13327 1658 1645 13328 1648 1646 13329 1659 1647 13330 1662 1651 13331 1639 1655 13332 1664 1656 13333 1654 1658 13334 1634 1650 13335 1661 1652 13336 1650 1659 13337 1644 1654 13338 1663 1653 13339 1652 1633 13340 1652 1633 13341 1663 1653 13342 1434 1433 13343 1650 1659 13344 1661 1652 13345 2491 1421 13346 1664 1656 13347 2493 1422 13348 2496 1424 13349 1662 1651 13350 1659 1647 13351 1440 1415 13352 1664 1656 13353 1658 1645 13354 2488 1418 13355 1660 1648 13356 2490 1431 13357 1434 1433 13358 1662 1651 13359 1417 1414 13360 2491 1421 13361 1660 1648 13362 1655 1639 13363 1431 1429 13364 1657 1643 13365 2487 1439 13366 1440 1415 13367 1656 1640 13368 1423 1416 13369 2488 1418 13370 1657 1643 13371 1651 1634 13372 1437 1437 13373 1656 1640 13374 1649 1630 13375 1422 1426 13376 1653 1636 13377 2484 1427 13378 1431 1429 13379 1653 1636 13380 1654 1658 13381 2496 1424 13382 1652 1633 13383 1435 1435 13384 1437 1437 13385 1650 1659 13386 2494 1420 13387 1422 1426 13388 1760 1661 13389 1745 1741 13390 1712 1662 13391 1677 1664 13392 1676 1679 13393 1644 1654 13394 1669 1665 13395 1637 1641 13396 1638 1644 13397 1677 1664 13398 1645 1660 13399 1646 1632 13400 1670 1666 13401 1638 1644 13402 1639 1655 13403 1678 1667 13404 1646 1632 13405 1647 1642 13406 1672 1670 13407 1671 1668 13408 1639 1655 13409 1679 1669 13410 1647 1642 13411 1648 1646 13412 1673 1672 13413 1672 1670 13414 1640 1635 13415 1665 1673 13416 1633 1657 13417 1634 1650 13418 1665 1673 13419 1680 1671 13420 1648 1646 13421 1673 1672 13422 1641 1637 13423 1642 1638 13424 1667 1676 13425 1666 1674 13426 1634 1650 13427 1675 1677 13428 1674 1675 13429 1642 1638 13430 1668 1678 13431 1667 1676 13432 1635 1629 13433 1676 1679 13434 1675 1677 13435 1643 1649 13436 1689 1680 13437 1688 1690 13438 1672 1670 13439 1681 1681 13440 1696 1691 13441 1680 1671 13442 1674 1675 13443 1690 1683 13444 1689 1680 13445 1667 1676 13446 1683 1894 13447 1682 1682 13448 1675 1677 13449 1691 1900 13450 1690 1683 13451 1684 1684 13452 1683 1894 13453 1667 1676 13454 1692 1685 13455 1691 1900 13456 1675 1677 13457 1685 1686 13458 1684 1684 13459 1668 1678 13460 1693 1687 13461 1692 1685 13462 1676 1679 13463 1670 1666 13464 1686 1688 13465 1685 1686 13466 1678 1667 13467 1694 1689 13468 1693 1687 13469 1671 1668 13470 1687 1896 13471 1686 1688 13472 1679 1669 13473 1695 1903 13474 1694 1689 13475 1688 1690 13476 1687 1896 13477 1671 1668 13478 1696 1691 13479 1695 1903 13480 1679 1669 13481 1700 1692 13482 1699 1720 13483 1714 1693 13484 1709 1695 13485 1716 1721 13486 1715 1696 13487 1705 1698 13488 1704 1719 13489 1718 1699 13490 1705 1698 13491 1717 1700 13492 1719 1701 13493 1701 1703 13494 1700 1692 13495 1713 1694 13496 1711 1705 13497 1710 1697 13498 1715 1696 13499 1701 1703 13500 1720 1704 13501 1722 1707 13502 1712 1662 13503 1711 1705 13504 1721 1706 13505 1706 1702 13506 1719 1701 13507 1724 1710 13508 1698 1712 13509 1697 1663 13510 1726 1713 13511 1707 1711 13512 1724 1710 13513 1727 1715 13514 1702 1708 13515 1722 1707 13516 1728 1717 13517 1697 1663 13518 1712 1662 13519 1723 1709 13520 1704 1719 13521 1703 1718 13522 1728 1717 13523 1698 1712 13524 1725 1714 13525 1714 1693 13526 1709 1695 13527 1708 1716 13528 1727 1715 13529 1780 1722 13530 1781 1782 13531 1820 1723 13532 1757 1725 13533 1758 1751 13534 1699 1720 13535 1750 1726 13536 1751 1753 13537 1706 1702 13538 1699 1720 13539 1758 1751 13540 1759 1727 13541 1706 1702 13542 1751 1753 13543 1752 1728 13544 1698 1712 13545 1759 1727 13546 1760 1661 13547 1752 1728 13548 1753 1733 13549 1704 1719 13550 1712 1662 13554 1745 1741 13555 1746 1732 13556 1753 1733 13557 1754 1743 13558 1703 1718 13559 1711 1705 13560 1746 1732 13561 1747 1734 13562 1703 1718 13563 1754 1743 13564 1755 1735 13565 1710 1697 13566 1747 1734 13567 1748 1736 13568 1702 1708 13569 1755 1735 13570 1756 1737 13571 1748 1736 13572 1749 1748 13573 1708 1716 13574 1756 1737 13575 1757 1725 13576 1700 1692 13577 1779 1738 13578 1794 1800 13579 1793 1739 13580 1776 1740 13581 1775 1915 13582 1746 1732 13583 1768 1742 13584 1767 1923 13585 1754 1743 13586 1746 1732 13587 1775 1915 13588 1774 1744 13589 1754 1743 13590 1767 1923 13591 1766 1745 13592 1747 1734 13593 1774 1744 13594 1773 1746 13595 1755 1735 13596 1766 1745 13597 1765 1747 13598 1773 1746 13599 1772 1749 13600 1749 1748 13601 1765 1747 13602 1764 1750 13603 1757 1725 13604 1772 1749 13605 1771 1918 13606 1750 1726 13607 1764 1750 13608 1763 1926 13609 1758 1751 13610 1750 1726 13611 1771 1918 13612 1770 1752 13613 1758 1751 13614 1763 1926 13615 1762 1754 13616 1751 1753 13617 1770 1752 13618 1769 1755 13619 1761 1756 13620 1776 1740 13621 1745 1741 13622 1769 1755 13623 1768 1742 13624 1753 1733 13625 1714 1693 13626 1725 1714 13627 1873 1757 13628 1875 1759 13629 1713 1694 13630 1714 1693 13631 1876 1760 13632 1720 1704 13633 1713 1694 13634 1722 1707 13635 1720 1704 13636 1876 1760 13637 1728 1717 13638 1722 1707 13639 1877 1761 13640 1879 1763 13641 1718 1699 13642 1728 1717 13643 1880 1764 13644 1717 1700 13645 1718 1699 13646 1719 1701 13647 1717 1700 13648 1880 1764 13649 1724 1710 13650 1719 1701 13651 1881 1765 13652 1883 1767 13653 1727 1715 13654 1724 1710 13655 1884 1768 13656 1716 1721 13657 1727 1715 13658 1715 1696 13659 1716 1721 13660 1884 1768 13661 1721 1706 13662 1715 1696 13663 1885 1769 13664 1887 1771 13665 1723 1709 13666 1721 1706 13667 1888 1772 13668 1726 1713 13669 1723 1709 13670 1725 1714 13671 1726 1713 13672 1888 1772 13673 1666 1674 13674 1682 1682 13675 1681 1681 13676 1789 1773 13677 1796 1801 13678 1795 1774 13679 1785 1776 13680 1784 1799 13681 1798 1777 13682 1786 1779 13683 1785 1776 13684 1797 1778 13685 1780 1722 13686 1793 1739 13687 1800 1781 13688 1791 1783 13689 1790 1775 13690 1795 1774 13691 1781 1782 13692 1800 1781 13693 1802 1785 13694 1791 1783 13695 1801 1784 13696 1803 1787 13697 1787 1789 13698 1786 1779 13699 1799 1780 13700 1778 1791 13701 1777 1798 13702 1806 1792 13703 1787 1789 13704 1804 1790 13705 1807 1794 13706 1783 1796 13707 1782 1786 13708 1802 1785 13709 1777 1798 13710 1792 1788 13711 1803 1787 13712 1783 1796 13713 1808 1797 13714 1798 1777 13715 1779 1738 13716 1778 1791 13717 1805 1793 13718 1789 1773 13719 1788 1795 13720 1807 1794 13721 1794 1800 13722 1805 1793 13723 1905 1802 13724 1907 1804 13725 1793 1739 13726 1794 1800 13727 1908 1805 13728 1800 1781 13729 1793 1739 13730 1802 1785 13731 1800 1781 13732 1908 1805 13733 1808 1797 13734 1802 1785 13735 1909 1806 13736 1911 1808 13737 1798 1777 13738 1808 1797 13739 1912 1809 13740 1797 1778 13741 1798 1777 13742 1799 1780 13743 1797 1778 13744 1912 1809 13745 1804 1790 13746 1799 1780 13747 1913 1810 13748 1915 1812 13749 1807 1794 13750 1804 1790 13751 1916 1813 13752 1796 1801 13753 1807 1794 13754 1795 1774 13755 1796 1801 13756 1916 1813 13757 1801 1784 13758 1795 1774 13759 1917 1814 13760 1919 1816 13761 1803 1787 13762 1801 1784 13763 1920 1817 13764 1806 1792 13765 1803 1787 13766 1805 1793 13767 1806 1792 13768 1920 1817 13769 1759 1727 13770 1762 1754 13771 1761 1756 13772 1815 1818 13773 1786 1779 13774 1787 1789 13775 1816 1820 13776 1785 1776 13777 1786 1779 13778 1792 1788 13779 1777 1798 13780 1824 1821 13781 1823 1823 13782 1778 1791 13783 1779 1738 13784 1791 1783 13785 1792 1788 13786 1809 1822 13787 1783 1796 13788 1784 1799 13789 1817 1826 13790 1811 1828 13791 1790 1775 13792 1791 1783 13793 1820 1723 13794 1781 1782 13795 1782 1786 13796 1682 1682 13797 1744 1904 13798 1729 1830 13799 1788 1795 13800 1789 1773 13801 1812 1831 13802 1819 1829 13803 1782 1786 13804 1783 1796 13805 1812 1831 13806 1789 1773 13807 1790 1775 13808 1787 1789 13809 1788 1795 13810 1813 1832 13811 1844 1833 13812 1843 1875 13813 1858 1834 13814 1840 1836 13815 1839 1951 13816 1810 1825 13817 1779 1738 13818 1780 1722 13819 1821 1724 13820 1749 1748 13821 1750 1726 13822 1707 1711 13823 1832 1837 13824 1831 1949 13825 1818 1827 13826 1810 1825 13827 1839 1951 13828 1838 1838 13829 1818 1827 13830 1831 1949 13831 1830 1839 13832 1811 1828 13833 1838 1838 13834 1837 1840 13835 1819 1829 13836 1830 1839 13837 1829 1841 13838 1837 1840 13839 1836 1842 13840 1813 1832 13841 1829 1841 13842 1828 1843 13843 1821 1724 13844 1836 1842 13845 1835 1950 13846 1814 1819 13847 1828 1843 13848 1827 1948 13849 1822 1824 13850 1814 1819 13851 1835 1950 13852 1834 1844 13853 1822 1824 13854 1827 1948 13855 1826 1845 13856 1815 1818 13857 1834 1844 13858 1833 1846 13859 1825 1847 13860 1840 1836 13861 1809 1822 13862 1833 1846 13863 1832 1837 13864 1817 1826 13865 1853 1848 13866 1860 1876 13867 1859 1849 13868 1849 1851 13869 1848 1874 13870 1862 1852 13871 1849 1851 13872 1861 1853 13873 1863 1854 13874 1845 1856 13875 1844 1833 13876 1857 1835 13877 1854 1850 13878 1859 1849 13879 1865 1858 13880 1845 1856 13881 1864 1857 13882 1866 1860 13883 1856 1862 13884 1855 1859 13885 1865 1858 13886 1850 1855 13887 1863 1854 13888 1868 1864 13889 1841 1866 13890 1870 1873 13891 1869 1867 13892 1852 1869 13893 1851 1865 13894 1868 1864 13895 1846 1861 13896 1866 1860 13897 1872 1871 13898 1841 1866 13899 1856 1862 13900 1867 1863 13901 1848 1874 13902 1847 1872 13903 1872 1871 13904 1842 1868 13905 1869 1867 13906 1858 1834 13907 1853 1848 13908 1852 1869 13909 1871 1870 13910 1858 1834 13911 1869 1867 13912 1921 1877 13913 1923 1879 13914 1857 1835 13915 1858 1834 13916 1924 1880 13917 1864 1857 13918 1857 1835 13919 1866 1860 13920 1864 1857 13921 1924 1880 13922 1872 1871 13923 1866 1860 13924 1925 1881 13925 1927 1883 13926 1862 1852 13927 1872 1871 13928 1928 1884 13929 1861 1853 13930 1862 1852 13931 1863 1854 13932 1861 1853 13933 1928 1884 13934 1868 1864 13935 1863 1854 13936 1929 1885 13937 1931 1887 13938 1871 1870 13939 1868 1864 13940 1932 1888 13941 1860 1876 13942 1871 1870 13943 1859 1849 13944 1860 1876 13945 1932 1888 13946 1865 1858 13947 1859 1849 13948 1933 1889 13949 1935 1891 13950 1867 1863 13951 1865 1858 13952 1936 1892 13953 1870 1873 13954 1867 1863 13955 1869 1867 13956 1870 1873 13957 1936 1892 13958 1823 1823 13959 1826 1845 13960 1825 1847 13961 1824 1821 13962 1777 1798 13963 1778 1791 13964 1684 1684 13965 1742 1911 13966 1743 1893 13967 1739 1895 13968 1740 1910 13969 1686 1688 13970 1686 1688 13971 1740 1910 13972 1741 1897 13973 1737 1898 13974 1738 1909 13975 1688 1690 13976 1735 1899 13977 1736 1908 13978 1690 1683 13979 1733 1901 13980 1734 1907 13981 1692 1685 13982 1729 1830 13983 1730 1905 13984 1696 1691 13985 1696 1691 13986 1730 1905 13987 1731 1902 13988 1743 1893 13989 1744 1904 13990 1682 1682 13991 1741 1897 13992 1742 1911 13993 1684 1684 13994 1688 1690 13995 1738 1909 13996 1739 1895 13997 1690 1683 13998 1736 1908 13999 1737 1898 14000 1692 1685 14001 1734 1907 14002 1735 1899 14003 1731 1902 14004 1732 1906 14005 1694 1689 14006 1694 1689 14007 1732 1906 14008 1733 1901 14009 1873 1757 14010 1888 1772 14011 1729 1830 14012 1784 1799 14013 1785 1776 14014 1816 1820 14015 1729 1830 14016 1888 1772 14017 1887 1771 14018 1730 1905 14019 1887 1771 14020 1886 1770 14021 1886 1770 14022 1885 1769 14023 1732 1906 14024 1885 1769 14025 1884 1768 14026 1733 1901 14027 1733 1901 14028 1884 1768 14029 1883 1767 14030 1734 1907 14031 1883 1767 14032 1882 1766 14033 1882 1766 14034 1881 1765 14035 1736 1908 14036 1881 1765 14037 1880 1764 14038 1737 1898 14039 1737 1898 14040 1880 1764 14041 1879 1763 14042 1738 1909 14043 1879 1763 14044 1878 1762 14045 1878 1762 14046 1877 1761 14047 1740 1910 14048 1877 1761 14049 1876 1760 14050 1741 1897 14051 1741 1897 14052 1876 1760 14053 1875 1759 14054 1742 1911 14055 1875 1759 14056 1874 1758 14057 1874 1758 14058 1873 1757 14059 1744 1904 14060 1889 1912 14061 1904 1928 14062 1761 1756 14063 1761 1756 14064 1904 1928 14065 1903 1913 14066 1776 1740 14067 1903 1913 14068 1902 1914 14069 1775 1915 14070 1902 1914 14071 1901 1916 14072 1901 1916 14073 1900 1929 14074 1773 1746 14075 1773 1746 14076 1900 1929 14077 1899 1917 14078 1899 1917 14079 1898 1919 14080 1771 1918 14081 1898 1919 14082 1897 1920 14083 1770 1752 14084 1897 1920 14085 1896 1930 14086 1769 1755 14087 1769 1755 14088 1896 1930 14089 1895 1921 14090 1768 1742 14091 1895 1921 14092 1894 1922 14093 1894 1922 14094 1893 1924 14095 1766 1745 14096 1893 1924 14097 1892 1931 14098 1765 1747 14099 1765 1747 14100 1892 1931 14101 1891 1925 14102 1891 1925 14103 1890 1927 14104 1763 1926 14105 1890 1927 14106 1889 1912 14107 1762 1754 14108 1889 1912 14109 1905 1802 14110 1920 1817 14111 1920 1817 14112 1919 1816 14113 1903 1913 14114 1919 1816 14115 1918 1815 14116 1902 1914 14117 1902 1914 14118 1918 1815 14119 1917 1814 14120 1901 1916 14121 1917 1814 14122 1916 1813 14123 1916 1813 14124 1915 1812 14125 1899 1917 14126 1915 1812 14127 1914 1811 14128 1898 1919 14129 1898 1919 14130 1914 1811 14131 1913 1810 14132 1897 1920 14133 1913 1810 14134 1912 1809 14135 1912 1809 14136 1911 1808 14137 1895 1921 14138 1911 1808 14139 1910 1807 14140 1894 1922 14141 1894 1922 14142 1910 1807 14143 1909 1806 14144 1893 1924 14145 1909 1806 14146 1908 1805 14147 1908 1805 14148 1907 1804 14149 1891 1925 14150 1907 1804 14151 1906 1803 14152 1890 1927 14153 1890 1927 14154 1906 1803 14155 1905 1802 14156 1921 1877 14157 1936 1892 14158 1951 1932 14159 1951 1932 14160 1936 1892 14161 1935 1891 14162 1935 1891 14163 1934 1890 14164 1949 1935 14165 1949 1935 14166 1934 1890 14167 1933 1889 14168 1933 1889 14169 1932 1888 14170 1947 1937 14171 1947 1937 14172 1932 1888 14173 1931 1887 14174 1931 1887 14175 1930 1886 14176 1945 1939 14177 1945 1939 14178 1930 1886 14179 1929 1885 14180 1929 1885 14181 1928 1884 14182 1943 1941 14183 1943 1941 14184 1928 1884 14185 1927 1883 14186 1927 1883 14187 1926 1882 14188 1941 1943 14189 1941 1943 14190 1926 1882 14191 1925 1881 14192 1925 1881 14193 1924 1880 14194 1939 1945 14195 1939 1945 14196 1924 1880 14197 1923 1879 14198 1923 1879 14199 1922 1878 14200 1937 1947 14201 1937 1947 14202 1922 1878 14203 1921 1877 14204 1937 1947 14205 1952 1933 14206 1826 1845 14207 1938 1946 14208 1937 1947 14209 1827 1948 14210 1939 1945 14211 1938 1946 14212 1828 1843 14213 1830 1839 14214 1940 1944 14215 1939 1945 14216 1941 1943 14217 1940 1944 14218 1830 1839 14219 1832 1837 14220 1942 1942 14221 1941 1943 14222 1943 1941 14223 1942 1942 14224 1832 1837 14225 1834 1844 14226 1944 1940 14227 1943 1941 14228 1945 1939 14229 1944 1940 14230 1834 1844 14231 1946 1938 14232 1945 1939 14233 1835 1950 14234 1947 1937 14235 1946 1938 14236 1836 1842 14237 1838 1838 14238 1948 1936 14239 1947 1937 14240 1839 1951 14241 1949 1935 14242 1948 1936 14243 1840 1836 14244 1950 1934 14245 1949 1935 14246 1951 1932 14247 1950 1934 14248 1840 1836 14249 1826 1845 14250 1952 1933 14251 1951 1932 14252 1956 1952 14253 1844 1833 14254 1845 1856 14255 1964 1954 14256 1852 1869 14257 1853 1848 14258 1958 1956 14259 1957 1953 14260 1845 1856 14261 1966 1957 14262 1965 1955 14263 1853 1848 14264 1959 1958 14265 1958 1956 14266 1846 1861 14267 1967 1959 14268 1966 1957 14269 1854 1850 14270 1959 1958 14271 1847 1872 14272 1848 1874 14273 1967 1959 14274 1855 1859 14275 1856 1862 14276 1960 1960 14277 1848 1874 14278 1849 1851 14279 1954 1963 14280 1953 1964 14281 1841 1866 14282 1968 1961 14283 1856 1862 14284 1841 1866 14285 1962 1965 14286 1961 1962 14287 1849 1851 14288 1955 1966 14289 1954 1963 14290 1842 1868 14291 1963 1967 14292 1962 1965 14293 1850 1855 14294 1955 1966 14295 1843 1875 14296 1844 1833 14297 1963 1967 14298 1851 1865 14299 1852 1869 14300 1983 1968 14301 1967 1959 14302 1968 1961 14303 1976 1970 14304 1960 1960 14305 1961 1962 14306 1970 1972 14307 1969 1973 14308 1953 1964 14309 1984 1969 14310 1968 1961 14311 1953 1964 14312 1977 1971 14313 1961 1962 14314 1962 1965 14315 1970 1972 14316 1954 1963 14317 1955 1966 14318 1978 1974 14319 1962 1965 14320 1963 1967 14321 1971 1975 14322 1955 1966 14323 1956 1952 14324 1979 1976 14325 1963 1967 14326 1964 1954 14327 1972 1977 14328 1956 1952 14329 1957 1953 14330 1980 1978 14331 1964 1954 14332 1965 1955 14333 1973 1979 14334 1957 1953 14335 1958 1956 14336 1981 1980 14337 1965 1955 14338 1966 1957 14339 1974 1981 14340 1958 1956 14341 1959 1958 14342 1982 1982 14343 1966 1957 14344 1967 1959 14345 1975 1983 14346 1959 1958 14347 1960 1960 14348 1477 1542 15831 1476 1521 15832 1475 1534 15833 1469 1539 15834 2481 1576 15835 1471 1546 15836 1477 1542 15837 2481 1576 15838 1479 1518 15839 1471 1546 15840 2481 1576 15841 1473 1526 15842 1479 1518 15843 2481 1576 15844 1465 1522 15845 1465 1522 15846 2481 1576 15847 1467 1531 15848 1473 1526 15849 2481 1576 15850 1475 1534 15851 1669 1665 15852 1668 1678 15853 1636 1631 15854 1545 1617 15855 1590 1428 15856 1589 2475 15857 1589 2475 15858 1546 1434 15859 1591 1618 15860 1459 1514 15861 1544 1430 15862 2488 1418 15863 1462 1506 15864 1550 1441 15865 1434 1433 15866 2491 1421 15867 1578 1505 15868 1457 1501 15869 1461 1510 15870 1548 1438 15871 1431 1429 15872 1422 1426 15876 1581 1443 15877 1458 1516 15878 1440 1415 15882 1599 1440 15883 1464 1508 15884 1460 1512 15888 1546 1434 15889 2496 1424 15890 1463 1503 15891 1552 1442 15892 1437 1437 15893 2503 2508 15933 2531 2533 15934 2530 2509 15935 2510 2511 15936 2511 2535 15937 2533 2512 15938 2500 2514 15939 2501 2521 15940 2535 2515 15941 2509 2517 15942 2504 2538 15943 2537 2518 15944 2512 2520 15945 2538 2539 15946 2535 2515 15947 2499 2522 15948 2540 2528 15949 2539 2523 15950 2506 2525 15951 2542 2534 15952 2541 2526 15953 2499 2522 15954 2510 2511 15955 2532 2513 15956 2507 2529 15957 2505 2536 15958 2544 2530 15959 2513 2532 15960 2545 2537 15961 2531 2533 15962 2506 2525 15963 2500 2514 15964 2534 2516 15965 2508 2527 15966 2541 2526 15967 2533 2512 15968 2498 2524 15969 2539 2523 15970 2544 2530 15971 2513 2532 15972 2507 2529 15973 2543 2531 15974 2504 2538 15975 2502 2510 15976 2530 2509 15977 2509 2517 15978 2536 2519 15979 2538 2539 15980 2666 2588 16176 2644 2613 16177 2805 2589 16178 2678 2591 16179 2647 2701 16180 2796 2592 16181 2681 2594 16182 2809 2605 16183 2815 2595 16184 2678 2591 16185 2795 2593 16186 2799 2597 16187 2590 2599 16188 2591 2806 16189 2592 2600 16190 2669 2602 16191 2791 2616 16192 2803 2603 16193 2681 2594 16194 2656 2598 16195 2799 2597 16196 2798 2606 16197 2794 2759 16198 2502 2510 16199 2663 2607 16200 2675 2619 16201 2787 2608 16202 2672 2610 16203 2650 2604 16204 2803 2603 16205 2802 2612 16206 2790 2767 16207 2500 2514 16208 2663 2607 16209 2801 2609 16210 2805 2589 16211 2808 2614 16212 2798 2606 16213 2504 2538 16214 2684 2615 16215 2792 2707 16216 2791 2616 16217 2672 2610 16218 2807 2611 16219 2812 2617 16220 2675 2619 16221 2687 2729 16222 2788 2620 16223 2603 2621 16224 2601 2634 16225 2627 2622 16226 2609 2624 16227 2629 2635 16228 2628 2625 16229 2602 2627 16230 2596 2645 16231 2631 2628 16232 2604 2630 16233 2633 2651 16234 2632 2631 16235 2594 2633 16236 2634 2650 16237 2627 2622 16238 2609 2624 16239 2603 2621 16240 2626 2623 16241 2600 2636 16242 2598 2642 16243 2636 2637 16244 2605 2639 16245 2638 2647 16246 2637 2640 16247 2599 2626 16248 2628 2625 16249 2636 2637 16250 2606 2643 16251 2607 2632 16252 2632 2631 16253 2596 2645 16254 2597 2648 16255 2640 2646 16256 2605 2639 16257 2600 2636 16258 2635 2638 16259 2608 2641 16260 2637 2640 16261 2640 2646 16262 2595 2649 16263 2641 2652 16264 2634 2650 16265 2602 2627 16266 2630 2629 16267 2633 2651 16268 2595 2649 16269 2606 2643 16270 2639 2644 16271 2784 2653 16320 2727 2680 16321 2660 2654 16322 2748 2656 16323 2671 2713 16324 2648 2657 16325 2772 2659 16326 2683 2675 16327 2657 2660 16328 2766 2662 16329 2680 2682 16330 2654 2663 16331 2780 2665 16332 2687 2729 16333 2675 2619 16334 2754 2667 16335 2674 2681 16336 2651 2668 16337 2742 2670 16338 2668 2683 16339 2645 2671 16340 2778 2673 16341 2721 2661 16342 2657 2660 16343 2772 2659 16344 2715 2664 16345 2654 2663 16346 2736 2676 16347 2665 2689 16348 2642 2677 16349 2744 2679 16350 2774 2753 16351 2684 2615 16352 2709 2669 16353 2651 2668 16354 2660 2654 16355 2754 2667 16356 2703 2658 16357 2648 2657 16358 2766 2662 16359 2697 2672 16360 2645 2671 16361 2742 2670 16362 2691 2678 16363 2642 2677 16364 2802 2612 16365 2506 2525 16366 2508 2527 16367 2643 2685 16368 2664 2732 16369 2733 2686 16370 2738 2688 16371 2695 2739 16372 2644 2613 16373 2665 2689 16374 2735 2735 16375 2692 2690 16376 2740 2691 16377 2693 2740 16378 2643 2685 16379 2626 2623 16380 2627 2622 16381 2737 2693 16382 2816 2695 16383 2513 2532 16384 2503 2508 16385 2646 2697 16386 2667 2692 16387 2739 2698 16388 2762 2700 16389 2701 2761 16390 2647 2701 16391 2668 2683 16392 2741 2741 16393 2698 2702 16394 2764 2703 16395 2699 2762 16396 2646 2697 16397 2628 2625 16398 2629 2635 16399 2743 2705 16400 2684 2615 16401 2659 2596 16402 2815 2595 16403 2649 2708 16404 2670 2768 16405 2745 2709 16406 2707 2711 16407 2650 2604 16408 2672 2610 16409 2671 2713 16410 2747 2772 16411 2704 2714 16412 2752 2715 16413 2705 2795 16414 2649 2708 16415 2631 2628 16416 2749 2773 16417 2702 2717 16418 2808 2614 16419 2509 2517 16420 2512 2520 16421 2673 2716 16422 2751 2794 16423 2712 2719 16424 2713 2721 16425 2653 2618 16426 2662 2722 16427 2674 2681 16428 2753 2796 16429 2710 2724 16430 2711 2725 16431 2652 2720 16432 2661 2726 16433 2633 2651 16434 2755 2760 16435 2708 2728 16436 2687 2729 16437 2662 2722 16438 2811 2730 16439 2676 2731 16440 2757 2786 16441 2733 2686 16442 2734 2733 16443 2758 2788 16444 2676 2731 16445 2677 2734 16446 2759 2790 16447 2735 2735 16448 2736 2676 16449 2760 2791 16450 2677 2734 16451 2634 2650 16452 2761 2792 16453 2737 2693 16454 2806 2684 16455 2508 2527 16456 2511 2535 16457 2628 2625 16458 2696 2706 16459 2767 2737 16460 2732 2738 16461 2663 2607 16462 2644 2613 16463 2643 2685 16464 2694 2687 16465 2739 2698 16466 2734 2733 16467 2664 2732 16468 2643 2685 16469 2668 2683 16470 2642 2677 16471 2692 2690 16472 2666 2588 16473 2817 2590 16474 2796 2592 16475 2655 2742 16476 2679 2704 16477 2763 2743 16478 2768 2745 16479 2719 2776 16480 2656 2598 16481 2680 2682 16482 2765 2763 16483 2716 2746 16484 2770 2747 16485 2717 2777 16486 2655 2742 16487 2635 2638 16488 2636 2637 16489 2767 2737 16490 2653 2618 16491 2812 2617 16492 2811 2730 16493 2658 2750 16494 2682 2748 16495 2769 2751 16496 2774 2753 16497 2725 2781 16498 2659 2596 16499 2683 2675 16500 2771 2778 16501 2722 2754 16502 2776 2755 16503 2723 2782 16504 2658 2750 16505 2637 2640 16506 2638 2647 16507 2773 2757 16508 2797 2696 16509 2503 2508 16510 2502 2510 16511 2633 2651 16512 2630 2629 16513 2702 2717 16514 2738 2688 16515 2666 2588 16516 2647 2701 16517 2646 2697 16518 2700 2699 16519 2763 2743 16520 2740 2691 16521 2667 2692 16522 2646 2697 16523 2680 2682 16524 2645 2671 16525 2698 2702 16526 2810 2764 16527 2813 2736 16528 2511 2535 16529 2635 2638 16530 2714 2749 16531 2773 2757 16532 2750 2712 16533 2672 2610 16534 2653 2618 16535 2661 2726 16536 2652 2720 16537 2712 2719 16538 2752 2715 16539 2673 2716 16540 2652 2720 16541 2660 2654 16542 2651 2668 16543 2710 2724 16544 2790 2767 16545 2793 2779 16546 2501 2521 16547 2670 2768 16548 2685 2756 16549 2775 2769 16550 2776 2755 16551 2685 2756 16552 2670 2768 16553 2671 2713 16554 2686 2674 16555 2777 2771 16556 2778 2673 16557 2686 2674 16558 2671 2713 16559 2640 2646 16560 2779 2775 16561 2749 2773 16562 2804 2774 16563 2800 2812 16564 2505 2536 16565 2640 2646 16566 2637 2640 16567 2720 2758 16568 2762 2700 16569 2678 2591 16570 2656 2598 16571 2655 2742 16572 2718 2744 16573 2769 2751 16574 2764 2703 16575 2679 2704 16576 2655 2742 16577 2683 2675 16578 2654 2663 16579 2716 2746 16580 2814 2718 16581 2512 2520 16582 2501 2521 16583 2639 2644 16584 2726 2793 16585 2785 2780 16586 2768 2745 16587 2681 2594 16588 2659 2596 16589 2658 2750 16590 2724 2752 16591 2775 2769 16592 2770 2747 16593 2682 2748 16594 2658 2750 16595 2686 2674 16596 2657 2660 16597 2722 2754 16598 2789 2783 16599 2499 2522 16600 2498 2524 16601 2676 2731 16602 2688 2797 16603 2781 2785 16604 2782 2787 16605 2688 2797 16606 2676 2731 16607 2677 2734 16608 2689 2655 16609 2783 2789 16610 2784 2653 16611 2689 2655 16612 2677 2734 16613 2634 2650 16614 2641 2652 16615 2785 2780 16616 2816 2695 16617 2804 2774 16618 2507 2529 16619 2639 2644 16620 2632 2631 16621 2708 2728 16622 2707 2711 16623 2744 2679 16624 2669 2602 16625 2649 2708 16626 2706 2710 16627 2751 2794 16628 2746 2770 16629 2670 2768 16630 2649 2708 16631 2674 2681 16632 2648 2657 16633 2704 2714 16634 2789 2783 16635 2810 2764 16636 2510 2511 16637 2732 2738 16638 2756 2666 16639 2675 2619 16640 2780 2665 16641 2731 2723 16642 2662 2722 16643 2661 2726 16644 2730 2765 16645 2781 2785 16646 2782 2787 16647 2729 2727 16648 2661 2726 16649 2689 2655 16650 2660 2654 16651 2728 2766 16652 2695 2739 16653 2694 2687 16654 2733 2686 16655 2734 2733 16656 2693 2740 16657 2692 2690 16658 2691 2678 16659 2690 2694 16660 2737 2693 16661 2701 2761 16662 2700 2699 16663 2739 2698 16664 2740 2691 16665 2699 2762 16666 2698 2702 16667 2697 2672 16668 2696 2706 16669 2743 2705 16670 2707 2711 16671 2706 2710 16672 2745 2709 16673 2746 2770 16674 2705 2795 16675 2704 2714 16676 2703 2658 16677 2702 2717 16678 2749 2773 16679 2713 2721 16680 2712 2719 16681 2751 2794 16682 2752 2715 16683 2711 2725 16684 2710 2724 16685 2709 2669 16686 2708 2728 16687 2755 2760 16688 2732 2738 16689 2733 2686 16690 2757 2786 16691 2734 2733 16692 2735 2735 16693 2759 2790 16694 2736 2676 16695 2737 2693 16696 2761 2792 16697 2738 2688 16698 2739 2698 16699 2694 2687 16700 2740 2691 16701 2741 2741 16702 2692 2690 16703 2742 2670 16704 2743 2705 16705 2690 2694 16706 2719 2776 16707 2718 2744 16708 2763 2743 16709 2764 2703 16710 2717 2777 16711 2716 2746 16712 2715 2664 16713 2714 2749 16714 2767 2737 16715 2768 2745 16716 2725 2781 16717 2724 2752 16718 2770 2747 16719 2723 2782 16720 2722 2754 16721 2772 2659 16722 2721 2661 16723 2720 2758 16724 2762 2700 16725 2763 2743 16726 2700 2699 16727 2764 2703 16728 2765 2763 16729 2698 2702 16730 2766 2662 16731 2767 2737 16732 2696 2706 16733 2731 2723 16734 2730 2765 16735 2712 2719 16736 2729 2727 16737 2728 2766 16738 2710 2724 16739 2727 2680 16740 2726 2793 16741 2708 2728 16742 2744 2679 16743 2745 2709 16744 2775 2769 16745 2746 2770 16746 2747 2772 16747 2777 2771 16748 2748 2656 16749 2749 2773 16750 2779 2775 16751 2768 2745 16752 2769 2751 16753 2718 2744 16754 2770 2747 16755 2771 2778 16756 2716 2746 16757 2772 2659 16758 2773 2757 16759 2714 2749 16760 2774 2753 16761 2775 2769 16762 2724 2752 16763 2776 2755 16764 2777 2771 16765 2722 2754 16766 2778 2673 16767 2779 2775 16768 2720 2758 16769 2756 2666 16770 2757 2786 16771 2781 2785 16772 2758 2788 16773 2759 2790 16774 2783 2789 16775 2760 2791 16776 2761 2792 16777 2785 2780 16778 2707 2711 16779 2750 2712 16780 2751 2794 16781 2752 2715 16782 2753 2796 16783 2704 2714 16784 2703 2658 16785 2754 2667 16786 2755 2760 16787 2780 2665 16788 2781 2785 16789 2730 2765 16790 2782 2787 16791 2783 2789 16792 2728 2766 16793 2784 2653 16794 2785 2780 16795 2726 2793 16796 2626 2623 16797 2690 2694 16798 2743 2705 16799 2819 2798 16800 2584 2819 16801 2817 2590 16802 2590 2599 16803 2593 2601 16804 2814 2718 16805 2832 2799 16806 2582 2813 16807 2797 2696 16808 2581 2800 16809 2824 2823 16810 2802 2612 16811 2833 2801 16812 2795 2593 16813 2796 2592 16814 2578 2803 16815 2581 2800 16816 2806 2684 16817 2580 2804 16818 2807 2611 16819 2803 2603 16820 2591 2806 16821 2792 2707 16822 2815 2595 16823 2832 2799 16824 2794 2759 16825 2798 2606 16826 2833 2801 16827 2823 2810 16828 2799 2597 16829 2579 2808 16830 2812 2617 16831 2807 2611 16832 2822 2807 16833 2798 2606 16834 2808 2614 16835 2823 2810 16836 2821 2822 16837 2809 2605 16838 2826 2811 16839 2830 2826 16840 2786 2784 16841 2582 2813 16842 2585 2820 16843 2816 2695 16844 2827 2814 16845 2801 2609 16846 2787 2608 16847 2786 2784 16848 2498 2524 16849 2505 2536 16850 2586 2816 16851 2587 2827 16852 2588 2817 16853 2582 2813 16854 2583 2802 16855 2584 2819 16856 2578 2803 16857 2579 2808 16858 2580 2804 16859 2585 2820 16860 2584 2819 16861 2819 2798 16862 2593 2601 16863 2592 2600 16864 2821 2822 16865 2589 2818 16866 2588 2817 16867 2579 2808 16868 2820 2809 16869 2821 2822 16870 2823 2810 16871 2581 2800 16872 2580 2804 16873 2825 2805 16874 2818 2821 16875 2819 2798 16876 2827 2814 16877 2824 2823 16878 2825 2805 16879 2829 2824 16880 2826 2811 16881 2827 2814 16882 2831 2815 16883 2822 2807 16884 2823 2810 16885 2833 2801 16886 2832 2799 16887 2833 2801 16888 2583 2802 16889 2828 2825 16890 2829 2824 16891 2591 2806 16892 2830 2826 16893 2831 2815 16894 2587 2827 16895 2591 2806 16896 2829 2824 16897 2791 2616 16898 2827 2814 16899 2819 2798 16900 2805 2589 16901 2818 2821 16902 2804 2774 16903 2816 2695 16904 2590 2599 16905 2793 2779 16906 2790 2767 16907 2588 2817 16908 2587 2827 16909 2788 2620 16910 2826 2811 16911 2800 2812 16912 2804 2774 16913 2831 2815 16914 2787 2608 16915 2788 2620 16916 2592 2600 16917 2815 2595 16918 2809 2605 16919 2830 2826 16920 2586 2816 16921 2789 2783 16922 2589 2818 16923 2810 2764 16924 2789 2783 16925 2829 2824 16926 2825 2805 16927 2803 2603 16928 2593 2601 16929 2820 2809 16930 2808 2614 16931 2828 2825 16932 2790 2767 16933 2802 2612 16934 2579 2808 16935 2588 2817 16936 2811 2730 16937 2583 2802 16938 2796 2592 16939 2817 2590 16940 2578 2803 16941 2813 2736 16942 2810 2764 16943 1191 1227 16944 2608 2641 16945 2597 2648 16946 1178 1239 16947 1189 1230 16948 2606 2643 16949 1192 1222 16950 2609 2624 16951 2599 2626 16952 1187 1238 16953 2604 2630 16954 2607 2632 16955 1192 1222 16956 1186 1209 16957 2603 2621 16958 1188 1234 16959 2605 2639 16960 2608 2641 16961 1189 1230 16962 1190 1218 16963 2607 2632 16964 1188 1234 16965 1183 1224 16966 2600 2636 16967 1185 1215 16968 2602 2627 16969 2604 2630 16970 1186 1209 16971 1184 1221 16972 2601 2634 16973 1185 1215 16974 1179 1233 16975 2596 2645 16976 1177 1237 16977 2594 2633 16978 2601 2634 16979 1183 1224 16980 1181 1229 16981 2598 2642 16982 1182 1212 16983 2599 2626 16984 2598 2642 16985 1179 1233 16986 1180 1235 16987 2597 2648 16988 1178 1239 16989 2595 2649 16990 2594 2633 16991</p>
        </triangles>
      </mesh>
    </geometry>
  </library_geometries>
  <library_visual_scenes>
    <visual_scene id="Scene" name="Scene">
      <node id="bottle" name="bottle" type="NODE">
        <matrix sid="transform">-0.002885702 0.02986089 0 0 -0.02986089 -0.002885702 0 0 0 0 0.03 0.03007626 0 0 0 1</matrix>
        <instance_geometry url="#Cylinder-mesh" name="bottle">
          <bind_material>
            <technique_common>
              <instance_material symbol="body_out-material" target="#body_out-material">
                <bind_vertex_input semantic="UVMap" input_semantic="TEXCOORD" input_set="0"/>
              </instance_material>
              <instance_material symbol="body_out-material" target="#body_out-material">
                <bind_vertex_input semantic="UVMap" input_semantic="TEXCOORD" input_set="0"/>
              </instance_material>
              <instance_material symbol="bottle-material" target="#bottle-material">
                <bind_vertex_input semantic="UVMap" input_semantic="TEXCOORD" input_set="0"/>
              </instance_material>
            </technique_common>
          </bind_material>
        </instance_geometry>
      </node>
    </visual_scene>
  </library_visual_scenes>
  <scene>
    <instance_visual_scene url="#Scene"/>
  </scene>
</COLLADA>